[INFO] [launch]: All log files can be found below /root/.ros/log/2026-07-29-03-36-22-040019-DESKTOP-Kilogram-1453
[INFO] [launch]: Default logging verbosity is set to INFO
[INFO] [telemetry_node-1]: process started with pid [1483]
[INFO] [offboard_node-2]: process started with pid [1485]
[telemetry_node-1] [INFO] [1785263786.426978310] [telemetry_node]: pos_ned=[0. 0. 0.]  yaw=0.000  armed=False  vtol=0  batt=0.00V/100%
[offboard_node-2] [INFO] [1785263786.863607290] [offboard_node]: 경로 계획 시작 — planner=eta3 WP 2개 v_cruise=18.0 → 예상 약 0s 블로킹. 이 동안 노드는 응답하지 않는다 — 죽은 것이 아니니 재기동 금지 (재기동하면 중복 인스턴스가 된다).
[offboard_node-2] [INFO] [1785263786.883821199] [offboard_node]: 경로 계획 완료 — 소요 0.0s (예상 0s), 경로점 301개, 전장 300.0m
[offboard_node-2] [INFO] [1785263786.922942988] [offboard_node]: 비전 정밀착륙 활성 — 탐색고도 25m 반경 30m / 재탐색 15m 반경 18m
[offboard_node-2] [INFO] [1785263787.081110053] [offboard_node]: ARM 요청
[offboard_node-2] [WARN] [1785263787.780196389] [offboard_node]: home_position AMSL 미수렴(최근 1개: ['0.2'], tol=0.5) — 이륙 보류, 수렴 대기
[offboard_node-2] [INFO] [1785263787.982233206] [offboard_node]: 거리 상한 감시 활성 1200m (이륙지점 기준 수평, 경로 최원점 300m)
[offboard_node-2] [INFO] [1785263787.994600805] [offboard_node]: CommandTOL 이륙 요청 alt=50.2m AMSL (지면 0.2+50.0) -> CLIMBING
[telemetry_node-1] [INFO] [1785263788.393675140] [telemetry_node]: pos_ned=[ 0.06901363 -0.00333708  0.12183235]  yaw=1.700  armed=True  vtol=3  batt=16.18V/100%
[telemetry_node-1] [INFO] [1785263790.394388191] [telemetry_node]: pos_ned=[0.05325068 0.00155657 0.10311035]  yaw=1.701  armed=True  vtol=3  batt=16.12V/97%
[telemetry_node-1] [INFO] [1785263792.393472684] [telemetry_node]: pos_ned=[ 0.0506049  -0.14794584  0.96487415]  yaw=1.694  armed=True  vtol=3  batt=16.06V/94%
[telemetry_node-1] [INFO] [1785263794.393905803] [telemetry_node]: pos_ned=[ 0.02423057 -0.12721291  3.49176288]  yaw=1.693  armed=True  vtol=3  batt=16.00V/91%
[telemetry_node-1] [INFO] [1785263796.393032312] [telemetry_node]: pos_ned=[ 0.02209731 -0.08312974  6.34166622]  yaw=1.699  armed=True  vtol=3  batt=15.94V/87%
[telemetry_node-1] [INFO] [1785263798.393299682] [telemetry_node]: pos_ned=[ 0.01685546 -0.06140318  9.3355608 ]  yaw=1.702  armed=True  vtol=3  batt=15.88V/84%
[telemetry_node-1] [INFO] [1785263800.393456713] [telemetry_node]: pos_ned=[ 0.03367927 -0.05034244 13.64599037]  yaw=1.704  armed=True  vtol=3  batt=15.82V/81%
[telemetry_node-1] [INFO] [1785263802.393753719] [telemetry_node]: pos_ned=[ 0.02712622 -0.02250722 19.41733551]  yaw=1.703  armed=True  vtol=3  batt=15.76V/77%
[telemetry_node-1] [INFO] [1785263804.393093830] [telemetry_node]: pos_ned=[ 3.12693454e-02 -2.47215666e-02  2.54023800e+01]  yaw=1.702  armed=True  vtol=3  batt=15.70V/74%
[telemetry_node-1] [INFO] [1785263806.393481876] [telemetry_node]: pos_ned=[ 0.04504532 -0.03623073 31.34638214]  yaw=1.701  armed=True  vtol=3  batt=15.64V/71%
[telemetry_node-1] [INFO] [1785263808.393124170] [telemetry_node]: pos_ned=[ 0.06225144 -0.03749406 37.2823143 ]  yaw=1.703  armed=True  vtol=3  batt=15.58V/67%
[telemetry_node-1] [INFO] [1785263810.393951850] [telemetry_node]: pos_ned=[ 5.45038395e-02 -5.83593175e-03  4.32556915e+01]  yaw=1.702  armed=True  vtol=3  batt=15.52V/64%
[telemetry_node-1] [INFO] [1785263812.393718905] [telemetry_node]: pos_ned=[ 2.17942968e-02 -8.67203716e-03  4.74076500e+01]  yaw=1.701  armed=True  vtol=3  batt=15.46V/61%
[telemetry_node-1] [INFO] [1785263814.393759537] [telemetry_node]: pos_ned=[ 5.14856316e-02 -1.60450698e-03  4.91900902e+01]  yaw=1.700  armed=True  vtol=3  batt=15.40V/57%
[offboard_node-2] [INFO] [1785263815.580069780] [offboard_node]: 운용 고도 50.0m 도달 → transition_fw
[telemetry_node-1] [INFO] [1785263816.393632574] [telemetry_node]: pos_ned=[ 7.14510754e-02 -2.11156607e-02  4.98428154e+01]  yaw=1.699  armed=True  vtol=3  batt=15.34V/54%
[telemetry_node-1] [INFO] [1785263818.393275137] [telemetry_node]: pos_ned=[ 7.76934698e-02 -1.10455863e-02  4.99371300e+01]  yaw=1.699  armed=True  vtol=3  batt=15.34V/54%
[offboard_node-2] [INFO] [1785263818.981395800] [offboard_node]: 천이 전 MC OFFBOARD 요청 (헤딩 정렬 대기)
[offboard_node-2] [WARN] [1785263819.081416111] [offboard_node]: 정렬 구간 OFFBOARD 이탈 → 재요청 (mode=AUTO.LOITER)
[telemetry_node-1] [INFO] [1785263820.393935155] [telemetry_node]: pos_ned=[ 1.03180476e-01 -1.09849498e-02  5.01275978e+01]  yaw=1.362  armed=True  vtol=3  batt=15.30V/51%
[telemetry_node-1] [INFO] [1785263822.393301111] [telemetry_node]: pos_ned=[ 1.39330272e-02 -8.54385197e-02  5.02077942e+01]  yaw=0.623  armed=True  vtol=3  batt=15.30V/50%
[telemetry_node-1] [INFO] [1785263824.393327543] [telemetry_node]: pos_ned=[ 0.08411992 -0.11236599 50.25473404]  yaw=0.322  armed=True  vtol=3  batt=15.30V/50%
[telemetry_node-1] [INFO] [1785263826.393527776] [telemetry_node]: pos_ned=[ 0.14957143 -0.1079087  50.28752136]  yaw=0.177  armed=True  vtol=3  batt=15.30V/50%
[telemetry_node-1] [INFO] [1785263828.393145900] [telemetry_node]: pos_ned=[ 0.20531857 -0.07403681 50.32563782]  yaw=0.101  armed=True  vtol=3  batt=15.30V/50%
[telemetry_node-1] [INFO] [1785263830.393240808] [telemetry_node]: pos_ned=[ 2.25818008e-01 -2.71539520e-02  5.03545876e+01]  yaw=0.058  armed=True  vtol=3  batt=15.30V/50%
[telemetry_node-1] [INFO] [1785263832.393349689] [telemetry_node]: pos_ned=[ 2.32687369e-01 -4.09114212e-02  5.03622246e+01]  yaw=0.043  armed=True  vtol=3  batt=15.30V/50%
[offboard_node-2] [INFO] [1785263832.780742579] [offboard_node]: 헤딩 정렬 완료 target=0.0° current=2.4° err=-2.4° (20틱 안정) → 전진 + 천이 명령
[offboard_node-2] [INFO] [1785263832.781431365] [offboard_node]: FW 고도 램프 시작 50.4 → 50.0m (계단 -0.4m, 3.0m/s, 0.1s 소요)
[offboard_node-2] [INFO] [1785263832.782777242] [offboard_node]: MC→FW 천이 명령 요청 (위치 setpoint 직선 천이)
[telemetry_node-1] [INFO] [1785263834.393860169] [telemetry_node]: pos_ned=[ 1.57576478 -0.07310358 50.43408203]  yaw=-0.009  armed=True  vtol=1  batt=15.30V/50%
[offboard_node-2] [INFO] [1785263835.480075561] [offboard_node]: FW 전환 완료 -> STREAMING
[offboard_node-2] [INFO] [1785263835.589534284] [offboard_node]: OFFBOARD 확인 → FOLLOWING
[offboard_node-2] [INFO] [1785263835.684490178] [offboard_node]: FOLLOWING 시작 pos=[14.0,-0.8] tgt=[84.0,0.0] cte=-0.8m mode=OFFBOARD seg=13/300
[telemetry_node-1] [INFO] [1785263836.393261401] [telemetry_node]: pos_ned=[26.85005379 -1.2679677  49.88769913]  yaw=-0.015  armed=True  vtol=4  batt=15.30V/50%
[offboard_node-2] [INFO] [1785263837.582799426] [offboard_node]: FOLLOWING tick=20 mode=OFFBOARD cte=-1.1m pos=[45.4,-1.1] tgt=[115.4,0.0] seg=45/300
[telemetry_node-1] [INFO] [1785263838.393432563] [telemetry_node]: pos_ned=[56.86694717 -0.94019288 51.88653564]  yaw=0.011  armed=True  vtol=4  batt=15.30V/50%
[offboard_node-2] [INFO] [1785263839.583328872] [offboard_node]: FOLLOWING tick=40 mode=OFFBOARD cte=-0.6m pos=[74.0,-0.6] tgt=[144.0,0.0] seg=74/300
[telemetry_node-1] [INFO] [1785263840.393175391] [telemetry_node]: pos_ned=[86.77325439 -0.38462546 49.36135864]  yaw=0.017  armed=True  vtol=4  batt=15.30V/50%
[offboard_node-2] [INFO] [1785263841.583383353] [offboard_node]: FOLLOWING tick=60 mode=OFFBOARD cte=-0.2m pos=[104.2,-0.2] tgt=[174.2,0.0] seg=104/300
[telemetry_node-1] [INFO] [1785263842.393278414] [telemetry_node]: pos_ned=[116.52750397  -0.12707135  49.33414459]  yaw=0.024  armed=True  vtol=4  batt=15.30V/50%
[offboard_node-2] [INFO] [1785263843.582685453] [offboard_node]: FOLLOWING tick=80 mode=OFFBOARD cte=-0.0m pos=[133.5,-0.0] tgt=[203.5,0.0] seg=133/300
[telemetry_node-1] [INFO] [1785263844.393454696] [telemetry_node]: pos_ned=[ 1.45130814e+02 -3.57473269e-03  4.90399208e+01]  yaw=0.013  armed=True  vtol=4  batt=15.30V/50%
[offboard_node-2] [INFO] [1785263845.583162622] [offboard_node]: FOLLOWING tick=100 mode=OFFBOARD cte=-0.0m pos=[162.3,-0.0] tgt=[232.3,0.0] seg=162/300
[telemetry_node-1] [INFO] [1785263846.393139559] [telemetry_node]: pos_ned=[ 1.73702576e+02 -4.16981317e-02  4.90929108e+01]  yaw=-0.006  armed=True  vtol=4  batt=15.30V/50%
[offboard_node-2] [INFO] [1785263847.581949970] [offboard_node]: FOLLOWING tick=120 mode=OFFBOARD cte=-0.1m pos=[190.6,-0.1] tgt=[260.6,0.0] seg=190/300
[telemetry_node-1] [INFO] [1785263848.393758016] [telemetry_node]: pos_ned=[ 2.01814636e+02 -1.46801889e-01  4.91375618e+01]  yaw=-0.014  armed=True  vtol=4  batt=15.30V/50%
[offboard_node-2] [INFO] [1785263849.582289063] [offboard_node]: FOLLOWING tick=140 mode=OFFBOARD cte=-0.2m pos=[218.0,-0.2] tgt=[288.0,0.0] seg=217/300
[telemetry_node-1] [INFO] [1785263850.393389024] [telemetry_node]: pos_ned=[228.85939026  -0.26445016  49.20795441]  yaw=-0.003  armed=True  vtol=4  batt=15.30V/50%
[telemetry_node-1] [INFO] [1785263852.393719176] [telemetry_node]: pos_ned=[236.18826294  -0.30658183  49.23343658]  yaw=0.002  armed=True  vtol=4  batt=15.30V/50%
[offboard_node-2] [INFO] [1785263852.983217564] [offboard_node]: FOLLOWING tick=160 mode=OFFBOARD cte=-0.4m pos=[244.5,-0.4] tgt=[300.0,0.0] seg=244/300
[telemetry_node-1] [INFO] [1785263854.393404346] [telemetry_node]: pos_ned=[263.84042358  -0.47222784  49.3729744 ]  yaw=0.018  armed=True  vtol=4  batt=15.30V/50%
[offboard_node-2] [INFO] [1785263854.982167591] [offboard_node]: FOLLOWING tick=180 mode=OFFBOARD cte=-0.5m pos=[272.1,-0.5] tgt=[300.0,0.0] seg=272/300
[offboard_node-2] [INFO] [1785263856.281907413] [offboard_node]: 경로 추종 완료 -> transition_mc
[offboard_node-2] [INFO] [1785263856.380529344] [offboard_node]: FW->MC 역천이 명령 요청
[telemetry_node-1] [INFO] [1785263856.393248082] [telemetry_node]: pos_ned=[291.60690308  -0.3760055   49.47869873]  yaw=0.029  armed=True  vtol=4  batt=15.30V/50%
[telemetry_node-1] [INFO] [1785263858.393417616] [telemetry_node]: pos_ned=[3.16403534e+02 1.55194998e-01 4.94506302e+01]  yaw=0.045  armed=True  vtol=2  batt=15.30V/50%
[telemetry_node-1] [INFO] [1785263860.393285451] [telemetry_node]: pos_ned=[333.32312012   0.57857513  50.44104385]  yaw=0.068  armed=True  vtol=2  batt=15.30V/50%
[offboard_node-2] [INFO] [1785263861.380390594] [offboard_node]: MC 전환 완료 -> HOLD (WP1 복귀)
[telemetry_node-1] [INFO] [1785263862.393446931] [telemetry_node]: pos_ned=[342.81027222   0.69477326  50.54607773]  yaw=0.065  armed=True  vtol=3  batt=15.30V/50%
[offboard_node-2] [INFO] [1785263863.380188010] [offboard_node]: WP1 홀드 dist=37.6m speed=7.9m/s stable=0/10
[telemetry_node-1] [INFO] [1785263864.393252184] [telemetry_node]: pos_ned=[331.44607544   0.51904052  50.3970871 ]  yaw=0.071  armed=True  vtol=3  batt=15.30V/50%
[offboard_node-2] [INFO] [1785263865.380267566] [offboard_node]: WP1 홀드 dist=27.2m speed=4.9m/s stable=0/10
[telemetry_node-1] [INFO] [1785263866.393229611] [telemetry_node]: pos_ned=[3.21346161e+02 2.54946917e-01 5.01214027e+01]  yaw=0.068  armed=True  vtol=3  batt=15.30V/50%
[offboard_node-2] [INFO] [1785263867.380168742] [offboard_node]: WP1 홀드 dist=16.3m speed=4.6m/s stable=0/10
[telemetry_node-1] [INFO] [1785263868.393063167] [telemetry_node]: pos_ned=[3.11319763e+02 1.26661614e-01 5.00437737e+01]  yaw=0.065  armed=True  vtol=3  batt=15.30V/50%
[offboard_node-2] [INFO] [1785263869.380401517] [offboard_node]: WP1 홀드 dist=6.1m speed=4.8m/s stable=0/10
[telemetry_node-1] [INFO] [1785263870.393645444] [telemetry_node]: pos_ned=[ 3.02069183e+02 -9.79731325e-03  5.01049461e+01]  yaw=0.062  armed=True  vtol=3  batt=15.30V/50%
[offboard_node-2] [INFO] [1785263871.380882429] [offboard_node]: WP1 홀드 dist=0.7m speed=0.5m/s stable=5/10
[offboard_node-2] [INFO] [1785263871.780268114] [offboard_node]: 탐색 1회차 — 고도 25m AGL 반경 6.1→30m 링간격 12.2m 속도상한 5.0m/s (풋프린트 단폭 18.8m)
[offboard_node-2] [INFO] [1785263871.780815864] [offboard_node]: WP1 도달·안정 (dist=0.6m speed=0.1m/s) → VISION_SEARCH (비전 착륙 활성)
[offboard_node-2] [INFO] [1785263871.880456690] [offboard_node]: 탐색 1회차 — 고도 25m AGL 반경 6.1→30m 링간격 12.2m 속도상한 5.0m/s (풋프린트 단폭 18.8m)
[offboard_node-2] [INFO] [1785263871.881111558] [offboard_node]: WP1 도달·안정 (dist=0.6m speed=0.1m/s) → VISION_SEARCH (비전 착륙 활성)
[offboard_node-2] [INFO] [1785263871.980589000] [offboard_node]: 탐색 1회차 — 고도 25m AGL 반경 6.1→30m 링간격 12.2m 속도상한 5.0m/s (풋프린트 단폭 18.8m)
[offboard_node-2] [INFO] [1785263871.981226897] [offboard_node]: WP1 도달·안정 (dist=0.6m speed=0.1m/s) → VISION_SEARCH (비전 착륙 활성)
[offboard_node-2] [INFO] [1785263872.080342964] [offboard_node]: 탐색 1회차 — 고도 25m AGL 반경 6.1→30m 링간격 12.2m 속도상한 5.0m/s (풋프린트 단폭 18.8m)
[offboard_node-2] [INFO] [1785263872.080737184] [offboard_node]: WP1 도달·안정 (dist=0.6m speed=0.2m/s) → VISION_SEARCH (비전 착륙 활성)
[offboard_node-2] [INFO] [1785263872.180305360] [offboard_node]: 탐색 1회차 — 고도 25m AGL 반경 6.1→30m 링간격 12.2m 속도상한 5.0m/s (풋프린트 단폭 18.8m)
[offboard_node-2] [INFO] [1785263872.180764840] [offboard_node]: WP1 도달·안정 (dist=0.6m speed=0.3m/s) → VISION_SEARCH (비전 착륙 활성)
[offboard_node-2] [INFO] [1785263872.280627272] [offboard_node]: 탐색 1회차 — 고도 25m AGL 반경 6.1→30m 링간격 12.2m 속도상한 5.0m/s (풋프린트 단폭 18.8m)
[offboard_node-2] [INFO] [1785263872.281020843] [offboard_node]: WP1 도달·안정 (dist=0.6m speed=0.3m/s) → VISION_SEARCH (비전 착륙 활성)
[offboard_node-2] [INFO] [1785263872.380265326] [offboard_node]: 탐색 1회차 — 고도 25m AGL 반경 6.1→30m 링간격 12.2m 속도상한 5.0m/s (풋프린트 단폭 18.8m)
[offboard_node-2] [INFO] [1785263872.380797051] [offboard_node]: WP1 도달·안정 (dist=0.6m speed=0.4m/s) → VISION_SEARCH (비전 착륙 활성)
[telemetry_node-1] [INFO] [1785263872.393015096] [telemetry_node]: pos_ned=[ 3.00639130e+02 -3.71047221e-02  4.99487152e+01]  yaw=0.054  armed=True  vtol=3  batt=15.30V/50%
[offboard_node-2] [INFO] [1785263872.480293123] [offboard_node]: 탐색 1회차 — 고도 25m AGL 반경 6.1→30m 링간격 12.2m 속도상한 5.0m/s (풋프린트 단폭 18.8m)
[offboard_node-2] [INFO] [1785263872.480824944] [offboard_node]: WP1 도달·안정 (dist=0.6m speed=0.3m/s) → VISION_SEARCH (비전 착륙 활성)
[offboard_node-2] [INFO] [1785263872.580878154] [offboard_node]: 탐색 1회차 — 고도 25m AGL 반경 6.1→30m 링간격 12.2m 속도상한 5.0m/s (풋프린트 단폭 18.8m)
[offboard_node-2] [INFO] [1785263872.581891315] [offboard_node]: WP1 도달·안정 (dist=0.7m speed=0.3m/s) → VISION_SEARCH (비전 착륙 활성)
[offboard_node-2] [INFO] [1785263872.681151420] [offboard_node]: 탐색 1회차 — 고도 25m AGL 반경 6.1→30m 링간격 12.2m 속도상한 5.0m/s (풋프린트 단폭 18.8m)
[offboard_node-2] [INFO] [1785263872.682134379] [offboard_node]: WP1 도달·안정 (dist=0.7m speed=0.2m/s) → VISION_SEARCH (비전 착륙 활성)
[offboard_node-2] [INFO] [1785263872.780454831] [offboard_node]: 탐색 1회차 — 고도 25m AGL 반경 6.1→30m 링간격 12.2m 속도상한 5.0m/s (풋프린트 단폭 18.8m)
[offboard_node-2] [INFO] [1785263872.781041684] [offboard_node]: WP1 도달·안정 (dist=0.6m speed=0.1m/s) → VISION_SEARCH (비전 착륙 활성)
[offboard_node-2] [INFO] [1785263872.880830333] [offboard_node]: 탐색 1회차 — 고도 25m AGL 반경 6.1→30m 링간격 12.2m 속도상한 5.0m/s (풋프린트 단폭 18.8m)
[offboard_node-2] [INFO] [1785263872.881601281] [offboard_node]: WP1 도달·안정 (dist=0.6m speed=0.1m/s) → VISION_SEARCH (비전 착륙 활성)
[offboard_node-2] [INFO] [1785263872.980658512] [offboard_node]: 탐색 1회차 — 고도 25m AGL 반경 6.1→30m 링간격 12.2m 속도상한 5.0m/s (풋프린트 단폭 18.8m)
[offboard_node-2] [INFO] [1785263872.981613941] [offboard_node]: WP1 도달·안정 (dist=0.6m speed=0.2m/s) → VISION_SEARCH (비전 착륙 활성)
[offboard_node-2] [INFO] [1785263873.080854695] [offboard_node]: 탐색 1회차 — 고도 25m AGL 반경 6.1→30m 링간격 12.2m 속도상한 5.0m/s (풋프린트 단폭 18.8m)
[offboard_node-2] [INFO] [1785263873.081501841] [offboard_node]: WP1 도달·안정 (dist=0.5m speed=0.4m/s) → VISION_SEARCH (비전 착륙 활성)
[offboard_node-2] [INFO] [1785263873.180656322] [offboard_node]: 탐색 1회차 — 고도 25m AGL 반경 6.1→30m 링간격 12.2m 속도상한 5.0m/s (풋프린트 단폭 18.8m)
[offboard_node-2] [INFO] [1785263873.182409977] [offboard_node]: WP1 도달·안정 (dist=0.4m speed=0.5m/s) → VISION_SEARCH (비전 착륙 활성)
[offboard_node-2] [INFO] [1785263873.280959651] [offboard_node]: 탐색 1회차 — 고도 25m AGL 반경 6.1→30m 링간격 12.2m 속도상한 5.0m/s (풋프린트 단폭 18.8m)
[offboard_node-2] [INFO] [1785263873.281768262] [offboard_node]: WP1 도달·안정 (dist=0.4m speed=0.5m/s) → VISION_SEARCH (비전 착륙 활성)
[offboard_node-2] [INFO] [1785263873.380711998] [offboard_node]: WP1 홀드 dist=0.3m speed=0.6m/s stable=25/10
[offboard_node-2] [INFO] [1785263873.381638989] [offboard_node]: 탐색 1회차 — 고도 25m AGL 반경 6.1→30m 링간격 12.2m 속도상한 5.0m/s (풋프린트 단폭 18.8m)
[offboard_node-2] [INFO] [1785263873.382294924] [offboard_node]: WP1 도달·안정 (dist=0.3m speed=0.6m/s) → VISION_SEARCH (비전 착륙 활성)
[offboard_node-2] [INFO] [1785263873.480773454] [offboard_node]: 탐색 1회차 — 고도 25m AGL 반경 6.1→30m 링간격 12.2m 속도상한 5.0m/s (풋프린트 단폭 18.8m)
[offboard_node-2] [INFO] [1785263873.481174710] [offboard_node]: WP1 도달·안정 (dist=0.2m speed=0.5m/s) → VISION_SEARCH (비전 착륙 활성)
[offboard_node-2] [INFO] [1785263873.581162874] [offboard_node]: 탐색 1회차 — 고도 25m AGL 반경 6.1→30m 링간격 12.2m 속도상한 5.0m/s (풋프린트 단폭 18.8m)
[offboard_node-2] [INFO] [1785263873.581887149] [offboard_node]: WP1 도달·안정 (dist=0.1m speed=0.5m/s) → VISION_SEARCH (비전 착륙 활성)
[offboard_node-2] [INFO] [1785263873.680299038] [offboard_node]: 탐색 1회차 — 고도 25m AGL 반경 6.1→30m 링간격 12.2m 속도상한 5.0m/s (풋프린트 단폭 18.8m)
[offboard_node-2] [INFO] [1785263873.681233784] [offboard_node]: WP1 도달·안정 (dist=0.1m speed=0.4m/s) → VISION_SEARCH (비전 착륙 활성)
[offboard_node-2] [INFO] [1785263873.780567304] [offboard_node]: 탐색 1회차 — 고도 25m AGL 반경 6.1→30m 링간격 12.2m 속도상한 5.0m/s (풋프린트 단폭 18.8m)
[offboard_node-2] [INFO] [1785263873.781099380] [offboard_node]: WP1 도달·안정 (dist=0.0m speed=0.3m/s) → VISION_SEARCH (비전 착륙 활성)
[offboard_node-2] [INFO] [1785263873.880660720] [offboard_node]: 탐색 1회차 — 고도 25m AGL 반경 6.1→30m 링간격 12.2m 속도상한 5.0m/s (풋프린트 단폭 18.8m)
[offboard_node-2] [INFO] [1785263873.881303230] [offboard_node]: WP1 도달·안정 (dist=0.0m speed=0.3m/s) → VISION_SEARCH (비전 착륙 활성)
[offboard_node-2] [INFO] [1785263873.980501965] [offboard_node]: 탐색 1회차 — 고도 25m AGL 반경 6.1→30m 링간격 12.2m 속도상한 5.0m/s (풋프린트 단폭 18.8m)
[offboard_node-2] [INFO] [1785263873.981144600] [offboard_node]: WP1 도달·안정 (dist=0.0m speed=0.2m/s) → VISION_SEARCH (비전 착륙 활성)
[offboard_node-2] [INFO] [1785263874.080480990] [offboard_node]: 탐색 1회차 — 고도 25m AGL 반경 6.1→30m 링간격 12.2m 속도상한 5.0m/s (풋프린트 단폭 18.8m)
[offboard_node-2] [INFO] [1785263874.081150144] [offboard_node]: WP1 도달·안정 (dist=0.1m speed=0.1m/s) → VISION_SEARCH (비전 착륙 활성)
[offboard_node-2] [INFO] [1785263874.180399982] [offboard_node]: 탐색 1회차 — 고도 25m AGL 반경 6.1→30m 링간격 12.2m 속도상한 5.0m/s (풋프린트 단폭 18.8m)
[offboard_node-2] [INFO] [1785263874.180962822] [offboard_node]: WP1 도달·안정 (dist=0.1m speed=0.0m/s) → VISION_SEARCH (비전 착륙 활성)
[offboard_node-2] [INFO] [1785263874.280714172] [offboard_node]: 탐색 1회차 — 고도 25m AGL 반경 6.1→30m 링간격 12.2m 속도상한 5.0m/s (풋프린트 단폭 18.8m)
[offboard_node-2] [INFO] [1785263874.281167295] [offboard_node]: WP1 도달·안정 (dist=0.1m speed=0.1m/s) → VISION_SEARCH (비전 착륙 활성)
[offboard_node-2] [INFO] [1785263874.381045967] [offboard_node]: 탐색 1회차 — 고도 25m AGL 반경 6.1→30m 링간격 12.2m 속도상한 5.0m/s (풋프린트 단폭 18.8m)
[offboard_node-2] [INFO] [1785263874.381701834] [offboard_node]: WP1 도달·안정 (dist=0.1m speed=0.2m/s) → VISION_SEARCH (비전 착륙 활성)
[telemetry_node-1] [INFO] [1785263874.393554638] [telemetry_node]: pos_ned=[ 2.99951294e+02 -2.53309179e-02  4.99482079e+01]  yaw=0.053  armed=True  vtol=3  batt=15.30V/50%
[offboard_node-2] [INFO] [1785263874.480328261] [offboard_node]: 탐색 1회차 — 고도 25m AGL 반경 6.1→30m 링간격 12.2m 속도상한 5.0m/s (풋프린트 단폭 18.8m)
[offboard_node-2] [INFO] [1785263874.480850772] [offboard_node]: WP1 도달·안정 (dist=0.0m speed=0.2m/s) → VISION_SEARCH (비전 착륙 활성)
[offboard_node-2] [INFO] [1785263874.580791396] [offboard_node]: 탐색 1회차 — 고도 25m AGL 반경 6.1→30m 링간격 12.2m 속도상한 5.0m/s (풋프린트 단폭 18.8m)
[offboard_node-2] [INFO] [1785263874.581403084] [offboard_node]: WP1 도달·안정 (dist=0.0m speed=0.3m/s) → VISION_SEARCH (비전 착륙 활성)
[offboard_node-2] [INFO] [1785263874.680611727] [offboard_node]: 탐색 1회차 — 고도 25m AGL 반경 6.1→30m 링간격 12.2m 속도상한 5.0m/s (풋프린트 단폭 18.8m)
[offboard_node-2] [INFO] [1785263874.681300032] [offboard_node]: WP1 도달·안정 (dist=0.0m speed=0.4m/s) → VISION_SEARCH (비전 착륙 활성)
[offboard_node-2] [INFO] [1785263874.780417108] [offboard_node]: 탐색 1회차 — 고도 25m AGL 반경 6.1→30m 링간격 12.2m 속도상한 5.0m/s (풋프린트 단폭 18.8m)
[offboard_node-2] [INFO] [1785263874.780937945] [offboard_node]: WP1 도달·안정 (dist=0.1m speed=0.4m/s) → VISION_SEARCH (비전 착륙 활성)
[offboard_node-2] [INFO] [1785263874.880410598] [offboard_node]: 탐색 1회차 — 고도 25m AGL 반경 6.1→30m 링간격 12.2m 속도상한 5.0m/s (풋프린트 단폭 18.8m)
[offboard_node-2] [INFO] [1785263874.880941398] [offboard_node]: WP1 도달·안정 (dist=0.1m speed=0.4m/s) → VISION_SEARCH (비전 착륙 활성)
[offboard_node-2] [INFO] [1785263874.980401138] [offboard_node]: 탐색 1회차 — 고도 25m AGL 반경 6.1→30m 링간격 12.2m 속도상한 5.0m/s (풋프린트 단폭 18.8m)
[offboard_node-2] [INFO] [1785263874.980871527] [offboard_node]: WP1 도달·안정 (dist=0.1m speed=0.3m/s) → VISION_SEARCH (비전 착륙 활성)
[offboard_node-2] [INFO] [1785263875.080499639] [offboard_node]: 탐색 1회차 — 고도 25m AGL 반경 6.1→30m 링간격 12.2m 속도상한 5.0m/s (풋프린트 단폭 18.8m)
[offboard_node-2] [INFO] [1785263875.081011809] [offboard_node]: WP1 도달·안정 (dist=0.2m speed=0.3m/s) → VISION_SEARCH (비전 착륙 활성)
[offboard_node-2] [INFO] [1785263875.180633048] [offboard_node]: 탐색 1회차 — 고도 25m AGL 반경 6.1→30m 링간격 12.2m 속도상한 5.0m/s (풋프린트 단폭 18.8m)
[offboard_node-2] [INFO] [1785263875.181363348] [offboard_node]: WP1 도달·안정 (dist=0.2m speed=0.2m/s) → VISION_SEARCH (비전 착륙 활성)
[offboard_node-2] [INFO] [1785263875.280456021] [offboard_node]: 탐색 1회차 — 고도 25m AGL 반경 6.1→30m 링간격 12.2m 속도상한 5.0m/s (풋프린트 단폭 18.8m)
[offboard_node-2] [INFO] [1785263875.280954681] [offboard_node]: WP1 도달·안정 (dist=0.2m speed=0.1m/s) → VISION_SEARCH (비전 착륙 활성)
[offboard_node-2] [INFO] [1785263875.380348271] [offboard_node]: WP1 홀드 dist=0.2m speed=0.0m/s stable=45/10
[offboard_node-2] [INFO] [1785263875.380843764] [offboard_node]: 탐색 1회차 — 고도 25m AGL 반경 6.1→30m 링간격 12.2m 속도상한 5.0m/s (풋프린트 단폭 18.8m)
[offboard_node-2] [INFO] [1785263875.381304367] [offboard_node]: WP1 도달·안정 (dist=0.2m speed=0.0m/s) → VISION_SEARCH (비전 착륙 활성)
[offboard_node-2] [INFO] [1785263875.480311749] [offboard_node]: 탐색 1회차 — 고도 25m AGL 반경 6.1→30m 링간격 12.2m 속도상한 5.0m/s (풋프린트 단폭 18.8m)
[offboard_node-2] [INFO] [1785263875.480771169] [offboard_node]: WP1 도달·안정 (dist=0.2m speed=0.1m/s) → VISION_SEARCH (비전 착륙 활성)
[offboard_node-2] [INFO] [1785263875.581072539] [offboard_node]: 탐색 1회차 — 고도 25m AGL 반경 6.1→30m 링간격 12.2m 속도상한 5.0m/s (풋프린트 단폭 18.8m)
[offboard_node-2] [INFO] [1785263875.582012499] [offboard_node]: WP1 도달·안정 (dist=0.2m speed=0.2m/s) → VISION_SEARCH (비전 착륙 활성)
[offboard_node-2] [INFO] [1785263875.680999915] [offboard_node]: 탐색 1회차 — 고도 25m AGL 반경 6.1→30m 링간격 12.2m 속도상한 5.0m/s (풋프린트 단폭 18.8m)
[offboard_node-2] [INFO] [1785263875.681877693] [offboard_node]: WP1 도달·안정 (dist=0.1m speed=0.3m/s) → VISION_SEARCH (비전 착륙 활성)
[offboard_node-2] [INFO] [1785263875.780780136] [offboard_node]: 탐색 1회차 — 고도 25m AGL 반경 6.1→30m 링간격 12.2m 속도상한 5.0m/s (풋프린트 단폭 18.8m)
[offboard_node-2] [INFO] [1785263875.781502154] [offboard_node]: WP1 도달·안정 (dist=0.1m speed=0.3m/s) → VISION_SEARCH (비전 착륙 활성)
[offboard_node-2] [INFO] [1785263875.882112395] [offboard_node]: 탐색 1회차 — 고도 25m AGL 반경 6.1→30m 링간격 12.2m 속도상한 5.0m/s (풋프린트 단폭 18.8m)
[offboard_node-2] [INFO] [1785263875.882755376] [offboard_node]: WP1 도달·안정 (dist=0.1m speed=0.3m/s) → VISION_SEARCH (비전 착륙 활성)
[offboard_node-2] [INFO] [1785263875.980500114] [offboard_node]: 탐색 1회차 — 고도 25m AGL 반경 6.1→30m 링간격 12.2m 속도상한 5.0m/s (풋프린트 단폭 18.8m)
[offboard_node-2] [INFO] [1785263875.981020013] [offboard_node]: WP1 도달·안정 (dist=0.0m speed=0.3m/s) → VISION_SEARCH (비전 착륙 활성)
[offboard_node-2] [INFO] [1785263876.080618245] [offboard_node]: 탐색 1회차 — 고도 25m AGL 반경 6.1→30m 링간격 12.2m 속도상한 5.0m/s (풋프린트 단폭 18.8m)
[offboard_node-2] [INFO] [1785263876.081304683] [offboard_node]: WP1 도달·안정 (dist=0.0m speed=0.3m/s) → VISION_SEARCH (비전 착륙 활성)
[offboard_node-2] [INFO] [1785263876.180394013] [offboard_node]: 탐색 1회차 — 고도 25m AGL 반경 6.1→30m 링간격 12.2m 속도상한 5.0m/s (풋프린트 단폭 18.8m)
[offboard_node-2] [INFO] [1785263876.180964123] [offboard_node]: WP1 도달·안정 (dist=0.0m speed=0.2m/s) → VISION_SEARCH (비전 착륙 활성)
[offboard_node-2] [INFO] [1785263876.280345896] [offboard_node]: 탐색 1회차 — 고도 25m AGL 반경 6.1→30m 링간격 12.2m 속도상한 5.0m/s (풋프린트 단폭 18.8m)
[offboard_node-2] [INFO] [1785263876.280897099] [offboard_node]: WP1 도달·안정 (dist=0.1m speed=0.1m/s) → VISION_SEARCH (비전 착륙 활성)
[offboard_node-2] [INFO] [1785263876.380588073] [offboard_node]: 탐색 1회차 — 고도 25m AGL 반경 6.1→30m 링간격 12.2m 속도상한 5.0m/s (풋프린트 단폭 18.8m)
[offboard_node-2] [INFO] [1785263876.381131905] [offboard_node]: WP1 도달·안정 (dist=0.1m speed=0.0m/s) → VISION_SEARCH (비전 착륙 활성)
[telemetry_node-1] [INFO] [1785263876.393204281] [telemetry_node]: pos_ned=[ 2.99948303e+02 -1.67048201e-02  4.99663277e+01]  yaw=0.052  armed=True  vtol=3  batt=15.30V/50%
[offboard_node-2] [INFO] [1785263876.480868194] [offboard_node]: 탐색 1회차 — 고도 25m AGL 반경 6.1→30m 링간격 12.2m 속도상한 5.0m/s (풋프린트 단폭 18.8m)
[offboard_node-2] [INFO] [1785263876.481606465] [offboard_node]: WP1 도달·안정 (dist=0.0m speed=0.0m/s) → VISION_SEARCH (비전 착륙 활성)
[offboard_node-2] [INFO] [1785263876.580384636] [offboard_node]: 탐색 1회차 — 고도 25m AGL 반경 6.1→30m 링간격 12.2m 속도상한 5.0m/s (풋프린트 단폭 18.8m)
[offboard_node-2] [INFO] [1785263876.581125871] [offboard_node]: WP1 도달·안정 (dist=0.0m speed=0.1m/s) → VISION_SEARCH (비전 착륙 활성)
[offboard_node-2] [INFO] [1785263876.680692281] [offboard_node]: 탐색 1회차 — 고도 25m AGL 반경 6.1→30m 링간격 12.2m 속도상한 5.0m/s (풋프린트 단폭 18.8m)
[offboard_node-2] [INFO] [1785263876.681317833] [offboard_node]: WP1 도달·안정 (dist=0.0m speed=0.2m/s) → VISION_SEARCH (비전 착륙 활성)
[offboard_node-2] [INFO] [1785263876.780976378] [offboard_node]: 탐색 1회차 — 고도 25m AGL 반경 6.1→30m 링간격 12.2m 속도상한 5.0m/s (풋프린트 단폭 18.8m)
[offboard_node-2] [INFO] [1785263876.781859870] [offboard_node]: WP1 도달·안정 (dist=0.0m speed=0.2m/s) → VISION_SEARCH (비전 착륙 활성)
[offboard_node-2] [INFO] [1785263876.880848330] [offboard_node]: 탐색 1회차 — 고도 25m AGL 반경 6.1→30m 링간격 12.2m 속도상한 5.0m/s (풋프린트 단폭 18.8m)
[offboard_node-2] [INFO] [1785263876.881598661] [offboard_node]: WP1 도달·안정 (dist=0.0m speed=0.2m/s) → VISION_SEARCH (비전 착륙 활성)
[offboard_node-2] [INFO] [1785263876.980890663] [offboard_node]: 탐색 1회차 — 고도 25m AGL 반경 6.1→30m 링간격 12.2m 속도상한 5.0m/s (풋프린트 단폭 18.8m)
[offboard_node-2] [INFO] [1785263876.981662155] [offboard_node]: WP1 도달·안정 (dist=0.1m speed=0.2m/s) → VISION_SEARCH (비전 착륙 활성)
[offboard_node-2] [INFO] [1785263877.080507316] [offboard_node]: 탐색 1회차 — 고도 25m AGL 반경 6.1→30m 링간격 12.2m 속도상한 5.0m/s (풋프린트 단폭 18.8m)
[offboard_node-2] [INFO] [1785263877.081012652] [offboard_node]: WP1 도달·안정 (dist=0.1m speed=0.2m/s) → VISION_SEARCH (비전 착륙 활성)
[offboard_node-2] [INFO] [1785263877.180456135] [offboard_node]: 탐색 1회차 — 고도 25m AGL 반경 6.1→30m 링간격 12.2m 속도상한 5.0m/s (풋프린트 단폭 18.8m)
[offboard_node-2] [INFO] [1785263877.181028962] [offboard_node]: WP1 도달·안정 (dist=0.1m speed=0.1m/s) → VISION_SEARCH (비전 착륙 활성)
[offboard_node-2] [INFO] [1785263877.280689061] [offboard_node]: 탐색 1회차 — 고도 25m AGL 반경 6.1→30m 링간격 12.2m 속도상한 5.0m/s (풋프린트 단폭 18.8m)
[offboard_node-2] [INFO] [1785263877.281313500] [offboard_node]: WP1 도달·안정 (dist=0.1m speed=0.0m/s) → VISION_SEARCH (비전 착륙 활성)
[offboard_node-2] [INFO] [1785263877.380184251] [offboard_node]: WP1 홀드 dist=0.1m speed=0.0m/s stable=65/10
[offboard_node-2] [INFO] [1785263877.380681552] [offboard_node]: 탐색 1회차 — 고도 25m AGL 반경 6.1→30m 링간격 12.2m 속도상한 5.0m/s (풋프린트 단폭 18.8m)
[offboard_node-2] [INFO] [1785263877.381218852] [offboard_node]: WP1 도달·안정 (dist=0.1m speed=0.0m/s) → VISION_SEARCH (비전 착륙 활성)
[offboard_node-2] [INFO] [1785263877.480616365] [offboard_node]: 탐색 1회차 — 고도 25m AGL 반경 6.1→30m 링간격 12.2m 속도상한 5.0m/s (풋프린트 단폭 18.8m)
[offboard_node-2] [INFO] [1785263877.481178016] [offboard_node]: WP1 도달·안정 (dist=0.1m speed=0.1m/s) → VISION_SEARCH (비전 착륙 활성)
[offboard_node-2] [INFO] [1785263877.580822301] [offboard_node]: 탐색 1회차 — 고도 25m AGL 반경 6.1→30m 링간격 12.2m 속도상한 5.0m/s (풋프린트 단폭 18.8m)
[offboard_node-2] [INFO] [1785263877.581579052] [offboard_node]: WP1 도달·안정 (dist=0.1m speed=0.1m/s) → VISION_SEARCH (비전 착륙 활성)
[offboard_node-2] [INFO] [1785263877.680711507] [offboard_node]: 탐색 1회차 — 고도 25m AGL 반경 6.1→30m 링간격 12.2m 속도상한 5.0m/s (풋프린트 단폭 18.8m)
[offboard_node-2] [INFO] [1785263877.681469594] [offboard_node]: WP1 도달·안정 (dist=0.1m speed=0.2m/s) → VISION_SEARCH (비전 착륙 활성)
[offboard_node-2] [INFO] [1785263877.780487046] [offboard_node]: 탐색 1회차 — 고도 25m AGL 반경 6.1→30m 링간격 12.2m 속도상한 5.0m/s (풋프린트 단폭 18.8m)
[offboard_node-2] [INFO] [1785263877.780904307] [offboard_node]: WP1 도달·안정 (dist=0.0m speed=0.2m/s) → VISION_SEARCH (비전 착륙 활성)
[offboard_node-2] [INFO] [1785263877.880969713] [offboard_node]: 탐색 1회차 — 고도 25m AGL 반경 6.1→30m 링간격 12.2m 속도상한 5.0m/s (풋프린트 단폭 18.8m)
[offboard_node-2] [INFO] [1785263877.881785347] [offboard_node]: WP1 도달·안정 (dist=0.0m speed=0.2m/s) → VISION_SEARCH (비전 착륙 활성)
[offboard_node-2] [INFO] [1785263877.980664202] [offboard_node]: 탐색 1회차 — 고도 25m AGL 반경 6.1→30m 링간격 12.2m 속도상한 5.0m/s (풋프린트 단폭 18.8m)
[offboard_node-2] [INFO] [1785263877.981322349] [offboard_node]: WP1 도달·안정 (dist=0.0m speed=0.2m/s) → VISION_SEARCH (비전 착륙 활성)
[offboard_node-2] [INFO] [1785263878.080168013] [offboard_node]: 탐색 1회차 — 고도 25m AGL 반경 6.1→30m 링간격 12.2m 속도상한 5.0m/s (풋프린트 단폭 18.8m)
[offboard_node-2] [INFO] [1785263878.080611190] [offboard_node]: WP1 도달·안정 (dist=0.0m speed=0.2m/s) → VISION_SEARCH (비전 착륙 활성)
[offboard_node-2] [INFO] [1785263878.180539130] [offboard_node]: 탐색 1회차 — 고도 25m AGL 반경 6.1→30m 링간격 12.2m 속도상한 5.0m/s (풋프린트 단폭 18.8m)
[offboard_node-2] [INFO] [1785263878.181125293] [offboard_node]: WP1 도달·안정 (dist=0.0m speed=0.1m/s) → VISION_SEARCH (비전 착륙 활성)
[offboard_node-2] [INFO] [1785263878.280429439] [offboard_node]: 탐색 1회차 — 고도 25m AGL 반경 6.1→30m 링간격 12.2m 속도상한 5.0m/s (풋프린트 단폭 18.8m)
[offboard_node-2] [INFO] [1785263878.281044204] [offboard_node]: WP1 도달·안정 (dist=0.0m speed=0.1m/s) → VISION_SEARCH (비전 착륙 활성)
[offboard_node-2] [INFO] [1785263878.380630859] [offboard_node]: 탐색 1회차 — 고도 25m AGL 반경 6.1→30m 링간격 12.2m 속도상한 5.0m/s (풋프린트 단폭 18.8m)
[offboard_node-2] [INFO] [1785263878.381280743] [offboard_node]: WP1 도달·안정 (dist=0.0m speed=0.0m/s) → VISION_SEARCH (비전 착륙 활성)
[telemetry_node-1] [INFO] [1785263878.393144717] [telemetry_node]: pos_ned=[ 2.99963501e+02 -2.08871663e-02  4.99836845e+01]  yaw=0.050  armed=True  vtol=3  batt=15.30V/50%
[offboard_node-2] [INFO] [1785263878.480407235] [offboard_node]: 탐색 1회차 — 고도 25m AGL 반경 6.1→30m 링간격 12.2m 속도상한 5.0m/s (풋프린트 단폭 18.8m)
[offboard_node-2] [INFO] [1785263878.480876530] [offboard_node]: WP1 도달·안정 (dist=0.0m speed=0.1m/s) → VISION_SEARCH (비전 착륙 활성)
[offboard_node-2] [INFO] [1785263878.580754490] [offboard_node]: 탐색 1회차 — 고도 25m AGL 반경 6.1→30m 링간격 12.2m 속도상한 5.0m/s (풋프린트 단폭 18.8m)
[offboard_node-2] [INFO] [1785263878.581411377] [offboard_node]: WP1 도달·안정 (dist=0.0m speed=0.1m/s) → VISION_SEARCH (비전 착륙 활성)
[offboard_node-2] [INFO] [1785263878.680399119] [offboard_node]: 탐색 1회차 — 고도 25m AGL 반경 6.1→30m 링간격 12.2m 속도상한 5.0m/s (풋프린트 단폭 18.8m)
[offboard_node-2] [INFO] [1785263878.681045912] [offboard_node]: WP1 도달·안정 (dist=0.0m speed=0.1m/s) → VISION_SEARCH (비전 착륙 활성)
[offboard_node-2] [INFO] [1785263878.780129457] [offboard_node]: 탐색 1회차 — 고도 25m AGL 반경 6.1→30m 링간격 12.2m 속도상한 5.0m/s (풋프린트 단폭 18.8m)
[offboard_node-2] [INFO] [1785263878.781021635] [offboard_node]: WP1 도달·안정 (dist=0.0m speed=0.1m/s) → VISION_SEARCH (비전 착륙 활성)
[offboard_node-2] [INFO] [1785263878.880394859] [offboard_node]: 탐색 1회차 — 고도 25m AGL 반경 6.1→30m 링간격 12.2m 속도상한 5.0m/s (풋프린트 단폭 18.8m)
[offboard_node-2] [INFO] [1785263878.881064505] [offboard_node]: WP1 도달·안정 (dist=0.1m speed=0.1m/s) → VISION_SEARCH (비전 착륙 활성)
[offboard_node-2] [INFO] [1785263878.980278323] [offboard_node]: 탐색 1회차 — 고도 25m AGL 반경 6.1→30m 링간격 12.2m 속도상한 5.0m/s (풋프린트 단폭 18.8m)
[offboard_node-2] [INFO] [1785263878.980735589] [offboard_node]: WP1 도달·안정 (dist=0.1m speed=0.1m/s) → VISION_SEARCH (비전 착륙 활성)
[offboard_node-2] [INFO] [1785263879.080577926] [offboard_node]: 탐색 1회차 — 고도 25m AGL 반경 6.1→30m 링간격 12.2m 속도상한 5.0m/s (풋프린트 단폭 18.8m)
[offboard_node-2] [INFO] [1785263879.081304757] [offboard_node]: WP1 도달·안정 (dist=0.1m speed=0.1m/s) → VISION_SEARCH (비전 착륙 활성)
[offboard_node-2] [INFO] [1785263879.180470710] [offboard_node]: 탐색 1회차 — 고도 25m AGL 반경 6.1→30m 링간격 12.2m 속도상한 5.0m/s (풋프린트 단폭 18.8m)
[offboard_node-2] [INFO] [1785263879.181113266] [offboard_node]: WP1 도달·안정 (dist=0.1m speed=0.0m/s) → VISION_SEARCH (비전 착륙 활성)
[offboard_node-2] [INFO] [1785263879.280536220] [offboard_node]: 탐색 1회차 — 고도 25m AGL 반경 6.1→30m 링간격 12.2m 속도상한 5.0m/s (풋프린트 단폭 18.8m)
[offboard_node-2] [INFO] [1785263879.281247454] [offboard_node]: WP1 도달·안정 (dist=0.1m speed=0.0m/s) → VISION_SEARCH (비전 착륙 활성)
[offboard_node-2] [INFO] [1785263879.380681338] [offboard_node]: WP1 홀드 dist=0.1m speed=0.0m/s stable=85/10
[offboard_node-2] [INFO] [1785263879.381447638] [offboard_node]: 탐색 1회차 — 고도 25m AGL 반경 6.1→30m 링간격 12.2m 속도상한 5.0m/s (풋프린트 단폭 18.8m)
[offboard_node-2] [INFO] [1785263879.382118658] [offboard_node]: WP1 도달·안정 (dist=0.1m speed=0.0m/s) → VISION_SEARCH (비전 착륙 활성)
[offboard_node-2] [INFO] [1785263879.481843266] [offboard_node]: 탐색 1회차 — 고도 25m AGL 반경 6.1→30m 링간격 12.2m 속도상한 5.0m/s (풋프린트 단폭 18.8m)
[offboard_node-2] [INFO] [1785263879.482370841] [offboard_node]: WP1 도달·안정 (dist=0.1m speed=0.1m/s) → VISION_SEARCH (비전 착륙 활성)
[offboard_node-2] [INFO] [1785263879.580902499] [offboard_node]: 탐색 1회차 — 고도 25m AGL 반경 6.1→30m 링간격 12.2m 속도상한 5.0m/s (풋프린트 단폭 18.8m)
[offboard_node-2] [INFO] [1785263879.581708289] [offboard_node]: WP1 도달·안정 (dist=0.1m speed=0.1m/s) → VISION_SEARCH (비전 착륙 활성)
[offboard_node-2] [INFO] [1785263879.680911814] [offboard_node]: 탐색 1회차 — 고도 25m AGL 반경 6.1→30m 링간격 12.2m 속도상한 5.0m/s (풋프린트 단폭 18.8m)
[offboard_node-2] [INFO] [1785263879.681720070] [offboard_node]: WP1 도달·안정 (dist=0.1m speed=0.2m/s) → VISION_SEARCH (비전 착륙 활성)
[offboard_node-2] [INFO] [1785263879.780743946] [offboard_node]: 탐색 1회차 — 고도 25m AGL 반경 6.1→30m 링간격 12.2m 속도상한 5.0m/s (풋프린트 단폭 18.8m)
[offboard_node-2] [INFO] [1785263879.781224699] [offboard_node]: WP1 도달·안정 (dist=0.1m speed=0.2m/s) → VISION_SEARCH (비전 착륙 활성)
[offboard_node-2] [INFO] [1785263879.880331846] [offboard_node]: 탐색 1회차 — 고도 25m AGL 반경 6.1→30m 링간격 12.2m 속도상한 5.0m/s (풋프린트 단폭 18.8m)
[offboard_node-2] [INFO] [1785263879.881038285] [offboard_node]: WP1 도달·안정 (dist=0.0m speed=0.2m/s) → VISION_SEARCH (비전 착륙 활성)
[offboard_node-2] [INFO] [1785263879.980045698] [offboard_node]: 탐색 1회차 — 고도 25m AGL 반경 6.1→30m 링간격 12.2m 속도상한 5.0m/s (풋프린트 단폭 18.8m)
[offboard_node-2] [INFO] [1785263879.980515654] [offboard_node]: WP1 도달·안정 (dist=0.0m speed=0.2m/s) → VISION_SEARCH (비전 착륙 활성)
[offboard_node-2] [INFO] [1785263880.080278679] [offboard_node]: 탐색 1회차 — 고도 25m AGL 반경 6.1→30m 링간격 12.2m 속도상한 5.0m/s (풋프린트 단폭 18.8m)
[offboard_node-2] [INFO] [1785263880.080909680] [offboard_node]: WP1 도달·안정 (dist=0.0m speed=0.1m/s) → VISION_SEARCH (비전 착륙 활성)
[offboard_node-2] [INFO] [1785263880.180230524] [offboard_node]: 탐색 1회차 — 고도 25m AGL 반경 6.1→30m 링간격 12.2m 속도상한 5.0m/s (풋프린트 단폭 18.8m)
[offboard_node-2] [INFO] [1785263880.180725877] [offboard_node]: WP1 도달·안정 (dist=0.0m speed=0.1m/s) → VISION_SEARCH (비전 착륙 활성)
[offboard_node-2] [INFO] [1785263880.280634068] [offboard_node]: 탐색 1회차 — 고도 25m AGL 반경 6.1→30m 링간격 12.2m 속도상한 5.0m/s (풋프린트 단폭 18.8m)
[offboard_node-2] [INFO] [1785263880.281492586] [offboard_node]: WP1 도달·안정 (dist=0.0m speed=0.1m/s) → VISION_SEARCH (비전 착륙 활성)
[offboard_node-2] [INFO] [1785263880.380203892] [offboard_node]: 탐색 1회차 — 고도 25m AGL 반경 6.1→30m 링간격 12.2m 속도상한 5.0m/s (풋프린트 단폭 18.8m)
[offboard_node-2] [INFO] [1785263880.380702431] [offboard_node]: WP1 도달·안정 (dist=0.0m speed=0.0m/s) → VISION_SEARCH (비전 착륙 활성)
[telemetry_node-1] [INFO] [1785263880.393575800] [telemetry_node]: pos_ned=[2.99992188e+02 6.10420806e-03 4.99844589e+01]  yaw=0.049  armed=True  vtol=3  batt=15.30V/50%
[offboard_node-2] [INFO] [1785263880.480409318] [offboard_node]: 탐색 1회차 — 고도 25m AGL 반경 6.1→30m 링간격 12.2m 속도상한 5.0m/s (풋프린트 단폭 18.8m)
[offboard_node-2] [INFO] [1785263880.481160624] [offboard_node]: WP1 도달·안정 (dist=0.0m speed=0.0m/s) → VISION_SEARCH (비전 착륙 활성)
[offboard_node-2] [INFO] [1785263880.580292834] [offboard_node]: 탐색 1회차 — 고도 25m AGL 반경 6.1→30m 링간격 12.2m 속도상한 5.0m/s (풋프린트 단폭 18.8m)
[offboard_node-2] [INFO] [1785263880.580807629] [offboard_node]: WP1 도달·안정 (dist=0.0m speed=0.0m/s) → VISION_SEARCH (비전 착륙 활성)
[offboard_node-2] [INFO] [1785263880.681250058] [offboard_node]: 탐색 1회차 — 고도 25m AGL 반경 6.1→30m 링간격 12.2m 속도상한 5.0m/s (풋프린트 단폭 18.8m)
[offboard_node-2] [INFO] [1785263880.682821850] [offboard_node]: WP1 도달·안정 (dist=0.0m speed=0.1m/s) → VISION_SEARCH (비전 착륙 활성)
[offboard_node-2] [INFO] [1785263880.780299717] [offboard_node]: 탐색 1회차 — 고도 25m AGL 반경 6.1→30m 링간격 12.2m 속도상한 5.0m/s (풋프린트 단폭 18.8m)
[offboard_node-2] [INFO] [1785263880.781082971] [offboard_node]: WP1 도달·안정 (dist=0.0m speed=0.1m/s) → VISION_SEARCH (비전 착륙 활성)
[offboard_node-2] [INFO] [1785263880.879939380] [offboard_node]: 탐색 1회차 — 고도 25m AGL 반경 6.1→30m 링간격 12.2m 속도상한 5.0m/s (풋프린트 단폭 18.8m)
[offboard_node-2] [INFO] [1785263880.880531544] [offboard_node]: WP1 도달·안정 (dist=0.1m speed=0.1m/s) → VISION_SEARCH (비전 착륙 활성)
[offboard_node-2] [INFO] [1785263880.980596898] [offboard_node]: 탐색 1회차 — 고도 25m AGL 반경 6.1→30m 링간격 12.2m 속도상한 5.0m/s (풋프린트 단폭 18.8m)
[offboard_node-2] [INFO] [1785263880.981220691] [offboard_node]: WP1 도달·안정 (dist=0.1m speed=0.1m/s) → VISION_SEARCH (비전 착륙 활성)
[offboard_node-2] [INFO] [1785263881.080357319] [offboard_node]: 탐색 1회차 — 고도 25m AGL 반경 6.1→30m 링간격 12.2m 속도상한 5.0m/s (풋프린트 단폭 18.8m)
[offboard_node-2] [INFO] [1785263881.080952804] [offboard_node]: WP1 도달·안정 (dist=0.1m speed=0.1m/s) → VISION_SEARCH (비전 착륙 활성)
[offboard_node-2] [INFO] [1785263881.179914574] [offboard_node]: 탐색 1회차 — 고도 25m AGL 반경 6.1→30m 링간격 12.2m 속도상한 5.0m/s (풋프린트 단폭 18.8m)
[offboard_node-2] [INFO] [1785263881.180449596] [offboard_node]: WP1 도달·안정 (dist=0.1m speed=0.0m/s) → VISION_SEARCH (비전 착륙 활성)
[offboard_node-2] [INFO] [1785263881.280485070] [offboard_node]: 탐색 1회차 — 고도 25m AGL 반경 6.1→30m 링간격 12.2m 속도상한 5.0m/s (풋프린트 단폭 18.8m)
[offboard_node-2] [INFO] [1785263881.281145456] [offboard_node]: WP1 도달·안정 (dist=0.1m speed=0.0m/s) → VISION_SEARCH (비전 착륙 활성)
[offboard_node-2] [INFO] [1785263881.379950814] [offboard_node]: WP1 홀드 dist=0.1m speed=0.0m/s stable=105/10
[offboard_node-2] [INFO] [1785263881.380932222] [offboard_node]: 탐색 1회차 — 고도 25m AGL 반경 6.1→30m 링간격 12.2m 속도상한 5.0m/s (풋프린트 단폭 18.8m)
[offboard_node-2] [INFO] [1785263881.381560100] [offboard_node]: WP1 도달·안정 (dist=0.1m speed=0.0m/s) → VISION_SEARCH (비전 착륙 활성)
[offboard_node-2] [INFO] [1785263881.480508603] [offboard_node]: 탐색 1회차 — 고도 25m AGL 반경 6.1→30m 링간격 12.2m 속도상한 5.0m/s (풋프린트 단폭 18.8m)
[offboard_node-2] [INFO] [1785263881.481215861] [offboard_node]: WP1 도달·안정 (dist=0.1m speed=0.1m/s) → VISION_SEARCH (비전 착륙 활성)
[offboard_node-2] [INFO] [1785263881.580690014] [offboard_node]: 탐색 1회차 — 고도 25m AGL 반경 6.1→30m 링간격 12.2m 속도상한 5.0m/s (풋프린트 단폭 18.8m)
[offboard_node-2] [INFO] [1785263881.582148915] [offboard_node]: WP1 도달·안정 (dist=0.1m speed=0.1m/s) → VISION_SEARCH (비전 착륙 활성)
[offboard_node-2] [INFO] [1785263881.680708642] [offboard_node]: 탐색 1회차 — 고도 25m AGL 반경 6.1→30m 링간격 12.2m 속도상한 5.0m/s (풋프린트 단폭 18.8m)
[offboard_node-2] [INFO] [1785263881.681386101] [offboard_node]: WP1 도달·안정 (dist=0.1m speed=0.1m/s) → VISION_SEARCH (비전 착륙 활성)
[offboard_node-2] [INFO] [1785263881.780361052] [offboard_node]: 탐색 1회차 — 고도 25m AGL 반경 6.1→30m 링간격 12.2m 속도상한 5.0m/s (풋프린트 단폭 18.8m)
[offboard_node-2] [INFO] [1785263881.781088341] [offboard_node]: WP1 도달·안정 (dist=0.1m speed=0.1m/s) → VISION_SEARCH (비전 착륙 활성)
[offboard_node-2] [INFO] [1785263881.880445469] [offboard_node]: 탐색 1회차 — 고도 25m AGL 반경 6.1→30m 링간격 12.2m 속도상한 5.0m/s (풋프린트 단폭 18.8m)
[offboard_node-2] [INFO] [1785263881.881358582] [offboard_node]: WP1 도달·안정 (dist=0.1m speed=0.2m/s) → VISION_SEARCH (비전 착륙 활성)
[offboard_node-2] [INFO] [1785263881.980012376] [offboard_node]: 탐색 1회차 — 고도 25m AGL 반경 6.1→30m 링간격 12.2m 속도상한 5.0m/s (풋프린트 단폭 18.8m)
[offboard_node-2] [INFO] [1785263881.980767534] [offboard_node]: WP1 도달·안정 (dist=0.0m speed=0.1m/s) → VISION_SEARCH (비전 착륙 활성)
[offboard_node-2] [INFO] [1785263882.079806337] [offboard_node]: 탐색 1회차 — 고도 25m AGL 반경 6.1→30m 링간격 12.2m 속도상한 5.0m/s (풋프린트 단폭 18.8m)
[offboard_node-2] [INFO] [1785263882.080383860] [offboard_node]: WP1 도달·안정 (dist=0.0m speed=0.1m/s) → VISION_SEARCH (비전 착륙 활성)
[offboard_node-2] [INFO] [1785263882.180154990] [offboard_node]: 탐색 1회차 — 고도 25m AGL 반경 6.1→30m 링간격 12.2m 속도상한 5.0m/s (풋프린트 단폭 18.8m)
[offboard_node-2] [INFO] [1785263882.180928576] [offboard_node]: WP1 도달·안정 (dist=0.0m speed=0.1m/s) → VISION_SEARCH (비전 착륙 활성)
[offboard_node-2] [INFO] [1785263882.280393565] [offboard_node]: 탐색 1회차 — 고도 25m AGL 반경 6.1→30m 링간격 12.2m 속도상한 5.0m/s (풋프린트 단폭 18.8m)
[offboard_node-2] [INFO] [1785263882.280935407] [offboard_node]: WP1 도달·안정 (dist=0.0m speed=0.1m/s) → VISION_SEARCH (비전 착륙 활성)
[offboard_node-2] [INFO] [1785263882.381884744] [offboard_node]: 탐색 1회차 — 고도 25m AGL 반경 6.1→30m 링간격 12.2m 속도상한 5.0m/s (풋프린트 단폭 18.8m)
[offboard_node-2] [INFO] [1785263882.382737557] [offboard_node]: WP1 도달·안정 (dist=0.0m speed=0.1m/s) → VISION_SEARCH (비전 착륙 활성)
[telemetry_node-1] [INFO] [1785263882.393915554] [telemetry_node]: pos_ned=[2.99989716e+02 1.45211881e-02 4.99700050e+01]  yaw=0.048  armed=True  vtol=3  batt=15.30V/50%
[offboard_node-2] [INFO] [1785263882.480542418] [offboard_node]: 탐색 1회차 — 고도 25m AGL 반경 6.1→30m 링간격 12.2m 속도상한 5.0m/s (풋프린트 단폭 18.8m)
[offboard_node-2] [INFO] [1785263882.483254136] [offboard_node]: WP1 도달·안정 (dist=0.0m speed=0.0m/s) → VISION_SEARCH (비전 착륙 활성)
[offboard_node-2] [INFO] [1785263882.580612562] [offboard_node]: 탐색 1회차 — 고도 25m AGL 반경 6.1→30m 링간격 12.2m 속도상한 5.0m/s (풋프린트 단폭 18.8m)
[offboard_node-2] [INFO] [1785263882.583892698] [offboard_node]: WP1 도달·안정 (dist=0.0m speed=0.0m/s) → VISION_SEARCH (비전 착륙 활성)
[offboard_node-2] [INFO] [1785263882.681202012] [offboard_node]: 탐색 1회차 — 고도 25m AGL 반경 6.1→30m 링간격 12.2m 속도상한 5.0m/s (풋프린트 단폭 18.8m)
[offboard_node-2] [INFO] [1785263882.682178926] [offboard_node]: WP1 도달·안정 (dist=0.0m speed=0.0m/s) → VISION_SEARCH (비전 착륙 활성)
[offboard_node-2] [INFO] [1785263882.780567902] [offboard_node]: 탐색 1회차 — 고도 25m AGL 반경 6.1→30m 링간격 12.2m 속도상한 5.0m/s (풋프린트 단폭 18.8m)
[offboard_node-2] [INFO] [1785263882.781479205] [offboard_node]: WP1 도달·안정 (dist=0.0m speed=0.1m/s) → VISION_SEARCH (비전 착륙 활성)
[offboard_node-2] [INFO] [1785263882.880039628] [offboard_node]: 탐색 1회차 — 고도 25m AGL 반경 6.1→30m 링간격 12.2m 속도상한 5.0m/s (풋프린트 단폭 18.8m)
[offboard_node-2] [INFO] [1785263882.880695769] [offboard_node]: WP1 도달·안정 (dist=0.0m speed=0.1m/s) → VISION_SEARCH (비전 착륙 활성)
[offboard_node-2] [INFO] [1785263882.980313041] [offboard_node]: 탐색 1회차 — 고도 25m AGL 반경 6.1→30m 링간격 12.2m 속도상한 5.0m/s (풋프린트 단폭 18.8m)
[offboard_node-2] [INFO] [1785263882.981898530] [offboard_node]: WP1 도달·안정 (dist=0.0m speed=0.1m/s) → VISION_SEARCH (비전 착륙 활성)
[offboard_node-2] [INFO] [1785263883.079931691] [offboard_node]: 탐색 1회차 — 고도 25m AGL 반경 6.1→30m 링간격 12.2m 속도상한 5.0m/s (풋프린트 단폭 18.8m)
[offboard_node-2] [INFO] [1785263883.080634606] [offboard_node]: WP1 도달·안정 (dist=0.0m speed=0.1m/s) → VISION_SEARCH (비전 착륙 활성)
[offboard_node-2] [INFO] [1785263883.179871579] [offboard_node]: 탐색 1회차 — 고도 25m AGL 반경 6.1→30m 링간격 12.2m 속도상한 5.0m/s (풋프린트 단폭 18.8m)
[offboard_node-2] [INFO] [1785263883.180499776] [offboard_node]: WP1 도달·안정 (dist=0.0m speed=0.1m/s) → VISION_SEARCH (비전 착륙 활성)
[offboard_node-2] [INFO] [1785263883.279988938] [offboard_node]: 탐색 1회차 — 고도 25m AGL 반경 6.1→30m 링간격 12.2m 속도상한 5.0m/s (풋프린트 단폭 18.8m)
[offboard_node-2] [INFO] [1785263883.280879497] [offboard_node]: WP1 도달·안정 (dist=0.0m speed=0.0m/s) → VISION_SEARCH (비전 착륙 활성)
[offboard_node-2] [INFO] [1785263883.380109521] [offboard_node]: WP1 홀드 dist=0.0m speed=0.0m/s stable=125/10
[offboard_node-2] [INFO] [1785263883.381032048] [offboard_node]: 탐색 1회차 — 고도 25m AGL 반경 6.1→30m 링간격 12.2m 속도상한 5.0m/s (풋프린트 단폭 18.8m)
[offboard_node-2] [INFO] [1785263883.381765751] [offboard_node]: WP1 도달·안정 (dist=0.0m speed=0.0m/s) → VISION_SEARCH (비전 착륙 활성)
[offboard_node-2] [INFO] [1785263883.480282061] [offboard_node]: 탐색 1회차 — 고도 25m AGL 반경 6.1→30m 링간격 12.2m 속도상한 5.0m/s (풋프린트 단폭 18.8m)
[offboard_node-2] [INFO] [1785263883.481030646] [offboard_node]: WP1 도달·안정 (dist=0.0m speed=0.0m/s) → VISION_SEARCH (비전 착륙 활성)
[offboard_node-2] [INFO] [1785263883.580114791] [offboard_node]: 탐색 1회차 — 고도 25m AGL 반경 6.1→30m 링간격 12.2m 속도상한 5.0m/s (풋프린트 단폭 18.8m)
[offboard_node-2] [INFO] [1785263883.580785000] [offboard_node]: WP1 도달·안정 (dist=0.0m speed=0.0m/s) → VISION_SEARCH (비전 착륙 활성)
[offboard_node-2] [INFO] [1785263883.680677034] [offboard_node]: 탐색 1회차 — 고도 25m AGL 반경 6.1→30m 링간격 12.2m 속도상한 5.0m/s (풋프린트 단폭 18.8m)
[offboard_node-2] [INFO] [1785263883.681396449] [offboard_node]: WP1 도달·안정 (dist=0.0m speed=0.1m/s) → VISION_SEARCH (비전 착륙 활성)
[offboard_node-2] [INFO] [1785263883.779823611] [offboard_node]: 탐색 1회차 — 고도 25m AGL 반경 6.1→30m 링간격 12.2m 속도상한 5.0m/s (풋프린트 단폭 18.8m)
[offboard_node-2] [INFO] [1785263883.780461566] [offboard_node]: WP1 도달·안정 (dist=0.0m speed=0.1m/s) → VISION_SEARCH (비전 착륙 활성)
[offboard_node-2] [INFO] [1785263883.880028312] [offboard_node]: 탐색 1회차 — 고도 25m AGL 반경 6.1→30m 링간격 12.2m 속도상한 5.0m/s (풋프린트 단폭 18.8m)
[offboard_node-2] [INFO] [1785263883.880603813] [offboard_node]: WP1 도달·안정 (dist=0.0m speed=0.1m/s) → VISION_SEARCH (비전 착륙 활성)
[offboard_node-2] [INFO] [1785263883.979954251] [offboard_node]: 탐색 1회차 — 고도 25m AGL 반경 6.1→30m 링간격 12.2m 속도상한 5.0m/s (풋프린트 단폭 18.8m)
[offboard_node-2] [INFO] [1785263883.980638714] [offboard_node]: WP1 도달·안정 (dist=0.0m speed=0.1m/s) → VISION_SEARCH (비전 착륙 활성)
[offboard_node-2] [INFO] [1785263884.080689931] [offboard_node]: 탐색 1회차 — 고도 25m AGL 반경 6.1→30m 링간격 12.2m 속도상한 5.0m/s (풋프린트 단폭 18.8m)
[offboard_node-2] [INFO] [1785263884.081548969] [offboard_node]: WP1 도달·안정 (dist=0.0m speed=0.1m/s) → VISION_SEARCH (비전 착륙 활성)
[offboard_node-2] [INFO] [1785263884.179864718] [offboard_node]: 탐색 1회차 — 고도 25m AGL 반경 6.1→30m 링간격 12.2m 속도상한 5.0m/s (풋프린트 단폭 18.8m)
[offboard_node-2] [INFO] [1785263884.180665270] [offboard_node]: WP1 도달·안정 (dist=0.0m speed=0.1m/s) → VISION_SEARCH (비전 착륙 활성)
[offboard_node-2] [INFO] [1785263884.280000801] [offboard_node]: 탐색 1회차 — 고도 25m AGL 반경 6.1→30m 링간격 12.2m 속도상한 5.0m/s (풋프린트 단폭 18.8m)
[offboard_node-2] [INFO] [1785263884.280678099] [offboard_node]: WP1 도달·안정 (dist=0.0m speed=0.0m/s) → VISION_SEARCH (비전 착륙 활성)
[offboard_node-2] [INFO] [1785263884.379969433] [offboard_node]: 탐색 1회차 — 고도 25m AGL 반경 6.1→30m 링간격 12.2m 속도상한 5.0m/s (풋프린트 단폭 18.8m)
[offboard_node-2] [INFO] [1785263884.380620462] [offboard_node]: WP1 도달·안정 (dist=0.0m speed=0.0m/s) → VISION_SEARCH (비전 착륙 활성)
[telemetry_node-1] [INFO] [1785263884.393480650] [telemetry_node]: pos_ned=[2.99983795e+02 1.25705041e-02 4.99617004e+01]  yaw=0.046  armed=True  vtol=3  batt=15.30V/50%
[offboard_node-2] [INFO] [1785263884.479902528] [offboard_node]: 탐색 1회차 — 고도 25m AGL 반경 6.1→30m 링간격 12.2m 속도상한 5.0m/s (풋프린트 단폭 18.8m)
[offboard_node-2] [INFO] [1785263884.480497568] [offboard_node]: WP1 도달·안정 (dist=0.0m speed=0.0m/s) → VISION_SEARCH (비전 착륙 활성)
[offboard_node-2] [INFO] [1785263884.579957358] [offboard_node]: 탐색 1회차 — 고도 25m AGL 반경 6.1→30m 링간격 12.2m 속도상한 5.0m/s (풋프린트 단폭 18.8m)
[offboard_node-2] [INFO] [1785263884.580511168] [offboard_node]: WP1 도달·안정 (dist=0.0m speed=0.0m/s) → VISION_SEARCH (비전 착륙 활성)
[offboard_node-2] [INFO] [1785263884.680531709] [offboard_node]: 탐색 1회차 — 고도 25m AGL 반경 6.1→30m 링간격 12.2m 속도상한 5.0m/s (풋프린트 단폭 18.8m)
[offboard_node-2] [INFO] [1785263884.681557997] [offboard_node]: WP1 도달·안정 (dist=0.0m speed=0.0m/s) → VISION_SEARCH (비전 착륙 활성)
[offboard_node-2] [INFO] [1785263886.368526916] [offboard_node]: 탐색 1회차 — 고도 25m AGL 반경 6.1→30m 링간격 12.2m 속도상한 5.0m/s (풋프린트 단폭 18.8m)
[offboard_node-2] [INFO] [1785263886.369122550] [offboard_node]: WP1 도달·안정 (dist=0.0m speed=0.0m/s) → VISION_SEARCH (비전 착륙 활성)
[offboard_node-2] [INFO] [1785263886.380220241] [offboard_node]: 탐색 1회차 — 고도 25m AGL 반경 6.1→30m 링간격 12.2m 속도상한 5.0m/s (풋프린트 단폭 18.8m)
[offboard_node-2] [INFO] [1785263886.380899634] [offboard_node]: WP1 도달·안정 (dist=0.0m speed=0.0m/s) → VISION_SEARCH (비전 착륙 활성)
[telemetry_node-1] [INFO] [1785263886.393727941] [telemetry_node]: pos_ned=[2.99997040e+02 1.01663489e-02 4.99578705e+01]  yaw=0.045  armed=True  vtol=3  batt=15.30V/50%
[offboard_node-2] [INFO] [1785263886.480489167] [offboard_node]: 탐색 1회차 — 고도 25m AGL 반경 6.1→30m 링간격 12.2m 속도상한 5.0m/s (풋프린트 단폭 18.8m)
[offboard_node-2] [INFO] [1785263886.481156174] [offboard_node]: WP1 도달·안정 (dist=0.0m speed=0.1m/s) → VISION_SEARCH (비전 착륙 활성)
[offboard_node-2] [INFO] [1785263886.580492663] [offboard_node]: 탐색 1회차 — 고도 25m AGL 반경 6.1→30m 링간격 12.2m 속도상한 5.0m/s (풋프린트 단폭 18.8m)
[offboard_node-2] [INFO] [1785263886.581190975] [offboard_node]: WP1 도달·안정 (dist=0.0m speed=0.1m/s) → VISION_SEARCH (비전 착륙 활성)
[offboard_node-2] [INFO] [1785263886.680665215] [offboard_node]: 탐색 1회차 — 고도 25m AGL 반경 6.1→30m 링간격 12.2m 속도상한 5.0m/s (풋프린트 단폭 18.8m)
[offboard_node-2] [INFO] [1785263886.681353842] [offboard_node]: WP1 도달·안정 (dist=0.0m speed=0.0m/s) → VISION_SEARCH (비전 착륙 활성)
[offboard_node-2] [INFO] [1785263886.780350899] [offboard_node]: 탐색 1회차 — 고도 25m AGL 반경 6.1→30m 링간격 12.2m 속도상한 5.0m/s (풋프린트 단폭 18.8m)
[offboard_node-2] [INFO] [1785263886.781032426] [offboard_node]: WP1 도달·안정 (dist=0.0m speed=0.0m/s) → VISION_SEARCH (비전 착륙 활성)
[offboard_node-2] [INFO] [1785263886.880199890] [offboard_node]: WP1 홀드 dist=0.0m speed=0.0m/s stable=145/10
[offboard_node-2] [INFO] [1785263886.880854520] [offboard_node]: 탐색 1회차 — 고도 25m AGL 반경 6.1→30m 링간격 12.2m 속도상한 5.0m/s (풋프린트 단폭 18.8m)
[offboard_node-2] [INFO] [1785263886.881260232] [offboard_node]: WP1 도달·안정 (dist=0.0m speed=0.0m/s) → VISION_SEARCH (비전 착륙 활성)
[offboard_node-2] [INFO] [1785263886.980363962] [offboard_node]: 탐색 1회차 — 고도 25m AGL 반경 6.1→30m 링간격 12.2m 속도상한 5.0m/s (풋프린트 단폭 18.8m)
[offboard_node-2] [INFO] [1785263886.980928781] [offboard_node]: WP1 도달·안정 (dist=0.0m speed=0.0m/s) → VISION_SEARCH (비전 착륙 활성)
[offboard_node-2] [INFO] [1785263887.080766845] [offboard_node]: 탐색 1회차 — 고도 25m AGL 반경 6.1→30m 링간격 12.2m 속도상한 5.0m/s (풋프린트 단폭 18.8m)
[offboard_node-2] [INFO] [1785263887.081437012] [offboard_node]: WP1 도달·안정 (dist=0.0m speed=0.0m/s) → VISION_SEARCH (비전 착륙 활성)
[offboard_node-2] [INFO] [1785263887.180776078] [offboard_node]: 탐색 1회차 — 고도 25m AGL 반경 6.1→30m 링간격 12.2m 속도상한 5.0m/s (풋프린트 단폭 18.8m)
[offboard_node-2] [INFO] [1785263887.181487298] [offboard_node]: WP1 도달·안정 (dist=0.0m speed=0.0m/s) → VISION_SEARCH (비전 착륙 활성)
[offboard_node-2] [INFO] [1785263887.280101177] [offboard_node]: 탐색 1회차 — 고도 25m AGL 반경 6.1→30m 링간격 12.2m 속도상한 5.0m/s (풋프린트 단폭 18.8m)
[offboard_node-2] [INFO] [1785263887.280504898] [offboard_node]: WP1 도달·안정 (dist=0.0m speed=0.0m/s) → VISION_SEARCH (비전 착륙 활성)
[offboard_node-2] [INFO] [1785263887.380018704] [offboard_node]: 탐색 1회차 — 고도 25m AGL 반경 6.1→30m 링간격 12.2m 속도상한 5.0m/s (풋프린트 단폭 18.8m)
[offboard_node-2] [INFO] [1785263887.380512624] [offboard_node]: WP1 도달·안정 (dist=0.0m speed=0.0m/s) → VISION_SEARCH (비전 착륙 활성)
[offboard_node-2] [INFO] [1785263887.480540143] [offboard_node]: 탐색 1회차 — 고도 25m AGL 반경 6.1→30m 링간격 12.2m 속도상한 5.0m/s (풋프린트 단폭 18.8m)
[offboard_node-2] [INFO] [1785263887.481171323] [offboard_node]: WP1 도달·안정 (dist=0.0m speed=0.0m/s) → VISION_SEARCH (비전 착륙 활성)
[offboard_node-2] [INFO] [1785263887.580327704] [offboard_node]: 탐색 1회차 — 고도 25m AGL 반경 6.1→30m 링간격 12.2m 속도상한 5.0m/s (풋프린트 단폭 18.8m)
[offboard_node-2] [INFO] [1785263887.580841359] [offboard_node]: WP1 도달·안정 (dist=0.0m speed=0.0m/s) → VISION_SEARCH (비전 착륙 활성)
[offboard_node-2] [INFO] [1785263887.680634064] [offboard_node]: 탐색 1회차 — 고도 25m AGL 반경 6.1→30m 링간격 12.2m 속도상한 5.0m/s (풋프린트 단폭 18.8m)
[offboard_node-2] [INFO] [1785263887.682213115] [offboard_node]: WP1 도달·안정 (dist=0.0m speed=0.0m/s) → VISION_SEARCH (비전 착륙 활성)
[offboard_node-2] [INFO] [1785263887.780528194] [offboard_node]: 탐색 1회차 — 고도 25m AGL 반경 6.1→30m 링간격 12.2m 속도상한 5.0m/s (풋프린트 단폭 18.8m)
[offboard_node-2] [INFO] [1785263887.781111717] [offboard_node]: WP1 도달·안정 (dist=0.0m speed=0.0m/s) → VISION_SEARCH (비전 착륙 활성)
[offboard_node-2] [INFO] [1785263887.880194053] [offboard_node]: 탐색 1회차 — 고도 25m AGL 반경 6.1→30m 링간격 12.2m 속도상한 5.0m/s (풋프린트 단폭 18.8m)
[offboard_node-2] [INFO] [1785263887.880754540] [offboard_node]: WP1 도달·안정 (dist=0.0m speed=0.0m/s) → VISION_SEARCH (비전 착륙 활성)
[offboard_node-2] [INFO] [1785263887.980203010] [offboard_node]: 탐색 1회차 — 고도 25m AGL 반경 6.1→30m 링간격 12.2m 속도상한 5.0m/s (풋프린트 단폭 18.8m)
[offboard_node-2] [INFO] [1785263887.980743288] [offboard_node]: WP1 도달·안정 (dist=0.0m speed=0.0m/s) → VISION_SEARCH (비전 착륙 활성)
[offboard_node-2] [INFO] [1785263888.080211035] [offboard_node]: 탐색 1회차 — 고도 25m AGL 반경 6.1→30m 링간격 12.2m 속도상한 5.0m/s (풋프린트 단폭 18.8m)
[offboard_node-2] [INFO] [1785263888.080751503] [offboard_node]: WP1 도달·안정 (dist=0.0m speed=0.1m/s) → VISION_SEARCH (비전 착륙 활성)
[offboard_node-2] [INFO] [1785263888.180164368] [offboard_node]: 탐색 1회차 — 고도 25m AGL 반경 6.1→30m 링간격 12.2m 속도상한 5.0m/s (풋프린트 단폭 18.8m)
[offboard_node-2] [INFO] [1785263888.180648937] [offboard_node]: WP1 도달·안정 (dist=0.0m speed=0.1m/s) → VISION_SEARCH (비전 착륙 활성)
[offboard_node-2] [INFO] [1785263888.280778123] [offboard_node]: 탐색 1회차 — 고도 25m AGL 반경 6.1→30m 링간격 12.2m 속도상한 5.0m/s (풋프린트 단폭 18.8m)
[offboard_node-2] [INFO] [1785263888.281398533] [offboard_node]: WP1 도달·안정 (dist=0.0m speed=0.1m/s) → VISION_SEARCH (비전 착륙 활성)
[offboard_node-2] [INFO] [1785263888.380699184] [offboard_node]: 탐색 1회차 — 고도 25m AGL 반경 6.1→30m 링간격 12.2m 속도상한 5.0m/s (풋프린트 단폭 18.8m)
[offboard_node-2] [INFO] [1785263888.381433376] [offboard_node]: WP1 도달·안정 (dist=0.0m speed=0.1m/s) → VISION_SEARCH (비전 착륙 활성)
[telemetry_node-1] [INFO] [1785263888.393250391] [telemetry_node]: pos_ned=[3.00028656e+02 1.90382649e-03 4.99416122e+01]  yaw=0.044  armed=True  vtol=3  batt=15.30V/50%
[offboard_node-2] [INFO] [1785263888.480433741] [offboard_node]: 탐색 1회차 — 고도 25m AGL 반경 6.1→30m 링간격 12.2m 속도상한 5.0m/s (풋프린트 단폭 18.8m)
[offboard_node-2] [INFO] [1785263888.481074186] [offboard_node]: WP1 도달·안정 (dist=0.0m speed=0.0m/s) → VISION_SEARCH (비전 착륙 활성)
[offboard_node-2] [INFO] [1785263888.580946880] [offboard_node]: 탐색 1회차 — 고도 25m AGL 반경 6.1→30m 링간격 12.2m 속도상한 5.0m/s (풋프린트 단폭 18.8m)
[offboard_node-2] [INFO] [1785263888.581503736] [offboard_node]: WP1 도달·안정 (dist=0.0m speed=0.0m/s) → VISION_SEARCH (비전 착륙 활성)
[offboard_node-2] [INFO] [1785263888.680232725] [offboard_node]: 탐색 1회차 — 고도 25m AGL 반경 6.1→30m 링간격 12.2m 속도상한 5.0m/s (풋프린트 단폭 18.8m)
[offboard_node-2] [INFO] [1785263888.680745821] [offboard_node]: WP1 도달·안정 (dist=0.0m speed=0.0m/s) → VISION_SEARCH (비전 착륙 활성)
[offboard_node-2] [INFO] [1785263888.780557713] [offboard_node]: 탐색 1회차 — 고도 25m AGL 반경 6.1→30m 링간격 12.2m 속도상한 5.0m/s (풋프린트 단폭 18.8m)
[offboard_node-2] [INFO] [1785263888.781924844] [offboard_node]: WP1 도달·안정 (dist=0.0m speed=0.0m/s) → VISION_SEARCH (비전 착륙 활성)
[offboard_node-2] [INFO] [1785263888.880435242] [offboard_node]: WP1 홀드 dist=0.0m speed=0.0m/s stable=165/10
[offboard_node-2] [INFO] [1785263888.881002336] [offboard_node]: 탐색 1회차 — 고도 25m AGL 반경 6.1→30m 링간격 12.2m 속도상한 5.0m/s (풋프린트 단폭 18.8m)
[offboard_node-2] [INFO] [1785263888.881572976] [offboard_node]: WP1 도달·안정 (dist=0.0m speed=0.0m/s) → VISION_SEARCH (비전 착륙 활성)
[offboard_node-2] [INFO] [1785263888.980565187] [offboard_node]: 탐색 1회차 — 고도 25m AGL 반경 6.1→30m 링간격 12.2m 속도상한 5.0m/s (풋프린트 단폭 18.8m)
[offboard_node-2] [INFO] [1785263888.981159838] [offboard_node]: WP1 도달·안정 (dist=0.0m speed=0.0m/s) → VISION_SEARCH (비전 착륙 활성)
[offboard_node-2] [INFO] [1785263889.080912488] [offboard_node]: 탐색 1회차 — 고도 25m AGL 반경 6.1→30m 링간격 12.2m 속도상한 5.0m/s (풋프린트 단폭 18.8m)
[offboard_node-2] [INFO] [1785263889.081741799] [offboard_node]: WP1 도달·안정 (dist=0.0m speed=0.0m/s) → VISION_SEARCH (비전 착륙 활성)
[offboard_node-2] [INFO] [1785263889.180436189] [offboard_node]: 탐색 1회차 — 고도 25m AGL 반경 6.1→30m 링간격 12.2m 속도상한 5.0m/s (풋프린트 단폭 18.8m)
[offboard_node-2] [INFO] [1785263889.181014401] [offboard_node]: WP1 도달·안정 (dist=0.0m speed=0.1m/s) → VISION_SEARCH (비전 착륙 활성)
[offboard_node-2] [INFO] [1785263889.280791535] [offboard_node]: 탐색 1회차 — 고도 25m AGL 반경 6.1→30m 링간격 12.2m 속도상한 5.0m/s (풋프린트 단폭 18.8m)
[offboard_node-2] [INFO] [1785263889.281450586] [offboard_node]: WP1 도달·안정 (dist=0.0m speed=0.1m/s) → VISION_SEARCH (비전 착륙 활성)
[offboard_node-2] [INFO] [1785263889.380648441] [offboard_node]: 탐색 1회차 — 고도 25m AGL 반경 6.1→30m 링간격 12.2m 속도상한 5.0m/s (풋프린트 단폭 18.8m)
[offboard_node-2] [INFO] [1785263889.381322190] [offboard_node]: WP1 도달·안정 (dist=0.0m speed=0.0m/s) → VISION_SEARCH (비전 착륙 활성)
[offboard_node-2] [INFO] [1785263889.480332418] [offboard_node]: 탐색 1회차 — 고도 25m AGL 반경 6.1→30m 링간격 12.2m 속도상한 5.0m/s (풋프린트 단폭 18.8m)
[offboard_node-2] [INFO] [1785263889.480908535] [offboard_node]: WP1 도달·안정 (dist=0.0m speed=0.0m/s) → VISION_SEARCH (비전 착륙 활성)
[offboard_node-2] [INFO] [1785263889.580204987] [offboard_node]: 탐색 1회차 — 고도 25m AGL 반경 6.1→30m 링간격 12.2m 속도상한 5.0m/s (풋프린트 단폭 18.8m)
[offboard_node-2] [INFO] [1785263889.580723371] [offboard_node]: WP1 도달·안정 (dist=0.0m speed=0.0m/s) → VISION_SEARCH (비전 착륙 활성)
[offboard_node-2] [INFO] [1785263889.680440087] [offboard_node]: 탐색 1회차 — 고도 25m AGL 반경 6.1→30m 링간격 12.2m 속도상한 5.0m/s (풋프린트 단폭 18.8m)
[offboard_node-2] [INFO] [1785263889.681034246] [offboard_node]: WP1 도달·안정 (dist=0.0m speed=0.0m/s) → VISION_SEARCH (비전 착륙 활성)
[offboard_node-2] [INFO] [1785263889.782223134] [offboard_node]: 탐색 1회차 — 고도 25m AGL 반경 6.1→30m 링간격 12.2m 속도상한 5.0m/s (풋프린트 단폭 18.8m)
[offboard_node-2] [INFO] [1785263889.782876015] [offboard_node]: WP1 도달·안정 (dist=0.0m speed=0.0m/s) → VISION_SEARCH (비전 착륙 활성)
[offboard_node-2] [INFO] [1785263889.880508396] [offboard_node]: 탐색 1회차 — 고도 25m AGL 반경 6.1→30m 링간격 12.2m 속도상한 5.0m/s (풋프린트 단폭 18.8m)
[offboard_node-2] [INFO] [1785263889.881099504] [offboard_node]: WP1 도달·안정 (dist=0.0m speed=0.0m/s) → VISION_SEARCH (비전 착륙 활성)
[offboard_node-2] [INFO] [1785263889.980054428] [offboard_node]: 탐색 1회차 — 고도 25m AGL 반경 6.1→30m 링간격 12.2m 속도상한 5.0m/s (풋프린트 단폭 18.8m)
[offboard_node-2] [INFO] [1785263889.980652381] [offboard_node]: WP1 도달·안정 (dist=0.0m speed=0.0m/s) → VISION_SEARCH (비전 착륙 활성)
[offboard_node-2] [INFO] [1785263890.080476675] [offboard_node]: 탐색 1회차 — 고도 25m AGL 반경 6.1→30m 링간격 12.2m 속도상한 5.0m/s (풋프린트 단폭 18.8m)
[offboard_node-2] [INFO] [1785263890.081066257] [offboard_node]: WP1 도달·안정 (dist=0.0m speed=0.0m/s) → VISION_SEARCH (비전 착륙 활성)
[offboard_node-2] [INFO] [1785263890.180206251] [offboard_node]: 탐색 1회차 — 고도 25m AGL 반경 6.1→30m 링간격 12.2m 속도상한 5.0m/s (풋프린트 단폭 18.8m)
[offboard_node-2] [INFO] [1785263890.180729714] [offboard_node]: WP1 도달·안정 (dist=0.0m speed=0.0m/s) → VISION_SEARCH (비전 착륙 활성)
[offboard_node-2] [INFO] [1785263890.280726542] [offboard_node]: 탐색 1회차 — 고도 25m AGL 반경 6.1→30m 링간격 12.2m 속도상한 5.0m/s (풋프린트 단폭 18.8m)
[offboard_node-2] [INFO] [1785263890.281480561] [offboard_node]: WP1 도달·안정 (dist=0.0m speed=0.0m/s) → VISION_SEARCH (비전 착륙 활성)
[offboard_node-2] [INFO] [1785263890.380361351] [offboard_node]: 탐색 1회차 — 고도 25m AGL 반경 6.1→30m 링간격 12.2m 속도상한 5.0m/s (풋프린트 단폭 18.8m)
[offboard_node-2] [INFO] [1785263890.381047884] [offboard_node]: WP1 도달·안정 (dist=0.0m speed=0.0m/s) → VISION_SEARCH (비전 착륙 활성)
[telemetry_node-1] [INFO] [1785263890.393181821] [telemetry_node]: pos_ned=[ 3.00034943e+02 -7.25886738e-03  4.99181366e+01]  yaw=0.043  armed=True  vtol=3  batt=15.30V/50%
[offboard_node-2] [INFO] [1785263890.480571787] [offboard_node]: 탐색 1회차 — 고도 25m AGL 반경 6.1→30m 링간격 12.2m 속도상한 5.0m/s (풋프린트 단폭 18.8m)
[offboard_node-2] [INFO] [1785263890.481340336] [offboard_node]: WP1 도달·안정 (dist=0.0m speed=0.0m/s) → VISION_SEARCH (비전 착륙 활성)
[offboard_node-2] [INFO] [1785263890.581418079] [offboard_node]: 탐색 1회차 — 고도 25m AGL 반경 6.1→30m 링간격 12.2m 속도상한 5.0m/s (풋프린트 단폭 18.8m)
[offboard_node-2] [INFO] [1785263890.584172895] [offboard_node]: WP1 도달·안정 (dist=0.0m speed=0.0m/s) → VISION_SEARCH (비전 착륙 활성)
[offboard_node-2] [INFO] [1785263890.681029548] [offboard_node]: 탐색 1회차 — 고도 25m AGL 반경 6.1→30m 링간격 12.2m 속도상한 5.0m/s (풋프린트 단폭 18.8m)
[offboard_node-2] [INFO] [1785263890.681884284] [offboard_node]: WP1 도달·안정 (dist=0.0m speed=0.0m/s) → VISION_SEARCH (비전 착륙 활성)
[offboard_node-2] [INFO] [1785263890.781058737] [offboard_node]: 탐색 1회차 — 고도 25m AGL 반경 6.1→30m 링간격 12.2m 속도상한 5.0m/s (풋프린트 단폭 18.8m)
[offboard_node-2] [INFO] [1785263890.781822995] [offboard_node]: WP1 도달·안정 (dist=0.0m speed=0.0m/s) → VISION_SEARCH (비전 착륙 활성)
[offboard_node-2] [INFO] [1785263890.880723104] [offboard_node]: WP1 홀드 dist=0.0m speed=0.0m/s stable=185/10
[offboard_node-2] [INFO] [1785263890.881697303] [offboard_node]: 탐색 1회차 — 고도 25m AGL 반경 6.1→30m 링간격 12.2m 속도상한 5.0m/s (풋프린트 단폭 18.8m)
[offboard_node-2] [INFO] [1785263890.882510108] [offboard_node]: WP1 도달·안정 (dist=0.0m speed=0.0m/s) → VISION_SEARCH (비전 착륙 활성)
[offboard_node-2] [INFO] [1785263890.980881266] [offboard_node]: 탐색 1회차 — 고도 25m AGL 반경 6.1→30m 링간격 12.2m 속도상한 5.0m/s (풋프린트 단폭 18.8m)
[offboard_node-2] [INFO] [1785263890.981565461] [offboard_node]: WP1 도달·안정 (dist=0.0m speed=0.0m/s) → VISION_SEARCH (비전 착륙 활성)
[offboard_node-2] [INFO] [1785263891.080931294] [offboard_node]: 탐색 1회차 — 고도 25m AGL 반경 6.1→30m 링간격 12.2m 속도상한 5.0m/s (풋프린트 단폭 18.8m)
[offboard_node-2] [INFO] [1785263891.081720357] [offboard_node]: WP1 도달·안정 (dist=0.0m speed=0.0m/s) → VISION_SEARCH (비전 착륙 활성)
[offboard_node-2] [INFO] [1785263891.180777473] [offboard_node]: 탐색 1회차 — 고도 25m AGL 반경 6.1→30m 링간격 12.2m 속도상한 5.0m/s (풋프린트 단폭 18.8m)
[offboard_node-2] [INFO] [1785263891.181348772] [offboard_node]: WP1 도달·안정 (dist=0.0m speed=0.0m/s) → VISION_SEARCH (비전 착륙 활성)
[offboard_node-2] [INFO] [1785263891.280443269] [offboard_node]: 탐색 1회차 — 고도 25m AGL 반경 6.1→30m 링간격 12.2m 속도상한 5.0m/s (풋프린트 단폭 18.8m)
[offboard_node-2] [INFO] [1785263891.281196399] [offboard_node]: WP1 도달·안정 (dist=0.0m speed=0.0m/s) → VISION_SEARCH (비전 착륙 활성)
[offboard_node-2] [INFO] [1785263891.380608898] [offboard_node]: 탐색 1회차 — 고도 25m AGL 반경 6.1→30m 링간격 12.2m 속도상한 5.0m/s (풋프린트 단폭 18.8m)
[offboard_node-2] [INFO] [1785263891.381357071] [offboard_node]: WP1 도달·안정 (dist=0.0m speed=0.0m/s) → VISION_SEARCH (비전 착륙 활성)
[offboard_node-2] [INFO] [1785263891.480360681] [offboard_node]: 탐색 1회차 — 고도 25m AGL 반경 6.1→30m 링간격 12.2m 속도상한 5.0m/s (풋프린트 단폭 18.8m)
[offboard_node-2] [INFO] [1785263891.481150805] [offboard_node]: WP1 도달·안정 (dist=0.0m speed=0.0m/s) → VISION_SEARCH (비전 착륙 활성)
[offboard_node-2] [INFO] [1785263891.580565612] [offboard_node]: 탐색 1회차 — 고도 25m AGL 반경 6.1→30m 링간격 12.2m 속도상한 5.0m/s (풋프린트 단폭 18.8m)
[offboard_node-2] [INFO] [1785263891.582148819] [offboard_node]: WP1 도달·안정 (dist=0.0m speed=0.0m/s) → VISION_SEARCH (비전 착륙 활성)
[offboard_node-2] [INFO] [1785263891.680551109] [offboard_node]: 탐색 1회차 — 고도 25m AGL 반경 6.1→30m 링간격 12.2m 속도상한 5.0m/s (풋프린트 단폭 18.8m)
[offboard_node-2] [INFO] [1785263891.681819337] [offboard_node]: WP1 도달·안정 (dist=0.0m speed=0.0m/s) → VISION_SEARCH (비전 착륙 활성)
[offboard_node-2] [INFO] [1785263891.780621766] [offboard_node]: 탐색 1회차 — 고도 25m AGL 반경 6.1→30m 링간격 12.2m 속도상한 5.0m/s (풋프린트 단폭 18.8m)
[offboard_node-2] [INFO] [1785263891.781345398] [offboard_node]: WP1 도달·안정 (dist=0.0m speed=0.0m/s) → VISION_SEARCH (비전 착륙 활성)
[offboard_node-2] [INFO] [1785263891.880356915] [offboard_node]: 탐색 1회차 — 고도 25m AGL 반경 6.1→30m 링간격 12.2m 속도상한 5.0m/s (풋프린트 단폭 18.8m)
[offboard_node-2] [INFO] [1785263891.881138805] [offboard_node]: WP1 도달·안정 (dist=0.0m speed=0.0m/s) → VISION_SEARCH (비전 착륙 활성)
[offboard_node-2] [INFO] [1785263891.980586389] [offboard_node]: 탐색 1회차 — 고도 25m AGL 반경 6.1→30m 링간격 12.2m 속도상한 5.0m/s (풋프린트 단폭 18.8m)
[offboard_node-2] [INFO] [1785263891.981396859] [offboard_node]: WP1 도달·안정 (dist=0.0m speed=0.0m/s) → VISION_SEARCH (비전 착륙 활성)
[offboard_node-2] [INFO] [1785263892.080521930] [offboard_node]: 탐색 1회차 — 고도 25m AGL 반경 6.1→30m 링간격 12.2m 속도상한 5.0m/s (풋프린트 단폭 18.8m)
[offboard_node-2] [INFO] [1785263892.081228591] [offboard_node]: WP1 도달·안정 (dist=0.0m speed=0.0m/s) → VISION_SEARCH (비전 착륙 활성)
[offboard_node-2] [INFO] [1785263892.180882146] [offboard_node]: 탐색 1회차 — 고도 25m AGL 반경 6.1→30m 링간격 12.2m 속도상한 5.0m/s (풋프린트 단폭 18.8m)
[offboard_node-2] [INFO] [1785263892.181653061] [offboard_node]: WP1 도달·안정 (dist=0.0m speed=0.0m/s) → VISION_SEARCH (비전 착륙 활성)
[offboard_node-2] [INFO] [1785263892.280532614] [offboard_node]: 탐색 1회차 — 고도 25m AGL 반경 6.1→30m 링간격 12.2m 속도상한 5.0m/s (풋프린트 단폭 18.8m)
[offboard_node-2] [INFO] [1785263892.281191606] [offboard_node]: WP1 도달·안정 (dist=0.0m speed=0.0m/s) → VISION_SEARCH (비전 착륙 활성)
[offboard_node-2] [INFO] [1785263892.380490324] [offboard_node]: 탐색 1회차 — 고도 25m AGL 반경 6.1→30m 링간격 12.2m 속도상한 5.0m/s (풋프린트 단폭 18.8m)
[offboard_node-2] [INFO] [1785263892.381166724] [offboard_node]: WP1 도달·안정 (dist=0.0m speed=0.0m/s) → VISION_SEARCH (비전 착륙 활성)
[telemetry_node-1] [INFO] [1785263892.393906222] [telemetry_node]: pos_ned=[ 3.00028320e+02 -2.21265629e-02  4.98947372e+01]  yaw=0.042  armed=True  vtol=3  batt=15.30V/50%
[offboard_node-2] [INFO] [1785263892.480921701] [offboard_node]: 탐색 1회차 — 고도 25m AGL 반경 6.1→30m 링간격 12.2m 속도상한 5.0m/s (풋프린트 단폭 18.8m)
[offboard_node-2] [INFO] [1785263892.481651259] [offboard_node]: WP1 도달·안정 (dist=0.0m speed=0.0m/s) → VISION_SEARCH (비전 착륙 활성)
[offboard_node-2] [INFO] [1785263892.581044948] [offboard_node]: 탐색 1회차 — 고도 25m AGL 반경 6.1→30m 링간격 12.2m 속도상한 5.0m/s (풋프린트 단폭 18.8m)
[offboard_node-2] [INFO] [1785263892.581784967] [offboard_node]: WP1 도달·안정 (dist=0.0m speed=0.0m/s) → VISION_SEARCH (비전 착륙 활성)
[offboard_node-2] [INFO] [1785263892.680749238] [offboard_node]: 탐색 1회차 — 고도 25m AGL 반경 6.1→30m 링간격 12.2m 속도상한 5.0m/s (풋프린트 단폭 18.8m)
[offboard_node-2] [INFO] [1785263892.681951505] [offboard_node]: WP1 도달·안정 (dist=0.0m speed=0.0m/s) → VISION_SEARCH (비전 착륙 활성)
[offboard_node-2] [INFO] [1785263892.781117772] [offboard_node]: 탐색 1회차 — 고도 25m AGL 반경 6.1→30m 링간격 12.2m 속도상한 5.0m/s (풋프린트 단폭 18.8m)
[offboard_node-2] [INFO] [1785263892.782794522] [offboard_node]: WP1 도달·안정 (dist=0.0m speed=0.0m/s) → VISION_SEARCH (비전 착륙 활성)
[offboard_node-2] [INFO] [1785263892.880820341] [offboard_node]: WP1 홀드 dist=0.0m speed=0.0m/s stable=205/10
[offboard_node-2] [INFO] [1785263892.881745642] [offboard_node]: 탐색 1회차 — 고도 25m AGL 반경 6.1→30m 링간격 12.2m 속도상한 5.0m/s (풋프린트 단폭 18.8m)
[offboard_node-2] [INFO] [1785263892.882436415] [offboard_node]: WP1 도달·안정 (dist=0.0m speed=0.0m/s) → VISION_SEARCH (비전 착륙 활성)
[offboard_node-2] [INFO] [1785263892.981142559] [offboard_node]: 탐색 1회차 — 고도 25m AGL 반경 6.1→30m 링간격 12.2m 속도상한 5.0m/s (풋프린트 단폭 18.8m)
[offboard_node-2] [INFO] [1785263892.981965202] [offboard_node]: WP1 도달·안정 (dist=0.0m speed=0.0m/s) → VISION_SEARCH (비전 착륙 활성)
[offboard_node-2] [INFO] [1785263893.081115974] [offboard_node]: 탐색 1회차 — 고도 25m AGL 반경 6.1→30m 링간격 12.2m 속도상한 5.0m/s (풋프린트 단폭 18.8m)
[offboard_node-2] [INFO] [1785263893.081752414] [offboard_node]: WP1 도달·안정 (dist=0.0m speed=0.0m/s) → VISION_SEARCH (비전 착륙 활성)
[offboard_node-2] [INFO] [1785263893.181803920] [offboard_node]: 탐색 1회차 — 고도 25m AGL 반경 6.1→30m 링간격 12.2m 속도상한 5.0m/s (풋프린트 단폭 18.8m)
[offboard_node-2] [INFO] [1785263893.182912615] [offboard_node]: WP1 도달·안정 (dist=0.0m speed=0.0m/s) → VISION_SEARCH (비전 착륙 활성)
[offboard_node-2] [INFO] [1785263893.282049410] [offboard_node]: 탐색 1회차 — 고도 25m AGL 반경 6.1→30m 링간격 12.2m 속도상한 5.0m/s (풋프린트 단폭 18.8m)
[offboard_node-2] [INFO] [1785263893.283320611] [offboard_node]: WP1 도달·안정 (dist=0.0m speed=0.0m/s) → VISION_SEARCH (비전 착륙 활성)
[offboard_node-2] [INFO] [1785263893.382100221] [offboard_node]: 탐색 1회차 — 고도 25m AGL 반경 6.1→30m 링간격 12.2m 속도상한 5.0m/s (풋프린트 단폭 18.8m)
[offboard_node-2] [INFO] [1785263893.383122214] [offboard_node]: WP1 도달·안정 (dist=0.0m speed=0.0m/s) → VISION_SEARCH (비전 착륙 활성)
[offboard_node-2] [INFO] [1785263893.481737225] [offboard_node]: 탐색 1회차 — 고도 25m AGL 반경 6.1→30m 링간격 12.2m 속도상한 5.0m/s (풋프린트 단폭 18.8m)
[offboard_node-2] [INFO] [1785263893.483888086] [offboard_node]: WP1 도달·안정 (dist=0.0m speed=0.0m/s) → VISION_SEARCH (비전 착륙 활성)
[offboard_node-2] [INFO] [1785263893.581731301] [offboard_node]: 탐색 1회차 — 고도 25m AGL 반경 6.1→30m 링간격 12.2m 속도상한 5.0m/s (풋프린트 단폭 18.8m)
[offboard_node-2] [INFO] [1785263893.582615745] [offboard_node]: WP1 도달·안정 (dist=0.0m speed=0.0m/s) → VISION_SEARCH (비전 착륙 활성)
[offboard_node-2] [INFO] [1785263893.681532376] [offboard_node]: 탐색 1회차 — 고도 25m AGL 반경 6.1→30m 링간격 12.2m 속도상한 5.0m/s (풋프린트 단폭 18.8m)
[offboard_node-2] [INFO] [1785263893.682415947] [offboard_node]: WP1 도달·안정 (dist=0.0m speed=0.0m/s) → VISION_SEARCH (비전 착륙 활성)
[offboard_node-2] [INFO] [1785263893.780937580] [offboard_node]: 탐색 1회차 — 고도 25m AGL 반경 6.1→30m 링간격 12.2m 속도상한 5.0m/s (풋프린트 단폭 18.8m)
[offboard_node-2] [INFO] [1785263893.782996216] [offboard_node]: WP1 도달·안정 (dist=0.0m speed=0.0m/s) → VISION_SEARCH (비전 착륙 활성)
[offboard_node-2] [INFO] [1785263893.881590863] [offboard_node]: 탐색 1회차 — 고도 25m AGL 반경 6.1→30m 링간격 12.2m 속도상한 5.0m/s (풋프린트 단폭 18.8m)
[offboard_node-2] [INFO] [1785263893.882359473] [offboard_node]: WP1 도달·안정 (dist=0.0m speed=0.0m/s) → VISION_SEARCH (비전 착륙 활성)
[offboard_node-2] [INFO] [1785263893.981098653] [offboard_node]: 탐색 1회차 — 고도 25m AGL 반경 6.1→30m 링간격 12.2m 속도상한 5.0m/s (풋프린트 단폭 18.8m)
[offboard_node-2] [INFO] [1785263893.981933532] [offboard_node]: WP1 도달·안정 (dist=0.0m speed=0.0m/s) → VISION_SEARCH (비전 착륙 활성)
[offboard_node-2] [INFO] [1785263894.081067906] [offboard_node]: 탐색 1회차 — 고도 25m AGL 반경 6.1→30m 링간격 12.2m 속도상한 5.0m/s (풋프린트 단폭 18.8m)
[offboard_node-2] [INFO] [1785263894.083104611] [offboard_node]: WP1 도달·안정 (dist=0.0m speed=0.0m/s) → VISION_SEARCH (비전 착륙 활성)
[offboard_node-2] [INFO] [1785263894.181004867] [offboard_node]: 탐색 1회차 — 고도 25m AGL 반경 6.1→30m 링간격 12.2m 속도상한 5.0m/s (풋프린트 단폭 18.8m)
[offboard_node-2] [INFO] [1785263894.181864702] [offboard_node]: WP1 도달·안정 (dist=0.0m speed=0.0m/s) → VISION_SEARCH (비전 착륙 활성)
[offboard_node-2] [INFO] [1785263894.286739806] [offboard_node]: 탐색 1회차 — 고도 25m AGL 반경 6.1→30m 링간격 12.2m 속도상한 5.0m/s (풋프린트 단폭 18.8m)
[offboard_node-2] [INFO] [1785263894.295663190] [offboard_node]: WP1 도달·안정 (dist=0.0m speed=0.0m/s) → VISION_SEARCH (비전 착륙 활성)
[offboard_node-2] [INFO] [1785263894.383317810] [offboard_node]: 탐색 1회차 — 고도 25m AGL 반경 6.1→30m 링간격 12.2m 속도상한 5.0m/s (풋프린트 단폭 18.8m)
[offboard_node-2] [INFO] [1785263894.385039154] [offboard_node]: WP1 도달·안정 (dist=0.0m speed=0.0m/s) → VISION_SEARCH (비전 착륙 활성)
[telemetry_node-1] [INFO] [1785263894.394494906] [telemetry_node]: pos_ned=[2.99996063e+02 1.37614948e-03 4.98873444e+01]  yaw=0.041  armed=True  vtol=3  batt=15.30V/50%
[offboard_node-2] [INFO] [1785263894.480916595] [offboard_node]: 탐색 1회차 — 고도 25m AGL 반경 6.1→30m 링간격 12.2m 속도상한 5.0m/s (풋프린트 단폭 18.8m)
[offboard_node-2] [INFO] [1785263894.481897494] [offboard_node]: WP1 도달·안정 (dist=0.0m speed=0.0m/s) → VISION_SEARCH (비전 착륙 활성)
[offboard_node-2] [INFO] [1785263894.581296777] [offboard_node]: 탐색 1회차 — 고도 25m AGL 반경 6.1→30m 링간격 12.2m 속도상한 5.0m/s (풋프린트 단폭 18.8m)
[offboard_node-2] [INFO] [1785263894.582255766] [offboard_node]: WP1 도달·안정 (dist=0.0m speed=0.0m/s) → VISION_SEARCH (비전 착륙 활성)
[offboard_node-2] [INFO] [1785263894.680480520] [offboard_node]: 탐색 1회차 — 고도 25m AGL 반경 6.1→30m 링간격 12.2m 속도상한 5.0m/s (풋프린트 단폭 18.8m)
[offboard_node-2] [INFO] [1785263894.681339080] [offboard_node]: WP1 도달·안정 (dist=0.0m speed=0.0m/s) → VISION_SEARCH (비전 착륙 활성)
[offboard_node-2] [INFO] [1785263894.780713202] [offboard_node]: 탐색 1회차 — 고도 25m AGL 반경 6.1→30m 링간격 12.2m 속도상한 5.0m/s (풋프린트 단폭 18.8m)
[offboard_node-2] [INFO] [1785263894.781525269] [offboard_node]: WP1 도달·안정 (dist=0.0m speed=0.0m/s) → VISION_SEARCH (비전 착륙 활성)
[offboard_node-2] [INFO] [1785263894.880182179] [offboard_node]: WP1 홀드 dist=0.0m speed=0.0m/s stable=225/10
[offboard_node-2] [INFO] [1785263894.881043883] [offboard_node]: 탐색 1회차 — 고도 25m AGL 반경 6.1→30m 링간격 12.2m 속도상한 5.0m/s (풋프린트 단폭 18.8m)
[offboard_node-2] [INFO] [1785263894.881713727] [offboard_node]: WP1 도달·안정 (dist=0.0m speed=0.0m/s) → VISION_SEARCH (비전 착륙 활성)
[offboard_node-2] [INFO] [1785263894.980328787] [offboard_node]: 탐색 1회차 — 고도 25m AGL 반경 6.1→30m 링간격 12.2m 속도상한 5.0m/s (풋프린트 단폭 18.8m)
[offboard_node-2] [INFO] [1785263894.981015605] [offboard_node]: WP1 도달·안정 (dist=0.0m speed=0.0m/s) → VISION_SEARCH (비전 착륙 활성)
[offboard_node-2] [INFO] [1785263895.080953590] [offboard_node]: 탐색 1회차 — 고도 25m AGL 반경 6.1→30m 링간격 12.2m 속도상한 5.0m/s (풋프린트 단폭 18.8m)
[offboard_node-2] [INFO] [1785263895.081920621] [offboard_node]: WP1 도달·안정 (dist=0.0m speed=0.0m/s) → VISION_SEARCH (비전 착륙 활성)
[offboard_node-2] [INFO] [1785263895.180598236] [offboard_node]: 탐색 1회차 — 고도 25m AGL 반경 6.1→30m 링간격 12.2m 속도상한 5.0m/s (풋프린트 단폭 18.8m)
[offboard_node-2] [INFO] [1785263895.183039076] [offboard_node]: WP1 도달·안정 (dist=0.0m speed=0.0m/s) → VISION_SEARCH (비전 착륙 활성)
[offboard_node-2] [INFO] [1785263895.281015259] [offboard_node]: 탐색 1회차 — 고도 25m AGL 반경 6.1→30m 링간격 12.2m 속도상한 5.0m/s (풋프린트 단폭 18.8m)
[offboard_node-2] [INFO] [1785263895.284518344] [offboard_node]: WP1 도달·안정 (dist=0.0m speed=0.0m/s) → VISION_SEARCH (비전 착륙 활성)
[offboard_node-2] [INFO] [1785263895.380244429] [offboard_node]: 탐색 1회차 — 고도 25m AGL 반경 6.1→30m 링간격 12.2m 속도상한 5.0m/s (풋프린트 단폭 18.8m)
[offboard_node-2] [INFO] [1785263895.380984300] [offboard_node]: WP1 도달·안정 (dist=0.0m speed=0.0m/s) → VISION_SEARCH (비전 착륙 활성)
[offboard_node-2] [INFO] [1785263895.480345028] [offboard_node]: 탐색 1회차 — 고도 25m AGL 반경 6.1→30m 링간격 12.2m 속도상한 5.0m/s (풋프린트 단폭 18.8m)
[offboard_node-2] [INFO] [1785263895.481218803] [offboard_node]: WP1 도달·안정 (dist=0.0m speed=0.0m/s) → VISION_SEARCH (비전 착륙 활성)
[offboard_node-2] [INFO] [1785263895.580157058] [offboard_node]: 탐색 1회차 — 고도 25m AGL 반경 6.1→30m 링간격 12.2m 속도상한 5.0m/s (풋프린트 단폭 18.8m)
[offboard_node-2] [INFO] [1785263895.580874728] [offboard_node]: WP1 도달·안정 (dist=0.0m speed=0.0m/s) → VISION_SEARCH (비전 착륙 활성)
[offboard_node-2] [INFO] [1785263895.680273484] [offboard_node]: 탐색 1회차 — 고도 25m AGL 반경 6.1→30m 링간격 12.2m 속도상한 5.0m/s (풋프린트 단폭 18.8m)
[offboard_node-2] [INFO] [1785263895.681003035] [offboard_node]: WP1 도달·안정 (dist=0.0m speed=0.0m/s) → VISION_SEARCH (비전 착륙 활성)
[offboard_node-2] [INFO] [1785263895.780641302] [offboard_node]: 탐색 1회차 — 고도 25m AGL 반경 6.1→30m 링간격 12.2m 속도상한 5.0m/s (풋프린트 단폭 18.8m)
[offboard_node-2] [INFO] [1785263895.781504919] [offboard_node]: WP1 도달·안정 (dist=0.0m speed=0.0m/s) → VISION_SEARCH (비전 착륙 활성)
[offboard_node-2] [INFO] [1785263895.880607115] [offboard_node]: 탐색 1회차 — 고도 25m AGL 반경 6.1→30m 링간격 12.2m 속도상한 5.0m/s (풋프린트 단폭 18.8m)
[offboard_node-2] [INFO] [1785263895.882122030] [offboard_node]: WP1 도달·안정 (dist=0.0m speed=0.0m/s) → VISION_SEARCH (비전 착륙 활성)
[offboard_node-2] [INFO] [1785263895.980173453] [offboard_node]: 탐색 1회차 — 고도 25m AGL 반경 6.1→30m 링간격 12.2m 속도상한 5.0m/s (풋프린트 단폭 18.8m)
[offboard_node-2] [INFO] [1785263895.980862991] [offboard_node]: WP1 도달·안정 (dist=0.0m speed=0.0m/s) → VISION_SEARCH (비전 착륙 활성)
[offboard_node-2] [INFO] [1785263896.080119923] [offboard_node]: 탐색 1회차 — 고도 25m AGL 반경 6.1→30m 링간격 12.2m 속도상한 5.0m/s (풋프린트 단폭 18.8m)
[offboard_node-2] [INFO] [1785263896.080943993] [offboard_node]: WP1 도달·안정 (dist=0.0m speed=0.0m/s) → VISION_SEARCH (비전 착륙 활성)
[offboard_node-2] [INFO] [1785263896.180549908] [offboard_node]: 탐색 1회차 — 고도 25m AGL 반경 6.1→30m 링간격 12.2m 속도상한 5.0m/s (풋프린트 단폭 18.8m)
[offboard_node-2] [INFO] [1785263896.181148392] [offboard_node]: WP1 도달·안정 (dist=0.0m speed=0.0m/s) → VISION_SEARCH (비전 착륙 활성)
[offboard_node-2] [INFO] [1785263896.280701733] [offboard_node]: 탐색 1회차 — 고도 25m AGL 반경 6.1→30m 링간격 12.2m 속도상한 5.0m/s (풋프린트 단폭 18.8m)
[offboard_node-2] [INFO] [1785263896.282763124] [offboard_node]: WP1 도달·안정 (dist=0.0m speed=0.0m/s) → VISION_SEARCH (비전 착륙 활성)
[offboard_node-2] [INFO] [1785263896.380889304] [offboard_node]: 탐색 1회차 — 고도 25m AGL 반경 6.1→30m 링간격 12.2m 속도상한 5.0m/s (풋프린트 단폭 18.8m)
[offboard_node-2] [INFO] [1785263896.381686650] [offboard_node]: WP1 도달·안정 (dist=0.0m speed=0.0m/s) → VISION_SEARCH (비전 착륙 활성)
[telemetry_node-1] [INFO] [1785263896.393297152] [telemetry_node]: pos_ned=[ 2.99989197e+02 -3.57807323e-04  4.98662720e+01]  yaw=0.041  armed=True  vtol=3  batt=15.30V/50%
[offboard_node-2] [INFO] [1785263896.480553828] [offboard_node]: 탐색 1회차 — 고도 25m AGL 반경 6.1→30m 링간격 12.2m 속도상한 5.0m/s (풋프린트 단폭 18.8m)
[offboard_node-2] [INFO] [1785263896.481332218] [offboard_node]: WP1 도달·안정 (dist=0.0m speed=0.0m/s) → VISION_SEARCH (비전 착륙 활성)
[offboard_node-2] [INFO] [1785263896.580739810] [offboard_node]: 탐색 1회차 — 고도 25m AGL 반경 6.1→30m 링간격 12.2m 속도상한 5.0m/s (풋프린트 단폭 18.8m)
[offboard_node-2] [INFO] [1785263896.583284535] [offboard_node]: WP1 도달·안정 (dist=0.0m speed=0.0m/s) → VISION_SEARCH (비전 착륙 활성)
[offboard_node-2] [INFO] [1785263896.680460306] [offboard_node]: 탐색 1회차 — 고도 25m AGL 반경 6.1→30m 링간격 12.2m 속도상한 5.0m/s (풋프린트 단폭 18.8m)
[offboard_node-2] [INFO] [1785263896.681171528] [offboard_node]: WP1 도달·안정 (dist=0.0m speed=0.0m/s) → VISION_SEARCH (비전 착륙 활성)
[offboard_node-2] [INFO] [1785263896.780667160] [offboard_node]: 탐색 1회차 — 고도 25m AGL 반경 6.1→30m 링간격 12.2m 속도상한 5.0m/s (풋프린트 단폭 18.8m)
[offboard_node-2] [INFO] [1785263896.781320080] [offboard_node]: WP1 도달·안정 (dist=0.0m speed=0.0m/s) → VISION_SEARCH (비전 착륙 활성)
[offboard_node-2] [INFO] [1785263896.880746979] [offboard_node]: WP1 홀드 dist=0.0m speed=0.0m/s stable=245/10
[offboard_node-2] [INFO] [1785263896.881548507] [offboard_node]: 탐색 1회차 — 고도 25m AGL 반경 6.1→30m 링간격 12.2m 속도상한 5.0m/s (풋프린트 단폭 18.8m)
[offboard_node-2] [INFO] [1785263896.882262148] [offboard_node]: WP1 도달·안정 (dist=0.0m speed=0.0m/s) → VISION_SEARCH (비전 착륙 활성)
[offboard_node-2] [INFO] [1785263896.980296759] [offboard_node]: 탐색 1회차 — 고도 25m AGL 반경 6.1→30m 링간격 12.2m 속도상한 5.0m/s (풋프린트 단폭 18.8m)
[offboard_node-2] [INFO] [1785263896.980879646] [offboard_node]: WP1 도달·안정 (dist=0.0m speed=0.0m/s) → VISION_SEARCH (비전 착륙 활성)
[offboard_node-2] [INFO] [1785263897.080336863] [offboard_node]: 탐색 1회차 — 고도 25m AGL 반경 6.1→30m 링간격 12.2m 속도상한 5.0m/s (풋프린트 단폭 18.8m)
[offboard_node-2] [INFO] [1785263897.080876321] [offboard_node]: WP1 도달·안정 (dist=0.0m speed=0.0m/s) → VISION_SEARCH (비전 착륙 활성)
[offboard_node-2] [INFO] [1785263897.180232497] [offboard_node]: 탐색 1회차 — 고도 25m AGL 반경 6.1→30m 링간격 12.2m 속도상한 5.0m/s (풋프린트 단폭 18.8m)
[offboard_node-2] [INFO] [1785263897.180845651] [offboard_node]: WP1 도달·안정 (dist=0.0m speed=0.0m/s) → VISION_SEARCH (비전 착륙 활성)
[offboard_node-2] [INFO] [1785263897.280235212] [offboard_node]: 탐색 1회차 — 고도 25m AGL 반경 6.1→30m 링간격 12.2m 속도상한 5.0m/s (풋프린트 단폭 18.8m)
[offboard_node-2] [INFO] [1785263897.280733504] [offboard_node]: WP1 도달·안정 (dist=0.0m speed=0.0m/s) → VISION_SEARCH (비전 착륙 활성)
[offboard_node-2] [INFO] [1785263897.381026933] [offboard_node]: 탐색 1회차 — 고도 25m AGL 반경 6.1→30m 링간격 12.2m 속도상한 5.0m/s (풋프린트 단폭 18.8m)
[offboard_node-2] [INFO] [1785263897.381839790] [offboard_node]: WP1 도달·안정 (dist=0.0m speed=0.0m/s) → VISION_SEARCH (비전 착륙 활성)
[offboard_node-2] [INFO] [1785263897.480478564] [offboard_node]: 탐색 1회차 — 고도 25m AGL 반경 6.1→30m 링간격 12.2m 속도상한 5.0m/s (풋프린트 단폭 18.8m)
[offboard_node-2] [INFO] [1785263897.481118014] [offboard_node]: WP1 도달·안정 (dist=0.0m speed=0.0m/s) → VISION_SEARCH (비전 착륙 활성)
[offboard_node-2] [INFO] [1785263897.580726769] [offboard_node]: 탐색 1회차 — 고도 25m AGL 반경 6.1→30m 링간격 12.2m 속도상한 5.0m/s (풋프린트 단폭 18.8m)
[offboard_node-2] [INFO] [1785263897.581485319] [offboard_node]: WP1 도달·안정 (dist=0.0m speed=0.0m/s) → VISION_SEARCH (비전 착륙 활성)
[offboard_node-2] [INFO] [1785263897.680208705] [offboard_node]: 탐색 1회차 — 고도 25m AGL 반경 6.1→30m 링간격 12.2m 속도상한 5.0m/s (풋프린트 단폭 18.8m)
[offboard_node-2] [INFO] [1785263897.680653886] [offboard_node]: WP1 도달·안정 (dist=0.0m speed=0.0m/s) → VISION_SEARCH (비전 착륙 활성)
[offboard_node-2] [INFO] [1785263897.780171287] [offboard_node]: 탐색 1회차 — 고도 25m AGL 반경 6.1→30m 링간격 12.2m 속도상한 5.0m/s (풋프린트 단폭 18.8m)
[offboard_node-2] [INFO] [1785263897.780730518] [offboard_node]: WP1 도달·안정 (dist=0.0m speed=0.0m/s) → VISION_SEARCH (비전 착륙 활성)
[offboard_node-2] [INFO] [1785263897.880581142] [offboard_node]: 탐색 1회차 — 고도 25m AGL 반경 6.1→30m 링간격 12.2m 속도상한 5.0m/s (풋프린트 단폭 18.8m)
[offboard_node-2] [INFO] [1785263897.881284718] [offboard_node]: WP1 도달·안정 (dist=0.0m speed=0.0m/s) → VISION_SEARCH (비전 착륙 활성)
[offboard_node-2] [INFO] [1785263897.980156544] [offboard_node]: 탐색 1회차 — 고도 25m AGL 반경 6.1→30m 링간격 12.2m 속도상한 5.0m/s (풋프린트 단폭 18.8m)
[offboard_node-2] [INFO] [1785263897.980705897] [offboard_node]: WP1 도달·안정 (dist=0.0m speed=0.0m/s) → VISION_SEARCH (비전 착륙 활성)
[offboard_node-2] [INFO] [1785263898.080187743] [offboard_node]: 탐색 1회차 — 고도 25m AGL 반경 6.1→30m 링간격 12.2m 속도상한 5.0m/s (풋프린트 단폭 18.8m)
[offboard_node-2] [INFO] [1785263898.080676188] [offboard_node]: WP1 도달·안정 (dist=0.0m speed=0.0m/s) → VISION_SEARCH (비전 착륙 활성)
[offboard_node-2] [INFO] [1785263898.180146045] [offboard_node]: 탐색 1회차 — 고도 25m AGL 반경 6.1→30m 링간격 12.2m 속도상한 5.0m/s (풋프린트 단폭 18.8m)
[offboard_node-2] [INFO] [1785263898.180786726] [offboard_node]: WP1 도달·안정 (dist=0.0m speed=0.0m/s) → VISION_SEARCH (비전 착륙 활성)
[offboard_node-2] [INFO] [1785263898.280295444] [offboard_node]: 탐색 1회차 — 고도 25m AGL 반경 6.1→30m 링간격 12.2m 속도상한 5.0m/s (풋프린트 단폭 18.8m)
[offboard_node-2] [INFO] [1785263898.280884651] [offboard_node]: WP1 도달·안정 (dist=0.0m speed=0.0m/s) → VISION_SEARCH (비전 착륙 활성)
[offboard_node-2] [INFO] [1785263898.380206604] [offboard_node]: 탐색 1회차 — 고도 25m AGL 반경 6.1→30m 링간격 12.2m 속도상한 5.0m/s (풋프린트 단폭 18.8m)
[offboard_node-2] [INFO] [1785263898.380809666] [offboard_node]: WP1 도달·안정 (dist=0.0m speed=0.0m/s) → VISION_SEARCH (비전 착륙 활성)
[telemetry_node-1] [INFO] [1785263898.393160088] [telemetry_node]: pos_ned=[ 2.99988708e+02 -1.91913564e-02  4.98542213e+01]  yaw=0.040  armed=True  vtol=3  batt=15.30V/50%
[offboard_node-2] [INFO] [1785263898.480510222] [offboard_node]: 탐색 1회차 — 고도 25m AGL 반경 6.1→30m 링간격 12.2m 속도상한 5.0m/s (풋프린트 단폭 18.8m)
[offboard_node-2] [INFO] [1785263898.481103681] [offboard_node]: WP1 도달·안정 (dist=0.0m speed=0.0m/s) → VISION_SEARCH (비전 착륙 활성)
[offboard_node-2] [INFO] [1785263898.580707613] [offboard_node]: 탐색 1회차 — 고도 25m AGL 반경 6.1→30m 링간격 12.2m 속도상한 5.0m/s (풋프린트 단폭 18.8m)
[offboard_node-2] [INFO] [1785263898.581409847] [offboard_node]: WP1 도달·안정 (dist=0.0m speed=0.0m/s) → VISION_SEARCH (비전 착륙 활성)
[offboard_node-2] [INFO] [1785263898.680680556] [offboard_node]: 탐색 1회차 — 고도 25m AGL 반경 6.1→30m 링간격 12.2m 속도상한 5.0m/s (풋프린트 단폭 18.8m)
[offboard_node-2] [INFO] [1785263898.681320782] [offboard_node]: WP1 도달·안정 (dist=0.0m speed=0.0m/s) → VISION_SEARCH (비전 착륙 활성)
[offboard_node-2] [INFO] [1785263898.780093815] [offboard_node]: 탐색 1회차 — 고도 25m AGL 반경 6.1→30m 링간격 12.2m 속도상한 5.0m/s (풋프린트 단폭 18.8m)
[offboard_node-2] [INFO] [1785263898.780543060] [offboard_node]: WP1 도달·안정 (dist=0.0m speed=0.0m/s) → VISION_SEARCH (비전 착륙 활성)
[offboard_node-2] [INFO] [1785263898.880244818] [offboard_node]: WP1 홀드 dist=0.0m speed=0.0m/s stable=265/10
[offboard_node-2] [INFO] [1785263898.880734446] [offboard_node]: 탐색 1회차 — 고도 25m AGL 반경 6.1→30m 링간격 12.2m 속도상한 5.0m/s (풋프린트 단폭 18.8m)
[offboard_node-2] [INFO] [1785263898.881138574] [offboard_node]: WP1 도달·안정 (dist=0.0m speed=0.0m/s) → VISION_SEARCH (비전 착륙 활성)
[offboard_node-2] [INFO] [1785263898.980372052] [offboard_node]: 탐색 1회차 — 고도 25m AGL 반경 6.1→30m 링간격 12.2m 속도상한 5.0m/s (풋프린트 단폭 18.8m)
[offboard_node-2] [INFO] [1785263898.980842180] [offboard_node]: WP1 도달·안정 (dist=0.0m speed=0.0m/s) → VISION_SEARCH (비전 착륙 활성)
[offboard_node-2] [INFO] [1785263899.079963833] [offboard_node]: 탐색 1회차 — 고도 25m AGL 반경 6.1→30m 링간격 12.2m 속도상한 5.0m/s (풋프린트 단폭 18.8m)
[offboard_node-2] [INFO] [1785263899.080390749] [offboard_node]: WP1 도달·안정 (dist=0.0m speed=0.0m/s) → VISION_SEARCH (비전 착륙 활성)
[offboard_node-2] [INFO] [1785263899.180522254] [offboard_node]: 탐색 1회차 — 고도 25m AGL 반경 6.1→30m 링간격 12.2m 속도상한 5.0m/s (풋프린트 단폭 18.8m)
[offboard_node-2] [INFO] [1785263899.181145570] [offboard_node]: WP1 도달·안정 (dist=0.0m speed=0.0m/s) → VISION_SEARCH (비전 착륙 활성)
[offboard_node-2] [INFO] [1785263899.279997889] [offboard_node]: 탐색 1회차 — 고도 25m AGL 반경 6.1→30m 링간격 12.2m 속도상한 5.0m/s (풋프린트 단폭 18.8m)
[offboard_node-2] [INFO] [1785263899.280535486] [offboard_node]: WP1 도달·안정 (dist=0.0m speed=0.0m/s) → VISION_SEARCH (비전 착륙 활성)
[offboard_node-2] [INFO] [1785263899.380120797] [offboard_node]: 탐색 1회차 — 고도 25m AGL 반경 6.1→30m 링간격 12.2m 속도상한 5.0m/s (풋프린트 단폭 18.8m)
[offboard_node-2] [INFO] [1785263899.380599615] [offboard_node]: WP1 도달·안정 (dist=0.0m speed=0.0m/s) → VISION_SEARCH (비전 착륙 활성)
[offboard_node-2] [INFO] [1785263899.480249447] [offboard_node]: 탐색 1회차 — 고도 25m AGL 반경 6.1→30m 링간격 12.2m 속도상한 5.0m/s (풋프린트 단폭 18.8m)
[offboard_node-2] [INFO] [1785263899.480877178] [offboard_node]: WP1 도달·안정 (dist=0.0m speed=0.0m/s) → VISION_SEARCH (비전 착륙 활성)
[offboard_node-2] [INFO] [1785263899.580372508] [offboard_node]: 탐색 1회차 — 고도 25m AGL 반경 6.1→30m 링간격 12.2m 속도상한 5.0m/s (풋프린트 단폭 18.8m)
[offboard_node-2] [INFO] [1785263899.581056398] [offboard_node]: WP1 도달·안정 (dist=0.0m speed=0.0m/s) → VISION_SEARCH (비전 착륙 활성)
[offboard_node-2] [INFO] [1785263899.680508692] [offboard_node]: 탐색 1회차 — 고도 25m AGL 반경 6.1→30m 링간격 12.2m 속도상한 5.0m/s (풋프린트 단폭 18.8m)
[offboard_node-2] [INFO] [1785263899.683578992] [offboard_node]: WP1 도달·안정 (dist=0.0m speed=0.0m/s) → VISION_SEARCH (비전 착륙 활성)
[offboard_node-2] [INFO] [1785263899.780379082] [offboard_node]: 탐색 1회차 — 고도 25m AGL 반경 6.1→30m 링간격 12.2m 속도상한 5.0m/s (풋프린트 단폭 18.8m)
[offboard_node-2] [INFO] [1785263899.780882701] [offboard_node]: WP1 도달·안정 (dist=0.0m speed=0.0m/s) → VISION_SEARCH (비전 착륙 활성)
[offboard_node-2] [INFO] [1785263899.880577227] [offboard_node]: 탐색 1회차 — 고도 25m AGL 반경 6.1→30m 링간격 12.2m 속도상한 5.0m/s (풋프린트 단폭 18.8m)
[offboard_node-2] [INFO] [1785263899.881293953] [offboard_node]: WP1 도달·안정 (dist=0.0m speed=0.0m/s) → VISION_SEARCH (비전 착륙 활성)
[offboard_node-2] [INFO] [1785263899.980305740] [offboard_node]: 탐색 1회차 — 고도 25m AGL 반경 6.1→30m 링간격 12.2m 속도상한 5.0m/s (풋프린트 단폭 18.8m)
[offboard_node-2] [INFO] [1785263899.980790949] [offboard_node]: WP1 도달·안정 (dist=0.0m speed=0.0m/s) → VISION_SEARCH (비전 착륙 활성)
[offboard_node-2] [INFO] [1785263900.080683033] [offboard_node]: 탐색 1회차 — 고도 25m AGL 반경 6.1→30m 링간격 12.2m 속도상한 5.0m/s (풋프린트 단폭 18.8m)
[offboard_node-2] [INFO] [1785263900.081279439] [offboard_node]: WP1 도달·안정 (dist=0.0m speed=0.0m/s) → VISION_SEARCH (비전 착륙 활성)
[offboard_node-2] [INFO] [1785263900.180192987] [offboard_node]: 탐색 1회차 — 고도 25m AGL 반경 6.1→30m 링간격 12.2m 속도상한 5.0m/s (풋프린트 단폭 18.8m)
[offboard_node-2] [INFO] [1785263900.180782029] [offboard_node]: WP1 도달·안정 (dist=0.0m speed=0.0m/s) → VISION_SEARCH (비전 착륙 활성)
[offboard_node-2] [INFO] [1785263900.280427518] [offboard_node]: 탐색 1회차 — 고도 25m AGL 반경 6.1→30m 링간격 12.2m 속도상한 5.0m/s (풋프린트 단폭 18.8m)
[offboard_node-2] [INFO] [1785263900.282533973] [offboard_node]: WP1 도달·안정 (dist=0.0m speed=0.0m/s) → VISION_SEARCH (비전 착륙 활성)
[offboard_node-2] [INFO] [1785263900.380644009] [offboard_node]: 탐색 1회차 — 고도 25m AGL 반경 6.1→30m 링간격 12.2m 속도상한 5.0m/s (풋프린트 단폭 18.8m)
[offboard_node-2] [INFO] [1785263900.381206181] [offboard_node]: WP1 도달·안정 (dist=0.0m speed=0.0m/s) → VISION_SEARCH (비전 착륙 활성)
[telemetry_node-1] [INFO] [1785263900.393235908] [telemetry_node]: pos_ned=[ 3.00005035e+02 -1.07844928e-02  4.98306847e+01]  yaw=0.040  armed=True  vtol=3  batt=15.30V/50%
[offboard_node-2] [INFO] [1785263900.480482929] [offboard_node]: 탐색 1회차 — 고도 25m AGL 반경 6.1→30m 링간격 12.2m 속도상한 5.0m/s (풋프린트 단폭 18.8m)
[offboard_node-2] [INFO] [1785263900.481101857] [offboard_node]: WP1 도달·안정 (dist=0.0m speed=0.0m/s) → VISION_SEARCH (비전 착륙 활성)
[offboard_node-2] [INFO] [1785263900.580244337] [offboard_node]: 탐색 1회차 — 고도 25m AGL 반경 6.1→30m 링간격 12.2m 속도상한 5.0m/s (풋프린트 단폭 18.8m)
[offboard_node-2] [INFO] [1785263900.580877319] [offboard_node]: WP1 도달·안정 (dist=0.0m speed=0.0m/s) → VISION_SEARCH (비전 착륙 활성)
[offboard_node-2] [INFO] [1785263900.680356997] [offboard_node]: 탐색 1회차 — 고도 25m AGL 반경 6.1→30m 링간격 12.2m 속도상한 5.0m/s (풋프린트 단폭 18.8m)
[offboard_node-2] [INFO] [1785263900.680833930] [offboard_node]: WP1 도달·안정 (dist=0.0m speed=0.0m/s) → VISION_SEARCH (비전 착륙 활성)
[offboard_node-2] [INFO] [1785263900.780310242] [offboard_node]: 탐색 1회차 — 고도 25m AGL 반경 6.1→30m 링간격 12.2m 속도상한 5.0m/s (풋프린트 단폭 18.8m)
[offboard_node-2] [INFO] [1785263900.780819587] [offboard_node]: WP1 도달·안정 (dist=0.0m speed=0.0m/s) → VISION_SEARCH (비전 착륙 활성)
[offboard_node-2] [INFO] [1785263900.880237047] [offboard_node]: WP1 홀드 dist=0.0m speed=0.0m/s stable=285/10
[offboard_node-2] [INFO] [1785263900.880870890] [offboard_node]: 탐색 1회차 — 고도 25m AGL 반경 6.1→30m 링간격 12.2m 속도상한 5.0m/s (풋프린트 단폭 18.8m)
[offboard_node-2] [INFO] [1785263900.881341861] [offboard_node]: WP1 도달·안정 (dist=0.0m speed=0.0m/s) → VISION_SEARCH (비전 착륙 활성)
[offboard_node-2] [INFO] [1785263900.980489380] [offboard_node]: 탐색 1회차 — 고도 25m AGL 반경 6.1→30m 링간격 12.2m 속도상한 5.0m/s (풋프린트 단폭 18.8m)
[offboard_node-2] [INFO] [1785263900.981025692] [offboard_node]: WP1 도달·안정 (dist=0.0m speed=0.0m/s) → VISION_SEARCH (비전 착륙 활성)
[offboard_node-2] [INFO] [1785263901.080566099] [offboard_node]: 탐색 1회차 — 고도 25m AGL 반경 6.1→30m 링간격 12.2m 속도상한 5.0m/s (풋프린트 단폭 18.8m)
[offboard_node-2] [INFO] [1785263901.081375595] [offboard_node]: WP1 도달·안정 (dist=0.0m speed=0.0m/s) → VISION_SEARCH (비전 착륙 활성)
[offboard_node-2] [INFO] [1785263901.180258459] [offboard_node]: 탐색 1회차 — 고도 25m AGL 반경 6.1→30m 링간격 12.2m 속도상한 5.0m/s (풋프린트 단폭 18.8m)
[offboard_node-2] [INFO] [1785263901.180857230] [offboard_node]: WP1 도달·안정 (dist=0.0m speed=0.0m/s) → VISION_SEARCH (비전 착륙 활성)
[offboard_node-2] [INFO] [1785263901.280510128] [offboard_node]: 탐색 1회차 — 고도 25m AGL 반경 6.1→30m 링간격 12.2m 속도상한 5.0m/s (풋프린트 단폭 18.8m)
[offboard_node-2] [INFO] [1785263901.281219913] [offboard_node]: WP1 도달·안정 (dist=0.0m speed=0.0m/s) → VISION_SEARCH (비전 착륙 활성)
[offboard_node-2] [INFO] [1785263901.380151408] [offboard_node]: 탐색 1회차 — 고도 25m AGL 반경 6.1→30m 링간격 12.2m 속도상한 5.0m/s (풋프린트 단폭 18.8m)
[offboard_node-2] [INFO] [1785263901.380835327] [offboard_node]: WP1 도달·안정 (dist=0.0m speed=0.0m/s) → VISION_SEARCH (비전 착륙 활성)
[offboard_node-2] [INFO] [1785263901.480118969] [offboard_node]: 탐색 1회차 — 고도 25m AGL 반경 6.1→30m 링간격 12.2m 속도상한 5.0m/s (풋프린트 단폭 18.8m)
[offboard_node-2] [INFO] [1785263901.480674039] [offboard_node]: WP1 도달·안정 (dist=0.0m speed=0.0m/s) → VISION_SEARCH (비전 착륙 활성)
[offboard_node-2] [INFO] [1785263901.580784887] [offboard_node]: 탐색 1회차 — 고도 25m AGL 반경 6.1→30m 링간격 12.2m 속도상한 5.0m/s (풋프린트 단폭 18.8m)
[offboard_node-2] [INFO] [1785263901.581731775] [offboard_node]: WP1 도달·안정 (dist=0.0m speed=0.0m/s) → VISION_SEARCH (비전 착륙 활성)
[offboard_node-2] [INFO] [1785263901.680966264] [offboard_node]: 탐색 1회차 — 고도 25m AGL 반경 6.1→30m 링간격 12.2m 속도상한 5.0m/s (풋프린트 단폭 18.8m)
[offboard_node-2] [INFO] [1785263901.681667945] [offboard_node]: WP1 도달·안정 (dist=0.0m speed=0.0m/s) → VISION_SEARCH (비전 착륙 활성)
[offboard_node-2] [INFO] [1785263901.780564759] [offboard_node]: 탐색 1회차 — 고도 25m AGL 반경 6.1→30m 링간격 12.2m 속도상한 5.0m/s (풋프린트 단폭 18.8m)
[offboard_node-2] [INFO] [1785263901.785263214] [offboard_node]: WP1 도달·안정 (dist=0.0m speed=0.0m/s) → VISION_SEARCH (비전 착륙 활성)
[offboard_node-2] [INFO] [1785263901.880706971] [offboard_node]: 탐색 1회차 — 고도 25m AGL 반경 6.1→30m 링간격 12.2m 속도상한 5.0m/s (풋프린트 단폭 18.8m)
[offboard_node-2] [INFO] [1785263901.881242335] [offboard_node]: WP1 도달·안정 (dist=0.0m speed=0.0m/s) → VISION_SEARCH (비전 착륙 활성)
[offboard_node-2] [INFO] [1785263901.980694675] [offboard_node]: 탐색 1회차 — 고도 25m AGL 반경 6.1→30m 링간격 12.2m 속도상한 5.0m/s (풋프린트 단폭 18.8m)
[offboard_node-2] [INFO] [1785263901.981293026] [offboard_node]: WP1 도달·안정 (dist=0.0m speed=0.0m/s) → VISION_SEARCH (비전 착륙 활성)
[offboard_node-2] [INFO] [1785263902.080008483] [offboard_node]: 탐색 1회차 — 고도 25m AGL 반경 6.1→30m 링간격 12.2m 속도상한 5.0m/s (풋프린트 단폭 18.8m)
[offboard_node-2] [INFO] [1785263902.080434175] [offboard_node]: WP1 도달·안정 (dist=0.0m speed=0.0m/s) → VISION_SEARCH (비전 착륙 활성)
[offboard_node-2] [INFO] [1785263902.180569518] [offboard_node]: 탐색 1회차 — 고도 25m AGL 반경 6.1→30m 링간격 12.2m 속도상한 5.0m/s (풋프린트 단폭 18.8m)
[offboard_node-2] [INFO] [1785263902.181222420] [offboard_node]: WP1 도달·안정 (dist=0.0m speed=0.0m/s) → VISION_SEARCH (비전 착륙 활성)
[offboard_node-2] [INFO] [1785263902.280326051] [offboard_node]: 탐색 1회차 — 고도 25m AGL 반경 6.1→30m 링간격 12.2m 속도상한 5.0m/s (풋프린트 단폭 18.8m)
[offboard_node-2] [INFO] [1785263902.280880180] [offboard_node]: WP1 도달·안정 (dist=0.0m speed=0.0m/s) → VISION_SEARCH (비전 착륙 활성)
[offboard_node-2] [INFO] [1785263902.381917320] [offboard_node]: 탐색 1회차 — 고도 25m AGL 반경 6.1→30m 링간격 12.2m 속도상한 5.0m/s (풋프린트 단폭 18.8m)
[offboard_node-2] [INFO] [1785263902.382509532] [offboard_node]: WP1 도달·안정 (dist=0.0m speed=0.0m/s) → VISION_SEARCH (비전 착륙 활성)
[telemetry_node-1] [INFO] [1785263902.393316278] [telemetry_node]: pos_ned=[ 3.00009949e+02 -2.22590137e-02  4.98280144e+01]  yaw=0.039  armed=True  vtol=3  batt=15.30V/50%
[offboard_node-2] [INFO] [1785263902.480837205] [offboard_node]: 탐색 1회차 — 고도 25m AGL 반경 6.1→30m 링간격 12.2m 속도상한 5.0m/s (풋프린트 단폭 18.8m)
[offboard_node-2] [INFO] [1785263902.481603297] [offboard_node]: WP1 도달·안정 (dist=0.0m speed=0.0m/s) → VISION_SEARCH (비전 착륙 활성)
[offboard_node-2] [INFO] [1785263902.580592697] [offboard_node]: 탐색 1회차 — 고도 25m AGL 반경 6.1→30m 링간격 12.2m 속도상한 5.0m/s (풋프린트 단폭 18.8m)
[offboard_node-2] [INFO] [1785263902.581291245] [offboard_node]: WP1 도달·안정 (dist=0.0m speed=0.0m/s) → VISION_SEARCH (비전 착륙 활성)
[offboard_node-2] [INFO] [1785263902.680965733] [offboard_node]: 탐색 1회차 — 고도 25m AGL 반경 6.1→30m 링간격 12.2m 속도상한 5.0m/s (풋프린트 단폭 18.8m)
[offboard_node-2] [INFO] [1785263902.681800424] [offboard_node]: WP1 도달·안정 (dist=0.0m speed=0.0m/s) → VISION_SEARCH (비전 착륙 활성)
[offboard_node-2] [INFO] [1785263902.780142686] [offboard_node]: 탐색 1회차 — 고도 25m AGL 반경 6.1→30m 링간격 12.2m 속도상한 5.0m/s (풋프린트 단폭 18.8m)
[offboard_node-2] [INFO] [1785263902.780690091] [offboard_node]: WP1 도달·안정 (dist=0.0m speed=0.0m/s) → VISION_SEARCH (비전 착륙 활성)
[offboard_node-2] [INFO] [1785263902.880741924] [offboard_node]: WP1 홀드 dist=0.0m speed=0.0m/s stable=305/10
[offboard_node-2] [INFO] [1785263902.881652727] [offboard_node]: 탐색 1회차 — 고도 25m AGL 반경 6.1→30m 링간격 12.2m 속도상한 5.0m/s (풋프린트 단폭 18.8m)
[offboard_node-2] [INFO] [1785263902.882476516] [offboard_node]: WP1 도달·안정 (dist=0.0m speed=0.0m/s) → VISION_SEARCH (비전 착륙 활성)
[offboard_node-2] [INFO] [1785263902.980642401] [offboard_node]: 탐색 1회차 — 고도 25m AGL 반경 6.1→30m 링간격 12.2m 속도상한 5.0m/s (풋프린트 단폭 18.8m)
[offboard_node-2] [INFO] [1785263902.981467355] [offboard_node]: WP1 도달·안정 (dist=0.0m speed=0.0m/s) → VISION_SEARCH (비전 착륙 활성)
[offboard_node-2] [INFO] [1785263903.080428633] [offboard_node]: 탐색 1회차 — 고도 25m AGL 반경 6.1→30m 링간격 12.2m 속도상한 5.0m/s (풋프린트 단폭 18.8m)
[offboard_node-2] [INFO] [1785263903.081069640] [offboard_node]: WP1 도달·안정 (dist=0.0m speed=0.0m/s) → VISION_SEARCH (비전 착륙 활성)
[offboard_node-2] [INFO] [1785263903.180601787] [offboard_node]: 탐색 1회차 — 고도 25m AGL 반경 6.1→30m 링간격 12.2m 속도상한 5.0m/s (풋프린트 단폭 18.8m)
[offboard_node-2] [INFO] [1785263903.181251242] [offboard_node]: WP1 도달·안정 (dist=0.0m speed=0.0m/s) → VISION_SEARCH (비전 착륙 활성)
[offboard_node-2] [INFO] [1785263903.280590892] [offboard_node]: 탐색 1회차 — 고도 25m AGL 반경 6.1→30m 링간격 12.2m 속도상한 5.0m/s (풋프린트 단폭 18.8m)
[offboard_node-2] [INFO] [1785263903.281305831] [offboard_node]: WP1 도달·안정 (dist=0.0m speed=0.0m/s) → VISION_SEARCH (비전 착륙 활성)
[offboard_node-2] [INFO] [1785263903.380304051] [offboard_node]: 탐색 1회차 — 고도 25m AGL 반경 6.1→30m 링간격 12.2m 속도상한 5.0m/s (풋프린트 단폭 18.8m)
[offboard_node-2] [INFO] [1785263903.381156875] [offboard_node]: WP1 도달·안정 (dist=0.0m speed=0.0m/s) → VISION_SEARCH (비전 착륙 활성)
[offboard_node-2] [INFO] [1785263903.480429399] [offboard_node]: 탐색 1회차 — 고도 25m AGL 반경 6.1→30m 링간격 12.2m 속도상한 5.0m/s (풋프린트 단폭 18.8m)
[offboard_node-2] [INFO] [1785263903.480991950] [offboard_node]: WP1 도달·안정 (dist=0.0m speed=0.0m/s) → VISION_SEARCH (비전 착륙 활성)
[offboard_node-2] [INFO] [1785263903.580293066] [offboard_node]: 탐색 1회차 — 고도 25m AGL 반경 6.1→30m 링간격 12.2m 속도상한 5.0m/s (풋프린트 단폭 18.8m)
[offboard_node-2] [INFO] [1785263903.580819073] [offboard_node]: WP1 도달·안정 (dist=0.0m speed=0.0m/s) → VISION_SEARCH (비전 착륙 활성)
[offboard_node-2] [INFO] [1785263903.680268637] [offboard_node]: 탐색 1회차 — 고도 25m AGL 반경 6.1→30m 링간격 12.2m 속도상한 5.0m/s (풋프린트 단폭 18.8m)
[offboard_node-2] [INFO] [1785263903.680848050] [offboard_node]: WP1 도달·안정 (dist=0.0m speed=0.0m/s) → VISION_SEARCH (비전 착륙 활성)
[offboard_node-2] [INFO] [1785263903.780567304] [offboard_node]: 탐색 1회차 — 고도 25m AGL 반경 6.1→30m 링간격 12.2m 속도상한 5.0m/s (풋프린트 단폭 18.8m)
[offboard_node-2] [INFO] [1785263903.781249197] [offboard_node]: WP1 도달·안정 (dist=0.0m speed=0.0m/s) → VISION_SEARCH (비전 착륙 활성)
[offboard_node-2] [INFO] [1785263903.880527298] [offboard_node]: 탐색 1회차 — 고도 25m AGL 반경 6.1→30m 링간격 12.2m 속도상한 5.0m/s (풋프린트 단폭 18.8m)
[offboard_node-2] [INFO] [1785263903.881223582] [offboard_node]: WP1 도달·안정 (dist=0.0m speed=0.0m/s) → VISION_SEARCH (비전 착륙 활성)
[offboard_node-2] [INFO] [1785263903.980574103] [offboard_node]: 탐색 1회차 — 고도 25m AGL 반경 6.1→30m 링간격 12.2m 속도상한 5.0m/s (풋프린트 단폭 18.8m)
[offboard_node-2] [INFO] [1785263903.981348631] [offboard_node]: WP1 도달·안정 (dist=0.0m speed=0.0m/s) → VISION_SEARCH (비전 착륙 활성)
[offboard_node-2] [INFO] [1785263904.080407806] [offboard_node]: 탐색 1회차 — 고도 25m AGL 반경 6.1→30m 링간격 12.2m 속도상한 5.0m/s (풋프린트 단폭 18.8m)
[offboard_node-2] [INFO] [1785263904.081030619] [offboard_node]: WP1 도달·안정 (dist=0.0m speed=0.0m/s) → VISION_SEARCH (비전 착륙 활성)
[offboard_node-2] [INFO] [1785263904.180291562] [offboard_node]: 탐색 1회차 — 고도 25m AGL 반경 6.1→30m 링간격 12.2m 속도상한 5.0m/s (풋프린트 단폭 18.8m)
[offboard_node-2] [INFO] [1785263904.180906449] [offboard_node]: WP1 도달·안정 (dist=0.0m speed=0.0m/s) → VISION_SEARCH (비전 착륙 활성)
[offboard_node-2] [INFO] [1785263904.280277034] [offboard_node]: 탐색 1회차 — 고도 25m AGL 반경 6.1→30m 링간격 12.2m 속도상한 5.0m/s (풋프린트 단폭 18.8m)
[offboard_node-2] [INFO] [1785263904.280817071] [offboard_node]: WP1 도달·안정 (dist=0.0m speed=0.0m/s) → VISION_SEARCH (비전 착륙 활성)
[offboard_node-2] [INFO] [1785263904.380606126] [offboard_node]: 탐색 1회차 — 고도 25m AGL 반경 6.1→30m 링간격 12.2m 속도상한 5.0m/s (풋프린트 단폭 18.8m)
[offboard_node-2] [INFO] [1785263904.381275580] [offboard_node]: WP1 도달·안정 (dist=0.0m speed=0.0m/s) → VISION_SEARCH (비전 착륙 활성)
[telemetry_node-1] [INFO] [1785263904.393090105] [telemetry_node]: pos_ned=[ 2.99996124e+02 -1.28085399e-02  4.98323097e+01]  yaw=0.039  armed=True  vtol=3  batt=15.30V/50%
[offboard_node-2] [INFO] [1785263904.480246180] [offboard_node]: 탐색 1회차 — 고도 25m AGL 반경 6.1→30m 링간격 12.2m 속도상한 5.0m/s (풋프린트 단폭 18.8m)
[offboard_node-2] [INFO] [1785263904.480767210] [offboard_node]: WP1 도달·안정 (dist=0.0m speed=0.0m/s) → VISION_SEARCH (비전 착륙 활성)
[offboard_node-2] [INFO] [1785263904.580186768] [offboard_node]: 탐색 1회차 — 고도 25m AGL 반경 6.1→30m 링간격 12.2m 속도상한 5.0m/s (풋프린트 단폭 18.8m)
[offboard_node-2] [INFO] [1785263904.580710150] [offboard_node]: WP1 도달·안정 (dist=0.0m speed=0.0m/s) → VISION_SEARCH (비전 착륙 활성)
[offboard_node-2] [INFO] [1785263904.680660116] [offboard_node]: 탐색 1회차 — 고도 25m AGL 반경 6.1→30m 링간격 12.2m 속도상한 5.0m/s (풋프린트 단폭 18.8m)
[offboard_node-2] [INFO] [1785263904.681381612] [offboard_node]: WP1 도달·안정 (dist=0.0m speed=0.0m/s) → VISION_SEARCH (비전 착륙 활성)
[offboard_node-2] [INFO] [1785263904.780330425] [offboard_node]: 탐색 1회차 — 고도 25m AGL 반경 6.1→30m 링간격 12.2m 속도상한 5.0m/s (풋프린트 단폭 18.8m)
[offboard_node-2] [INFO] [1785263904.780848217] [offboard_node]: WP1 도달·안정 (dist=0.0m speed=0.0m/s) → VISION_SEARCH (비전 착륙 활성)
[offboard_node-2] [INFO] [1785263904.880296889] [offboard_node]: WP1 홀드 dist=0.0m speed=0.0m/s stable=325/10
[offboard_node-2] [INFO] [1785263904.880939833] [offboard_node]: 탐색 1회차 — 고도 25m AGL 반경 6.1→30m 링간격 12.2m 속도상한 5.0m/s (풋프린트 단폭 18.8m)
[offboard_node-2] [INFO] [1785263904.881435089] [offboard_node]: WP1 도달·안정 (dist=0.0m speed=0.0m/s) → VISION_SEARCH (비전 착륙 활성)
[offboard_node-2] [INFO] [1785263904.980208149] [offboard_node]: 탐색 1회차 — 고도 25m AGL 반경 6.1→30m 링간격 12.2m 속도상한 5.0m/s (풋프린트 단폭 18.8m)
[offboard_node-2] [INFO] [1785263904.981867425] [offboard_node]: WP1 도달·안정 (dist=0.0m speed=0.0m/s) → VISION_SEARCH (비전 착륙 활성)
[offboard_node-2] [INFO] [1785263905.080425495] [offboard_node]: 탐색 1회차 — 고도 25m AGL 반경 6.1→30m 링간격 12.2m 속도상한 5.0m/s (풋프린트 단폭 18.8m)
[offboard_node-2] [INFO] [1785263905.081121536] [offboard_node]: WP1 도달·안정 (dist=0.0m speed=0.0m/s) → VISION_SEARCH (비전 착륙 활성)
[offboard_node-2] [INFO] [1785263905.180687508] [offboard_node]: 탐색 1회차 — 고도 25m AGL 반경 6.1→30m 링간격 12.2m 속도상한 5.0m/s (풋프린트 단폭 18.8m)
[offboard_node-2] [INFO] [1785263905.181357679] [offboard_node]: WP1 도달·안정 (dist=0.0m speed=0.0m/s) → VISION_SEARCH (비전 착륙 활성)
[offboard_node-2] [INFO] [1785263905.280619488] [offboard_node]: 탐색 1회차 — 고도 25m AGL 반경 6.1→30m 링간격 12.2m 속도상한 5.0m/s (풋프린트 단폭 18.8m)
[offboard_node-2] [INFO] [1785263905.281240354] [offboard_node]: WP1 도달·안정 (dist=0.0m speed=0.0m/s) → VISION_SEARCH (비전 착륙 활성)
[offboard_node-2] [INFO] [1785263905.380193810] [offboard_node]: 탐색 1회차 — 고도 25m AGL 반경 6.1→30m 링간격 12.2m 속도상한 5.0m/s (풋프린트 단폭 18.8m)
[offboard_node-2] [INFO] [1785263905.380732155] [offboard_node]: WP1 도달·안정 (dist=0.0m speed=0.0m/s) → VISION_SEARCH (비전 착륙 활성)
[offboard_node-2] [INFO] [1785263905.480266443] [offboard_node]: 탐색 1회차 — 고도 25m AGL 반경 6.1→30m 링간격 12.2m 속도상한 5.0m/s (풋프린트 단폭 18.8m)
[offboard_node-2] [INFO] [1785263905.480898795] [offboard_node]: WP1 도달·안정 (dist=0.0m speed=0.0m/s) → VISION_SEARCH (비전 착륙 활성)
[offboard_node-2] [INFO] [1785263905.580194550] [offboard_node]: 탐색 1회차 — 고도 25m AGL 반경 6.1→30m 링간격 12.2m 속도상한 5.0m/s (풋프린트 단폭 18.8m)
[offboard_node-2] [INFO] [1785263905.580808975] [offboard_node]: WP1 도달·안정 (dist=0.0m speed=0.0m/s) → VISION_SEARCH (비전 착륙 활성)
[offboard_node-2] [INFO] [1785263905.680547605] [offboard_node]: 탐색 1회차 — 고도 25m AGL 반경 6.1→30m 링간격 12.2m 속도상한 5.0m/s (풋프린트 단폭 18.8m)
[offboard_node-2] [INFO] [1785263905.681028460] [offboard_node]: WP1 도달·안정 (dist=0.0m speed=0.0m/s) → VISION_SEARCH (비전 착륙 활성)
[offboard_node-2] [INFO] [1785263905.780199348] [offboard_node]: 탐색 1회차 — 고도 25m AGL 반경 6.1→30m 링간격 12.2m 속도상한 5.0m/s (풋프린트 단폭 18.8m)
[offboard_node-2] [INFO] [1785263905.780650735] [offboard_node]: WP1 도달·안정 (dist=0.0m speed=0.0m/s) → VISION_SEARCH (비전 착륙 활성)
[offboard_node-2] [INFO] [1785263905.880296858] [offboard_node]: 탐색 1회차 — 고도 25m AGL 반경 6.1→30m 링간격 12.2m 속도상한 5.0m/s (풋프린트 단폭 18.8m)
[offboard_node-2] [INFO] [1785263905.880896266] [offboard_node]: WP1 도달·안정 (dist=0.0m speed=0.0m/s) → VISION_SEARCH (비전 착륙 활성)
[offboard_node-2] [INFO] [1785263905.980280465] [offboard_node]: 탐색 1회차 — 고도 25m AGL 반경 6.1→30m 링간격 12.2m 속도상한 5.0m/s (풋프린트 단폭 18.8m)
[offboard_node-2] [INFO] [1785263905.980746542] [offboard_node]: WP1 도달·안정 (dist=0.0m speed=0.0m/s) → VISION_SEARCH (비전 착륙 활성)
[offboard_node-2] [INFO] [1785263906.080622181] [offboard_node]: 탐색 1회차 — 고도 25m AGL 반경 6.1→30m 링간격 12.2m 속도상한 5.0m/s (풋프린트 단폭 18.8m)
[offboard_node-2] [INFO] [1785263906.081251928] [offboard_node]: WP1 도달·안정 (dist=0.0m speed=0.0m/s) → VISION_SEARCH (비전 착륙 활성)
[offboard_node-2] [INFO] [1785263906.181168646] [offboard_node]: 탐색 1회차 — 고도 25m AGL 반경 6.1→30m 링간격 12.2m 속도상한 5.0m/s (풋프린트 단폭 18.8m)
[offboard_node-2] [INFO] [1785263906.182837441] [offboard_node]: WP1 도달·안정 (dist=0.0m speed=0.0m/s) → VISION_SEARCH (비전 착륙 활성)
[offboard_node-2] [INFO] [1785263906.282776413] [offboard_node]: 탐색 1회차 — 고도 25m AGL 반경 6.1→30m 링간격 12.2m 속도상한 5.0m/s (풋프린트 단폭 18.8m)
[offboard_node-2] [INFO] [1785263906.283485340] [offboard_node]: WP1 도달·안정 (dist=0.0m speed=0.0m/s) → VISION_SEARCH (비전 착륙 활성)
[offboard_node-2] [INFO] [1785263906.380588373] [offboard_node]: 탐색 1회차 — 고도 25m AGL 반경 6.1→30m 링간격 12.2m 속도상한 5.0m/s (풋프린트 단폭 18.8m)
[offboard_node-2] [INFO] [1785263906.381366743] [offboard_node]: WP1 도달·안정 (dist=0.0m speed=0.0m/s) → VISION_SEARCH (비전 착륙 활성)
[telemetry_node-1] [INFO] [1785263906.393655737] [telemetry_node]: pos_ned=[3.00016357e+02 1.23607041e-02 4.98510361e+01]  yaw=0.039  armed=True  vtol=3  batt=15.30V/50%
[offboard_node-2] [INFO] [1785263906.480442842] [offboard_node]: 탐색 1회차 — 고도 25m AGL 반경 6.1→30m 링간격 12.2m 속도상한 5.0m/s (풋프린트 단폭 18.8m)
[offboard_node-2] [INFO] [1785263906.481056556] [offboard_node]: WP1 도달·안정 (dist=0.0m speed=0.0m/s) → VISION_SEARCH (비전 착륙 활성)
[offboard_node-2] [INFO] [1785263906.580666643] [offboard_node]: 탐색 1회차 — 고도 25m AGL 반경 6.1→30m 링간격 12.2m 속도상한 5.0m/s (풋프린트 단폭 18.8m)
[offboard_node-2] [INFO] [1785263906.581513353] [offboard_node]: WP1 도달·안정 (dist=0.0m speed=0.0m/s) → VISION_SEARCH (비전 착륙 활성)
[offboard_node-2] [INFO] [1785263906.680355911] [offboard_node]: 탐색 1회차 — 고도 25m AGL 반경 6.1→30m 링간격 12.2m 속도상한 5.0m/s (풋프린트 단폭 18.8m)
[offboard_node-2] [INFO] [1785263906.681084917] [offboard_node]: WP1 도달·안정 (dist=0.0m speed=0.0m/s) → VISION_SEARCH (비전 착륙 활성)
[offboard_node-2] [INFO] [1785263906.780598484] [offboard_node]: 탐색 1회차 — 고도 25m AGL 반경 6.1→30m 링간격 12.2m 속도상한 5.0m/s (풋프린트 단폭 18.8m)
[offboard_node-2] [INFO] [1785263906.781318580] [offboard_node]: WP1 도달·안정 (dist=0.0m speed=0.0m/s) → VISION_SEARCH (비전 착륙 활성)
[offboard_node-2] [INFO] [1785263906.880131940] [offboard_node]: WP1 홀드 dist=0.0m speed=0.0m/s stable=345/10
[offboard_node-2] [INFO] [1785263906.880710486] [offboard_node]: 탐색 1회차 — 고도 25m AGL 반경 6.1→30m 링간격 12.2m 속도상한 5.0m/s (풋프린트 단폭 18.8m)
[offboard_node-2] [INFO] [1785263906.881115359] [offboard_node]: WP1 도달·안정 (dist=0.0m speed=0.0m/s) → VISION_SEARCH (비전 착륙 활성)
[offboard_node-2] [INFO] [1785263906.980333717] [offboard_node]: 탐색 1회차 — 고도 25m AGL 반경 6.1→30m 링간격 12.2m 속도상한 5.0m/s (풋프린트 단폭 18.8m)
[offboard_node-2] [INFO] [1785263906.980935348] [offboard_node]: WP1 도달·안정 (dist=0.0m speed=0.0m/s) → VISION_SEARCH (비전 착륙 활성)
[offboard_node-2] [INFO] [1785263907.080291192] [offboard_node]: 탐색 1회차 — 고도 25m AGL 반경 6.1→30m 링간격 12.2m 속도상한 5.0m/s (풋프린트 단폭 18.8m)
[offboard_node-2] [INFO] [1785263907.080952337] [offboard_node]: WP1 도달·안정 (dist=0.0m speed=0.0m/s) → VISION_SEARCH (비전 착륙 활성)
[offboard_node-2] [INFO] [1785263907.180339600] [offboard_node]: 탐색 1회차 — 고도 25m AGL 반경 6.1→30m 링간격 12.2m 속도상한 5.0m/s (풋프린트 단폭 18.8m)
[offboard_node-2] [INFO] [1785263907.180813215] [offboard_node]: WP1 도달·안정 (dist=0.0m speed=0.0m/s) → VISION_SEARCH (비전 착륙 활성)
[offboard_node-2] [INFO] [1785263907.280249284] [offboard_node]: 탐색 1회차 — 고도 25m AGL 반경 6.1→30m 링간격 12.2m 속도상한 5.0m/s (풋프린트 단폭 18.8m)
[offboard_node-2] [INFO] [1785263907.280810653] [offboard_node]: WP1 도달·안정 (dist=0.0m speed=0.0m/s) → VISION_SEARCH (비전 착륙 활성)
[offboard_node-2] [INFO] [1785263907.380228919] [offboard_node]: 탐색 1회차 — 고도 25m AGL 반경 6.1→30m 링간격 12.2m 속도상한 5.0m/s (풋프린트 단폭 18.8m)
[offboard_node-2] [INFO] [1785263907.380739188] [offboard_node]: WP1 도달·안정 (dist=0.0m speed=0.0m/s) → VISION_SEARCH (비전 착륙 활성)
[offboard_node-2] [INFO] [1785263907.480314017] [offboard_node]: 탐색 1회차 — 고도 25m AGL 반경 6.1→30m 링간격 12.2m 속도상한 5.0m/s (풋프린트 단폭 18.8m)
[offboard_node-2] [INFO] [1785263907.480922109] [offboard_node]: WP1 도달·안정 (dist=0.0m speed=0.0m/s) → VISION_SEARCH (비전 착륙 활성)
[offboard_node-2] [INFO] [1785263907.580395111] [offboard_node]: 탐색 1회차 — 고도 25m AGL 반경 6.1→30m 링간격 12.2m 속도상한 5.0m/s (풋프린트 단폭 18.8m)
[offboard_node-2] [INFO] [1785263907.580912627] [offboard_node]: WP1 도달·안정 (dist=0.0m speed=0.0m/s) → VISION_SEARCH (비전 착륙 활성)
[offboard_node-2] [INFO] [1785263907.680385868] [offboard_node]: 탐색 1회차 — 고도 25m AGL 반경 6.1→30m 링간격 12.2m 속도상한 5.0m/s (풋프린트 단폭 18.8m)
[offboard_node-2] [INFO] [1785263907.681084697] [offboard_node]: WP1 도달·안정 (dist=0.0m speed=0.0m/s) → VISION_SEARCH (비전 착륙 활성)
[offboard_node-2] [INFO] [1785263907.780580117] [offboard_node]: 탐색 1회차 — 고도 25m AGL 반경 6.1→30m 링간격 12.2m 속도상한 5.0m/s (풋프린트 단폭 18.8m)
[offboard_node-2] [INFO] [1785263907.781273554] [offboard_node]: WP1 도달·안정 (dist=0.0m speed=0.0m/s) → VISION_SEARCH (비전 착륙 활성)
[offboard_node-2] [INFO] [1785263907.880629771] [offboard_node]: 탐색 1회차 — 고도 25m AGL 반경 6.1→30m 링간격 12.2m 속도상한 5.0m/s (풋프린트 단폭 18.8m)
[offboard_node-2] [INFO] [1785263907.881516024] [offboard_node]: WP1 도달·안정 (dist=0.0m speed=0.0m/s) → VISION_SEARCH (비전 착륙 활성)
[offboard_node-2] [INFO] [1785263907.980682094] [offboard_node]: 탐색 1회차 — 고도 25m AGL 반경 6.1→30m 링간격 12.2m 속도상한 5.0m/s (풋프린트 단폭 18.8m)
[offboard_node-2] [INFO] [1785263907.981427122] [offboard_node]: WP1 도달·안정 (dist=0.0m speed=0.0m/s) → VISION_SEARCH (비전 착륙 활성)
[offboard_node-2] [INFO] [1785263908.080466913] [offboard_node]: 탐색 1회차 — 고도 25m AGL 반경 6.1→30m 링간격 12.2m 속도상한 5.0m/s (풋프린트 단폭 18.8m)
[offboard_node-2] [INFO] [1785263908.081061015] [offboard_node]: WP1 도달·안정 (dist=0.0m speed=0.0m/s) → VISION_SEARCH (비전 착륙 활성)
[offboard_node-2] [INFO] [1785263908.182036900] [offboard_node]: 탐색 1회차 — 고도 25m AGL 반경 6.1→30m 링간격 12.2m 속도상한 5.0m/s (풋프린트 단폭 18.8m)
[offboard_node-2] [INFO] [1785263908.183602370] [offboard_node]: WP1 도달·안정 (dist=0.0m speed=0.0m/s) → VISION_SEARCH (비전 착륙 활성)
[offboard_node-2] [INFO] [1785263908.280767065] [offboard_node]: 탐색 1회차 — 고도 25m AGL 반경 6.1→30m 링간격 12.2m 속도상한 5.0m/s (풋프린트 단폭 18.8m)
[offboard_node-2] [INFO] [1785263908.281551887] [offboard_node]: WP1 도달·안정 (dist=0.0m speed=0.0m/s) → VISION_SEARCH (비전 착륙 활성)
[offboard_node-2] [INFO] [1785263908.380861268] [offboard_node]: 탐색 1회차 — 고도 25m AGL 반경 6.1→30m 링간격 12.2m 속도상한 5.0m/s (풋프린트 단폭 18.8m)
[offboard_node-2] [INFO] [1785263908.381604175] [offboard_node]: WP1 도달·안정 (dist=0.0m speed=0.0m/s) → VISION_SEARCH (비전 착륙 활성)
[telemetry_node-1] [INFO] [1785263908.393878316] [telemetry_node]: pos_ned=[3.00013397e+02 1.85652524e-02 4.98636055e+01]  yaw=0.039  armed=True  vtol=3  batt=15.30V/50%
[offboard_node-2] [INFO] [1785263908.480910798] [offboard_node]: 탐색 1회차 — 고도 25m AGL 반경 6.1→30m 링간격 12.2m 속도상한 5.0m/s (풋프린트 단폭 18.8m)
[offboard_node-2] [INFO] [1785263908.481647177] [offboard_node]: WP1 도달·안정 (dist=0.0m speed=0.0m/s) → VISION_SEARCH (비전 착륙 활성)
[offboard_node-2] [INFO] [1785263908.580600734] [offboard_node]: 탐색 1회차 — 고도 25m AGL 반경 6.1→30m 링간격 12.2m 속도상한 5.0m/s (풋프린트 단폭 18.8m)
[offboard_node-2] [INFO] [1785263908.581742661] [offboard_node]: WP1 도달·안정 (dist=0.0m speed=0.0m/s) → VISION_SEARCH (비전 착륙 활성)
[offboard_node-2] [INFO] [1785263908.680926938] [offboard_node]: 탐색 1회차 — 고도 25m AGL 반경 6.1→30m 링간격 12.2m 속도상한 5.0m/s (풋프린트 단폭 18.8m)
[offboard_node-2] [INFO] [1785263908.683227285] [offboard_node]: WP1 도달·안정 (dist=0.0m speed=0.0m/s) → VISION_SEARCH (비전 착륙 활성)
[offboard_node-2] [INFO] [1785263908.781206394] [offboard_node]: 탐색 1회차 — 고도 25m AGL 반경 6.1→30m 링간격 12.2m 속도상한 5.0m/s (풋프린트 단폭 18.8m)
[offboard_node-2] [INFO] [1785263908.782089082] [offboard_node]: WP1 도달·안정 (dist=0.0m speed=0.0m/s) → VISION_SEARCH (비전 착륙 활성)
[offboard_node-2] [INFO] [1785263908.880254968] [offboard_node]: WP1 홀드 dist=0.0m speed=0.0m/s stable=365/10
[offboard_node-2] [INFO] [1785263908.881015735] [offboard_node]: 탐색 1회차 — 고도 25m AGL 반경 6.1→30m 링간격 12.2m 속도상한 5.0m/s (풋프린트 단폭 18.8m)
[offboard_node-2] [INFO] [1785263908.881469563] [offboard_node]: WP1 도달·안정 (dist=0.0m speed=0.0m/s) → VISION_SEARCH (비전 착륙 활성)
[offboard_node-2] [INFO] [1785263908.980447920] [offboard_node]: 탐색 1회차 — 고도 25m AGL 반경 6.1→30m 링간격 12.2m 속도상한 5.0m/s (풋프린트 단폭 18.8m)
[offboard_node-2] [INFO] [1785263908.981367298] [offboard_node]: WP1 도달·안정 (dist=0.0m speed=0.0m/s) → VISION_SEARCH (비전 착륙 활성)
[offboard_node-2] [INFO] [1785263909.081122468] [offboard_node]: 탐색 1회차 — 고도 25m AGL 반경 6.1→30m 링간격 12.2m 속도상한 5.0m/s (풋프린트 단폭 18.8m)
[offboard_node-2] [INFO] [1785263909.081957096] [offboard_node]: WP1 도달·안정 (dist=0.0m speed=0.0m/s) → VISION_SEARCH (비전 착륙 활성)
[offboard_node-2] [INFO] [1785263909.180407977] [offboard_node]: 탐색 1회차 — 고도 25m AGL 반경 6.1→30m 링간격 12.2m 속도상한 5.0m/s (풋프린트 단폭 18.8m)
[offboard_node-2] [INFO] [1785263909.181201548] [offboard_node]: WP1 도달·안정 (dist=0.0m speed=0.0m/s) → VISION_SEARCH (비전 착륙 활성)
[offboard_node-2] [INFO] [1785263909.281423769] [offboard_node]: 탐색 1회차 — 고도 25m AGL 반경 6.1→30m 링간격 12.2m 속도상한 5.0m/s (풋프린트 단폭 18.8m)
[offboard_node-2] [INFO] [1785263909.282027804] [offboard_node]: WP1 도달·안정 (dist=0.0m speed=0.0m/s) → VISION_SEARCH (비전 착륙 활성)
[offboard_node-2] [INFO] [1785263909.380518679] [offboard_node]: 탐색 1회차 — 고도 25m AGL 반경 6.1→30m 링간격 12.2m 속도상한 5.0m/s (풋프린트 단폭 18.8m)
[offboard_node-2] [INFO] [1785263909.381400341] [offboard_node]: WP1 도달·안정 (dist=0.0m speed=0.0m/s) → VISION_SEARCH (비전 착륙 활성)
[offboard_node-2] [INFO] [1785263909.481022174] [offboard_node]: 탐색 1회차 — 고도 25m AGL 반경 6.1→30m 링간격 12.2m 속도상한 5.0m/s (풋프린트 단폭 18.8m)
[offboard_node-2] [INFO] [1785263909.481757022] [offboard_node]: WP1 도달·안정 (dist=0.0m speed=0.0m/s) → VISION_SEARCH (비전 착륙 활성)
[offboard_node-2] [INFO] [1785263909.580411875] [offboard_node]: 탐색 1회차 — 고도 25m AGL 반경 6.1→30m 링간격 12.2m 속도상한 5.0m/s (풋프린트 단폭 18.8m)
[offboard_node-2] [INFO] [1785263909.580947091] [offboard_node]: WP1 도달·안정 (dist=0.0m speed=0.0m/s) → VISION_SEARCH (비전 착륙 활성)
[offboard_node-2] [INFO] [1785263909.680621639] [offboard_node]: 탐색 1회차 — 고도 25m AGL 반경 6.1→30m 링간격 12.2m 속도상한 5.0m/s (풋프린트 단폭 18.8m)
[offboard_node-2] [INFO] [1785263909.681286023] [offboard_node]: WP1 도달·안정 (dist=0.0m speed=0.0m/s) → VISION_SEARCH (비전 착륙 활성)
[offboard_node-2] [INFO] [1785263909.780468308] [offboard_node]: 탐색 1회차 — 고도 25m AGL 반경 6.1→30m 링간격 12.2m 속도상한 5.0m/s (풋프린트 단폭 18.8m)
[offboard_node-2] [INFO] [1785263909.781023361] [offboard_node]: WP1 도달·안정 (dist=0.0m speed=0.0m/s) → VISION_SEARCH (비전 착륙 활성)
[offboard_node-2] [INFO] [1785263909.880217306] [offboard_node]: 탐색 1회차 — 고도 25m AGL 반경 6.1→30m 링간격 12.2m 속도상한 5.0m/s (풋프린트 단폭 18.8m)
[offboard_node-2] [INFO] [1785263909.880870919] [offboard_node]: WP1 도달·안정 (dist=0.0m speed=0.0m/s) → VISION_SEARCH (비전 착륙 활성)
[offboard_node-2] [INFO] [1785263909.980155982] [offboard_node]: 탐색 1회차 — 고도 25m AGL 반경 6.1→30m 링간격 12.2m 속도상한 5.0m/s (풋프린트 단폭 18.8m)
[offboard_node-2] [INFO] [1785263909.980862946] [offboard_node]: WP1 도달·안정 (dist=0.0m speed=0.0m/s) → VISION_SEARCH (비전 착륙 활성)
[offboard_node-2] [INFO] [1785263910.080155530] [offboard_node]: 탐색 1회차 — 고도 25m AGL 반경 6.1→30m 링간격 12.2m 속도상한 5.0m/s (풋프린트 단폭 18.8m)
[offboard_node-2] [INFO] [1785263910.080756478] [offboard_node]: WP1 도달·안정 (dist=0.0m speed=0.0m/s) → VISION_SEARCH (비전 착륙 활성)
[offboard_node-2] [INFO] [1785263910.180505605] [offboard_node]: 탐색 1회차 — 고도 25m AGL 반경 6.1→30m 링간격 12.2m 속도상한 5.0m/s (풋프린트 단폭 18.8m)
[offboard_node-2] [INFO] [1785263910.181120503] [offboard_node]: WP1 도달·안정 (dist=0.0m speed=0.0m/s) → VISION_SEARCH (비전 착륙 활성)
[offboard_node-2] [INFO] [1785263910.280178337] [offboard_node]: 탐색 1회차 — 고도 25m AGL 반경 6.1→30m 링간격 12.2m 속도상한 5.0m/s (풋프린트 단폭 18.8m)
[offboard_node-2] [INFO] [1785263910.280779918] [offboard_node]: WP1 도달·안정 (dist=0.0m speed=0.0m/s) → VISION_SEARCH (비전 착륙 활성)
[offboard_node-2] [INFO] [1785263910.380431370] [offboard_node]: 탐색 1회차 — 고도 25m AGL 반경 6.1→30m 링간격 12.2m 속도상한 5.0m/s (풋프린트 단폭 18.8m)
[offboard_node-2] [INFO] [1785263910.381272011] [offboard_node]: WP1 도달·안정 (dist=0.0m speed=0.0m/s) → VISION_SEARCH (비전 착륙 활성)
[telemetry_node-1] [INFO] [1785263910.393276686] [telemetry_node]: pos_ned=[2.99985809e+02 3.87286209e-03 4.98566093e+01]  yaw=0.040  armed=True  vtol=3  batt=15.30V/50%
[offboard_node-2] [INFO] [1785263910.481837236] [offboard_node]: 탐색 1회차 — 고도 25m AGL 반경 6.1→30m 링간격 12.2m 속도상한 5.0m/s (풋프린트 단폭 18.8m)
[offboard_node-2] [INFO] [1785263910.482700769] [offboard_node]: WP1 도달·안정 (dist=0.0m speed=0.0m/s) → VISION_SEARCH (비전 착륙 활성)
[offboard_node-2] [INFO] [1785263910.580710680] [offboard_node]: 탐색 1회차 — 고도 25m AGL 반경 6.1→30m 링간격 12.2m 속도상한 5.0m/s (풋프린트 단폭 18.8m)
[offboard_node-2] [INFO] [1785263910.581465289] [offboard_node]: WP1 도달·안정 (dist=0.0m speed=0.0m/s) → VISION_SEARCH (비전 착륙 활성)
[offboard_node-2] [INFO] [1785263910.680572174] [offboard_node]: 탐색 1회차 — 고도 25m AGL 반경 6.1→30m 링간격 12.2m 속도상한 5.0m/s (풋프린트 단폭 18.8m)
[offboard_node-2] [INFO] [1785263910.681050905] [offboard_node]: WP1 도달·안정 (dist=0.0m speed=0.0m/s) → VISION_SEARCH (비전 착륙 활성)
[offboard_node-2] [INFO] [1785263910.780594074] [offboard_node]: 탐색 1회차 — 고도 25m AGL 반경 6.1→30m 링간격 12.2m 속도상한 5.0m/s (풋프린트 단폭 18.8m)
[offboard_node-2] [INFO] [1785263910.781357479] [offboard_node]: WP1 도달·안정 (dist=0.0m speed=0.0m/s) → VISION_SEARCH (비전 착륙 활성)
[offboard_node-2] [INFO] [1785263910.880584600] [offboard_node]: WP1 홀드 dist=0.0m speed=0.0m/s stable=385/10
[offboard_node-2] [INFO] [1785263910.881432757] [offboard_node]: 탐색 1회차 — 고도 25m AGL 반경 6.1→30m 링간격 12.2m 속도상한 5.0m/s (풋프린트 단폭 18.8m)
[offboard_node-2] [INFO] [1785263910.882168605] [offboard_node]: WP1 도달·안정 (dist=0.0m speed=0.0m/s) → VISION_SEARCH (비전 착륙 활성)
[offboard_node-2] [INFO] [1785263910.980339080] [offboard_node]: 탐색 1회차 — 고도 25m AGL 반경 6.1→30m 링간격 12.2m 속도상한 5.0m/s (풋프린트 단폭 18.8m)
[offboard_node-2] [INFO] [1785263910.981025150] [offboard_node]: WP1 도달·안정 (dist=0.0m speed=0.0m/s) → VISION_SEARCH (비전 착륙 활성)
[offboard_node-2] [INFO] [1785263911.080377972] [offboard_node]: 탐색 1회차 — 고도 25m AGL 반경 6.1→30m 링간격 12.2m 속도상한 5.0m/s (풋프린트 단폭 18.8m)
[offboard_node-2] [INFO] [1785263911.080883348] [offboard_node]: WP1 도달·안정 (dist=0.0m speed=0.0m/s) → VISION_SEARCH (비전 착륙 활성)
[offboard_node-2] [INFO] [1785263911.181061784] [offboard_node]: 탐색 1회차 — 고도 25m AGL 반경 6.1→30m 링간격 12.2m 속도상한 5.0m/s (풋프린트 단폭 18.8m)
[offboard_node-2] [INFO] [1785263911.181551639] [offboard_node]: WP1 도달·안정 (dist=0.0m speed=0.0m/s) → VISION_SEARCH (비전 착륙 활성)
[offboard_node-2] [INFO] [1785263911.280598821] [offboard_node]: 탐색 1회차 — 고도 25m AGL 반경 6.1→30m 링간격 12.2m 속도상한 5.0m/s (풋프린트 단폭 18.8m)
[offboard_node-2] [INFO] [1785263911.281210753] [offboard_node]: WP1 도달·안정 (dist=0.0m speed=0.0m/s) → VISION_SEARCH (비전 착륙 활성)
[offboard_node-2] [INFO] [1785263911.381132396] [offboard_node]: 탐색 1회차 — 고도 25m AGL 반경 6.1→30m 링간격 12.2m 속도상한 5.0m/s (풋프린트 단폭 18.8m)
[offboard_node-2] [INFO] [1785263911.381889600] [offboard_node]: WP1 도달·안정 (dist=0.0m speed=0.0m/s) → VISION_SEARCH (비전 착륙 활성)
[offboard_node-2] [INFO] [1785263911.480644625] [offboard_node]: 탐색 1회차 — 고도 25m AGL 반경 6.1→30m 링간격 12.2m 속도상한 5.0m/s (풋프린트 단폭 18.8m)
[offboard_node-2] [INFO] [1785263911.481162313] [offboard_node]: WP1 도달·안정 (dist=0.0m speed=0.0m/s) → VISION_SEARCH (비전 착륙 활성)
[offboard_node-2] [INFO] [1785263911.580581539] [offboard_node]: 탐색 1회차 — 고도 25m AGL 반경 6.1→30m 링간격 12.2m 속도상한 5.0m/s (풋프린트 단폭 18.8m)
[offboard_node-2] [INFO] [1785263911.581313324] [offboard_node]: WP1 도달·안정 (dist=0.0m speed=0.0m/s) → VISION_SEARCH (비전 착륙 활성)
[offboard_node-2] [INFO] [1785263911.680208795] [offboard_node]: 탐색 1회차 — 고도 25m AGL 반경 6.1→30m 링간격 12.2m 속도상한 5.0m/s (풋프린트 단폭 18.8m)
[offboard_node-2] [INFO] [1785263911.680632587] [offboard_node]: WP1 도달·안정 (dist=0.0m speed=0.0m/s) → VISION_SEARCH (비전 착륙 활성)
[offboard_node-2] [INFO] [1785263911.780512742] [offboard_node]: 탐색 1회차 — 고도 25m AGL 반경 6.1→30m 링간격 12.2m 속도상한 5.0m/s (풋프린트 단폭 18.8m)
[offboard_node-2] [INFO] [1785263911.781159659] [offboard_node]: WP1 도달·안정 (dist=0.0m speed=0.0m/s) → VISION_SEARCH (비전 착륙 활성)
[offboard_node-2] [INFO] [1785263911.880854323] [offboard_node]: 탐색 1회차 — 고도 25m AGL 반경 6.1→30m 링간격 12.2m 속도상한 5.0m/s (풋프린트 단폭 18.8m)
[offboard_node-2] [INFO] [1785263911.881482920] [offboard_node]: WP1 도달·안정 (dist=0.0m speed=0.0m/s) → VISION_SEARCH (비전 착륙 활성)
[offboard_node-2] [INFO] [1785263911.980156197] [offboard_node]: 탐색 1회차 — 고도 25m AGL 반경 6.1→30m 링간격 12.2m 속도상한 5.0m/s (풋프린트 단폭 18.8m)
[offboard_node-2] [INFO] [1785263911.980567635] [offboard_node]: WP1 도달·안정 (dist=0.0m speed=0.1m/s) → VISION_SEARCH (비전 착륙 활성)
[offboard_node-2] [INFO] [1785263912.080457022] [offboard_node]: 탐색 1회차 — 고도 25m AGL 반경 6.1→30m 링간격 12.2m 속도상한 5.0m/s (풋프린트 단폭 18.8m)
[offboard_node-2] [INFO] [1785263912.081082108] [offboard_node]: WP1 도달·안정 (dist=0.0m speed=0.1m/s) → VISION_SEARCH (비전 착륙 활성)
[offboard_node-2] [INFO] [1785263912.180930880] [offboard_node]: 탐색 1회차 — 고도 25m AGL 반경 6.1→30m 링간격 12.2m 속도상한 5.0m/s (풋프린트 단폭 18.8m)
[offboard_node-2] [INFO] [1785263912.181646635] [offboard_node]: WP1 도달·안정 (dist=0.0m speed=0.1m/s) → VISION_SEARCH (비전 착륙 활성)
[offboard_node-2] [INFO] [1785263912.280627812] [offboard_node]: 탐색 1회차 — 고도 25m AGL 반경 6.1→30m 링간격 12.2m 속도상한 5.0m/s (풋프린트 단폭 18.8m)
[offboard_node-2] [INFO] [1785263912.281317236] [offboard_node]: WP1 도달·안정 (dist=0.0m speed=0.0m/s) → VISION_SEARCH (비전 착륙 활성)
[offboard_node-2] [INFO] [1785263912.380529558] [offboard_node]: 탐색 1회차 — 고도 25m AGL 반경 6.1→30m 링간격 12.2m 속도상한 5.0m/s (풋프린트 단폭 18.8m)
[offboard_node-2] [INFO] [1785263912.381095326] [offboard_node]: WP1 도달·안정 (dist=0.0m speed=0.0m/s) → VISION_SEARCH (비전 착륙 활성)
[telemetry_node-1] [INFO] [1785263912.393446284] [telemetry_node]: pos_ned=[2.99989014e+02 1.76877761e-03 4.98607025e+01]  yaw=0.040  armed=True  vtol=3  batt=15.30V/50%
[offboard_node-2] [INFO] [1785263912.480519221] [offboard_node]: 탐색 1회차 — 고도 25m AGL 반경 6.1→30m 링간격 12.2m 속도상한 5.0m/s (풋프린트 단폭 18.8m)
[offboard_node-2] [INFO] [1785263912.481237717] [offboard_node]: WP1 도달·안정 (dist=0.0m speed=0.0m/s) → VISION_SEARCH (비전 착륙 활성)
[offboard_node-2] [INFO] [1785263912.580450897] [offboard_node]: 탐색 1회차 — 고도 25m AGL 반경 6.1→30m 링간격 12.2m 속도상한 5.0m/s (풋프린트 단폭 18.8m)
[offboard_node-2] [INFO] [1785263912.580980477] [offboard_node]: WP1 도달·안정 (dist=0.0m speed=0.0m/s) → VISION_SEARCH (비전 착륙 활성)
[offboard_node-2] [INFO] [1785263912.680687181] [offboard_node]: 탐색 1회차 — 고도 25m AGL 반경 6.1→30m 링간격 12.2m 속도상한 5.0m/s (풋프린트 단폭 18.8m)
[offboard_node-2] [INFO] [1785263912.681184482] [offboard_node]: WP1 도달·안정 (dist=0.0m speed=0.0m/s) → VISION_SEARCH (비전 착륙 활성)
[offboard_node-2] [INFO] [1785263912.780694922] [offboard_node]: 탐색 1회차 — 고도 25m AGL 반경 6.1→30m 링간격 12.2m 속도상한 5.0m/s (풋프린트 단폭 18.8m)
[offboard_node-2] [INFO] [1785263912.781257310] [offboard_node]: WP1 도달·안정 (dist=0.0m speed=0.0m/s) → VISION_SEARCH (비전 착륙 활성)
[offboard_node-2] [INFO] [1785263912.880123115] [offboard_node]: WP1 홀드 dist=0.0m speed=0.0m/s stable=405/10
[offboard_node-2] [INFO] [1785263912.880738936] [offboard_node]: 탐색 1회차 — 고도 25m AGL 반경 6.1→30m 링간격 12.2m 속도상한 5.0m/s (풋프린트 단폭 18.8m)
[offboard_node-2] [INFO] [1785263912.881290202] [offboard_node]: WP1 도달·안정 (dist=0.0m speed=0.0m/s) → VISION_SEARCH (비전 착륙 활성)
[offboard_node-2] [INFO] [1785263912.980336986] [offboard_node]: 탐색 1회차 — 고도 25m AGL 반경 6.1→30m 링간격 12.2m 속도상한 5.0m/s (풋프린트 단폭 18.8m)
[offboard_node-2] [INFO] [1785263912.980866945] [offboard_node]: WP1 도달·안정 (dist=0.0m speed=0.0m/s) → VISION_SEARCH (비전 착륙 활성)
[offboard_node-2] [INFO] [1785263913.080070359] [offboard_node]: 탐색 1회차 — 고도 25m AGL 반경 6.1→30m 링간격 12.2m 속도상한 5.0m/s (풋프린트 단폭 18.8m)
[offboard_node-2] [INFO] [1785263913.080524573] [offboard_node]: WP1 도달·안정 (dist=0.0m speed=0.0m/s) → VISION_SEARCH (비전 착륙 활성)
[offboard_node-2] [INFO] [1785263913.180253073] [offboard_node]: 탐색 1회차 — 고도 25m AGL 반경 6.1→30m 링간격 12.2m 속도상한 5.0m/s (풋프린트 단폭 18.8m)
[offboard_node-2] [INFO] [1785263913.180867199] [offboard_node]: WP1 도달·안정 (dist=0.0m speed=0.0m/s) → VISION_SEARCH (비전 착륙 활성)
[offboard_node-2] [INFO] [1785263913.280348891] [offboard_node]: 탐색 1회차 — 고도 25m AGL 반경 6.1→30m 링간격 12.2m 속도상한 5.0m/s (풋프린트 단폭 18.8m)
[offboard_node-2] [INFO] [1785263913.280999803] [offboard_node]: WP1 도달·안정 (dist=0.0m speed=0.0m/s) → VISION_SEARCH (비전 착륙 활성)
[offboard_node-2] [INFO] [1785263913.380683437] [offboard_node]: 탐색 1회차 — 고도 25m AGL 반경 6.1→30m 링간격 12.2m 속도상한 5.0m/s (풋프린트 단폭 18.8m)
[offboard_node-2] [INFO] [1785263913.381226597] [offboard_node]: WP1 도달·안정 (dist=0.0m speed=0.0m/s) → VISION_SEARCH (비전 착륙 활성)
[offboard_node-2] [INFO] [1785263913.480829780] [offboard_node]: 탐색 1회차 — 고도 25m AGL 반경 6.1→30m 링간격 12.2m 속도상한 5.0m/s (풋프린트 단폭 18.8m)
[offboard_node-2] [INFO] [1785263913.481508915] [offboard_node]: WP1 도달·안정 (dist=0.0m speed=0.0m/s) → VISION_SEARCH (비전 착륙 활성)
[offboard_node-2] [INFO] [1785263913.580360979] [offboard_node]: 탐색 1회차 — 고도 25m AGL 반경 6.1→30m 링간격 12.2m 속도상한 5.0m/s (풋프린트 단폭 18.8m)
[offboard_node-2] [INFO] [1785263913.580842562] [offboard_node]: WP1 도달·안정 (dist=0.0m speed=0.0m/s) → VISION_SEARCH (비전 착륙 활성)
[offboard_node-2] [INFO] [1785263913.680279498] [offboard_node]: 탐색 1회차 — 고도 25m AGL 반경 6.1→30m 링간격 12.2m 속도상한 5.0m/s (풋프린트 단폭 18.8m)
[offboard_node-2] [INFO] [1785263913.680739089] [offboard_node]: WP1 도달·안정 (dist=0.0m speed=0.0m/s) → VISION_SEARCH (비전 착륙 활성)
[offboard_node-2] [INFO] [1785263913.780689083] [offboard_node]: 탐색 1회차 — 고도 25m AGL 반경 6.1→30m 링간격 12.2m 속도상한 5.0m/s (풋프린트 단폭 18.8m)
[offboard_node-2] [INFO] [1785263913.781305692] [offboard_node]: WP1 도달·안정 (dist=0.0m speed=0.0m/s) → VISION_SEARCH (비전 착륙 활성)
[offboard_node-2] [INFO] [1785263913.880354229] [offboard_node]: 탐색 1회차 — 고도 25m AGL 반경 6.1→30m 링간격 12.2m 속도상한 5.0m/s (풋프린트 단폭 18.8m)
[offboard_node-2] [INFO] [1785263913.880879463] [offboard_node]: WP1 도달·안정 (dist=0.0m speed=0.1m/s) → VISION_SEARCH (비전 착륙 활성)
[offboard_node-2] [INFO] [1785263913.980221299] [offboard_node]: 탐색 1회차 — 고도 25m AGL 반경 6.1→30m 링간격 12.2m 속도상한 5.0m/s (풋프린트 단폭 18.8m)
[offboard_node-2] [INFO] [1785263913.980781511] [offboard_node]: WP1 도달·안정 (dist=0.0m speed=0.1m/s) → VISION_SEARCH (비전 착륙 활성)
[offboard_node-2] [INFO] [1785263914.080025505] [offboard_node]: 탐색 1회차 — 고도 25m AGL 반경 6.1→30m 링간격 12.2m 속도상한 5.0m/s (풋프린트 단폭 18.8m)
[offboard_node-2] [INFO] [1785263914.080609069] [offboard_node]: WP1 도달·안정 (dist=0.0m speed=0.1m/s) → VISION_SEARCH (비전 착륙 활성)
[offboard_node-2] [INFO] [1785263914.180407661] [offboard_node]: 탐색 1회차 — 고도 25m AGL 반경 6.1→30m 링간격 12.2m 속도상한 5.0m/s (풋프린트 단폭 18.8m)
[offboard_node-2] [INFO] [1785263914.181794668] [offboard_node]: WP1 도달·안정 (dist=0.0m speed=0.0m/s) → VISION_SEARCH (비전 착륙 활성)
[offboard_node-2] [INFO] [1785263914.280261754] [offboard_node]: 탐색 1회차 — 고도 25m AGL 반경 6.1→30m 링간격 12.2m 속도상한 5.0m/s (풋프린트 단폭 18.8m)
[offboard_node-2] [INFO] [1785263914.280678943] [offboard_node]: WP1 도달·안정 (dist=0.0m speed=0.0m/s) → VISION_SEARCH (비전 착륙 활성)
[offboard_node-2] [INFO] [1785263914.380333502] [offboard_node]: 탐색 1회차 — 고도 25m AGL 반경 6.1→30m 링간격 12.2m 속도상한 5.0m/s (풋프린트 단폭 18.8m)
[offboard_node-2] [INFO] [1785263914.380934897] [offboard_node]: WP1 도달·안정 (dist=0.0m speed=0.0m/s) → VISION_SEARCH (비전 착륙 활성)
[telemetry_node-1] [INFO] [1785263914.393131240] [telemetry_node]: pos_ned=[ 2.99976379e+02 -8.20996705e-03  4.98597641e+01]  yaw=0.041  armed=True  vtol=3  batt=15.30V/50%
[offboard_node-2] [INFO] [1785263914.480187438] [offboard_node]: 탐색 1회차 — 고도 25m AGL 반경 6.1→30m 링간격 12.2m 속도상한 5.0m/s (풋프린트 단폭 18.8m)
[offboard_node-2] [INFO] [1785263914.480655755] [offboard_node]: WP1 도달·안정 (dist=0.0m speed=0.0m/s) → VISION_SEARCH (비전 착륙 활성)
[offboard_node-2] [INFO] [1785263914.580132406] [offboard_node]: 탐색 1회차 — 고도 25m AGL 반경 6.1→30m 링간격 12.2m 속도상한 5.0m/s (풋프린트 단폭 18.8m)
[offboard_node-2] [INFO] [1785263914.580688536] [offboard_node]: WP1 도달·안정 (dist=0.0m speed=0.0m/s) → VISION_SEARCH (비전 착륙 활성)
[offboard_node-2] [INFO] [1785263914.680319694] [offboard_node]: 탐색 1회차 — 고도 25m AGL 반경 6.1→30m 링간격 12.2m 속도상한 5.0m/s (풋프린트 단폭 18.8m)
[offboard_node-2] [INFO] [1785263914.681025339] [offboard_node]: WP1 도달·안정 (dist=0.0m speed=0.0m/s) → VISION_SEARCH (비전 착륙 활성)
[offboard_node-2] [INFO] [1785263914.780275600] [offboard_node]: 탐색 1회차 — 고도 25m AGL 반경 6.1→30m 링간격 12.2m 속도상한 5.0m/s (풋프린트 단폭 18.8m)
[offboard_node-2] [INFO] [1785263914.781508755] [offboard_node]: WP1 도달·안정 (dist=0.0m speed=0.0m/s) → VISION_SEARCH (비전 착륙 활성)
[offboard_node-2] [INFO] [1785263914.880446586] [offboard_node]: WP1 홀드 dist=0.0m speed=0.0m/s stable=425/10
[offboard_node-2] [INFO] [1785263914.881210762] [offboard_node]: 탐색 1회차 — 고도 25m AGL 반경 6.1→30m 링간격 12.2m 속도상한 5.0m/s (풋프린트 단폭 18.8m)
[offboard_node-2] [INFO] [1785263914.881736649] [offboard_node]: WP1 도달·안정 (dist=0.0m speed=0.0m/s) → VISION_SEARCH (비전 착륙 활성)
[offboard_node-2] [INFO] [1785263914.980750189] [offboard_node]: 탐색 1회차 — 고도 25m AGL 반경 6.1→30m 링간격 12.2m 속도상한 5.0m/s (풋프린트 단폭 18.8m)
[offboard_node-2] [INFO] [1785263914.981567260] [offboard_node]: WP1 도달·안정 (dist=0.0m speed=0.0m/s) → VISION_SEARCH (비전 착륙 활성)
[offboard_node-2] [INFO] [1785263915.080375642] [offboard_node]: 탐색 1회차 — 고도 25m AGL 반경 6.1→30m 링간격 12.2m 속도상한 5.0m/s (풋프린트 단폭 18.8m)
[offboard_node-2] [INFO] [1785263915.080970361] [offboard_node]: WP1 도달·안정 (dist=0.0m speed=0.0m/s) → VISION_SEARCH (비전 착륙 활성)
[offboard_node-2] [INFO] [1785263915.180456656] [offboard_node]: 탐색 1회차 — 고도 25m AGL 반경 6.1→30m 링간격 12.2m 속도상한 5.0m/s (풋프린트 단폭 18.8m)
[offboard_node-2] [INFO] [1785263915.181047392] [offboard_node]: WP1 도달·안정 (dist=0.0m speed=0.0m/s) → VISION_SEARCH (비전 착륙 활성)
[offboard_node-2] [INFO] [1785263915.280380913] [offboard_node]: 탐색 1회차 — 고도 25m AGL 반경 6.1→30m 링간격 12.2m 속도상한 5.0m/s (풋프린트 단폭 18.8m)
[offboard_node-2] [INFO] [1785263915.281006197] [offboard_node]: WP1 도달·안정 (dist=0.0m speed=0.0m/s) → VISION_SEARCH (비전 착륙 활성)
[offboard_node-2] [INFO] [1785263915.380614165] [offboard_node]: 탐색 1회차 — 고도 25m AGL 반경 6.1→30m 링간격 12.2m 속도상한 5.0m/s (풋프린트 단폭 18.8m)
[offboard_node-2] [INFO] [1785263915.381437658] [offboard_node]: WP1 도달·안정 (dist=0.0m speed=0.0m/s) → VISION_SEARCH (비전 착륙 활성)
[offboard_node-2] [INFO] [1785263915.480683788] [offboard_node]: 탐색 1회차 — 고도 25m AGL 반경 6.1→30m 링간격 12.2m 속도상한 5.0m/s (풋프린트 단폭 18.8m)
[offboard_node-2] [INFO] [1785263915.481458653] [offboard_node]: WP1 도달·안정 (dist=0.0m speed=0.0m/s) → VISION_SEARCH (비전 착륙 활성)
[offboard_node-2] [INFO] [1785263915.580300642] [offboard_node]: 탐색 1회차 — 고도 25m AGL 반경 6.1→30m 링간격 12.2m 속도상한 5.0m/s (풋프린트 단폭 18.8m)
[offboard_node-2] [INFO] [1785263915.580928832] [offboard_node]: WP1 도달·안정 (dist=0.0m speed=0.0m/s) → VISION_SEARCH (비전 착륙 활성)
[offboard_node-2] [INFO] [1785263915.680396513] [offboard_node]: 탐색 1회차 — 고도 25m AGL 반경 6.1→30m 링간격 12.2m 속도상한 5.0m/s (풋프린트 단폭 18.8m)
[offboard_node-2] [INFO] [1785263915.680870839] [offboard_node]: WP1 도달·안정 (dist=0.0m speed=0.0m/s) → VISION_SEARCH (비전 착륙 활성)
[offboard_node-2] [INFO] [1785263915.780381148] [offboard_node]: 탐색 1회차 — 고도 25m AGL 반경 6.1→30m 링간격 12.2m 속도상한 5.0m/s (풋프린트 단폭 18.8m)
[offboard_node-2] [INFO] [1785263915.780907403] [offboard_node]: WP1 도달·안정 (dist=0.0m speed=0.0m/s) → VISION_SEARCH (비전 착륙 활성)
[offboard_node-2] [INFO] [1785263915.880751324] [offboard_node]: 탐색 1회차 — 고도 25m AGL 반경 6.1→30m 링간격 12.2m 속도상한 5.0m/s (풋프린트 단폭 18.8m)
[offboard_node-2] [INFO] [1785263915.881401978] [offboard_node]: WP1 도달·안정 (dist=0.0m speed=0.0m/s) → VISION_SEARCH (비전 착륙 활성)
[offboard_node-2] [INFO] [1785263915.980225379] [offboard_node]: 탐색 1회차 — 고도 25m AGL 반경 6.1→30m 링간격 12.2m 속도상한 5.0m/s (풋프린트 단폭 18.8m)
[offboard_node-2] [INFO] [1785263915.980829068] [offboard_node]: WP1 도달·안정 (dist=0.0m speed=0.0m/s) → VISION_SEARCH (비전 착륙 활성)
[offboard_node-2] [INFO] [1785263916.080126572] [offboard_node]: 탐색 1회차 — 고도 25m AGL 반경 6.1→30m 링간격 12.2m 속도상한 5.0m/s (풋프린트 단폭 18.8m)
[offboard_node-2] [INFO] [1785263916.080533749] [offboard_node]: WP1 도달·안정 (dist=0.0m speed=0.0m/s) → VISION_SEARCH (비전 착륙 활성)
[offboard_node-2] [INFO] [1785263916.180331071] [offboard_node]: 탐색 1회차 — 고도 25m AGL 반경 6.1→30m 링간격 12.2m 속도상한 5.0m/s (풋프린트 단폭 18.8m)
[offboard_node-2] [INFO] [1785263916.181394262] [offboard_node]: WP1 도달·안정 (dist=0.0m speed=0.0m/s) → VISION_SEARCH (비전 착륙 활성)
[offboard_node-2] [INFO] [1785263916.280599821] [offboard_node]: 탐색 1회차 — 고도 25m AGL 반경 6.1→30m 링간격 12.2m 속도상한 5.0m/s (풋프린트 단폭 18.8m)
[offboard_node-2] [INFO] [1785263916.281388405] [offboard_node]: WP1 도달·안정 (dist=0.0m speed=0.0m/s) → VISION_SEARCH (비전 착륙 활성)
[offboard_node-2] [INFO] [1785263916.380500730] [offboard_node]: 탐색 1회차 — 고도 25m AGL 반경 6.1→30m 링간격 12.2m 속도상한 5.0m/s (풋프린트 단폭 18.8m)
[offboard_node-2] [INFO] [1785263916.381226995] [offboard_node]: WP1 도달·안정 (dist=0.0m speed=0.0m/s) → VISION_SEARCH (비전 착륙 활성)
[telemetry_node-1] [INFO] [1785263916.393183699] [telemetry_node]: pos_ned=[ 3.00020874e+02 -8.21248256e-03  4.98667641e+01]  yaw=0.042  armed=True  vtol=3  batt=15.30V/50%
[offboard_node-2] [INFO] [1785263916.480263288] [offboard_node]: 탐색 1회차 — 고도 25m AGL 반경 6.1→30m 링간격 12.2m 속도상한 5.0m/s (풋프린트 단폭 18.8m)
[offboard_node-2] [INFO] [1785263916.480851779] [offboard_node]: WP1 도달·안정 (dist=0.0m speed=0.0m/s) → VISION_SEARCH (비전 착륙 활성)
[offboard_node-2] [INFO] [1785263916.580473331] [offboard_node]: 탐색 1회차 — 고도 25m AGL 반경 6.1→30m 링간격 12.2m 속도상한 5.0m/s (풋프린트 단폭 18.8m)
[offboard_node-2] [INFO] [1785263916.581176082] [offboard_node]: WP1 도달·안정 (dist=0.0m speed=0.0m/s) → VISION_SEARCH (비전 착륙 활성)
[offboard_node-2] [INFO] [1785263916.680456669] [offboard_node]: 탐색 1회차 — 고도 25m AGL 반경 6.1→30m 링간격 12.2m 속도상한 5.0m/s (풋프린트 단폭 18.8m)
[offboard_node-2] [INFO] [1785263916.681094740] [offboard_node]: WP1 도달·안정 (dist=0.0m speed=0.0m/s) → VISION_SEARCH (비전 착륙 활성)
[offboard_node-2] [INFO] [1785263916.780474528] [offboard_node]: 탐색 1회차 — 고도 25m AGL 반경 6.1→30m 링간격 12.2m 속도상한 5.0m/s (풋프린트 단폭 18.8m)
[offboard_node-2] [INFO] [1785263916.781069526] [offboard_node]: WP1 도달·안정 (dist=0.0m speed=0.0m/s) → VISION_SEARCH (비전 착륙 활성)
[offboard_node-2] [INFO] [1785263916.880165703] [offboard_node]: WP1 홀드 dist=0.0m speed=0.0m/s stable=445/10
[offboard_node-2] [INFO] [1785263916.880780850] [offboard_node]: 탐색 1회차 — 고도 25m AGL 반경 6.1→30m 링간격 12.2m 속도상한 5.0m/s (풋프린트 단폭 18.8m)
[offboard_node-2] [INFO] [1785263916.881357842] [offboard_node]: WP1 도달·안정 (dist=0.0m speed=0.0m/s) → VISION_SEARCH (비전 착륙 활성)
[offboard_node-2] [INFO] [1785263916.980628838] [offboard_node]: 탐색 1회차 — 고도 25m AGL 반경 6.1→30m 링간격 12.2m 속도상한 5.0m/s (풋프린트 단폭 18.8m)
[offboard_node-2] [INFO] [1785263916.982067793] [offboard_node]: WP1 도달·안정 (dist=0.0m speed=0.0m/s) → VISION_SEARCH (비전 착륙 활성)
[offboard_node-2] [INFO] [1785263917.080630137] [offboard_node]: 탐색 1회차 — 고도 25m AGL 반경 6.1→30m 링간격 12.2m 속도상한 5.0m/s (풋프린트 단폭 18.8m)
[offboard_node-2] [INFO] [1785263917.081315170] [offboard_node]: WP1 도달·안정 (dist=0.0m speed=0.0m/s) → VISION_SEARCH (비전 착륙 활성)
[offboard_node-2] [INFO] [1785263917.182589359] [offboard_node]: 탐색 1회차 — 고도 25m AGL 반경 6.1→30m 링간격 12.2m 속도상한 5.0m/s (풋프린트 단폭 18.8m)
[offboard_node-2] [INFO] [1785263917.184315710] [offboard_node]: WP1 도달·안정 (dist=0.0m speed=0.0m/s) → VISION_SEARCH (비전 착륙 활성)
[offboard_node-2] [INFO] [1785263917.280870454] [offboard_node]: 탐색 1회차 — 고도 25m AGL 반경 6.1→30m 링간격 12.2m 속도상한 5.0m/s (풋프린트 단폭 18.8m)
[offboard_node-2] [INFO] [1785263917.281644304] [offboard_node]: WP1 도달·안정 (dist=0.0m speed=0.0m/s) → VISION_SEARCH (비전 착륙 활성)
[offboard_node-2] [INFO] [1785263917.380324231] [offboard_node]: 탐색 1회차 — 고도 25m AGL 반경 6.1→30m 링간격 12.2m 속도상한 5.0m/s (풋프린트 단폭 18.8m)
[offboard_node-2] [INFO] [1785263917.380932501] [offboard_node]: WP1 도달·안정 (dist=0.0m speed=0.0m/s) → VISION_SEARCH (비전 착륙 활성)
[offboard_node-2] [INFO] [1785263917.480387574] [offboard_node]: 탐색 1회차 — 고도 25m AGL 반경 6.1→30m 링간격 12.2m 속도상한 5.0m/s (풋프린트 단폭 18.8m)
[offboard_node-2] [INFO] [1785263917.480961545] [offboard_node]: WP1 도달·안정 (dist=0.0m speed=0.0m/s) → VISION_SEARCH (비전 착륙 활성)
[offboard_node-2] [INFO] [1785263917.581128326] [offboard_node]: 탐색 1회차 — 고도 25m AGL 반경 6.1→30m 링간격 12.2m 속도상한 5.0m/s (풋프린트 단폭 18.8m)
[offboard_node-2] [INFO] [1785263917.582680834] [offboard_node]: WP1 도달·안정 (dist=0.0m speed=0.0m/s) → VISION_SEARCH (비전 착륙 활성)
[offboard_node-2] [INFO] [1785263917.680918910] [offboard_node]: 탐색 1회차 — 고도 25m AGL 반경 6.1→30m 링간격 12.2m 속도상한 5.0m/s (풋프린트 단폭 18.8m)
[offboard_node-2] [INFO] [1785263917.681747999] [offboard_node]: WP1 도달·안정 (dist=0.0m speed=0.0m/s) → VISION_SEARCH (비전 착륙 활성)
[offboard_node-2] [INFO] [1785263917.780453941] [offboard_node]: 탐색 1회차 — 고도 25m AGL 반경 6.1→30m 링간격 12.2m 속도상한 5.0m/s (풋프린트 단폭 18.8m)
[offboard_node-2] [INFO] [1785263917.781079116] [offboard_node]: WP1 도달·안정 (dist=0.0m speed=0.0m/s) → VISION_SEARCH (비전 착륙 활성)
[offboard_node-2] [INFO] [1785263917.880501023] [offboard_node]: 탐색 1회차 — 고도 25m AGL 반경 6.1→30m 링간격 12.2m 속도상한 5.0m/s (풋프린트 단폭 18.8m)
[offboard_node-2] [INFO] [1785263917.881157979] [offboard_node]: WP1 도달·안정 (dist=0.0m speed=0.0m/s) → VISION_SEARCH (비전 착륙 활성)
[offboard_node-2] [INFO] [1785263917.980315887] [offboard_node]: 탐색 1회차 — 고도 25m AGL 반경 6.1→30m 링간격 12.2m 속도상한 5.0m/s (풋프린트 단폭 18.8m)
[offboard_node-2] [INFO] [1785263917.980885265] [offboard_node]: WP1 도달·안정 (dist=0.0m speed=0.0m/s) → VISION_SEARCH (비전 착륙 활성)
[offboard_node-2] [INFO] [1785263918.080116838] [offboard_node]: 탐색 1회차 — 고도 25m AGL 반경 6.1→30m 링간격 12.2m 속도상한 5.0m/s (풋프린트 단폭 18.8m)
[offboard_node-2] [INFO] [1785263918.080643228] [offboard_node]: WP1 도달·안정 (dist=0.0m speed=0.0m/s) → VISION_SEARCH (비전 착륙 활성)
[offboard_node-2] [INFO] [1785263918.180037668] [offboard_node]: 탐색 1회차 — 고도 25m AGL 반경 6.1→30m 링간격 12.2m 속도상한 5.0m/s (풋프린트 단폭 18.8m)
[offboard_node-2] [INFO] [1785263918.180529850] [offboard_node]: WP1 도달·안정 (dist=0.0m speed=0.0m/s) → VISION_SEARCH (비전 착륙 활성)
[offboard_node-2] [INFO] [1785263918.280429959] [offboard_node]: 탐색 1회차 — 고도 25m AGL 반경 6.1→30m 링간격 12.2m 속도상한 5.0m/s (풋프린트 단폭 18.8m)
[offboard_node-2] [INFO] [1785263918.280992548] [offboard_node]: WP1 도달·안정 (dist=0.0m speed=0.0m/s) → VISION_SEARCH (비전 착륙 활성)
[offboard_node-2] [INFO] [1785263918.380241481] [offboard_node]: 탐색 1회차 — 고도 25m AGL 반경 6.1→30m 링간격 12.2m 속도상한 5.0m/s (풋프린트 단폭 18.8m)
[offboard_node-2] [INFO] [1785263918.380709529] [offboard_node]: WP1 도달·안정 (dist=0.0m speed=0.0m/s) → VISION_SEARCH (비전 착륙 활성)
[telemetry_node-1] [INFO] [1785263918.393072132] [telemetry_node]: pos_ned=[3.00024628e+02 3.97396926e-03 4.98771896e+01]  yaw=0.043  armed=True  vtol=3  batt=15.30V/50%
[offboard_node-2] [INFO] [1785263918.480403046] [offboard_node]: 탐색 1회차 — 고도 25m AGL 반경 6.1→30m 링간격 12.2m 속도상한 5.0m/s (풋프린트 단폭 18.8m)
[offboard_node-2] [INFO] [1785263918.481143342] [offboard_node]: WP1 도달·안정 (dist=0.0m speed=0.0m/s) → VISION_SEARCH (비전 착륙 활성)
[offboard_node-2] [INFO] [1785263918.580243284] [offboard_node]: 탐색 1회차 — 고도 25m AGL 반경 6.1→30m 링간격 12.2m 속도상한 5.0m/s (풋프린트 단폭 18.8m)
[offboard_node-2] [INFO] [1785263918.580829127] [offboard_node]: WP1 도달·안정 (dist=0.0m speed=0.0m/s) → VISION_SEARCH (비전 착륙 활성)
[offboard_node-2] [INFO] [1785263918.680041731] [offboard_node]: 탐색 1회차 — 고도 25m AGL 반경 6.1→30m 링간격 12.2m 속도상한 5.0m/s (풋프린트 단폭 18.8m)
[offboard_node-2] [INFO] [1785263918.680595393] [offboard_node]: WP1 도달·안정 (dist=0.0m speed=0.0m/s) → VISION_SEARCH (비전 착륙 활성)
[offboard_node-2] [INFO] [1785263918.780536084] [offboard_node]: 탐색 1회차 — 고도 25m AGL 반경 6.1→30m 링간격 12.2m 속도상한 5.0m/s (풋프린트 단폭 18.8m)
[offboard_node-2] [INFO] [1785263918.781412827] [offboard_node]: WP1 도달·안정 (dist=0.0m speed=0.0m/s) → VISION_SEARCH (비전 착륙 활성)
[offboard_node-2] [INFO] [1785263920.318695926] [offboard_node]: WP1 홀드 dist=0.0m speed=0.0m/s stable=465/10
[offboard_node-2] [INFO] [1785263920.319555910] [offboard_node]: 탐색 1회차 — 고도 25m AGL 반경 6.1→30m 링간격 12.2m 속도상한 5.0m/s (풋프린트 단폭 18.8m)
[offboard_node-2] [INFO] [1785263920.320150246] [offboard_node]: WP1 도달·안정 (dist=0.0m speed=0.0m/s) → VISION_SEARCH (비전 착륙 활성)
[offboard_node-2] [INFO] [1785263920.380095316] [offboard_node]: 탐색 1회차 — 고도 25m AGL 반경 6.1→30m 링간격 12.2m 속도상한 5.0m/s (풋프린트 단폭 18.8m)
[offboard_node-2] [INFO] [1785263920.380862245] [offboard_node]: WP1 도달·안정 (dist=0.0m speed=0.0m/s) → VISION_SEARCH (비전 착륙 활성)
[telemetry_node-1] [INFO] [1785263920.393510331] [telemetry_node]: pos_ned=[ 3.00010925e+02 -3.31664481e-03  4.98786926e+01]  yaw=0.043  armed=True  vtol=3  batt=15.30V/50%
[offboard_node-2] [INFO] [1785263920.480165410] [offboard_node]: 탐색 1회차 — 고도 25m AGL 반경 6.1→30m 링간격 12.2m 속도상한 5.0m/s (풋프린트 단폭 18.8m)
[offboard_node-2] [INFO] [1785263920.480949206] [offboard_node]: WP1 도달·안정 (dist=0.0m speed=0.0m/s) → VISION_SEARCH (비전 착륙 활성)
[offboard_node-2] [INFO] [1785263920.580034451] [offboard_node]: 탐색 1회차 — 고도 25m AGL 반경 6.1→30m 링간격 12.2m 속도상한 5.0m/s (풋프린트 단폭 18.8m)
[offboard_node-2] [INFO] [1785263920.580640649] [offboard_node]: WP1 도달·안정 (dist=0.0m speed=0.0m/s) → VISION_SEARCH (비전 착륙 활성)
[offboard_node-2] [INFO] [1785263920.680350143] [offboard_node]: 탐색 1회차 — 고도 25m AGL 반경 6.1→30m 링간격 12.2m 속도상한 5.0m/s (풋프린트 단폭 18.8m)
[offboard_node-2] [INFO] [1785263920.680937915] [offboard_node]: WP1 도달·안정 (dist=0.0m speed=0.0m/s) → VISION_SEARCH (비전 착륙 활성)
[offboard_node-2] [INFO] [1785263920.780011921] [offboard_node]: 탐색 1회차 — 고도 25m AGL 반경 6.1→30m 링간격 12.2m 속도상한 5.0m/s (풋프린트 단폭 18.8m)
[offboard_node-2] [INFO] [1785263920.780526329] [offboard_node]: WP1 도달·안정 (dist=0.0m speed=0.0m/s) → VISION_SEARCH (비전 착륙 활성)
[offboard_node-2] [INFO] [1785263920.880060756] [offboard_node]: 탐색 1회차 — 고도 25m AGL 반경 6.1→30m 링간격 12.2m 속도상한 5.0m/s (풋프린트 단폭 18.8m)
[offboard_node-2] [INFO] [1785263920.880841748] [offboard_node]: WP1 도달·안정 (dist=0.0m speed=0.0m/s) → VISION_SEARCH (비전 착륙 활성)
[offboard_node-2] [INFO] [1785263920.980128082] [offboard_node]: 탐색 1회차 — 고도 25m AGL 반경 6.1→30m 링간격 12.2m 속도상한 5.0m/s (풋프린트 단폭 18.8m)
[offboard_node-2] [INFO] [1785263920.980751100] [offboard_node]: WP1 도달·안정 (dist=0.0m speed=0.0m/s) → VISION_SEARCH (비전 착륙 활성)
[offboard_node-2] [INFO] [1785263921.080537431] [offboard_node]: 탐색 1회차 — 고도 25m AGL 반경 6.1→30m 링간격 12.2m 속도상한 5.0m/s (풋프린트 단폭 18.8m)
[offboard_node-2] [INFO] [1785263921.081395756] [offboard_node]: WP1 도달·안정 (dist=0.0m speed=0.0m/s) → VISION_SEARCH (비전 착륙 활성)
[offboard_node-2] [INFO] [1785263921.180297707] [offboard_node]: 탐색 1회차 — 고도 25m AGL 반경 6.1→30m 링간격 12.2m 속도상한 5.0m/s (풋프린트 단폭 18.8m)
[offboard_node-2] [INFO] [1785263921.180888947] [offboard_node]: WP1 도달·안정 (dist=0.0m speed=0.0m/s) → VISION_SEARCH (비전 착륙 활성)
[offboard_node-2] [INFO] [1785263921.280555726] [offboard_node]: 탐색 1회차 — 고도 25m AGL 반경 6.1→30m 링간격 12.2m 속도상한 5.0m/s (풋프린트 단폭 18.8m)
[offboard_node-2] [INFO] [1785263921.281222074] [offboard_node]: WP1 도달·안정 (dist=0.0m speed=0.0m/s) → VISION_SEARCH (비전 착륙 활성)
[offboard_node-2] [INFO] [1785263921.380340021] [offboard_node]: 탐색 1회차 — 고도 25m AGL 반경 6.1→30m 링간격 12.2m 속도상한 5.0m/s (풋프린트 단폭 18.8m)
[offboard_node-2] [INFO] [1785263921.380992812] [offboard_node]: WP1 도달·안정 (dist=0.0m speed=0.0m/s) → VISION_SEARCH (비전 착륙 활성)
[offboard_node-2] [INFO] [1785263921.480124463] [offboard_node]: 탐색 1회차 — 고도 25m AGL 반경 6.1→30m 링간격 12.2m 속도상한 5.0m/s (풋프린트 단폭 18.8m)
[offboard_node-2] [INFO] [1785263921.480748067] [offboard_node]: WP1 도달·안정 (dist=0.0m speed=0.0m/s) → VISION_SEARCH (비전 착륙 활성)
[offboard_node-2] [INFO] [1785263921.580191526] [offboard_node]: 탐색 1회차 — 고도 25m AGL 반경 6.1→30m 링간격 12.2m 속도상한 5.0m/s (풋프린트 단폭 18.8m)
[offboard_node-2] [INFO] [1785263921.580850517] [offboard_node]: WP1 도달·안정 (dist=0.0m speed=0.0m/s) → VISION_SEARCH (비전 착륙 활성)
[offboard_node-2] [INFO] [1785263921.680511150] [offboard_node]: 탐색 1회차 — 고도 25m AGL 반경 6.1→30m 링간격 12.2m 속도상한 5.0m/s (풋프린트 단폭 18.8m)
[offboard_node-2] [INFO] [1785263921.680979434] [offboard_node]: WP1 도달·안정 (dist=0.0m speed=0.0m/s) → VISION_SEARCH (비전 착륙 활성)
[offboard_node-2] [INFO] [1785263921.780011894] [offboard_node]: 탐색 1회차 — 고도 25m AGL 반경 6.1→30m 링간격 12.2m 속도상한 5.0m/s (풋프린트 단폭 18.8m)
[offboard_node-2] [INFO] [1785263921.780654560] [offboard_node]: WP1 도달·안정 (dist=0.0m speed=0.0m/s) → VISION_SEARCH (비전 착륙 활성)
[offboard_node-2] [INFO] [1785263921.880392894] [offboard_node]: 탐색 1회차 — 고도 25m AGL 반경 6.1→30m 링간격 12.2m 속도상한 5.0m/s (풋프린트 단폭 18.8m)
[offboard_node-2] [INFO] [1785263921.880990134] [offboard_node]: WP1 도달·안정 (dist=0.0m speed=0.0m/s) → VISION_SEARCH (비전 착륙 활성)
[offboard_node-2] [INFO] [1785263921.980241655] [offboard_node]: 탐색 1회차 — 고도 25m AGL 반경 6.1→30m 링간격 12.2m 속도상한 5.0m/s (풋프린트 단폭 18.8m)
[offboard_node-2] [INFO] [1785263921.980834795] [offboard_node]: WP1 도달·안정 (dist=0.0m speed=0.0m/s) → VISION_SEARCH (비전 착륙 활성)
[offboard_node-2] [INFO] [1785263922.080105621] [offboard_node]: 탐색 1회차 — 고도 25m AGL 반경 6.1→30m 링간격 12.2m 속도상한 5.0m/s (풋프린트 단폭 18.8m)
[offboard_node-2] [INFO] [1785263922.080844807] [offboard_node]: WP1 도달·안정 (dist=0.0m speed=0.0m/s) → VISION_SEARCH (비전 착륙 활성)
[offboard_node-2] [INFO] [1785263922.180506331] [offboard_node]: 탐색 1회차 — 고도 25m AGL 반경 6.1→30m 링간격 12.2m 속도상한 5.0m/s (풋프린트 단폭 18.8m)
[offboard_node-2] [INFO] [1785263922.181083684] [offboard_node]: WP1 도달·안정 (dist=0.0m speed=0.0m/s) → VISION_SEARCH (비전 착륙 활성)
[offboard_node-2] [INFO] [1785263922.280353675] [offboard_node]: WP1 홀드 dist=0.0m speed=0.0m/s stable=485/10
[offboard_node-2] [INFO] [1785263922.280873908] [offboard_node]: 탐색 1회차 — 고도 25m AGL 반경 6.1→30m 링간격 12.2m 속도상한 5.0m/s (풋프린트 단폭 18.8m)
[offboard_node-2] [INFO] [1785263922.281290401] [offboard_node]: WP1 도달·안정 (dist=0.0m speed=0.0m/s) → VISION_SEARCH (비전 착륙 활성)
[offboard_node-2] [INFO] [1785263922.380312348] [offboard_node]: 탐색 1회차 — 고도 25m AGL 반경 6.1→30m 링간격 12.2m 속도상한 5.0m/s (풋프린트 단폭 18.8m)
[offboard_node-2] [INFO] [1785263922.380825140] [offboard_node]: WP1 도달·안정 (dist=0.0m speed=0.0m/s) → VISION_SEARCH (비전 착륙 활성)
[telemetry_node-1] [INFO] [1785263922.393433065] [telemetry_node]: pos_ned=[2.99988495e+02 3.25133167e-02 4.98949242e+01]  yaw=0.044  armed=True  vtol=3  batt=15.30V/50%
[offboard_node-2] [INFO] [1785263922.480142539] [offboard_node]: 탐색 1회차 — 고도 25m AGL 반경 6.1→30m 링간격 12.2m 속도상한 5.0m/s (풋프린트 단폭 18.8m)
[offboard_node-2] [INFO] [1785263922.480772288] [offboard_node]: WP1 도달·안정 (dist=0.0m speed=0.0m/s) → VISION_SEARCH (비전 착륙 활성)
[offboard_node-2] [INFO] [1785263922.580817133] [offboard_node]: 탐색 1회차 — 고도 25m AGL 반경 6.1→30m 링간격 12.2m 속도상한 5.0m/s (풋프린트 단폭 18.8m)
[offboard_node-2] [INFO] [1785263922.581573939] [offboard_node]: WP1 도달·안정 (dist=0.0m speed=0.0m/s) → VISION_SEARCH (비전 착륙 활성)
[offboard_node-2] [INFO] [1785263922.681704036] [offboard_node]: 탐색 1회차 — 고도 25m AGL 반경 6.1→30m 링간격 12.2m 속도상한 5.0m/s (풋프린트 단폭 18.8m)
[offboard_node-2] [INFO] [1785263922.682508213] [offboard_node]: WP1 도달·안정 (dist=0.0m speed=0.0m/s) → VISION_SEARCH (비전 착륙 활성)
[offboard_node-2] [INFO] [1785263922.780435803] [offboard_node]: 탐색 1회차 — 고도 25m AGL 반경 6.1→30m 링간격 12.2m 속도상한 5.0m/s (풋프린트 단폭 18.8m)
[offboard_node-2] [INFO] [1785263922.781942304] [offboard_node]: WP1 도달·안정 (dist=0.0m speed=0.0m/s) → VISION_SEARCH (비전 착륙 활성)
[offboard_node-2] [INFO] [1785263922.880361692] [offboard_node]: 탐색 1회차 — 고도 25m AGL 반경 6.1→30m 링간격 12.2m 속도상한 5.0m/s (풋프린트 단폭 18.8m)
[offboard_node-2] [INFO] [1785263922.881054720] [offboard_node]: WP1 도달·안정 (dist=0.0m speed=0.0m/s) → VISION_SEARCH (비전 착륙 활성)
[offboard_node-2] [INFO] [1785263922.980601229] [offboard_node]: 탐색 1회차 — 고도 25m AGL 반경 6.1→30m 링간격 12.2m 속도상한 5.0m/s (풋프린트 단폭 18.8m)
[offboard_node-2] [INFO] [1785263922.981416504] [offboard_node]: WP1 도달·안정 (dist=0.0m speed=0.0m/s) → VISION_SEARCH (비전 착륙 활성)
[offboard_node-2] [INFO] [1785263923.080261076] [offboard_node]: 탐색 1회차 — 고도 25m AGL 반경 6.1→30m 링간격 12.2m 속도상한 5.0m/s (풋프린트 단폭 18.8m)
[offboard_node-2] [INFO] [1785263923.080785253] [offboard_node]: WP1 도달·안정 (dist=0.0m speed=0.0m/s) → VISION_SEARCH (비전 착륙 활성)
[offboard_node-2] [INFO] [1785263923.180131430] [offboard_node]: 탐색 1회차 — 고도 25m AGL 반경 6.1→30m 링간격 12.2m 속도상한 5.0m/s (풋프린트 단폭 18.8m)
[offboard_node-2] [INFO] [1785263923.180878242] [offboard_node]: WP1 도달·안정 (dist=0.0m speed=0.1m/s) → VISION_SEARCH (비전 착륙 활성)
[offboard_node-2] [INFO] [1785263923.280405101] [offboard_node]: 탐색 1회차 — 고도 25m AGL 반경 6.1→30m 링간격 12.2m 속도상한 5.0m/s (풋프린트 단폭 18.8m)
[offboard_node-2] [INFO] [1785263923.282191117] [offboard_node]: WP1 도달·안정 (dist=0.0m speed=0.0m/s) → VISION_SEARCH (비전 착륙 활성)
[offboard_node-2] [INFO] [1785263923.380636189] [offboard_node]: 탐색 1회차 — 고도 25m AGL 반경 6.1→30m 링간격 12.2m 속도상한 5.0m/s (풋프린트 단폭 18.8m)
[offboard_node-2] [INFO] [1785263923.381362809] [offboard_node]: WP1 도달·안정 (dist=0.0m speed=0.0m/s) → VISION_SEARCH (비전 착륙 활성)
[offboard_node-2] [INFO] [1785263923.482945588] [offboard_node]: 탐색 1회차 — 고도 25m AGL 반경 6.1→30m 링간격 12.2m 속도상한 5.0m/s (풋프린트 단폭 18.8m)
[offboard_node-2] [INFO] [1785263923.484100108] [offboard_node]: WP1 도달·안정 (dist=0.0m speed=0.0m/s) → VISION_SEARCH (비전 착륙 활성)
[offboard_node-2] [INFO] [1785263923.580586740] [offboard_node]: 탐색 1회차 — 고도 25m AGL 반경 6.1→30m 링간격 12.2m 속도상한 5.0m/s (풋프린트 단폭 18.8m)
[offboard_node-2] [INFO] [1785263923.581408907] [offboard_node]: WP1 도달·안정 (dist=0.0m speed=0.0m/s) → VISION_SEARCH (비전 착륙 활성)
[offboard_node-2] [INFO] [1785263923.680677106] [offboard_node]: 탐색 1회차 — 고도 25m AGL 반경 6.1→30m 링간격 12.2m 속도상한 5.0m/s (풋프린트 단폭 18.8m)
[offboard_node-2] [INFO] [1785263923.681927967] [offboard_node]: WP1 도달·안정 (dist=0.0m speed=0.0m/s) → VISION_SEARCH (비전 착륙 활성)
[offboard_node-2] [INFO] [1785263923.781017577] [offboard_node]: 탐색 1회차 — 고도 25m AGL 반경 6.1→30m 링간격 12.2m 속도상한 5.0m/s (풋프린트 단폭 18.8m)
[offboard_node-2] [INFO] [1785263923.782442383] [offboard_node]: WP1 도달·안정 (dist=0.0m speed=0.0m/s) → VISION_SEARCH (비전 착륙 활성)
[offboard_node-2] [INFO] [1785263923.880346851] [offboard_node]: 탐색 1회차 — 고도 25m AGL 반경 6.1→30m 링간격 12.2m 속도상한 5.0m/s (풋프린트 단폭 18.8m)
[offboard_node-2] [INFO] [1785263923.880929270] [offboard_node]: WP1 도달·안정 (dist=0.0m speed=0.0m/s) → VISION_SEARCH (비전 착륙 활성)
[offboard_node-2] [INFO] [1785263923.980322861] [offboard_node]: 탐색 1회차 — 고도 25m AGL 반경 6.1→30m 링간격 12.2m 속도상한 5.0m/s (풋프린트 단폭 18.8m)
[offboard_node-2] [INFO] [1785263923.981055687] [offboard_node]: WP1 도달·안정 (dist=0.0m speed=0.0m/s) → VISION_SEARCH (비전 착륙 활성)
[offboard_node-2] [INFO] [1785263924.080078013] [offboard_node]: 탐색 1회차 — 고도 25m AGL 반경 6.1→30m 링간격 12.2m 속도상한 5.0m/s (풋프린트 단폭 18.8m)
[offboard_node-2] [INFO] [1785263924.080527233] [offboard_node]: WP1 도달·안정 (dist=0.0m speed=0.0m/s) → VISION_SEARCH (비전 착륙 활성)
[offboard_node-2] [INFO] [1785263924.180145992] [offboard_node]: 탐색 1회차 — 고도 25m AGL 반경 6.1→30m 링간격 12.2m 속도상한 5.0m/s (풋프린트 단폭 18.8m)
[offboard_node-2] [INFO] [1785263924.180765196] [offboard_node]: WP1 도달·안정 (dist=0.0m speed=0.0m/s) → VISION_SEARCH (비전 착륙 활성)
[offboard_node-2] [INFO] [1785263924.280128710] [offboard_node]: WP1 홀드 dist=0.0m speed=0.0m/s stable=505/10
[offboard_node-2] [INFO] [1785263924.280645270] [offboard_node]: 탐색 1회차 — 고도 25m AGL 반경 6.1→30m 링간격 12.2m 속도상한 5.0m/s (풋프린트 단폭 18.8m)
[offboard_node-2] [INFO] [1785263924.281175087] [offboard_node]: WP1 도달·안정 (dist=0.0m speed=0.0m/s) → VISION_SEARCH (비전 착륙 활성)
[offboard_node-2] [INFO] [1785263924.379916475] [offboard_node]: 탐색 1회차 — 고도 25m AGL 반경 6.1→30m 링간격 12.2m 속도상한 5.0m/s (풋프린트 단폭 18.8m)
[offboard_node-2] [INFO] [1785263924.380394751] [offboard_node]: WP1 도달·안정 (dist=0.0m speed=0.0m/s) → VISION_SEARCH (비전 착륙 활성)
[telemetry_node-1] [INFO] [1785263924.393358230] [telemetry_node]: pos_ned=[2.99991211e+02 1.89190041e-02 4.98903732e+01]  yaw=0.045  armed=True  vtol=3  batt=15.30V/50%
[offboard_node-2] [INFO] [1785263924.479886030] [offboard_node]: 탐색 1회차 — 고도 25m AGL 반경 6.1→30m 링간격 12.2m 속도상한 5.0m/s (풋프린트 단폭 18.8m)
[offboard_node-2] [INFO] [1785263924.480245310] [offboard_node]: WP1 도달·안정 (dist=0.0m speed=0.0m/s) → VISION_SEARCH (비전 착륙 활성)
[offboard_node-2] [INFO] [1785263924.580070324] [offboard_node]: 탐색 1회차 — 고도 25m AGL 반경 6.1→30m 링간격 12.2m 속도상한 5.0m/s (풋프린트 단폭 18.8m)
[offboard_node-2] [INFO] [1785263924.580517947] [offboard_node]: WP1 도달·안정 (dist=0.0m speed=0.0m/s) → VISION_SEARCH (비전 착륙 활성)
[offboard_node-2] [INFO] [1785263924.680184318] [offboard_node]: 탐색 1회차 — 고도 25m AGL 반경 6.1→30m 링간격 12.2m 속도상한 5.0m/s (풋프린트 단폭 18.8m)
[offboard_node-2] [INFO] [1785263924.680807638] [offboard_node]: WP1 도달·안정 (dist=0.0m speed=0.0m/s) → VISION_SEARCH (비전 착륙 활성)
[offboard_node-2] [INFO] [1785263924.779951497] [offboard_node]: 탐색 1회차 — 고도 25m AGL 반경 6.1→30m 링간격 12.2m 속도상한 5.0m/s (풋프린트 단폭 18.8m)
[offboard_node-2] [INFO] [1785263924.780362497] [offboard_node]: WP1 도달·안정 (dist=0.0m speed=0.0m/s) → VISION_SEARCH (비전 착륙 활성)
[offboard_node-2] [INFO] [1785263924.880211360] [offboard_node]: 탐색 1회차 — 고도 25m AGL 반경 6.1→30m 링간격 12.2m 속도상한 5.0m/s (풋프린트 단폭 18.8m)
[offboard_node-2] [INFO] [1785263924.880780832] [offboard_node]: WP1 도달·안정 (dist=0.0m speed=0.0m/s) → VISION_SEARCH (비전 착륙 활성)
[offboard_node-2] [INFO] [1785263924.980479594] [offboard_node]: 탐색 1회차 — 고도 25m AGL 반경 6.1→30m 링간격 12.2m 속도상한 5.0m/s (풋프린트 단폭 18.8m)
[offboard_node-2] [INFO] [1785263924.981156200] [offboard_node]: WP1 도달·안정 (dist=0.0m speed=0.0m/s) → VISION_SEARCH (비전 착륙 활성)
[offboard_node-2] [INFO] [1785263925.080203040] [offboard_node]: 탐색 1회차 — 고도 25m AGL 반경 6.1→30m 링간격 12.2m 속도상한 5.0m/s (풋프린트 단폭 18.8m)
[offboard_node-2] [INFO] [1785263925.080755720] [offboard_node]: WP1 도달·안정 (dist=0.0m speed=0.0m/s) → VISION_SEARCH (비전 착륙 활성)
[offboard_node-2] [INFO] [1785263925.181289667] [offboard_node]: 탐색 1회차 — 고도 25m AGL 반경 6.1→30m 링간격 12.2m 속도상한 5.0m/s (풋프린트 단폭 18.8m)
[offboard_node-2] [INFO] [1785263925.182652592] [offboard_node]: WP1 도달·안정 (dist=0.0m speed=0.0m/s) → VISION_SEARCH (비전 착륙 활성)
[offboard_node-2] [INFO] [1785263925.279940552] [offboard_node]: 탐색 1회차 — 고도 25m AGL 반경 6.1→30m 링간격 12.2m 속도상한 5.0m/s (풋프린트 단폭 18.8m)
[offboard_node-2] [INFO] [1785263925.280488491] [offboard_node]: WP1 도달·안정 (dist=0.0m speed=0.0m/s) → VISION_SEARCH (비전 착륙 활성)
[offboard_node-2] [INFO] [1785263925.379892197] [offboard_node]: 탐색 1회차 — 고도 25m AGL 반경 6.1→30m 링간격 12.2m 속도상한 5.0m/s (풋프린트 단폭 18.8m)
[offboard_node-2] [INFO] [1785263925.380417322] [offboard_node]: WP1 도달·안정 (dist=0.0m speed=0.0m/s) → VISION_SEARCH (비전 착륙 활성)
[offboard_node-2] [INFO] [1785263925.479915504] [offboard_node]: 탐색 1회차 — 고도 25m AGL 반경 6.1→30m 링간격 12.2m 속도상한 5.0m/s (풋프린트 단폭 18.8m)
[offboard_node-2] [INFO] [1785263925.480305219] [offboard_node]: WP1 도달·안정 (dist=0.0m speed=0.0m/s) → VISION_SEARCH (비전 착륙 활성)
[offboard_node-2] [INFO] [1785263925.579970997] [offboard_node]: 탐색 1회차 — 고도 25m AGL 반경 6.1→30m 링간격 12.2m 속도상한 5.0m/s (풋프린트 단폭 18.8m)
[offboard_node-2] [INFO] [1785263925.580494378] [offboard_node]: WP1 도달·안정 (dist=0.0m speed=0.0m/s) → VISION_SEARCH (비전 착륙 활성)
[offboard_node-2] [INFO] [1785263925.680508808] [offboard_node]: 탐색 1회차 — 고도 25m AGL 반경 6.1→30m 링간격 12.2m 속도상한 5.0m/s (풋프린트 단폭 18.8m)
[offboard_node-2] [INFO] [1785263925.681856579] [offboard_node]: WP1 도달·안정 (dist=0.0m speed=0.0m/s) → VISION_SEARCH (비전 착륙 활성)
[offboard_node-2] [INFO] [1785263925.780596057] [offboard_node]: 탐색 1회차 — 고도 25m AGL 반경 6.1→30m 링간격 12.2m 속도상한 5.0m/s (풋프린트 단폭 18.8m)
[offboard_node-2] [INFO] [1785263925.781223535] [offboard_node]: WP1 도달·안정 (dist=0.0m speed=0.0m/s) → VISION_SEARCH (비전 착륙 활성)
[offboard_node-2] [INFO] [1785263925.880586826] [offboard_node]: 탐색 1회차 — 고도 25m AGL 반경 6.1→30m 링간격 12.2m 속도상한 5.0m/s (풋프린트 단폭 18.8m)
[offboard_node-2] [INFO] [1785263925.881236743] [offboard_node]: WP1 도달·안정 (dist=0.0m speed=0.0m/s) → VISION_SEARCH (비전 착륙 활성)
[offboard_node-2] [INFO] [1785263925.980530866] [offboard_node]: 탐색 1회차 — 고도 25m AGL 반경 6.1→30m 링간격 12.2m 속도상한 5.0m/s (풋프린트 단폭 18.8m)
[offboard_node-2] [INFO] [1785263925.981057728] [offboard_node]: WP1 도달·안정 (dist=0.0m speed=0.0m/s) → VISION_SEARCH (비전 착륙 활성)
[offboard_node-2] [INFO] [1785263926.080171262] [offboard_node]: 탐색 1회차 — 고도 25m AGL 반경 6.1→30m 링간격 12.2m 속도상한 5.0m/s (풋프린트 단폭 18.8m)
[offboard_node-2] [INFO] [1785263926.080703182] [offboard_node]: WP1 도달·안정 (dist=0.0m speed=0.0m/s) → VISION_SEARCH (비전 착륙 활성)
[offboard_node-2] [INFO] [1785263926.181534664] [offboard_node]: 탐색 1회차 — 고도 25m AGL 반경 6.1→30m 링간격 12.2m 속도상한 5.0m/s (풋프린트 단폭 18.8m)
[offboard_node-2] [INFO] [1785263926.182000343] [offboard_node]: WP1 도달·안정 (dist=0.0m speed=0.0m/s) → VISION_SEARCH (비전 착륙 활성)
[offboard_node-2] [INFO] [1785263926.280229943] [offboard_node]: WP1 홀드 dist=0.0m speed=0.1m/s stable=525/10
[offboard_node-2] [INFO] [1785263926.281569929] [offboard_node]: 탐색 1회차 — 고도 25m AGL 반경 6.1→30m 링간격 12.2m 속도상한 5.0m/s (풋프린트 단폭 18.8m)
[offboard_node-2] [INFO] [1785263926.281994764] [offboard_node]: WP1 도달·안정 (dist=0.0m speed=0.1m/s) → VISION_SEARCH (비전 착륙 활성)
[offboard_node-2] [INFO] [1785263926.380458901] [offboard_node]: 탐색 1회차 — 고도 25m AGL 반경 6.1→30m 링간격 12.2m 속도상한 5.0m/s (풋프린트 단폭 18.8m)
[offboard_node-2] [INFO] [1785263926.381273207] [offboard_node]: WP1 도달·안정 (dist=0.0m speed=0.1m/s) → VISION_SEARCH (비전 착륙 활성)
[telemetry_node-1] [INFO] [1785263926.393432650] [telemetry_node]: pos_ned=[3.00032349e+02 7.18489429e-03 4.99203873e+01]  yaw=0.046  armed=True  vtol=3  batt=15.30V/50%
[offboard_node-2] [INFO] [1785263926.480714469] [offboard_node]: 탐색 1회차 — 고도 25m AGL 반경 6.1→30m 링간격 12.2m 속도상한 5.0m/s (풋프린트 단폭 18.8m)
[offboard_node-2] [INFO] [1785263926.481419046] [offboard_node]: WP1 도달·안정 (dist=0.0m speed=0.1m/s) → VISION_SEARCH (비전 착륙 활성)
[offboard_node-2] [INFO] [1785263926.580365682] [offboard_node]: 탐색 1회차 — 고도 25m AGL 반경 6.1→30m 링간격 12.2m 속도상한 5.0m/s (풋프린트 단폭 18.8m)
[offboard_node-2] [INFO] [1785263926.580898844] [offboard_node]: WP1 도달·안정 (dist=0.0m speed=0.1m/s) → VISION_SEARCH (비전 착륙 활성)
[offboard_node-2] [INFO] [1785263926.680449323] [offboard_node]: 탐색 1회차 — 고도 25m AGL 반경 6.1→30m 링간격 12.2m 속도상한 5.0m/s (풋프린트 단폭 18.8m)
[offboard_node-2] [INFO] [1785263926.681086046] [offboard_node]: WP1 도달·안정 (dist=0.0m speed=0.1m/s) → VISION_SEARCH (비전 착륙 활성)
[offboard_node-2] [INFO] [1785263926.780443173] [offboard_node]: 탐색 1회차 — 고도 25m AGL 반경 6.1→30m 링간격 12.2m 속도상한 5.0m/s (풋프린트 단폭 18.8m)
[offboard_node-2] [INFO] [1785263926.782022401] [offboard_node]: WP1 도달·안정 (dist=0.0m speed=0.1m/s) → VISION_SEARCH (비전 착륙 활성)
[offboard_node-2] [INFO] [1785263926.880410300] [offboard_node]: 탐색 1회차 — 고도 25m AGL 반경 6.1→30m 링간격 12.2m 속도상한 5.0m/s (풋프린트 단폭 18.8m)
[offboard_node-2] [INFO] [1785263926.880864212] [offboard_node]: WP1 도달·안정 (dist=0.0m speed=0.0m/s) → VISION_SEARCH (비전 착륙 활성)
[offboard_node-2] [INFO] [1785263926.980439485] [offboard_node]: 탐색 1회차 — 고도 25m AGL 반경 6.1→30m 링간격 12.2m 속도상한 5.0m/s (풋프린트 단폭 18.8m)
[offboard_node-2] [INFO] [1785263926.981036251] [offboard_node]: WP1 도달·안정 (dist=0.0m speed=0.0m/s) → VISION_SEARCH (비전 착륙 활성)
[offboard_node-2] [INFO] [1785263927.080302784] [offboard_node]: 탐색 1회차 — 고도 25m AGL 반경 6.1→30m 링간격 12.2m 속도상한 5.0m/s (풋프린트 단폭 18.8m)
[offboard_node-2] [INFO] [1785263927.080763294] [offboard_node]: WP1 도달·안정 (dist=0.0m speed=0.0m/s) → VISION_SEARCH (비전 착륙 활성)
[offboard_node-2] [INFO] [1785263927.180409359] [offboard_node]: 탐색 1회차 — 고도 25m AGL 반경 6.1→30m 링간격 12.2m 속도상한 5.0m/s (풋프린트 단폭 18.8m)
[offboard_node-2] [INFO] [1785263927.180984862] [offboard_node]: WP1 도달·안정 (dist=0.0m speed=0.0m/s) → VISION_SEARCH (비전 착륙 활성)
[offboard_node-2] [INFO] [1785263927.280032354] [offboard_node]: 탐색 1회차 — 고도 25m AGL 반경 6.1→30m 링간격 12.2m 속도상한 5.0m/s (풋프린트 단폭 18.8m)
[offboard_node-2] [INFO] [1785263927.280564495] [offboard_node]: WP1 도달·안정 (dist=0.0m speed=0.0m/s) → VISION_SEARCH (비전 착륙 활성)
[offboard_node-2] [INFO] [1785263927.381687287] [offboard_node]: 탐색 1회차 — 고도 25m AGL 반경 6.1→30m 링간격 12.2m 속도상한 5.0m/s (풋프린트 단폭 18.8m)
[offboard_node-2] [INFO] [1785263927.382677201] [offboard_node]: WP1 도달·안정 (dist=0.0m speed=0.0m/s) → VISION_SEARCH (비전 착륙 활성)
[offboard_node-2] [INFO] [1785263927.480298594] [offboard_node]: 탐색 1회차 — 고도 25m AGL 반경 6.1→30m 링간격 12.2m 속도상한 5.0m/s (풋프린트 단폭 18.8m)
[offboard_node-2] [INFO] [1785263927.480850608] [offboard_node]: WP1 도달·안정 (dist=0.0m speed=0.0m/s) → VISION_SEARCH (비전 착륙 활성)
[offboard_node-2] [INFO] [1785263927.580230754] [offboard_node]: 탐색 1회차 — 고도 25m AGL 반경 6.1→30m 링간격 12.2m 속도상한 5.0m/s (풋프린트 단폭 18.8m)
[offboard_node-2] [INFO] [1785263927.580622122] [offboard_node]: WP1 도달·안정 (dist=0.0m speed=0.0m/s) → VISION_SEARCH (비전 착륙 활성)
[offboard_node-2] [INFO] [1785263927.680069074] [offboard_node]: 탐색 1회차 — 고도 25m AGL 반경 6.1→30m 링간격 12.2m 속도상한 5.0m/s (풋프린트 단폭 18.8m)
[offboard_node-2] [INFO] [1785263927.680677656] [offboard_node]: WP1 도달·안정 (dist=0.0m speed=0.0m/s) → VISION_SEARCH (비전 착륙 활성)
[offboard_node-2] [INFO] [1785263927.780206466] [offboard_node]: 탐색 1회차 — 고도 25m AGL 반경 6.1→30m 링간격 12.2m 속도상한 5.0m/s (풋프린트 단폭 18.8m)
[offboard_node-2] [INFO] [1785263927.780909701] [offboard_node]: WP1 도달·안정 (dist=0.0m speed=0.0m/s) → VISION_SEARCH (비전 착륙 활성)
[offboard_node-2] [INFO] [1785263927.880378188] [offboard_node]: 탐색 1회차 — 고도 25m AGL 반경 6.1→30m 링간격 12.2m 속도상한 5.0m/s (풋프린트 단폭 18.8m)
[offboard_node-2] [INFO] [1785263927.880798413] [offboard_node]: WP1 도달·안정 (dist=0.1m speed=0.0m/s) → VISION_SEARCH (비전 착륙 활성)
[offboard_node-2] [INFO] [1785263927.980676209] [offboard_node]: 탐색 1회차 — 고도 25m AGL 반경 6.1→30m 링간격 12.2m 속도상한 5.0m/s (풋프린트 단폭 18.8m)
[offboard_node-2] [INFO] [1785263927.982182768] [offboard_node]: WP1 도달·안정 (dist=0.1m speed=0.0m/s) → VISION_SEARCH (비전 착륙 활성)
[offboard_node-2] [INFO] [1785263928.080355376] [offboard_node]: 탐색 1회차 — 고도 25m AGL 반경 6.1→30m 링간격 12.2m 속도상한 5.0m/s (풋프린트 단폭 18.8m)
[offboard_node-2] [INFO] [1785263928.080988260] [offboard_node]: WP1 도달·안정 (dist=0.1m speed=0.0m/s) → VISION_SEARCH (비전 착륙 활성)
[offboard_node-2] [INFO] [1785263928.180425802] [offboard_node]: 탐색 1회차 — 고도 25m AGL 반경 6.1→30m 링간격 12.2m 속도상한 5.0m/s (풋프린트 단폭 18.8m)
[offboard_node-2] [INFO] [1785263928.181084429] [offboard_node]: WP1 도달·안정 (dist=0.0m speed=0.1m/s) → VISION_SEARCH (비전 착륙 활성)
[offboard_node-2] [INFO] [1785263928.280435336] [offboard_node]: WP1 홀드 dist=0.0m speed=0.1m/s stable=545/10
[offboard_node-2] [INFO] [1785263928.281067477] [offboard_node]: 탐색 1회차 — 고도 25m AGL 반경 6.1→30m 링간격 12.2m 속도상한 5.0m/s (풋프린트 단폭 18.8m)
[offboard_node-2] [INFO] [1785263928.281602447] [offboard_node]: WP1 도달·안정 (dist=0.0m speed=0.1m/s) → VISION_SEARCH (비전 착륙 활성)
[offboard_node-2] [INFO] [1785263928.380583369] [offboard_node]: 탐색 1회차 — 고도 25m AGL 반경 6.1→30m 링간격 12.2m 속도상한 5.0m/s (풋프린트 단폭 18.8m)
[offboard_node-2] [INFO] [1785263928.381201716] [offboard_node]: WP1 도달·안정 (dist=0.0m speed=0.1m/s) → VISION_SEARCH (비전 착륙 활성)
[telemetry_node-1] [INFO] [1785263928.393301834] [telemetry_node]: pos_ned=[3.00039307e+02 6.78287959e-03 4.99330902e+01]  yaw=0.048  armed=True  vtol=3  batt=15.30V/50%
[offboard_node-2] [INFO] [1785263928.480894000] [offboard_node]: 탐색 1회차 — 고도 25m AGL 반경 6.1→30m 링간격 12.2m 속도상한 5.0m/s (풋프린트 단폭 18.8m)
[offboard_node-2] [INFO] [1785263928.481892680] [offboard_node]: WP1 도달·안정 (dist=0.0m speed=0.1m/s) → VISION_SEARCH (비전 착륙 활성)
[offboard_node-2] [INFO] [1785263928.580922515] [offboard_node]: 탐색 1회차 — 고도 25m AGL 반경 6.1→30m 링간격 12.2m 속도상한 5.0m/s (풋프린트 단폭 18.8m)
[offboard_node-2] [INFO] [1785263928.581752825] [offboard_node]: WP1 도달·안정 (dist=0.0m speed=0.1m/s) → VISION_SEARCH (비전 착륙 활성)
[offboard_node-2] [INFO] [1785263928.680800885] [offboard_node]: 탐색 1회차 — 고도 25m AGL 반경 6.1→30m 링간격 12.2m 속도상한 5.0m/s (풋프린트 단폭 18.8m)
[offboard_node-2] [INFO] [1785263928.681388779] [offboard_node]: WP1 도달·안정 (dist=0.0m speed=0.1m/s) → VISION_SEARCH (비전 착륙 활성)
[offboard_node-2] [INFO] [1785263928.780708537] [offboard_node]: 탐색 1회차 — 고도 25m AGL 반경 6.1→30m 링간격 12.2m 속도상한 5.0m/s (풋프린트 단폭 18.8m)
[offboard_node-2] [INFO] [1785263928.781341023] [offboard_node]: WP1 도달·안정 (dist=0.0m speed=0.1m/s) → VISION_SEARCH (비전 착륙 활성)
[offboard_node-2] [INFO] [1785263928.880805244] [offboard_node]: 탐색 1회차 — 고도 25m AGL 반경 6.1→30m 링간격 12.2m 속도상한 5.0m/s (풋프린트 단폭 18.8m)
[offboard_node-2] [INFO] [1785263928.881404341] [offboard_node]: WP1 도달·안정 (dist=0.0m speed=0.0m/s) → VISION_SEARCH (비전 착륙 활성)
[offboard_node-2] [INFO] [1785263928.980301624] [offboard_node]: 탐색 1회차 — 고도 25m AGL 반경 6.1→30m 링간격 12.2m 속도상한 5.0m/s (풋프린트 단폭 18.8m)
[offboard_node-2] [INFO] [1785263928.981191381] [offboard_node]: WP1 도달·안정 (dist=0.0m speed=0.0m/s) → VISION_SEARCH (비전 착륙 활성)
[offboard_node-2] [INFO] [1785263929.080745626] [offboard_node]: 탐색 1회차 — 고도 25m AGL 반경 6.1→30m 링간격 12.2m 속도상한 5.0m/s (풋프린트 단폭 18.8m)
[offboard_node-2] [INFO] [1785263929.081454684] [offboard_node]: WP1 도달·안정 (dist=0.0m speed=0.0m/s) → VISION_SEARCH (비전 착륙 활성)
[offboard_node-2] [INFO] [1785263929.180423390] [offboard_node]: 탐색 1회차 — 고도 25m AGL 반경 6.1→30m 링간격 12.2m 속도상한 5.0m/s (풋프린트 단폭 18.8m)
[offboard_node-2] [INFO] [1785263929.181056739] [offboard_node]: WP1 도달·안정 (dist=0.0m speed=0.0m/s) → VISION_SEARCH (비전 착륙 활성)
[offboard_node-2] [INFO] [1785263929.280677393] [offboard_node]: 탐색 1회차 — 고도 25m AGL 반경 6.1→30m 링간격 12.2m 속도상한 5.0m/s (풋프린트 단폭 18.8m)
[offboard_node-2] [INFO] [1785263929.281305856] [offboard_node]: WP1 도달·안정 (dist=0.0m speed=0.0m/s) → VISION_SEARCH (비전 착륙 활성)
[offboard_node-2] [INFO] [1785263929.380591005] [offboard_node]: 탐색 1회차 — 고도 25m AGL 반경 6.1→30m 링간격 12.2m 속도상한 5.0m/s (풋프린트 단폭 18.8m)
[offboard_node-2] [INFO] [1785263929.381291282] [offboard_node]: WP1 도달·안정 (dist=0.0m speed=0.0m/s) → VISION_SEARCH (비전 착륙 활성)
[offboard_node-2] [INFO] [1785263929.480635595] [offboard_node]: 탐색 1회차 — 고도 25m AGL 반경 6.1→30m 링간격 12.2m 속도상한 5.0m/s (풋프린트 단폭 18.8m)
[offboard_node-2] [INFO] [1785263929.481374890] [offboard_node]: WP1 도달·안정 (dist=0.0m speed=0.0m/s) → VISION_SEARCH (비전 착륙 활성)
[offboard_node-2] [INFO] [1785263929.581121255] [offboard_node]: 탐색 1회차 — 고도 25m AGL 반경 6.1→30m 링간격 12.2m 속도상한 5.0m/s (풋프린트 단폭 18.8m)
[offboard_node-2] [INFO] [1785263929.582081198] [offboard_node]: WP1 도달·안정 (dist=0.0m speed=0.0m/s) → VISION_SEARCH (비전 착륙 활성)
[offboard_node-2] [INFO] [1785263929.680632016] [offboard_node]: 탐색 1회차 — 고도 25m AGL 반경 6.1→30m 링간격 12.2m 속도상한 5.0m/s (풋프린트 단폭 18.8m)
[offboard_node-2] [INFO] [1785263929.681360211] [offboard_node]: WP1 도달·안정 (dist=0.0m speed=0.0m/s) → VISION_SEARCH (비전 착륙 활성)
[offboard_node-2] [INFO] [1785263929.780858052] [offboard_node]: 탐색 1회차 — 고도 25m AGL 반경 6.1→30m 링간격 12.2m 속도상한 5.0m/s (풋프린트 단폭 18.8m)
[offboard_node-2] [INFO] [1785263929.781436969] [offboard_node]: WP1 도달·안정 (dist=0.0m speed=0.0m/s) → VISION_SEARCH (비전 착륙 활성)
[offboard_node-2] [INFO] [1785263929.880510745] [offboard_node]: 탐색 1회차 — 고도 25m AGL 반경 6.1→30m 링간격 12.2m 속도상한 5.0m/s (풋프린트 단폭 18.8m)
[offboard_node-2] [INFO] [1785263929.881002547] [offboard_node]: WP1 도달·안정 (dist=0.0m speed=0.0m/s) → VISION_SEARCH (비전 착륙 활성)
[offboard_node-2] [INFO] [1785263929.980917741] [offboard_node]: 탐색 1회차 — 고도 25m AGL 반경 6.1→30m 링간격 12.2m 속도상한 5.0m/s (풋프린트 단폭 18.8m)
[offboard_node-2] [INFO] [1785263929.981600392] [offboard_node]: WP1 도달·안정 (dist=0.0m speed=0.0m/s) → VISION_SEARCH (비전 착륙 활성)
[offboard_node-2] [INFO] [1785263930.080611214] [offboard_node]: 탐색 1회차 — 고도 25m AGL 반경 6.1→30m 링간격 12.2m 속도상한 5.0m/s (풋프린트 단폭 18.8m)
[offboard_node-2] [INFO] [1785263930.081332118] [offboard_node]: WP1 도달·안정 (dist=0.0m speed=0.0m/s) → VISION_SEARCH (비전 착륙 활성)
[offboard_node-2] [INFO] [1785263930.180948104] [offboard_node]: 탐색 1회차 — 고도 25m AGL 반경 6.1→30m 링간격 12.2m 속도상한 5.0m/s (풋프린트 단폭 18.8m)
[offboard_node-2] [INFO] [1785263930.181735047] [offboard_node]: WP1 도달·안정 (dist=0.0m speed=0.0m/s) → VISION_SEARCH (비전 착륙 활성)
[offboard_node-2] [INFO] [1785263930.281186632] [offboard_node]: WP1 홀드 dist=0.0m speed=0.0m/s stable=565/10
[offboard_node-2] [INFO] [1785263930.282026820] [offboard_node]: 탐색 1회차 — 고도 25m AGL 반경 6.1→30m 링간격 12.2m 속도상한 5.0m/s (풋프린트 단폭 18.8m)
[offboard_node-2] [INFO] [1785263930.282609105] [offboard_node]: WP1 도달·안정 (dist=0.0m speed=0.0m/s) → VISION_SEARCH (비전 착륙 활성)
[offboard_node-2] [INFO] [1785263930.379943045] [offboard_node]: 탐색 1회차 — 고도 25m AGL 반경 6.1→30m 링간격 12.2m 속도상한 5.0m/s (풋프린트 단폭 18.8m)
[offboard_node-2] [INFO] [1785263930.380683862] [offboard_node]: WP1 도달·안정 (dist=0.0m speed=0.0m/s) → VISION_SEARCH (비전 착륙 활성)
[telemetry_node-1] [INFO] [1785263930.393862180] [telemetry_node]: pos_ned=[3.00021881e+02 9.13509727e-03 4.99023170e+01]  yaw=0.048  armed=True  vtol=3  batt=15.30V/50%
[offboard_node-2] [INFO] [1785263930.480511429] [offboard_node]: 탐색 1회차 — 고도 25m AGL 반경 6.1→30m 링간격 12.2m 속도상한 5.0m/s (풋프린트 단폭 18.8m)
[offboard_node-2] [INFO] [1785263930.481676081] [offboard_node]: WP1 도달·안정 (dist=0.0m speed=0.0m/s) → VISION_SEARCH (비전 착륙 활성)
[offboard_node-2] [INFO] [1785263930.579843429] [offboard_node]: 탐색 1회차 — 고도 25m AGL 반경 6.1→30m 링간격 12.2m 속도상한 5.0m/s (풋프린트 단폭 18.8m)
[offboard_node-2] [INFO] [1785263930.580649068] [offboard_node]: WP1 도달·안정 (dist=0.0m speed=0.0m/s) → VISION_SEARCH (비전 착륙 활성)
[offboard_node-2] [INFO] [1785263930.680013126] [offboard_node]: 탐색 1회차 — 고도 25m AGL 반경 6.1→30m 링간격 12.2m 속도상한 5.0m/s (풋프린트 단폭 18.8m)
[offboard_node-2] [INFO] [1785263930.680798633] [offboard_node]: WP1 도달·안정 (dist=0.0m speed=0.0m/s) → VISION_SEARCH (비전 착륙 활성)
[offboard_node-2] [INFO] [1785263930.780680271] [offboard_node]: 탐색 1회차 — 고도 25m AGL 반경 6.1→30m 링간격 12.2m 속도상한 5.0m/s (풋프린트 단폭 18.8m)
[offboard_node-2] [INFO] [1785263930.781363717] [offboard_node]: WP1 도달·안정 (dist=0.0m speed=0.0m/s) → VISION_SEARCH (비전 착륙 활성)
[offboard_node-2] [INFO] [1785263930.879995010] [offboard_node]: 탐색 1회차 — 고도 25m AGL 반경 6.1→30m 링간격 12.2m 속도상한 5.0m/s (풋프린트 단폭 18.8m)
[offboard_node-2] [INFO] [1785263930.880601428] [offboard_node]: WP1 도달·안정 (dist=0.0m speed=0.0m/s) → VISION_SEARCH (비전 착륙 활성)
[offboard_node-2] [INFO] [1785263930.979867236] [offboard_node]: 탐색 1회차 — 고도 25m AGL 반경 6.1→30m 링간격 12.2m 속도상한 5.0m/s (풋프린트 단폭 18.8m)
[offboard_node-2] [INFO] [1785263930.980395790] [offboard_node]: WP1 도달·안정 (dist=0.0m speed=0.0m/s) → VISION_SEARCH (비전 착륙 활성)
[offboard_node-2] [INFO] [1785263931.080065703] [offboard_node]: 탐색 1회차 — 고도 25m AGL 반경 6.1→30m 링간격 12.2m 속도상한 5.0m/s (풋프린트 단폭 18.8m)
[offboard_node-2] [INFO] [1785263931.081455952] [offboard_node]: WP1 도달·안정 (dist=0.0m speed=0.0m/s) → VISION_SEARCH (비전 착륙 활성)
[offboard_node-2] [INFO] [1785263931.180641428] [offboard_node]: 탐색 1회차 — 고도 25m AGL 반경 6.1→30m 링간격 12.2m 속도상한 5.0m/s (풋프린트 단폭 18.8m)
[offboard_node-2] [INFO] [1785263931.181410050] [offboard_node]: WP1 도달·안정 (dist=0.0m speed=0.0m/s) → VISION_SEARCH (비전 착륙 활성)
[offboard_node-2] [INFO] [1785263931.280092242] [offboard_node]: 탐색 1회차 — 고도 25m AGL 반경 6.1→30m 링간격 12.2m 속도상한 5.0m/s (풋프린트 단폭 18.8m)
[offboard_node-2] [INFO] [1785263931.281796111] [offboard_node]: WP1 도달·안정 (dist=0.0m speed=0.0m/s) → VISION_SEARCH (비전 착륙 활성)
[offboard_node-2] [INFO] [1785263931.380009633] [offboard_node]: 탐색 1회차 — 고도 25m AGL 반경 6.1→30m 링간격 12.2m 속도상한 5.0m/s (풋프린트 단폭 18.8m)
[offboard_node-2] [INFO] [1785263931.380704062] [offboard_node]: WP1 도달·안정 (dist=0.0m speed=0.0m/s) → VISION_SEARCH (비전 착륙 활성)
[offboard_node-2] [INFO] [1785263931.480142944] [offboard_node]: 탐색 1회차 — 고도 25m AGL 반경 6.1→30m 링간격 12.2m 속도상한 5.0m/s (풋프린트 단폭 18.8m)
[offboard_node-2] [INFO] [1785263931.480848511] [offboard_node]: WP1 도달·안정 (dist=0.0m speed=0.0m/s) → VISION_SEARCH (비전 착륙 활성)
[offboard_node-2] [INFO] [1785263931.579967125] [offboard_node]: 탐색 1회차 — 고도 25m AGL 반경 6.1→30m 링간격 12.2m 속도상한 5.0m/s (풋프린트 단폭 18.8m)
[offboard_node-2] [INFO] [1785263931.580573267] [offboard_node]: WP1 도달·안정 (dist=0.0m speed=0.0m/s) → VISION_SEARCH (비전 착륙 활성)
[offboard_node-2] [INFO] [1785263931.680917997] [offboard_node]: 탐색 1회차 — 고도 25m AGL 반경 6.1→30m 링간격 12.2m 속도상한 5.0m/s (풋프린트 단폭 18.8m)
[offboard_node-2] [INFO] [1785263931.682501408] [offboard_node]: WP1 도달·안정 (dist=0.0m speed=0.0m/s) → VISION_SEARCH (비전 착륙 활성)
[offboard_node-2] [INFO] [1785263931.780687110] [offboard_node]: 탐색 1회차 — 고도 25m AGL 반경 6.1→30m 링간격 12.2m 속도상한 5.0m/s (풋프린트 단폭 18.8m)
[offboard_node-2] [INFO] [1785263931.781479322] [offboard_node]: WP1 도달·안정 (dist=0.0m speed=0.0m/s) → VISION_SEARCH (비전 착륙 활성)
[offboard_node-2] [INFO] [1785263931.880111633] [offboard_node]: 탐색 1회차 — 고도 25m AGL 반경 6.1→30m 링간격 12.2m 속도상한 5.0m/s (풋프린트 단폭 18.8m)
[offboard_node-2] [INFO] [1785263931.880594032] [offboard_node]: WP1 도달·안정 (dist=0.0m speed=0.0m/s) → VISION_SEARCH (비전 착륙 활성)
[offboard_node-2] [INFO] [1785263931.980204257] [offboard_node]: 탐색 1회차 — 고도 25m AGL 반경 6.1→30m 링간격 12.2m 속도상한 5.0m/s (풋프린트 단폭 18.8m)
[offboard_node-2] [INFO] [1785263931.980742866] [offboard_node]: WP1 도달·안정 (dist=0.0m speed=0.0m/s) → VISION_SEARCH (비전 착륙 활성)
[offboard_node-2] [INFO] [1785263932.080216502] [offboard_node]: 탐색 1회차 — 고도 25m AGL 반경 6.1→30m 링간격 12.2m 속도상한 5.0m/s (풋프린트 단폭 18.8m)
[offboard_node-2] [INFO] [1785263932.080892496] [offboard_node]: WP1 도달·안정 (dist=0.0m speed=0.0m/s) → VISION_SEARCH (비전 착륙 활성)
[offboard_node-2] [INFO] [1785263932.180612876] [offboard_node]: 탐색 1회차 — 고도 25m AGL 반경 6.1→30m 링간격 12.2m 속도상한 5.0m/s (풋프린트 단폭 18.8m)
[offboard_node-2] [INFO] [1785263932.181384810] [offboard_node]: WP1 도달·안정 (dist=0.0m speed=0.0m/s) → VISION_SEARCH (비전 착륙 활성)
[offboard_node-2] [INFO] [1785263932.280526149] [offboard_node]: WP1 홀드 dist=0.0m speed=0.0m/s stable=585/10
[offboard_node-2] [INFO] [1785263932.281254106] [offboard_node]: 탐색 1회차 — 고도 25m AGL 반경 6.1→30m 링간격 12.2m 속도상한 5.0m/s (풋프린트 단폭 18.8m)
[offboard_node-2] [INFO] [1785263932.281849972] [offboard_node]: WP1 도달·안정 (dist=0.0m speed=0.0m/s) → VISION_SEARCH (비전 착륙 활성)
[offboard_node-2] [INFO] [1785263932.380027121] [offboard_node]: 탐색 1회차 — 고도 25m AGL 반경 6.1→30m 링간격 12.2m 속도상한 5.0m/s (풋프린트 단폭 18.8m)
[offboard_node-2] [INFO] [1785263932.380480375] [offboard_node]: WP1 도달·안정 (dist=0.0m speed=0.0m/s) → VISION_SEARCH (비전 착륙 활성)
[telemetry_node-1] [INFO] [1785263932.393257200] [telemetry_node]: pos_ned=[3.00020508e+02 5.24132804e-04 4.98850479e+01]  yaw=0.050  armed=True  vtol=3  batt=15.30V/50%
[offboard_node-2] [INFO] [1785263932.480535152] [offboard_node]: 탐색 1회차 — 고도 25m AGL 반경 6.1→30m 링간격 12.2m 속도상한 5.0m/s (풋프린트 단폭 18.8m)
[offboard_node-2] [INFO] [1785263932.481010238] [offboard_node]: WP1 도달·안정 (dist=0.0m speed=0.0m/s) → VISION_SEARCH (비전 착륙 활성)
[offboard_node-2] [INFO] [1785263932.580087906] [offboard_node]: 탐색 1회차 — 고도 25m AGL 반경 6.1→30m 링간격 12.2m 속도상한 5.0m/s (풋프린트 단폭 18.8m)
[offboard_node-2] [INFO] [1785263932.580520361] [offboard_node]: WP1 도달·안정 (dist=0.0m speed=0.0m/s) → VISION_SEARCH (비전 착륙 활성)
[offboard_node-2] [INFO] [1785263932.680668937] [offboard_node]: 탐색 1회차 — 고도 25m AGL 반경 6.1→30m 링간격 12.2m 속도상한 5.0m/s (풋프린트 단폭 18.8m)
[offboard_node-2] [INFO] [1785263932.681347198] [offboard_node]: WP1 도달·안정 (dist=0.0m speed=0.0m/s) → VISION_SEARCH (비전 착륙 활성)
[offboard_node-2] [INFO] [1785263932.779997454] [offboard_node]: 탐색 1회차 — 고도 25m AGL 반경 6.1→30m 링간격 12.2m 속도상한 5.0m/s (풋프린트 단폭 18.8m)
[offboard_node-2] [INFO] [1785263932.780505721] [offboard_node]: WP1 도달·안정 (dist=0.0m speed=0.0m/s) → VISION_SEARCH (비전 착륙 활성)
[offboard_node-2] [INFO] [1785263932.880263628] [offboard_node]: 탐색 1회차 — 고도 25m AGL 반경 6.1→30m 링간격 12.2m 속도상한 5.0m/s (풋프린트 단폭 18.8m)
[offboard_node-2] [INFO] [1785263932.880660387] [offboard_node]: WP1 도달·안정 (dist=0.0m speed=0.0m/s) → VISION_SEARCH (비전 착륙 활성)
[offboard_node-2] [INFO] [1785263932.980098955] [offboard_node]: 탐색 1회차 — 고도 25m AGL 반경 6.1→30m 링간격 12.2m 속도상한 5.0m/s (풋프린트 단폭 18.8m)
[offboard_node-2] [INFO] [1785263932.980499148] [offboard_node]: WP1 도달·안정 (dist=0.0m speed=0.0m/s) → VISION_SEARCH (비전 착륙 활성)
[offboard_node-2] [INFO] [1785263933.080324610] [offboard_node]: 탐색 1회차 — 고도 25m AGL 반경 6.1→30m 링간격 12.2m 속도상한 5.0m/s (풋프린트 단폭 18.8m)
[offboard_node-2] [INFO] [1785263933.080825797] [offboard_node]: WP1 도달·안정 (dist=0.0m speed=0.0m/s) → VISION_SEARCH (비전 착륙 활성)
[offboard_node-2] [INFO] [1785263933.180322291] [offboard_node]: 탐색 1회차 — 고도 25m AGL 반경 6.1→30m 링간격 12.2m 속도상한 5.0m/s (풋프린트 단폭 18.8m)
[offboard_node-2] [INFO] [1785263933.180799877] [offboard_node]: WP1 도달·안정 (dist=0.0m speed=0.0m/s) → VISION_SEARCH (비전 착륙 활성)
[offboard_node-2] [INFO] [1785263933.280420844] [offboard_node]: 탐색 1회차 — 고도 25m AGL 반경 6.1→30m 링간격 12.2m 속도상한 5.0m/s (풋프린트 단폭 18.8m)
[offboard_node-2] [INFO] [1785263933.280913015] [offboard_node]: WP1 도달·안정 (dist=0.0m speed=0.0m/s) → VISION_SEARCH (비전 착륙 활성)
[offboard_node-2] [INFO] [1785263933.380313689] [offboard_node]: 탐색 1회차 — 고도 25m AGL 반경 6.1→30m 링간격 12.2m 속도상한 5.0m/s (풋프린트 단폭 18.8m)
[offboard_node-2] [INFO] [1785263933.380922946] [offboard_node]: WP1 도달·안정 (dist=0.0m speed=0.0m/s) → VISION_SEARCH (비전 착륙 활성)
[offboard_node-2] [INFO] [1785263933.480015921] [offboard_node]: 탐색 1회차 — 고도 25m AGL 반경 6.1→30m 링간격 12.2m 속도상한 5.0m/s (풋프린트 단폭 18.8m)
[offboard_node-2] [INFO] [1785263933.480667703] [offboard_node]: WP1 도달·안정 (dist=0.0m speed=0.0m/s) → VISION_SEARCH (비전 착륙 활성)
[offboard_node-2] [INFO] [1785263933.580137444] [offboard_node]: 탐색 1회차 — 고도 25m AGL 반경 6.1→30m 링간격 12.2m 속도상한 5.0m/s (풋프린트 단폭 18.8m)
[offboard_node-2] [INFO] [1785263933.580523569] [offboard_node]: WP1 도달·안정 (dist=0.0m speed=0.0m/s) → VISION_SEARCH (비전 착륙 활성)
[offboard_node-2] [INFO] [1785263933.680109272] [offboard_node]: 탐색 1회차 — 고도 25m AGL 반경 6.1→30m 링간격 12.2m 속도상한 5.0m/s (풋프린트 단폭 18.8m)
[offboard_node-2] [INFO] [1785263933.680497785] [offboard_node]: WP1 도달·안정 (dist=0.0m speed=0.0m/s) → VISION_SEARCH (비전 착륙 활성)
[offboard_node-2] [INFO] [1785263933.779889943] [offboard_node]: 탐색 1회차 — 고도 25m AGL 반경 6.1→30m 링간격 12.2m 속도상한 5.0m/s (풋프린트 단폭 18.8m)
[offboard_node-2] [INFO] [1785263933.780471181] [offboard_node]: WP1 도달·안정 (dist=0.0m speed=0.0m/s) → VISION_SEARCH (비전 착륙 활성)
[offboard_node-2] [INFO] [1785263933.880484002] [offboard_node]: 탐색 1회차 — 고도 25m AGL 반경 6.1→30m 링간격 12.2m 속도상한 5.0m/s (풋프린트 단폭 18.8m)
[offboard_node-2] [INFO] [1785263933.881203442] [offboard_node]: WP1 도달·안정 (dist=0.0m speed=0.0m/s) → VISION_SEARCH (비전 착륙 활성)
[offboard_node-2] [INFO] [1785263933.980268732] [offboard_node]: 탐색 1회차 — 고도 25m AGL 반경 6.1→30m 링간격 12.2m 속도상한 5.0m/s (풋프린트 단폭 18.8m)
[offboard_node-2] [INFO] [1785263933.980902039] [offboard_node]: WP1 도달·안정 (dist=0.0m speed=0.0m/s) → VISION_SEARCH (비전 착륙 활성)
[offboard_node-2] [INFO] [1785263934.080148537] [offboard_node]: 탐색 1회차 — 고도 25m AGL 반경 6.1→30m 링간격 12.2m 속도상한 5.0m/s (풋프린트 단폭 18.8m)
[offboard_node-2] [INFO] [1785263934.080687779] [offboard_node]: WP1 도달·안정 (dist=0.0m speed=0.0m/s) → VISION_SEARCH (비전 착륙 활성)
[offboard_node-2] [INFO] [1785263934.180328665] [offboard_node]: 탐색 1회차 — 고도 25m AGL 반경 6.1→30m 링간격 12.2m 속도상한 5.0m/s (풋프린트 단폭 18.8m)
[offboard_node-2] [INFO] [1785263934.180848629] [offboard_node]: WP1 도달·안정 (dist=0.0m speed=0.0m/s) → VISION_SEARCH (비전 착륙 활성)
[offboard_node-2] [INFO] [1785263934.280631501] [offboard_node]: WP1 홀드 dist=0.0m speed=0.0m/s stable=605/10
[offboard_node-2] [INFO] [1785263934.281256261] [offboard_node]: 탐색 1회차 — 고도 25m AGL 반경 6.1→30m 링간격 12.2m 속도상한 5.0m/s (풋프린트 단폭 18.8m)
[offboard_node-2] [INFO] [1785263934.281807443] [offboard_node]: WP1 도달·안정 (dist=0.0m speed=0.0m/s) → VISION_SEARCH (비전 착륙 활성)
[offboard_node-2] [INFO] [1785263934.380165910] [offboard_node]: 탐색 1회차 — 고도 25m AGL 반경 6.1→30m 링간격 12.2m 속도상한 5.0m/s (풋프린트 단폭 18.8m)
[offboard_node-2] [INFO] [1785263934.380604811] [offboard_node]: WP1 도달·안정 (dist=0.0m speed=0.0m/s) → VISION_SEARCH (비전 착륙 활성)
[telemetry_node-1] [INFO] [1785263934.393201835] [telemetry_node]: pos_ned=[2.99991882e+02 2.77454145e-02 4.98841553e+01]  yaw=0.052  armed=True  vtol=3  batt=15.30V/50%
[offboard_node-2] [INFO] [1785263934.480141733] [offboard_node]: 탐색 1회차 — 고도 25m AGL 반경 6.1→30m 링간격 12.2m 속도상한 5.0m/s (풋프린트 단폭 18.8m)
[offboard_node-2] [INFO] [1785263934.480741116] [offboard_node]: WP1 도달·안정 (dist=0.0m speed=0.0m/s) → VISION_SEARCH (비전 착륙 활성)
[offboard_node-2] [INFO] [1785263934.580882129] [offboard_node]: 탐색 1회차 — 고도 25m AGL 반경 6.1→30m 링간격 12.2m 속도상한 5.0m/s (풋프린트 단폭 18.8m)
[offboard_node-2] [INFO] [1785263934.581737265] [offboard_node]: WP1 도달·안정 (dist=0.0m speed=0.0m/s) → VISION_SEARCH (비전 착륙 활성)
[offboard_node-2] [INFO] [1785263934.680774608] [offboard_node]: 탐색 1회차 — 고도 25m AGL 반경 6.1→30m 링간격 12.2m 속도상한 5.0m/s (풋프린트 단폭 18.8m)
[offboard_node-2] [INFO] [1785263934.681581129] [offboard_node]: WP1 도달·안정 (dist=0.0m speed=0.0m/s) → VISION_SEARCH (비전 착륙 활성)
[offboard_node-2] [INFO] [1785263934.780769410] [offboard_node]: 탐색 1회차 — 고도 25m AGL 반경 6.1→30m 링간격 12.2m 속도상한 5.0m/s (풋프린트 단폭 18.8m)
[offboard_node-2] [INFO] [1785263934.781599563] [offboard_node]: WP1 도달·안정 (dist=0.0m speed=0.0m/s) → VISION_SEARCH (비전 착륙 활성)
[offboard_node-2] [INFO] [1785263934.880466513] [offboard_node]: 탐색 1회차 — 고도 25m AGL 반경 6.1→30m 링간격 12.2m 속도상한 5.0m/s (풋프린트 단폭 18.8m)
[offboard_node-2] [INFO] [1785263934.882021064] [offboard_node]: WP1 도달·안정 (dist=0.0m speed=0.0m/s) → VISION_SEARCH (비전 착륙 활성)
[offboard_node-2] [INFO] [1785263934.980544895] [offboard_node]: 탐색 1회차 — 고도 25m AGL 반경 6.1→30m 링간격 12.2m 속도상한 5.0m/s (풋프린트 단폭 18.8m)
[offboard_node-2] [INFO] [1785263934.981221919] [offboard_node]: WP1 도달·안정 (dist=0.0m speed=0.0m/s) → VISION_SEARCH (비전 착륙 활성)
[offboard_node-2] [INFO] [1785263935.080083692] [offboard_node]: 탐색 1회차 — 고도 25m AGL 반경 6.1→30m 링간격 12.2m 속도상한 5.0m/s (풋프린트 단폭 18.8m)
[offboard_node-2] [INFO] [1785263935.080693784] [offboard_node]: WP1 도달·안정 (dist=0.0m speed=0.1m/s) → VISION_SEARCH (비전 착륙 활성)
[offboard_node-2] [INFO] [1785263935.180351985] [offboard_node]: 탐색 1회차 — 고도 25m AGL 반경 6.1→30m 링간격 12.2m 속도상한 5.0m/s (풋프린트 단폭 18.8m)
[offboard_node-2] [INFO] [1785263935.180987269] [offboard_node]: WP1 도달·안정 (dist=0.0m speed=0.1m/s) → VISION_SEARCH (비전 착륙 활성)
[offboard_node-2] [INFO] [1785263935.280056871] [offboard_node]: 탐색 1회차 — 고도 25m AGL 반경 6.1→30m 링간격 12.2m 속도상한 5.0m/s (풋프린트 단폭 18.8m)
[offboard_node-2] [INFO] [1785263935.280701449] [offboard_node]: WP1 도달·안정 (dist=0.0m speed=0.1m/s) → VISION_SEARCH (비전 착륙 활성)
[offboard_node-2] [INFO] [1785263935.380313354] [offboard_node]: 탐색 1회차 — 고도 25m AGL 반경 6.1→30m 링간격 12.2m 속도상한 5.0m/s (풋프린트 단폭 18.8m)
[offboard_node-2] [INFO] [1785263935.380851936] [offboard_node]: WP1 도달·안정 (dist=0.0m speed=0.1m/s) → VISION_SEARCH (비전 착륙 활성)
[offboard_node-2] [INFO] [1785263935.480079317] [offboard_node]: 탐색 1회차 — 고도 25m AGL 반경 6.1→30m 링간격 12.2m 속도상한 5.0m/s (풋프린트 단폭 18.8m)
[offboard_node-2] [INFO] [1785263935.480697978] [offboard_node]: WP1 도달·안정 (dist=0.0m speed=0.1m/s) → VISION_SEARCH (비전 착륙 활성)
[offboard_node-2] [INFO] [1785263935.580007086] [offboard_node]: 탐색 1회차 — 고도 25m AGL 반경 6.1→30m 링간격 12.2m 속도상한 5.0m/s (풋프린트 단폭 18.8m)
[offboard_node-2] [INFO] [1785263935.580509407] [offboard_node]: WP1 도달·안정 (dist=0.0m speed=0.0m/s) → VISION_SEARCH (비전 착륙 활성)
[offboard_node-2] [INFO] [1785263935.680011460] [offboard_node]: 탐색 1회차 — 고도 25m AGL 반경 6.1→30m 링간격 12.2m 속도상한 5.0m/s (풋프린트 단폭 18.8m)
[offboard_node-2] [INFO] [1785263935.680497386] [offboard_node]: WP1 도달·안정 (dist=0.0m speed=0.0m/s) → VISION_SEARCH (비전 착륙 활성)
[offboard_node-2] [INFO] [1785263935.783649787] [offboard_node]: 탐색 1회차 — 고도 25m AGL 반경 6.1→30m 링간격 12.2m 속도상한 5.0m/s (풋프린트 단폭 18.8m)
[offboard_node-2] [INFO] [1785263935.791738069] [offboard_node]: WP1 도달·안정 (dist=0.0m speed=0.0m/s) → VISION_SEARCH (비전 착륙 활성)
[offboard_node-2] [INFO] [1785263935.880239552] [offboard_node]: 탐색 1회차 — 고도 25m AGL 반경 6.1→30m 링간격 12.2m 속도상한 5.0m/s (풋프린트 단폭 18.8m)
[offboard_node-2] [INFO] [1785263935.880901418] [offboard_node]: WP1 도달·안정 (dist=0.0m speed=0.0m/s) → VISION_SEARCH (비전 착륙 활성)
[offboard_node-2] [INFO] [1785263935.980656887] [offboard_node]: 탐색 1회차 — 고도 25m AGL 반경 6.1→30m 링간격 12.2m 속도상한 5.0m/s (풋프린트 단폭 18.8m)
[offboard_node-2] [INFO] [1785263935.981325757] [offboard_node]: WP1 도달·안정 (dist=0.0m speed=0.0m/s) → VISION_SEARCH (비전 착륙 활성)
[offboard_node-2] [INFO] [1785263936.080217441] [offboard_node]: 탐색 1회차 — 고도 25m AGL 반경 6.1→30m 링간격 12.2m 속도상한 5.0m/s (풋프린트 단폭 18.8m)
[offboard_node-2] [INFO] [1785263936.080897187] [offboard_node]: WP1 도달·안정 (dist=0.0m speed=0.0m/s) → VISION_SEARCH (비전 착륙 활성)
[offboard_node-2] [INFO] [1785263936.180389050] [offboard_node]: 탐색 1회차 — 고도 25m AGL 반경 6.1→30m 링간격 12.2m 속도상한 5.0m/s (풋프린트 단폭 18.8m)
[offboard_node-2] [INFO] [1785263936.181216571] [offboard_node]: WP1 도달·안정 (dist=0.0m speed=0.0m/s) → VISION_SEARCH (비전 착륙 활성)
[offboard_node-2] [INFO] [1785263936.280265934] [offboard_node]: WP1 홀드 dist=0.0m speed=0.0m/s stable=625/10
[offboard_node-2] [INFO] [1785263936.281418999] [offboard_node]: 탐색 1회차 — 고도 25m AGL 반경 6.1→30m 링간격 12.2m 속도상한 5.0m/s (풋프린트 단폭 18.8m)
[offboard_node-2] [INFO] [1785263936.282293741] [offboard_node]: WP1 도달·안정 (dist=0.0m speed=0.0m/s) → VISION_SEARCH (비전 착륙 활성)
[offboard_node-2] [INFO] [1785263936.380736432] [offboard_node]: 탐색 1회차 — 고도 25m AGL 반경 6.1→30m 링간격 12.2m 속도상한 5.0m/s (풋프린트 단폭 18.8m)
[offboard_node-2] [INFO] [1785263936.381402112] [offboard_node]: WP1 도달·안정 (dist=0.0m speed=0.0m/s) → VISION_SEARCH (비전 착륙 활성)
[telemetry_node-1] [INFO] [1785263936.393301791] [telemetry_node]: pos_ned=[2.99977692e+02 5.01972670e-03 4.98930588e+01]  yaw=0.053  armed=True  vtol=3  batt=15.30V/50%
[offboard_node-2] [INFO] [1785263936.480208110] [offboard_node]: 탐색 1회차 — 고도 25m AGL 반경 6.1→30m 링간격 12.2m 속도상한 5.0m/s (풋프린트 단폭 18.8m)
[offboard_node-2] [INFO] [1785263936.480825375] [offboard_node]: WP1 도달·안정 (dist=0.0m speed=0.0m/s) → VISION_SEARCH (비전 착륙 활성)
[offboard_node-2] [INFO] [1785263936.580255437] [offboard_node]: 탐색 1회차 — 고도 25m AGL 반경 6.1→30m 링간격 12.2m 속도상한 5.0m/s (풋프린트 단폭 18.8m)
[offboard_node-2] [INFO] [1785263936.580984573] [offboard_node]: WP1 도달·안정 (dist=0.0m speed=0.0m/s) → VISION_SEARCH (비전 착륙 활성)
[offboard_node-2] [INFO] [1785263936.680287121] [offboard_node]: 탐색 1회차 — 고도 25m AGL 반경 6.1→30m 링간격 12.2m 속도상한 5.0m/s (풋프린트 단폭 18.8m)
[offboard_node-2] [INFO] [1785263936.680799847] [offboard_node]: WP1 도달·안정 (dist=0.0m speed=0.0m/s) → VISION_SEARCH (비전 착륙 활성)
[offboard_node-2] [INFO] [1785263936.780152836] [offboard_node]: 탐색 1회차 — 고도 25m AGL 반경 6.1→30m 링간격 12.2m 속도상한 5.0m/s (풋프린트 단폭 18.8m)
[offboard_node-2] [INFO] [1785263936.780652300] [offboard_node]: WP1 도달·안정 (dist=0.0m speed=0.0m/s) → VISION_SEARCH (비전 착륙 활성)
[offboard_node-2] [INFO] [1785263936.880489613] [offboard_node]: 탐색 1회차 — 고도 25m AGL 반경 6.1→30m 링간격 12.2m 속도상한 5.0m/s (풋프린트 단폭 18.8m)
[offboard_node-2] [INFO] [1785263936.880961340] [offboard_node]: WP1 도달·안정 (dist=0.0m speed=0.0m/s) → VISION_SEARCH (비전 착륙 활성)
[offboard_node-2] [INFO] [1785263936.980107822] [offboard_node]: 탐색 1회차 — 고도 25m AGL 반경 6.1→30m 링간격 12.2m 속도상한 5.0m/s (풋프린트 단폭 18.8m)
[offboard_node-2] [INFO] [1785263936.980694070] [offboard_node]: WP1 도달·안정 (dist=0.0m speed=0.0m/s) → VISION_SEARCH (비전 착륙 활성)
[offboard_node-2] [INFO] [1785263937.080695339] [offboard_node]: 탐색 1회차 — 고도 25m AGL 반경 6.1→30m 링간격 12.2m 속도상한 5.0m/s (풋프린트 단폭 18.8m)
[offboard_node-2] [INFO] [1785263937.081373924] [offboard_node]: WP1 도달·안정 (dist=0.0m speed=0.0m/s) → VISION_SEARCH (비전 착륙 활성)
[offboard_node-2] [INFO] [1785263937.181591440] [offboard_node]: 탐색 1회차 — 고도 25m AGL 반경 6.1→30m 링간격 12.2m 속도상한 5.0m/s (풋프린트 단폭 18.8m)
[offboard_node-2] [INFO] [1785263937.182369501] [offboard_node]: WP1 도달·안정 (dist=0.0m speed=0.0m/s) → VISION_SEARCH (비전 착륙 활성)
[offboard_node-2] [INFO] [1785263937.280266712] [offboard_node]: 탐색 1회차 — 고도 25m AGL 반경 6.1→30m 링간격 12.2m 속도상한 5.0m/s (풋프린트 단폭 18.8m)
[offboard_node-2] [INFO] [1785263937.280864080] [offboard_node]: WP1 도달·안정 (dist=0.0m speed=0.0m/s) → VISION_SEARCH (비전 착륙 활성)
[offboard_node-2] [INFO] [1785263937.380700089] [offboard_node]: 탐색 1회차 — 고도 25m AGL 반경 6.1→30m 링간격 12.2m 속도상한 5.0m/s (풋프린트 단폭 18.8m)
[offboard_node-2] [INFO] [1785263937.381422814] [offboard_node]: WP1 도달·안정 (dist=0.0m speed=0.0m/s) → VISION_SEARCH (비전 착륙 활성)
[offboard_node-2] [INFO] [1785263937.480753359] [offboard_node]: 탐색 1회차 — 고도 25m AGL 반경 6.1→30m 링간격 12.2m 속도상한 5.0m/s (풋프린트 단폭 18.8m)
[offboard_node-2] [INFO] [1785263937.481763994] [offboard_node]: WP1 도달·안정 (dist=0.0m speed=0.0m/s) → VISION_SEARCH (비전 착륙 활성)
[offboard_node-2] [INFO] [1785263937.580574239] [offboard_node]: 탐색 1회차 — 고도 25m AGL 반경 6.1→30m 링간격 12.2m 속도상한 5.0m/s (풋프린트 단폭 18.8m)
[offboard_node-2] [INFO] [1785263937.581232516] [offboard_node]: WP1 도달·안정 (dist=0.0m speed=0.0m/s) → VISION_SEARCH (비전 착륙 활성)
[offboard_node-2] [INFO] [1785263937.685176991] [offboard_node]: 탐색 1회차 — 고도 25m AGL 반경 6.1→30m 링간격 12.2m 속도상한 5.0m/s (풋프린트 단폭 18.8m)
[offboard_node-2] [INFO] [1785263937.687029918] [offboard_node]: WP1 도달·안정 (dist=0.0m speed=0.0m/s) → VISION_SEARCH (비전 착륙 활성)
[offboard_node-2] [INFO] [1785263937.780761815] [offboard_node]: 탐색 1회차 — 고도 25m AGL 반경 6.1→30m 링간격 12.2m 속도상한 5.0m/s (풋프린트 단폭 18.8m)
[offboard_node-2] [INFO] [1785263937.781314433] [offboard_node]: WP1 도달·안정 (dist=0.0m speed=0.0m/s) → VISION_SEARCH (비전 착륙 활성)
[offboard_node-2] [INFO] [1785263937.880820354] [offboard_node]: 탐색 1회차 — 고도 25m AGL 반경 6.1→30m 링간격 12.2m 속도상한 5.0m/s (풋프린트 단폭 18.8m)
[offboard_node-2] [INFO] [1785263937.881641312] [offboard_node]: WP1 도달·안정 (dist=0.0m speed=0.0m/s) → VISION_SEARCH (비전 착륙 활성)
[offboard_node-2] [INFO] [1785263937.980943066] [offboard_node]: 탐색 1회차 — 고도 25m AGL 반경 6.1→30m 링간격 12.2m 속도상한 5.0m/s (풋프린트 단폭 18.8m)
[offboard_node-2] [INFO] [1785263937.981618180] [offboard_node]: WP1 도달·안정 (dist=0.0m speed=0.0m/s) → VISION_SEARCH (비전 착륙 활성)
[offboard_node-2] [INFO] [1785263938.080562193] [offboard_node]: 탐색 1회차 — 고도 25m AGL 반경 6.1→30m 링간격 12.2m 속도상한 5.0m/s (풋프린트 단폭 18.8m)
[offboard_node-2] [INFO] [1785263938.081276457] [offboard_node]: WP1 도달·안정 (dist=0.0m speed=0.0m/s) → VISION_SEARCH (비전 착륙 활성)
[offboard_node-2] [INFO] [1785263938.180707451] [offboard_node]: 탐색 1회차 — 고도 25m AGL 반경 6.1→30m 링간격 12.2m 속도상한 5.0m/s (풋프린트 단폭 18.8m)
[offboard_node-2] [INFO] [1785263938.181243354] [offboard_node]: WP1 도달·안정 (dist=0.0m speed=0.0m/s) → VISION_SEARCH (비전 착륙 활성)
[offboard_node-2] [INFO] [1785263938.280386323] [offboard_node]: WP1 홀드 dist=0.0m speed=0.0m/s stable=645/10
[offboard_node-2] [INFO] [1785263938.280966196] [offboard_node]: 탐색 1회차 — 고도 25m AGL 반경 6.1→30m 링간격 12.2m 속도상한 5.0m/s (풋프린트 단폭 18.8m)
[offboard_node-2] [INFO] [1785263938.281459753] [offboard_node]: WP1 도달·안정 (dist=0.0m speed=0.0m/s) → VISION_SEARCH (비전 착륙 활성)
[offboard_node-2] [INFO] [1785263938.380971779] [offboard_node]: 탐색 1회차 — 고도 25m AGL 반경 6.1→30m 링간격 12.2m 속도상한 5.0m/s (풋프린트 단폭 18.8m)
[offboard_node-2] [INFO] [1785263938.381738217] [offboard_node]: WP1 도달·안정 (dist=0.0m speed=0.0m/s) → VISION_SEARCH (비전 착륙 활성)
[telemetry_node-1] [INFO] [1785263938.393190396] [telemetry_node]: pos_ned=[2.99985626e+02 1.89338420e-02 4.98935318e+01]  yaw=0.054  armed=True  vtol=3  batt=15.30V/50%
[offboard_node-2] [INFO] [1785263938.480416662] [offboard_node]: 탐색 1회차 — 고도 25m AGL 반경 6.1→30m 링간격 12.2m 속도상한 5.0m/s (풋프린트 단폭 18.8m)
[offboard_node-2] [INFO] [1785263938.480951373] [offboard_node]: WP1 도달·안정 (dist=0.0m speed=0.0m/s) → VISION_SEARCH (비전 착륙 활성)
[offboard_node-2] [INFO] [1785263938.580736232] [offboard_node]: 탐색 1회차 — 고도 25m AGL 반경 6.1→30m 링간격 12.2m 속도상한 5.0m/s (풋프린트 단폭 18.8m)
[offboard_node-2] [INFO] [1785263938.581266910] [offboard_node]: WP1 도달·안정 (dist=0.0m speed=0.0m/s) → VISION_SEARCH (비전 착륙 활성)
[offboard_node-2] [INFO] [1785263938.680344460] [offboard_node]: 탐색 1회차 — 고도 25m AGL 반경 6.1→30m 링간격 12.2m 속도상한 5.0m/s (풋프린트 단폭 18.8m)
[offboard_node-2] [INFO] [1785263938.680757179] [offboard_node]: WP1 도달·안정 (dist=0.0m speed=0.0m/s) → VISION_SEARCH (비전 착륙 활성)
[offboard_node-2] [INFO] [1785263938.780070435] [offboard_node]: 탐색 1회차 — 고도 25m AGL 반경 6.1→30m 링간격 12.2m 속도상한 5.0m/s (풋프린트 단폭 18.8m)
[offboard_node-2] [INFO] [1785263938.780597467] [offboard_node]: WP1 도달·안정 (dist=0.0m speed=0.0m/s) → VISION_SEARCH (비전 착륙 활성)
[offboard_node-2] [INFO] [1785263938.880582991] [offboard_node]: 탐색 1회차 — 고도 25m AGL 반경 6.1→30m 링간격 12.2m 속도상한 5.0m/s (풋프린트 단폭 18.8m)
[offboard_node-2] [INFO] [1785263938.881191251] [offboard_node]: WP1 도달·안정 (dist=0.0m speed=0.0m/s) → VISION_SEARCH (비전 착륙 활성)
[offboard_node-2] [INFO] [1785263938.980597759] [offboard_node]: 탐색 1회차 — 고도 25m AGL 반경 6.1→30m 링간격 12.2m 속도상한 5.0m/s (풋프린트 단폭 18.8m)
[offboard_node-2] [INFO] [1785263938.981265235] [offboard_node]: WP1 도달·안정 (dist=0.0m speed=0.0m/s) → VISION_SEARCH (비전 착륙 활성)
[offboard_node-2] [INFO] [1785263939.080417648] [offboard_node]: 탐색 1회차 — 고도 25m AGL 반경 6.1→30m 링간격 12.2m 속도상한 5.0m/s (풋프린트 단폭 18.8m)
[offboard_node-2] [INFO] [1785263939.080933529] [offboard_node]: WP1 도달·안정 (dist=0.0m speed=0.0m/s) → VISION_SEARCH (비전 착륙 활성)
[offboard_node-2] [INFO] [1785263939.180342033] [offboard_node]: 탐색 1회차 — 고도 25m AGL 반경 6.1→30m 링간격 12.2m 속도상한 5.0m/s (풋프린트 단폭 18.8m)
[offboard_node-2] [INFO] [1785263939.180858869] [offboard_node]: WP1 도달·안정 (dist=0.0m speed=0.0m/s) → VISION_SEARCH (비전 착륙 활성)
[offboard_node-2] [INFO] [1785263939.280659234] [offboard_node]: 탐색 1회차 — 고도 25m AGL 반경 6.1→30m 링간격 12.2m 속도상한 5.0m/s (풋프린트 단폭 18.8m)
[offboard_node-2] [INFO] [1785263939.281296390] [offboard_node]: WP1 도달·안정 (dist=0.0m speed=0.0m/s) → VISION_SEARCH (비전 착륙 활성)
[offboard_node-2] [INFO] [1785263939.380359250] [offboard_node]: 탐색 1회차 — 고도 25m AGL 반경 6.1→30m 링간격 12.2m 속도상한 5.0m/s (풋프린트 단폭 18.8m)
[offboard_node-2] [INFO] [1785263939.380837489] [offboard_node]: WP1 도달·안정 (dist=0.0m speed=0.1m/s) → VISION_SEARCH (비전 착륙 활성)
[offboard_node-2] [INFO] [1785263939.480277690] [offboard_node]: 탐색 1회차 — 고도 25m AGL 반경 6.1→30m 링간격 12.2m 속도상한 5.0m/s (풋프린트 단폭 18.8m)
[offboard_node-2] [INFO] [1785263939.480764761] [offboard_node]: WP1 도달·안정 (dist=0.0m speed=0.1m/s) → VISION_SEARCH (비전 착륙 활성)
[offboard_node-2] [INFO] [1785263939.580525439] [offboard_node]: 탐색 1회차 — 고도 25m AGL 반경 6.1→30m 링간격 12.2m 속도상한 5.0m/s (풋프린트 단폭 18.8m)
[offboard_node-2] [INFO] [1785263939.581072776] [offboard_node]: WP1 도달·안정 (dist=0.0m speed=0.1m/s) → VISION_SEARCH (비전 착륙 활성)
[offboard_node-2] [INFO] [1785263939.680775872] [offboard_node]: 탐색 1회차 — 고도 25m AGL 반경 6.1→30m 링간격 12.2m 속도상한 5.0m/s (풋프린트 단폭 18.8m)
[offboard_node-2] [INFO] [1785263939.681468751] [offboard_node]: WP1 도달·안정 (dist=0.0m speed=0.1m/s) → VISION_SEARCH (비전 착륙 활성)
[offboard_node-2] [INFO] [1785263939.780951736] [offboard_node]: 탐색 1회차 — 고도 25m AGL 반경 6.1→30m 링간격 12.2m 속도상한 5.0m/s (풋프린트 단폭 18.8m)
[offboard_node-2] [INFO] [1785263939.781708948] [offboard_node]: WP1 도달·안정 (dist=0.0m speed=0.1m/s) → VISION_SEARCH (비전 착륙 활성)
[offboard_node-2] [INFO] [1785263939.880509323] [offboard_node]: 탐색 1회차 — 고도 25m AGL 반경 6.1→30m 링간격 12.2m 속도상한 5.0m/s (풋프린트 단폭 18.8m)
[offboard_node-2] [INFO] [1785263939.880995729] [offboard_node]: WP1 도달·안정 (dist=0.0m speed=0.1m/s) → VISION_SEARCH (비전 착륙 활성)
[offboard_node-2] [INFO] [1785263939.980741041] [offboard_node]: 탐색 1회차 — 고도 25m AGL 반경 6.1→30m 링간격 12.2m 속도상한 5.0m/s (풋프린트 단폭 18.8m)
[offboard_node-2] [INFO] [1785263939.981415388] [offboard_node]: WP1 도달·안정 (dist=0.0m speed=0.0m/s) → VISION_SEARCH (비전 착륙 활성)
[offboard_node-2] [INFO] [1785263940.080723937] [offboard_node]: 탐색 1회차 — 고도 25m AGL 반경 6.1→30m 링간격 12.2m 속도상한 5.0m/s (풋프린트 단폭 18.8m)
[offboard_node-2] [INFO] [1785263940.081328128] [offboard_node]: WP1 도달·안정 (dist=0.0m speed=0.0m/s) → VISION_SEARCH (비전 착륙 활성)
[offboard_node-2] [INFO] [1785263940.180604623] [offboard_node]: 탐색 1회차 — 고도 25m AGL 반경 6.1→30m 링간격 12.2m 속도상한 5.0m/s (풋프린트 단폭 18.8m)
[offboard_node-2] [INFO] [1785263940.181275047] [offboard_node]: WP1 도달·안정 (dist=0.0m speed=0.0m/s) → VISION_SEARCH (비전 착륙 활성)
[offboard_node-2] [INFO] [1785263940.280651269] [offboard_node]: WP1 홀드 dist=0.0m speed=0.0m/s stable=665/10
[offboard_node-2] [INFO] [1785263940.281279180] [offboard_node]: 탐색 1회차 — 고도 25m AGL 반경 6.1→30m 링간격 12.2m 속도상한 5.0m/s (풋프린트 단폭 18.8m)
[offboard_node-2] [INFO] [1785263940.281863804] [offboard_node]: WP1 도달·안정 (dist=0.0m speed=0.0m/s) → VISION_SEARCH (비전 착륙 활성)
[offboard_node-2] [INFO] [1785263940.380440999] [offboard_node]: 탐색 1회차 — 고도 25m AGL 반경 6.1→30m 링간격 12.2m 속도상한 5.0m/s (풋프린트 단폭 18.8m)
[offboard_node-2] [INFO] [1785263940.381086756] [offboard_node]: WP1 도달·안정 (dist=0.0m speed=0.0m/s) → VISION_SEARCH (비전 착륙 활성)
[telemetry_node-1] [INFO] [1785263940.393394416] [telemetry_node]: pos_ned=[3.00013245e+02 1.83772016e-02 4.99017525e+01]  yaw=0.055  armed=True  vtol=3  batt=15.30V/50%
[offboard_node-2] [INFO] [1785263940.480218478] [offboard_node]: 탐색 1회차 — 고도 25m AGL 반경 6.1→30m 링간격 12.2m 속도상한 5.0m/s (풋프린트 단폭 18.8m)
[offboard_node-2] [INFO] [1785263940.480689908] [offboard_node]: WP1 도달·안정 (dist=0.0m speed=0.0m/s) → VISION_SEARCH (비전 착륙 활성)
[offboard_node-2] [INFO] [1785263940.580938520] [offboard_node]: 탐색 1회차 — 고도 25m AGL 반경 6.1→30m 링간격 12.2m 속도상한 5.0m/s (풋프린트 단폭 18.8m)
[offboard_node-2] [INFO] [1785263940.581528039] [offboard_node]: WP1 도달·안정 (dist=0.0m speed=0.0m/s) → VISION_SEARCH (비전 착륙 활성)
[offboard_node-2] [INFO] [1785263940.681023681] [offboard_node]: 탐색 1회차 — 고도 25m AGL 반경 6.1→30m 링간격 12.2m 속도상한 5.0m/s (풋프린트 단폭 18.8m)
[offboard_node-2] [INFO] [1785263940.681871099] [offboard_node]: WP1 도달·안정 (dist=0.0m speed=0.1m/s) → VISION_SEARCH (비전 착륙 활성)
[offboard_node-2] [INFO] [1785263940.780574535] [offboard_node]: 탐색 1회차 — 고도 25m AGL 반경 6.1→30m 링간격 12.2m 속도상한 5.0m/s (풋프린트 단폭 18.8m)
[offboard_node-2] [INFO] [1785263940.781144767] [offboard_node]: WP1 도달·안정 (dist=0.0m speed=0.1m/s) → VISION_SEARCH (비전 착륙 활성)
[offboard_node-2] [INFO] [1785263940.880808931] [offboard_node]: 탐색 1회차 — 고도 25m AGL 반경 6.1→30m 링간격 12.2m 속도상한 5.0m/s (풋프린트 단폭 18.8m)
[offboard_node-2] [INFO] [1785263940.881339982] [offboard_node]: WP1 도달·안정 (dist=0.0m speed=0.0m/s) → VISION_SEARCH (비전 착륙 활성)
[offboard_node-2] [INFO] [1785263940.980833124] [offboard_node]: 탐색 1회차 — 고도 25m AGL 반경 6.1→30m 링간격 12.2m 속도상한 5.0m/s (풋프린트 단폭 18.8m)
[offboard_node-2] [INFO] [1785263940.981557071] [offboard_node]: WP1 도달·안정 (dist=0.0m speed=0.0m/s) → VISION_SEARCH (비전 착륙 활성)
[offboard_node-2] [INFO] [1785263941.080824990] [offboard_node]: 탐색 1회차 — 고도 25m AGL 반경 6.1→30m 링간격 12.2m 속도상한 5.0m/s (풋프린트 단폭 18.8m)
[offboard_node-2] [INFO] [1785263941.081648283] [offboard_node]: WP1 도달·안정 (dist=0.0m speed=0.0m/s) → VISION_SEARCH (비전 착륙 활성)
[offboard_node-2] [INFO] [1785263941.180706513] [offboard_node]: 탐색 1회차 — 고도 25m AGL 반경 6.1→30m 링간격 12.2m 속도상한 5.0m/s (풋프린트 단폭 18.8m)
[offboard_node-2] [INFO] [1785263941.181283416] [offboard_node]: WP1 도달·안정 (dist=0.0m speed=0.0m/s) → VISION_SEARCH (비전 착륙 활성)
[offboard_node-2] [INFO] [1785263941.280318578] [offboard_node]: 탐색 1회차 — 고도 25m AGL 반경 6.1→30m 링간격 12.2m 속도상한 5.0m/s (풋프린트 단폭 18.8m)
[offboard_node-2] [INFO] [1785263941.280735004] [offboard_node]: WP1 도달·안정 (dist=0.0m speed=0.0m/s) → VISION_SEARCH (비전 착륙 활성)
[offboard_node-2] [INFO] [1785263941.380346962] [offboard_node]: 탐색 1회차 — 고도 25m AGL 반경 6.1→30m 링간격 12.2m 속도상한 5.0m/s (풋프린트 단폭 18.8m)
[offboard_node-2] [INFO] [1785263941.380891803] [offboard_node]: WP1 도달·안정 (dist=0.0m speed=0.0m/s) → VISION_SEARCH (비전 착륙 활성)
[offboard_node-2] [INFO] [1785263941.480863905] [offboard_node]: 탐색 1회차 — 고도 25m AGL 반경 6.1→30m 링간격 12.2m 속도상한 5.0m/s (풋프린트 단폭 18.8m)
[offboard_node-2] [INFO] [1785263941.481447040] [offboard_node]: WP1 도달·안정 (dist=0.0m speed=0.0m/s) → VISION_SEARCH (비전 착륙 활성)
[offboard_node-2] [INFO] [1785263941.580483962] [offboard_node]: 탐색 1회차 — 고도 25m AGL 반경 6.1→30m 링간격 12.2m 속도상한 5.0m/s (풋프린트 단폭 18.8m)
[offboard_node-2] [INFO] [1785263941.581026375] [offboard_node]: WP1 도달·안정 (dist=0.0m speed=0.0m/s) → VISION_SEARCH (비전 착륙 활성)
[offboard_node-2] [INFO] [1785263941.680697894] [offboard_node]: 탐색 1회차 — 고도 25m AGL 반경 6.1→30m 링간격 12.2m 속도상한 5.0m/s (풋프린트 단폭 18.8m)
[offboard_node-2] [INFO] [1785263941.681369830] [offboard_node]: WP1 도달·안정 (dist=0.0m speed=0.0m/s) → VISION_SEARCH (비전 착륙 활성)
[offboard_node-2] [INFO] [1785263941.780346120] [offboard_node]: 탐색 1회차 — 고도 25m AGL 반경 6.1→30m 링간격 12.2m 속도상한 5.0m/s (풋프린트 단폭 18.8m)
[offboard_node-2] [INFO] [1785263941.780980296] [offboard_node]: WP1 도달·안정 (dist=0.0m speed=0.0m/s) → VISION_SEARCH (비전 착륙 활성)
[offboard_node-2] [INFO] [1785263941.880367311] [offboard_node]: 탐색 1회차 — 고도 25m AGL 반경 6.1→30m 링간격 12.2m 속도상한 5.0m/s (풋프린트 단폭 18.8m)
[offboard_node-2] [INFO] [1785263941.880927031] [offboard_node]: WP1 도달·안정 (dist=0.0m speed=0.0m/s) → VISION_SEARCH (비전 착륙 활성)
[offboard_node-2] [INFO] [1785263941.980773303] [offboard_node]: 탐색 1회차 — 고도 25m AGL 반경 6.1→30m 링간격 12.2m 속도상한 5.0m/s (풋프린트 단폭 18.8m)
[offboard_node-2] [INFO] [1785263941.981493673] [offboard_node]: WP1 도달·안정 (dist=0.1m speed=0.0m/s) → VISION_SEARCH (비전 착륙 활성)
[offboard_node-2] [INFO] [1785263942.080876318] [offboard_node]: 탐색 1회차 — 고도 25m AGL 반경 6.1→30m 링간격 12.2m 속도상한 5.0m/s (풋프린트 단폭 18.8m)
[offboard_node-2] [INFO] [1785263942.081563855] [offboard_node]: WP1 도달·안정 (dist=0.1m speed=0.0m/s) → VISION_SEARCH (비전 착륙 활성)
[offboard_node-2] [INFO] [1785263942.180653922] [offboard_node]: 탐색 1회차 — 고도 25m AGL 반경 6.1→30m 링간격 12.2m 속도상한 5.0m/s (풋프린트 단폭 18.8m)
[offboard_node-2] [INFO] [1785263942.181165362] [offboard_node]: WP1 도달·안정 (dist=0.1m speed=0.0m/s) → VISION_SEARCH (비전 착륙 활성)
[offboard_node-2] [INFO] [1785263942.280790028] [offboard_node]: WP1 홀드 dist=0.1m speed=0.1m/s stable=685/10
[offboard_node-2] [INFO] [1785263942.281509659] [offboard_node]: 탐색 1회차 — 고도 25m AGL 반경 6.1→30m 링간격 12.2m 속도상한 5.0m/s (풋프린트 단폭 18.8m)
[offboard_node-2] [INFO] [1785263942.282152081] [offboard_node]: WP1 도달·안정 (dist=0.1m speed=0.1m/s) → VISION_SEARCH (비전 착륙 활성)
[offboard_node-2] [INFO] [1785263942.382012953] [offboard_node]: 탐색 1회차 — 고도 25m AGL 반경 6.1→30m 링간격 12.2m 속도상한 5.0m/s (풋프린트 단폭 18.8m)
[offboard_node-2] [INFO] [1785263942.382875650] [offboard_node]: WP1 도달·안정 (dist=0.1m speed=0.1m/s) → VISION_SEARCH (비전 착륙 활성)
[telemetry_node-1] [INFO] [1785263942.393867636] [telemetry_node]: pos_ned=[3.00030304e+02 4.18519676e-02 4.98833199e+01]  yaw=0.058  armed=True  vtol=3  batt=15.30V/50%
[offboard_node-2] [INFO] [1785263942.480670351] [offboard_node]: 탐색 1회차 — 고도 25m AGL 반경 6.1→30m 링간격 12.2m 속도상한 5.0m/s (풋프린트 단폭 18.8m)
[offboard_node-2] [INFO] [1785263942.481206418] [offboard_node]: WP1 도달·안정 (dist=0.0m speed=0.1m/s) → VISION_SEARCH (비전 착륙 활성)
[offboard_node-2] [INFO] [1785263942.581287914] [offboard_node]: 탐색 1회차 — 고도 25m AGL 반경 6.1→30m 링간격 12.2m 속도상한 5.0m/s (풋프린트 단폭 18.8m)
[offboard_node-2] [INFO] [1785263942.582101478] [offboard_node]: WP1 도달·안정 (dist=0.0m speed=0.1m/s) → VISION_SEARCH (비전 착륙 활성)
[offboard_node-2] [INFO] [1785263942.680637488] [offboard_node]: 탐색 1회차 — 고도 25m AGL 반경 6.1→30m 링간격 12.2m 속도상한 5.0m/s (풋프린트 단폭 18.8m)
[offboard_node-2] [INFO] [1785263942.681231992] [offboard_node]: WP1 도달·안정 (dist=0.0m speed=0.1m/s) → VISION_SEARCH (비전 착륙 활성)
[offboard_node-2] [INFO] [1785263942.781072280] [offboard_node]: 탐색 1회차 — 고도 25m AGL 반경 6.1→30m 링간격 12.2m 속도상한 5.0m/s (풋프린트 단폭 18.8m)
[offboard_node-2] [INFO] [1785263942.781856387] [offboard_node]: WP1 도달·안정 (dist=0.0m speed=0.1m/s) → VISION_SEARCH (비전 착륙 활성)
[offboard_node-2] [INFO] [1785263942.880524218] [offboard_node]: 탐색 1회차 — 고도 25m AGL 반경 6.1→30m 링간격 12.2m 속도상한 5.0m/s (풋프린트 단폭 18.8m)
[offboard_node-2] [INFO] [1785263942.881212678] [offboard_node]: WP1 도달·안정 (dist=0.0m speed=0.1m/s) → VISION_SEARCH (비전 착륙 활성)
[offboard_node-2] [INFO] [1785263942.980807923] [offboard_node]: 탐색 1회차 — 고도 25m AGL 반경 6.1→30m 링간격 12.2m 속도상한 5.0m/s (풋프린트 단폭 18.8m)
[offboard_node-2] [INFO] [1785263942.981509025] [offboard_node]: WP1 도달·안정 (dist=0.0m speed=0.1m/s) → VISION_SEARCH (비전 착륙 활성)
[offboard_node-2] [INFO] [1785263943.080465770] [offboard_node]: 탐색 1회차 — 고도 25m AGL 반경 6.1→30m 링간격 12.2m 속도상한 5.0m/s (풋프린트 단폭 18.8m)
[offboard_node-2] [INFO] [1785263943.081029924] [offboard_node]: WP1 도달·안정 (dist=0.0m speed=0.1m/s) → VISION_SEARCH (비전 착륙 활성)
[offboard_node-2] [INFO] [1785263943.180724953] [offboard_node]: 탐색 1회차 — 고도 25m AGL 반경 6.1→30m 링간격 12.2m 속도상한 5.0m/s (풋프린트 단폭 18.8m)
[offboard_node-2] [INFO] [1785263943.181384221] [offboard_node]: WP1 도달·안정 (dist=0.0m speed=0.0m/s) → VISION_SEARCH (비전 착륙 활성)
[offboard_node-2] [INFO] [1785263943.280636545] [offboard_node]: 탐색 1회차 — 고도 25m AGL 반경 6.1→30m 링간격 12.2m 속도상한 5.0m/s (풋프린트 단폭 18.8m)
[offboard_node-2] [INFO] [1785263943.281349791] [offboard_node]: WP1 도달·안정 (dist=0.0m speed=0.0m/s) → VISION_SEARCH (비전 착륙 활성)
[offboard_node-2] [INFO] [1785263943.380918868] [offboard_node]: 탐색 1회차 — 고도 25m AGL 반경 6.1→30m 링간격 12.2m 속도상한 5.0m/s (풋프린트 단폭 18.8m)
[offboard_node-2] [INFO] [1785263943.381505225] [offboard_node]: WP1 도달·안정 (dist=0.0m speed=0.0m/s) → VISION_SEARCH (비전 착륙 활성)
[offboard_node-2] [INFO] [1785263943.480742281] [offboard_node]: 탐색 1회차 — 고도 25m AGL 반경 6.1→30m 링간격 12.2m 속도상한 5.0m/s (풋프린트 단폭 18.8m)
[offboard_node-2] [INFO] [1785263943.481428572] [offboard_node]: WP1 도달·안정 (dist=0.0m speed=0.0m/s) → VISION_SEARCH (비전 착륙 활성)
[offboard_node-2] [INFO] [1785263943.580593790] [offboard_node]: 탐색 1회차 — 고도 25m AGL 반경 6.1→30m 링간격 12.2m 속도상한 5.0m/s (풋프린트 단폭 18.8m)
[offboard_node-2] [INFO] [1785263943.581344137] [offboard_node]: WP1 도달·안정 (dist=0.0m speed=0.0m/s) → VISION_SEARCH (비전 착륙 활성)
[offboard_node-2] [INFO] [1785263943.680671121] [offboard_node]: 탐색 1회차 — 고도 25m AGL 반경 6.1→30m 링간격 12.2m 속도상한 5.0m/s (풋프린트 단폭 18.8m)
[offboard_node-2] [INFO] [1785263943.682815567] [offboard_node]: WP1 도달·안정 (dist=0.0m speed=0.0m/s) → VISION_SEARCH (비전 착륙 활성)
[offboard_node-2] [INFO] [1785263943.780459801] [offboard_node]: 탐색 1회차 — 고도 25m AGL 반경 6.1→30m 링간격 12.2m 속도상한 5.0m/s (풋프린트 단폭 18.8m)
[offboard_node-2] [INFO] [1785263943.780989150] [offboard_node]: WP1 도달·안정 (dist=0.0m speed=0.0m/s) → VISION_SEARCH (비전 착륙 활성)
[offboard_node-2] [INFO] [1785263943.880835722] [offboard_node]: 탐색 1회차 — 고도 25m AGL 반경 6.1→30m 링간격 12.2m 속도상한 5.0m/s (풋프린트 단폭 18.8m)
[offboard_node-2] [INFO] [1785263943.881430088] [offboard_node]: WP1 도달·안정 (dist=0.0m speed=0.0m/s) → VISION_SEARCH (비전 착륙 활성)
[offboard_node-2] [INFO] [1785263943.980596848] [offboard_node]: 탐색 1회차 — 고도 25m AGL 반경 6.1→30m 링간격 12.2m 속도상한 5.0m/s (풋프린트 단폭 18.8m)
[offboard_node-2] [INFO] [1785263943.981373167] [offboard_node]: WP1 도달·안정 (dist=0.0m speed=0.0m/s) → VISION_SEARCH (비전 착륙 활성)
[offboard_node-2] [INFO] [1785263944.080311835] [offboard_node]: 탐색 1회차 — 고도 25m AGL 반경 6.1→30m 링간격 12.2m 속도상한 5.0m/s (풋프린트 단폭 18.8m)
[offboard_node-2] [INFO] [1785263944.081071009] [offboard_node]: WP1 도달·안정 (dist=0.0m speed=0.0m/s) → VISION_SEARCH (비전 착륙 활성)
[offboard_node-2] [INFO] [1785263944.180367354] [offboard_node]: 탐색 1회차 — 고도 25m AGL 반경 6.1→30m 링간격 12.2m 속도상한 5.0m/s (풋프린트 단폭 18.8m)
[offboard_node-2] [INFO] [1785263944.181095274] [offboard_node]: WP1 도달·안정 (dist=0.0m speed=0.1m/s) → VISION_SEARCH (비전 착륙 활성)
[offboard_node-2] [INFO] [1785263944.280410716] [offboard_node]: WP1 홀드 dist=0.0m speed=0.1m/s stable=705/10
[offboard_node-2] [INFO] [1785263944.280934390] [offboard_node]: 탐색 1회차 — 고도 25m AGL 반경 6.1→30m 링간격 12.2m 속도상한 5.0m/s (풋프린트 단폭 18.8m)
[offboard_node-2] [INFO] [1785263944.281345321] [offboard_node]: WP1 도달·안정 (dist=0.0m speed=0.1m/s) → VISION_SEARCH (비전 착륙 활성)
[offboard_node-2] [INFO] [1785263944.380331264] [offboard_node]: 탐색 1회차 — 고도 25m AGL 반경 6.1→30m 링간격 12.2m 속도상한 5.0m/s (풋프린트 단폭 18.8m)
[offboard_node-2] [INFO] [1785263944.380796212] [offboard_node]: WP1 도달·안정 (dist=0.0m speed=0.1m/s) → VISION_SEARCH (비전 착륙 활성)
[telemetry_node-1] [INFO] [1785263944.393102428] [telemetry_node]: pos_ned=[3.00011536e+02 2.08069235e-02 4.98521957e+01]  yaw=0.060  armed=True  vtol=3  batt=15.30V/50%
[offboard_node-2] [INFO] [1785263944.480545508] [offboard_node]: 탐색 1회차 — 고도 25m AGL 반경 6.1→30m 링간격 12.2m 속도상한 5.0m/s (풋프린트 단폭 18.8m)
[offboard_node-2] [INFO] [1785263944.481285238] [offboard_node]: WP1 도달·안정 (dist=0.0m speed=0.1m/s) → VISION_SEARCH (비전 착륙 활성)
[offboard_node-2] [INFO] [1785263944.580832306] [offboard_node]: 탐색 1회차 — 고도 25m AGL 반경 6.1→30m 링간격 12.2m 속도상한 5.0m/s (풋프린트 단폭 18.8m)
[offboard_node-2] [INFO] [1785263944.581489075] [offboard_node]: WP1 도달·안정 (dist=0.0m speed=0.1m/s) → VISION_SEARCH (비전 착륙 활성)
[offboard_node-2] [INFO] [1785263944.680524766] [offboard_node]: 탐색 1회차 — 고도 25m AGL 반경 6.1→30m 링간격 12.2m 속도상한 5.0m/s (풋프린트 단폭 18.8m)
[offboard_node-2] [INFO] [1785263944.681171728] [offboard_node]: WP1 도달·안정 (dist=0.0m speed=0.1m/s) → VISION_SEARCH (비전 착륙 활성)
[offboard_node-2] [INFO] [1785263944.780384922] [offboard_node]: 탐색 1회차 — 고도 25m AGL 반경 6.1→30m 링간격 12.2m 속도상한 5.0m/s (풋프린트 단폭 18.8m)
[offboard_node-2] [INFO] [1785263944.780854334] [offboard_node]: WP1 도달·안정 (dist=0.0m speed=0.0m/s) → VISION_SEARCH (비전 착륙 활성)
[offboard_node-2] [INFO] [1785263944.880409940] [offboard_node]: 탐색 1회차 — 고도 25m AGL 반경 6.1→30m 링간격 12.2m 속도상한 5.0m/s (풋프린트 단폭 18.8m)
[offboard_node-2] [INFO] [1785263944.880890248] [offboard_node]: WP1 도달·안정 (dist=0.0m speed=0.0m/s) → VISION_SEARCH (비전 착륙 활성)
[offboard_node-2] [INFO] [1785263944.980411195] [offboard_node]: 탐색 1회차 — 고도 25m AGL 반경 6.1→30m 링간격 12.2m 속도상한 5.0m/s (풋프린트 단폭 18.8m)
[offboard_node-2] [INFO] [1785263944.980986864] [offboard_node]: WP1 도달·안정 (dist=0.0m speed=0.0m/s) → VISION_SEARCH (비전 착륙 활성)
[offboard_node-2] [INFO] [1785263945.080552255] [offboard_node]: 탐색 1회차 — 고도 25m AGL 반경 6.1→30m 링간격 12.2m 속도상한 5.0m/s (풋프린트 단폭 18.8m)
[offboard_node-2] [INFO] [1785263945.081079440] [offboard_node]: WP1 도달·안정 (dist=0.0m speed=0.0m/s) → VISION_SEARCH (비전 착륙 활성)
[offboard_node-2] [INFO] [1785263945.180395946] [offboard_node]: 탐색 1회차 — 고도 25m AGL 반경 6.1→30m 링간격 12.2m 속도상한 5.0m/s (풋프린트 단폭 18.8m)
[offboard_node-2] [INFO] [1785263945.181118629] [offboard_node]: WP1 도달·안정 (dist=0.0m speed=0.0m/s) → VISION_SEARCH (비전 착륙 활성)
[offboard_node-2] [INFO] [1785263945.280525146] [offboard_node]: 탐색 1회차 — 고도 25m AGL 반경 6.1→30m 링간격 12.2m 속도상한 5.0m/s (풋프린트 단폭 18.8m)
[offboard_node-2] [INFO] [1785263945.281390966] [offboard_node]: WP1 도달·안정 (dist=0.0m speed=0.0m/s) → VISION_SEARCH (비전 착륙 활성)
[offboard_node-2] [INFO] [1785263945.380446349] [offboard_node]: 탐색 1회차 — 고도 25m AGL 반경 6.1→30m 링간격 12.2m 속도상한 5.0m/s (풋프린트 단폭 18.8m)
[offboard_node-2] [INFO] [1785263945.380968093] [offboard_node]: WP1 도달·안정 (dist=0.0m speed=0.0m/s) → VISION_SEARCH (비전 착륙 활성)
[offboard_node-2] [INFO] [1785263945.480692344] [offboard_node]: 탐색 1회차 — 고도 25m AGL 반경 6.1→30m 링간격 12.2m 속도상한 5.0m/s (풋프린트 단폭 18.8m)
[offboard_node-2] [INFO] [1785263945.481261217] [offboard_node]: WP1 도달·안정 (dist=0.0m speed=0.0m/s) → VISION_SEARCH (비전 착륙 활성)
[offboard_node-2] [INFO] [1785263945.580905955] [offboard_node]: 탐색 1회차 — 고도 25m AGL 반경 6.1→30m 링간격 12.2m 속도상한 5.0m/s (풋프린트 단폭 18.8m)
[offboard_node-2] [INFO] [1785263945.581533625] [offboard_node]: WP1 도달·안정 (dist=0.0m speed=0.0m/s) → VISION_SEARCH (비전 착륙 활성)
[offboard_node-2] [INFO] [1785263945.681076148] [offboard_node]: 탐색 1회차 — 고도 25m AGL 반경 6.1→30m 링간격 12.2m 속도상한 5.0m/s (풋프린트 단폭 18.8m)
[offboard_node-2] [INFO] [1785263945.681669596] [offboard_node]: WP1 도달·안정 (dist=0.0m speed=0.0m/s) → VISION_SEARCH (비전 착륙 활성)
[offboard_node-2] [INFO] [1785263945.781023785] [offboard_node]: 탐색 1회차 — 고도 25m AGL 반경 6.1→30m 링간격 12.2m 속도상한 5.0m/s (풋프린트 단폭 18.8m)
[offboard_node-2] [INFO] [1785263945.781739928] [offboard_node]: WP1 도달·안정 (dist=0.0m speed=0.0m/s) → VISION_SEARCH (비전 착륙 활성)
[offboard_node-2] [INFO] [1785263945.880641049] [offboard_node]: 탐색 1회차 — 고도 25m AGL 반경 6.1→30m 링간격 12.2m 속도상한 5.0m/s (풋프린트 단폭 18.8m)
[offboard_node-2] [INFO] [1785263945.881199616] [offboard_node]: WP1 도달·안정 (dist=0.0m speed=0.0m/s) → VISION_SEARCH (비전 착륙 활성)
[offboard_node-2] [INFO] [1785263945.980336190] [offboard_node]: 탐색 1회차 — 고도 25m AGL 반경 6.1→30m 링간격 12.2m 속도상한 5.0m/s (풋프린트 단폭 18.8m)
[offboard_node-2] [INFO] [1785263945.980743617] [offboard_node]: WP1 도달·안정 (dist=0.0m speed=0.0m/s) → VISION_SEARCH (비전 착륙 활성)
[offboard_node-2] [INFO] [1785263946.080587896] [offboard_node]: 탐색 1회차 — 고도 25m AGL 반경 6.1→30m 링간격 12.2m 속도상한 5.0m/s (풋프린트 단폭 18.8m)
[offboard_node-2] [INFO] [1785263946.081108336] [offboard_node]: WP1 도달·안정 (dist=0.0m speed=0.1m/s) → VISION_SEARCH (비전 착륙 활성)
[offboard_node-2] [INFO] [1785263946.180209492] [offboard_node]: 탐색 1회차 — 고도 25m AGL 반경 6.1→30m 링간격 12.2m 속도상한 5.0m/s (풋프린트 단폭 18.8m)
[offboard_node-2] [INFO] [1785263946.180718027] [offboard_node]: WP1 도달·안정 (dist=0.0m speed=0.1m/s) → VISION_SEARCH (비전 착륙 활성)
[offboard_node-2] [INFO] [1785263946.280135078] [offboard_node]: WP1 홀드 dist=0.0m speed=0.1m/s stable=725/10
[offboard_node-2] [INFO] [1785263946.280698596] [offboard_node]: 탐색 1회차 — 고도 25m AGL 반경 6.1→30m 링간격 12.2m 속도상한 5.0m/s (풋프린트 단폭 18.8m)
[offboard_node-2] [INFO] [1785263946.281270709] [offboard_node]: WP1 도달·안정 (dist=0.0m speed=0.1m/s) → VISION_SEARCH (비전 착륙 활성)
[offboard_node-2] [INFO] [1785263946.380339515] [offboard_node]: 탐색 1회차 — 고도 25m AGL 반경 6.1→30m 링간격 12.2m 속도상한 5.0m/s (풋프린트 단폭 18.8m)
[offboard_node-2] [INFO] [1785263946.381049208] [offboard_node]: WP1 도달·안정 (dist=0.0m speed=0.1m/s) → VISION_SEARCH (비전 착륙 활성)
[telemetry_node-1] [INFO] [1785263946.393018179] [telemetry_node]: pos_ned=[3.00023865e+02 1.00743873e-02 4.98325500e+01]  yaw=0.062  armed=True  vtol=3  batt=15.30V/50%
[offboard_node-2] [INFO] [1785263946.482677895] [offboard_node]: 탐색 1회차 — 고도 25m AGL 반경 6.1→30m 링간격 12.2m 속도상한 5.0m/s (풋프린트 단폭 18.8m)
[offboard_node-2] [INFO] [1785263946.483450659] [offboard_node]: WP1 도달·안정 (dist=0.0m speed=0.1m/s) → VISION_SEARCH (비전 착륙 활성)
[offboard_node-2] [INFO] [1785263946.580608910] [offboard_node]: 탐색 1회차 — 고도 25m AGL 반경 6.1→30m 링간격 12.2m 속도상한 5.0m/s (풋프린트 단폭 18.8m)
[offboard_node-2] [INFO] [1785263946.581294999] [offboard_node]: WP1 도달·안정 (dist=0.0m speed=0.1m/s) → VISION_SEARCH (비전 착륙 활성)
[offboard_node-2] [INFO] [1785263946.680918631] [offboard_node]: 탐색 1회차 — 고도 25m AGL 반경 6.1→30m 링간격 12.2m 속도상한 5.0m/s (풋프린트 단폭 18.8m)
[offboard_node-2] [INFO] [1785263946.681792682] [offboard_node]: WP1 도달·안정 (dist=0.0m speed=0.1m/s) → VISION_SEARCH (비전 착륙 활성)
[offboard_node-2] [INFO] [1785263946.780780344] [offboard_node]: 탐색 1회차 — 고도 25m AGL 반경 6.1→30m 링간격 12.2m 속도상한 5.0m/s (풋프린트 단폭 18.8m)
[offboard_node-2] [INFO] [1785263946.781264413] [offboard_node]: WP1 도달·안정 (dist=0.0m speed=0.0m/s) → VISION_SEARCH (비전 착륙 활성)
[offboard_node-2] [INFO] [1785263946.880383294] [offboard_node]: 탐색 1회차 — 고도 25m AGL 반경 6.1→30m 링간격 12.2m 속도상한 5.0m/s (풋프린트 단폭 18.8m)
[offboard_node-2] [INFO] [1785263946.881097722] [offboard_node]: WP1 도달·안정 (dist=0.0m speed=0.0m/s) → VISION_SEARCH (비전 착륙 활성)
[offboard_node-2] [INFO] [1785263946.980605324] [offboard_node]: 탐색 1회차 — 고도 25m AGL 반경 6.1→30m 링간격 12.2m 속도상한 5.0m/s (풋프린트 단폭 18.8m)
[offboard_node-2] [INFO] [1785263946.981289154] [offboard_node]: WP1 도달·안정 (dist=0.0m speed=0.0m/s) → VISION_SEARCH (비전 착륙 활성)
[offboard_node-2] [INFO] [1785263947.080709882] [offboard_node]: 탐색 1회차 — 고도 25m AGL 반경 6.1→30m 링간격 12.2m 속도상한 5.0m/s (풋프린트 단폭 18.8m)
[offboard_node-2] [INFO] [1785263947.081357944] [offboard_node]: WP1 도달·안정 (dist=0.0m speed=0.0m/s) → VISION_SEARCH (비전 착륙 활성)
[offboard_node-2] [INFO] [1785263947.180959049] [offboard_node]: 탐색 1회차 — 고도 25m AGL 반경 6.1→30m 링간격 12.2m 속도상한 5.0m/s (풋프린트 단폭 18.8m)
[offboard_node-2] [INFO] [1785263947.181957302] [offboard_node]: WP1 도달·안정 (dist=0.0m speed=0.0m/s) → VISION_SEARCH (비전 착륙 활성)
[offboard_node-2] [INFO] [1785263947.281442839] [offboard_node]: 탐색 1회차 — 고도 25m AGL 반경 6.1→30m 링간격 12.2m 속도상한 5.0m/s (풋프린트 단폭 18.8m)
[offboard_node-2] [INFO] [1785263947.282183174] [offboard_node]: WP1 도달·안정 (dist=0.0m speed=0.0m/s) → VISION_SEARCH (비전 착륙 활성)
[offboard_node-2] [INFO] [1785263947.380483801] [offboard_node]: 탐색 1회차 — 고도 25m AGL 반경 6.1→30m 링간격 12.2m 속도상한 5.0m/s (풋프린트 단폭 18.8m)
[offboard_node-2] [INFO] [1785263947.381165836] [offboard_node]: WP1 도달·안정 (dist=0.0m speed=0.0m/s) → VISION_SEARCH (비전 착륙 활성)
[offboard_node-2] [INFO] [1785263947.480593184] [offboard_node]: 탐색 1회차 — 고도 25m AGL 반경 6.1→30m 링간격 12.2m 속도상한 5.0m/s (풋프린트 단폭 18.8m)
[offboard_node-2] [INFO] [1785263947.481203675] [offboard_node]: WP1 도달·안정 (dist=0.0m speed=0.0m/s) → VISION_SEARCH (비전 착륙 활성)
[offboard_node-2] [INFO] [1785263947.580451211] [offboard_node]: 탐색 1회차 — 고도 25m AGL 반경 6.1→30m 링간격 12.2m 속도상한 5.0m/s (풋프린트 단폭 18.8m)
[offboard_node-2] [INFO] [1785263947.580968308] [offboard_node]: WP1 도달·안정 (dist=0.0m speed=0.0m/s) → VISION_SEARCH (비전 착륙 활성)
[offboard_node-2] [INFO] [1785263947.680505413] [offboard_node]: 탐색 1회차 — 고도 25m AGL 반경 6.1→30m 링간격 12.2m 속도상한 5.0m/s (풋프린트 단폭 18.8m)
[offboard_node-2] [INFO] [1785263947.681226327] [offboard_node]: WP1 도달·안정 (dist=0.0m speed=0.0m/s) → VISION_SEARCH (비전 착륙 활성)
[offboard_node-2] [INFO] [1785263947.780478901] [offboard_node]: 탐색 1회차 — 고도 25m AGL 반경 6.1→30m 링간격 12.2m 속도상한 5.0m/s (풋프린트 단폭 18.8m)
[offboard_node-2] [INFO] [1785263947.781241046] [offboard_node]: WP1 도달·안정 (dist=0.0m speed=0.0m/s) → VISION_SEARCH (비전 착륙 활성)
[offboard_node-2] [INFO] [1785263947.880390678] [offboard_node]: 탐색 1회차 — 고도 25m AGL 반경 6.1→30m 링간격 12.2m 속도상한 5.0m/s (풋프린트 단폭 18.8m)
[offboard_node-2] [INFO] [1785263947.881008788] [offboard_node]: WP1 도달·안정 (dist=0.0m speed=0.0m/s) → VISION_SEARCH (비전 착륙 활성)
[offboard_node-2] [INFO] [1785263947.980595456] [offboard_node]: 탐색 1회차 — 고도 25m AGL 반경 6.1→30m 링간격 12.2m 속도상한 5.0m/s (풋프린트 단폭 18.8m)
[offboard_node-2] [INFO] [1785263947.981294901] [offboard_node]: WP1 도달·안정 (dist=0.0m speed=0.0m/s) → VISION_SEARCH (비전 착륙 활성)
[offboard_node-2] [INFO] [1785263948.081080143] [offboard_node]: 탐색 1회차 — 고도 25m AGL 반경 6.1→30m 링간격 12.2m 속도상한 5.0m/s (풋프린트 단폭 18.8m)
[offboard_node-2] [INFO] [1785263948.081741140] [offboard_node]: WP1 도달·안정 (dist=0.0m speed=0.0m/s) → VISION_SEARCH (비전 착륙 활성)
[offboard_node-2] [INFO] [1785263948.183358024] [offboard_node]: 탐색 1회차 — 고도 25m AGL 반경 6.1→30m 링간격 12.2m 속도상한 5.0m/s (풋프린트 단폭 18.8m)
[offboard_node-2] [INFO] [1785263948.185323895] [offboard_node]: WP1 도달·안정 (dist=0.0m speed=0.1m/s) → VISION_SEARCH (비전 착륙 활성)
[offboard_node-2] [INFO] [1785263948.280999975] [offboard_node]: WP1 홀드 dist=0.0m speed=0.1m/s stable=745/10
[offboard_node-2] [INFO] [1785263948.281952046] [offboard_node]: 탐색 1회차 — 고도 25m AGL 반경 6.1→30m 링간격 12.2m 속도상한 5.0m/s (풋프린트 단폭 18.8m)
[offboard_node-2] [INFO] [1785263948.282716348] [offboard_node]: WP1 도달·안정 (dist=0.0m speed=0.1m/s) → VISION_SEARCH (비전 착륙 활성)
[offboard_node-2] [INFO] [1785263948.380832007] [offboard_node]: 탐색 1회차 — 고도 25m AGL 반경 6.1→30m 링간격 12.2m 속도상한 5.0m/s (풋프린트 단폭 18.8m)
[offboard_node-2] [INFO] [1785263948.381386049] [offboard_node]: WP1 도달·안정 (dist=0.0m speed=0.1m/s) → VISION_SEARCH (비전 착륙 활성)
[telemetry_node-1] [INFO] [1785263948.393895015] [telemetry_node]: pos_ned=[ 3.00033020e+02 -8.15076567e-03  4.98463593e+01]  yaw=0.063  armed=True  vtol=3  batt=15.30V/50%
[offboard_node-2] [INFO] [1785263948.480789195] [offboard_node]: 탐색 1회차 — 고도 25m AGL 반경 6.1→30m 링간격 12.2m 속도상한 5.0m/s (풋프린트 단폭 18.8m)
[offboard_node-2] [INFO] [1785263948.481562696] [offboard_node]: WP1 도달·안정 (dist=0.0m speed=0.1m/s) → VISION_SEARCH (비전 착륙 활성)
[offboard_node-2] [INFO] [1785263948.580389924] [offboard_node]: 탐색 1회차 — 고도 25m AGL 반경 6.1→30m 링간격 12.2m 속도상한 5.0m/s (풋프린트 단폭 18.8m)
[offboard_node-2] [INFO] [1785263948.580922712] [offboard_node]: WP1 도달·안정 (dist=0.0m speed=0.1m/s) → VISION_SEARCH (비전 착륙 활성)
[offboard_node-2] [INFO] [1785263948.680332706] [offboard_node]: 탐색 1회차 — 고도 25m AGL 반경 6.1→30m 링간격 12.2m 속도상한 5.0m/s (풋프린트 단폭 18.8m)
[offboard_node-2] [INFO] [1785263948.680934860] [offboard_node]: WP1 도달·안정 (dist=0.0m speed=0.0m/s) → VISION_SEARCH (비전 착륙 활성)
[offboard_node-2] [INFO] [1785263948.780154002] [offboard_node]: 탐색 1회차 — 고도 25m AGL 반경 6.1→30m 링간격 12.2m 속도상한 5.0m/s (풋프린트 단폭 18.8m)
[offboard_node-2] [INFO] [1785263948.780606197] [offboard_node]: WP1 도달·안정 (dist=0.0m speed=0.0m/s) → VISION_SEARCH (비전 착륙 활성)
[offboard_node-2] [INFO] [1785263948.880550032] [offboard_node]: 탐색 1회차 — 고도 25m AGL 반경 6.1→30m 링간격 12.2m 속도상한 5.0m/s (풋프린트 단폭 18.8m)
[offboard_node-2] [INFO] [1785263948.881228069] [offboard_node]: WP1 도달·안정 (dist=0.0m speed=0.0m/s) → VISION_SEARCH (비전 착륙 활성)
[offboard_node-2] [INFO] [1785263948.980240891] [offboard_node]: 탐색 1회차 — 고도 25m AGL 반경 6.1→30m 링간격 12.2m 속도상한 5.0m/s (풋프린트 단폭 18.8m)
[offboard_node-2] [INFO] [1785263948.980707031] [offboard_node]: WP1 도달·안정 (dist=0.0m speed=0.0m/s) → VISION_SEARCH (비전 착륙 활성)
[offboard_node-2] [INFO] [1785263949.080317969] [offboard_node]: 탐색 1회차 — 고도 25m AGL 반경 6.1→30m 링간격 12.2m 속도상한 5.0m/s (풋프린트 단폭 18.8m)
[offboard_node-2] [INFO] [1785263949.080961315] [offboard_node]: WP1 도달·안정 (dist=0.0m speed=0.0m/s) → VISION_SEARCH (비전 착륙 활성)
[offboard_node-2] [INFO] [1785263949.180479722] [offboard_node]: 탐색 1회차 — 고도 25m AGL 반경 6.1→30m 링간격 12.2m 속도상한 5.0m/s (풋프린트 단폭 18.8m)
[offboard_node-2] [INFO] [1785263949.181081172] [offboard_node]: WP1 도달·안정 (dist=0.0m speed=0.0m/s) → VISION_SEARCH (비전 착륙 활성)
[offboard_node-2] [INFO] [1785263949.280364833] [offboard_node]: 탐색 1회차 — 고도 25m AGL 반경 6.1→30m 링간격 12.2m 속도상한 5.0m/s (풋프린트 단폭 18.8m)
[offboard_node-2] [INFO] [1785263949.281019984] [offboard_node]: WP1 도달·안정 (dist=0.0m speed=0.0m/s) → VISION_SEARCH (비전 착륙 활성)
[offboard_node-2] [INFO] [1785263949.380625201] [offboard_node]: 탐색 1회차 — 고도 25m AGL 반경 6.1→30m 링간격 12.2m 속도상한 5.0m/s (풋프린트 단폭 18.8m)
[offboard_node-2] [INFO] [1785263949.381486021] [offboard_node]: WP1 도달·안정 (dist=0.0m speed=0.0m/s) → VISION_SEARCH (비전 착륙 활성)
[offboard_node-2] [INFO] [1785263949.480453813] [offboard_node]: 탐색 1회차 — 고도 25m AGL 반경 6.1→30m 링간격 12.2m 속도상한 5.0m/s (풋프린트 단폭 18.8m)
[offboard_node-2] [INFO] [1785263949.480920611] [offboard_node]: WP1 도달·안정 (dist=0.0m speed=0.0m/s) → VISION_SEARCH (비전 착륙 활성)
[offboard_node-2] [INFO] [1785263949.580367843] [offboard_node]: 탐색 1회차 — 고도 25m AGL 반경 6.1→30m 링간격 12.2m 속도상한 5.0m/s (풋프린트 단폭 18.8m)
[offboard_node-2] [INFO] [1785263949.581326799] [offboard_node]: WP1 도달·안정 (dist=0.0m speed=0.0m/s) → VISION_SEARCH (비전 착륙 활성)
[offboard_node-2] [INFO] [1785263949.680645163] [offboard_node]: 탐색 1회차 — 고도 25m AGL 반경 6.1→30m 링간격 12.2m 속도상한 5.0m/s (풋프린트 단폭 18.8m)
[offboard_node-2] [INFO] [1785263949.681313279] [offboard_node]: WP1 도달·안정 (dist=0.0m speed=0.0m/s) → VISION_SEARCH (비전 착륙 활성)
[offboard_node-2] [INFO] [1785263949.780615526] [offboard_node]: 탐색 1회차 — 고도 25m AGL 반경 6.1→30m 링간격 12.2m 속도상한 5.0m/s (풋프린트 단폭 18.8m)
[offboard_node-2] [INFO] [1785263949.781089779] [offboard_node]: WP1 도달·안정 (dist=0.0m speed=0.0m/s) → VISION_SEARCH (비전 착륙 활성)
[offboard_node-2] [INFO] [1785263949.880357077] [offboard_node]: 탐색 1회차 — 고도 25m AGL 반경 6.1→30m 링간격 12.2m 속도상한 5.0m/s (풋프린트 단폭 18.8m)
[offboard_node-2] [INFO] [1785263949.881038735] [offboard_node]: WP1 도달·안정 (dist=0.0m speed=0.0m/s) → VISION_SEARCH (비전 착륙 활성)
[offboard_node-2] [INFO] [1785263949.980754055] [offboard_node]: 탐색 1회차 — 고도 25m AGL 반경 6.1→30m 링간격 12.2m 속도상한 5.0m/s (풋프린트 단폭 18.8m)
[offboard_node-2] [INFO] [1785263949.981471360] [offboard_node]: WP1 도달·안정 (dist=0.0m speed=0.0m/s) → VISION_SEARCH (비전 착륙 활성)
[offboard_node-2] [INFO] [1785263950.080818303] [offboard_node]: 탐색 1회차 — 고도 25m AGL 반경 6.1→30m 링간격 12.2m 속도상한 5.0m/s (풋프린트 단폭 18.8m)
[offboard_node-2] [INFO] [1785263950.081435421] [offboard_node]: WP1 도달·안정 (dist=0.0m speed=0.0m/s) → VISION_SEARCH (비전 착륙 활성)
[offboard_node-2] [INFO] [1785263950.180335099] [offboard_node]: 탐색 1회차 — 고도 25m AGL 반경 6.1→30m 링간격 12.2m 속도상한 5.0m/s (풋프린트 단폭 18.8m)
[offboard_node-2] [INFO] [1785263950.180912906] [offboard_node]: WP1 도달·안정 (dist=0.0m speed=0.0m/s) → VISION_SEARCH (비전 착륙 활성)
[offboard_node-2] [INFO] [1785263950.280552584] [offboard_node]: WP1 홀드 dist=0.0m speed=0.0m/s stable=765/10
[offboard_node-2] [INFO] [1785263950.281175582] [offboard_node]: 탐색 1회차 — 고도 25m AGL 반경 6.1→30m 링간격 12.2m 속도상한 5.0m/s (풋프린트 단폭 18.8m)
[offboard_node-2] [INFO] [1785263950.281510596] [offboard_node]: WP1 도달·안정 (dist=0.0m speed=0.0m/s) → VISION_SEARCH (비전 착륙 활성)
[offboard_node-2] [INFO] [1785263950.380854220] [offboard_node]: 탐색 1회차 — 고도 25m AGL 반경 6.1→30m 링간격 12.2m 속도상한 5.0m/s (풋프린트 단폭 18.8m)
[offboard_node-2] [INFO] [1785263950.381555519] [offboard_node]: WP1 도달·안정 (dist=0.0m speed=0.0m/s) → VISION_SEARCH (비전 착륙 활성)
[telemetry_node-1] [INFO] [1785263950.393549343] [telemetry_node]: pos_ned=[ 3.00005585e+02 -1.62302032e-02  4.98507614e+01]  yaw=0.064  armed=True  vtol=3  batt=15.30V/50%
[offboard_node-2] [INFO] [1785263950.480197446] [offboard_node]: 탐색 1회차 — 고도 25m AGL 반경 6.1→30m 링간격 12.2m 속도상한 5.0m/s (풋프린트 단폭 18.8m)
[offboard_node-2] [INFO] [1785263950.480747823] [offboard_node]: WP1 도달·안정 (dist=0.0m speed=0.0m/s) → VISION_SEARCH (비전 착륙 활성)
[offboard_node-2] [INFO] [1785263950.580140957] [offboard_node]: 탐색 1회차 — 고도 25m AGL 반경 6.1→30m 링간격 12.2m 속도상한 5.0m/s (풋프린트 단폭 18.8m)
[offboard_node-2] [INFO] [1785263950.580842700] [offboard_node]: WP1 도달·안정 (dist=0.0m speed=0.0m/s) → VISION_SEARCH (비전 착륙 활성)
[offboard_node-2] [INFO] [1785263950.680197278] [offboard_node]: 탐색 1회차 — 고도 25m AGL 반경 6.1→30m 링간격 12.2m 속도상한 5.0m/s (풋프린트 단폭 18.8m)
[offboard_node-2] [INFO] [1785263950.680816046] [offboard_node]: WP1 도달·안정 (dist=0.0m speed=0.0m/s) → VISION_SEARCH (비전 착륙 활성)
[offboard_node-2] [INFO] [1785263950.780122875] [offboard_node]: 탐색 1회차 — 고도 25m AGL 반경 6.1→30m 링간격 12.2m 속도상한 5.0m/s (풋프린트 단폭 18.8m)
[offboard_node-2] [INFO] [1785263950.780661600] [offboard_node]: WP1 도달·안정 (dist=0.0m speed=0.0m/s) → VISION_SEARCH (비전 착륙 활성)
[offboard_node-2] [INFO] [1785263950.879876385] [offboard_node]: 탐색 1회차 — 고도 25m AGL 반경 6.1→30m 링간격 12.2m 속도상한 5.0m/s (풋프린트 단폭 18.8m)
[offboard_node-2] [INFO] [1785263950.880547715] [offboard_node]: WP1 도달·안정 (dist=0.0m speed=0.0m/s) → VISION_SEARCH (비전 착륙 활성)
[offboard_node-2] [INFO] [1785263950.979912049] [offboard_node]: 탐색 1회차 — 고도 25m AGL 반경 6.1→30m 링간격 12.2m 속도상한 5.0m/s (풋프린트 단폭 18.8m)
[offboard_node-2] [INFO] [1785263950.980428669] [offboard_node]: WP1 도달·안정 (dist=0.0m speed=0.0m/s) → VISION_SEARCH (비전 착륙 활성)
[offboard_node-2] [INFO] [1785263951.079997223] [offboard_node]: 탐색 1회차 — 고도 25m AGL 반경 6.1→30m 링간격 12.2m 속도상한 5.0m/s (풋프린트 단폭 18.8m)
[offboard_node-2] [INFO] [1785263951.080474723] [offboard_node]: WP1 도달·안정 (dist=0.0m speed=0.0m/s) → VISION_SEARCH (비전 착륙 활성)
[offboard_node-2] [INFO] [1785263951.179899185] [offboard_node]: 탐색 1회차 — 고도 25m AGL 반경 6.1→30m 링간격 12.2m 속도상한 5.0m/s (풋프린트 단폭 18.8m)
[offboard_node-2] [INFO] [1785263951.180408628] [offboard_node]: WP1 도달·안정 (dist=0.0m speed=0.0m/s) → VISION_SEARCH (비전 착륙 활성)
[offboard_node-2] [INFO] [1785263951.279956230] [offboard_node]: 탐색 1회차 — 고도 25m AGL 반경 6.1→30m 링간격 12.2m 속도상한 5.0m/s (풋프린트 단폭 18.8m)
[offboard_node-2] [INFO] [1785263951.280631917] [offboard_node]: WP1 도달·안정 (dist=0.0m speed=0.0m/s) → VISION_SEARCH (비전 착륙 활성)
[offboard_node-2] [INFO] [1785263951.379858280] [offboard_node]: 탐색 1회차 — 고도 25m AGL 반경 6.1→30m 링간격 12.2m 속도상한 5.0m/s (풋프린트 단폭 18.8m)
[offboard_node-2] [INFO] [1785263951.380346415] [offboard_node]: WP1 도달·안정 (dist=0.0m speed=0.0m/s) → VISION_SEARCH (비전 착륙 활성)
[offboard_node-2] [INFO] [1785263951.480024851] [offboard_node]: 탐색 1회차 — 고도 25m AGL 반경 6.1→30m 링간격 12.2m 속도상한 5.0m/s (풋프린트 단폭 18.8m)
[offboard_node-2] [INFO] [1785263951.480804595] [offboard_node]: WP1 도달·안정 (dist=0.0m speed=0.0m/s) → VISION_SEARCH (비전 착륙 활성)
[offboard_node-2] [INFO] [1785263951.580160039] [offboard_node]: 탐색 1회차 — 고도 25m AGL 반경 6.1→30m 링간격 12.2m 속도상한 5.0m/s (풋프린트 단폭 18.8m)
[offboard_node-2] [INFO] [1785263951.581029817] [offboard_node]: WP1 도달·안정 (dist=0.0m speed=0.0m/s) → VISION_SEARCH (비전 착륙 활성)
[offboard_node-2] [INFO] [1785263951.679923416] [offboard_node]: 탐색 1회차 — 고도 25m AGL 반경 6.1→30m 링간격 12.2m 속도상한 5.0m/s (풋프린트 단폭 18.8m)
[offboard_node-2] [INFO] [1785263951.680597748] [offboard_node]: WP1 도달·안정 (dist=0.0m speed=0.0m/s) → VISION_SEARCH (비전 착륙 활성)
[offboard_node-2] [INFO] [1785263951.780030783] [offboard_node]: 탐색 1회차 — 고도 25m AGL 반경 6.1→30m 링간격 12.2m 속도상한 5.0m/s (풋프린트 단폭 18.8m)
[offboard_node-2] [INFO] [1785263951.780702085] [offboard_node]: WP1 도달·안정 (dist=0.0m speed=0.0m/s) → VISION_SEARCH (비전 착륙 활성)
[offboard_node-2] [INFO] [1785263951.880014009] [offboard_node]: 탐색 1회차 — 고도 25m AGL 반경 6.1→30m 링간격 12.2m 속도상한 5.0m/s (풋프린트 단폭 18.8m)
[offboard_node-2] [INFO] [1785263951.880713204] [offboard_node]: WP1 도달·안정 (dist=0.0m speed=0.0m/s) → VISION_SEARCH (비전 착륙 활성)
[offboard_node-2] [INFO] [1785263951.979861301] [offboard_node]: 탐색 1회차 — 고도 25m AGL 반경 6.1→30m 링간격 12.2m 속도상한 5.0m/s (풋프린트 단폭 18.8m)
[offboard_node-2] [INFO] [1785263951.980496835] [offboard_node]: WP1 도달·안정 (dist=0.0m speed=0.0m/s) → VISION_SEARCH (비전 착륙 활성)
[offboard_node-2] [INFO] [1785263952.079926987] [offboard_node]: 탐색 1회차 — 고도 25m AGL 반경 6.1→30m 링간격 12.2m 속도상한 5.0m/s (풋프린트 단폭 18.8m)
[offboard_node-2] [INFO] [1785263952.080508410] [offboard_node]: WP1 도달·안정 (dist=0.0m speed=0.0m/s) → VISION_SEARCH (비전 착륙 활성)
[offboard_node-2] [INFO] [1785263952.180368186] [offboard_node]: 탐색 1회차 — 고도 25m AGL 반경 6.1→30m 링간격 12.2m 속도상한 5.0m/s (풋프린트 단폭 18.8m)
[offboard_node-2] [INFO] [1785263952.180974378] [offboard_node]: WP1 도달·안정 (dist=0.0m speed=0.0m/s) → VISION_SEARCH (비전 착륙 활성)
[offboard_node-2] [INFO] [1785263952.280165092] [offboard_node]: WP1 홀드 dist=0.0m speed=0.0m/s stable=785/10
[offboard_node-2] [INFO] [1785263952.281505324] [offboard_node]: 탐색 1회차 — 고도 25m AGL 반경 6.1→30m 링간격 12.2m 속도상한 5.0m/s (풋프린트 단폭 18.8m)
[offboard_node-2] [INFO] [1785263952.281865288] [offboard_node]: WP1 도달·안정 (dist=0.0m speed=0.0m/s) → VISION_SEARCH (비전 착륙 활성)
[offboard_node-2] [INFO] [1785263952.380366626] [offboard_node]: 탐색 1회차 — 고도 25m AGL 반경 6.1→30m 링간격 12.2m 속도상한 5.0m/s (풋프린트 단폭 18.8m)
[offboard_node-2] [INFO] [1785263952.381400148] [offboard_node]: WP1 도달·안정 (dist=0.0m speed=0.0m/s) → VISION_SEARCH (비전 착륙 활성)
[telemetry_node-1] [INFO] [1785263952.393394532] [telemetry_node]: pos_ned=[ 3.00011505e+02 -1.40873855e-02  4.98638649e+01]  yaw=0.065  armed=True  vtol=3  batt=15.30V/50%
[offboard_node-2] [INFO] [1785263952.480243723] [offboard_node]: 탐색 1회차 — 고도 25m AGL 반경 6.1→30m 링간격 12.2m 속도상한 5.0m/s (풋프린트 단폭 18.8m)
[offboard_node-2] [INFO] [1785263952.481004960] [offboard_node]: WP1 도달·안정 (dist=0.0m speed=0.0m/s) → VISION_SEARCH (비전 착륙 활성)
[offboard_node-2] [INFO] [1785263952.582873621] [offboard_node]: 탐색 1회차 — 고도 25m AGL 반경 6.1→30m 링간격 12.2m 속도상한 5.0m/s (풋프린트 단폭 18.8m)
[offboard_node-2] [INFO] [1785263952.583479510] [offboard_node]: WP1 도달·안정 (dist=0.0m speed=0.0m/s) → VISION_SEARCH (비전 착륙 활성)
[offboard_node-2] [INFO] [1785263952.679959001] [offboard_node]: 탐색 1회차 — 고도 25m AGL 반경 6.1→30m 링간격 12.2m 속도상한 5.0m/s (풋프린트 단폭 18.8m)
[offboard_node-2] [INFO] [1785263952.681416485] [offboard_node]: WP1 도달·안정 (dist=0.0m speed=0.0m/s) → VISION_SEARCH (비전 착륙 활성)
[offboard_node-2] [INFO] [1785263952.780037523] [offboard_node]: 탐색 1회차 — 고도 25m AGL 반경 6.1→30m 링간격 12.2m 속도상한 5.0m/s (풋프린트 단폭 18.8m)
[offboard_node-2] [INFO] [1785263952.780698591] [offboard_node]: WP1 도달·안정 (dist=0.0m speed=0.0m/s) → VISION_SEARCH (비전 착륙 활성)
[offboard_node-2] [INFO] [1785263954.277532507] [offboard_node]: 탐색 1회차 — 고도 25m AGL 반경 6.1→30m 링간격 12.2m 속도상한 5.0m/s (풋프린트 단폭 18.8m)
[offboard_node-2] [INFO] [1785263954.278030188] [offboard_node]: WP1 도달·안정 (dist=0.0m speed=0.0m/s) → VISION_SEARCH (비전 착륙 활성)
[offboard_node-2] [INFO] [1785263954.281081364] [offboard_node]: 탐색 1회차 — 고도 25m AGL 반경 6.1→30m 링간격 12.2m 속도상한 5.0m/s (풋프린트 단폭 18.8m)
[offboard_node-2] [INFO] [1785263954.281769984] [offboard_node]: WP1 도달·안정 (dist=0.0m speed=0.0m/s) → VISION_SEARCH (비전 착륙 활성)
[offboard_node-2] [INFO] [1785263954.380152995] [offboard_node]: 탐색 1회차 — 고도 25m AGL 반경 6.1→30m 링간격 12.2m 속도상한 5.0m/s (풋프린트 단폭 18.8m)
[offboard_node-2] [INFO] [1785263954.380927274] [offboard_node]: WP1 도달·안정 (dist=0.0m speed=0.0m/s) → VISION_SEARCH (비전 착륙 활성)
[telemetry_node-1] [INFO] [1785263954.393597628] [telemetry_node]: pos_ned=[ 3.00008209e+02 -2.22537331e-02  4.98764763e+01]  yaw=0.065  armed=True  vtol=3  batt=15.30V/50%
[offboard_node-2] [INFO] [1785263954.480360842] [offboard_node]: 탐색 1회차 — 고도 25m AGL 반경 6.1→30m 링간격 12.2m 속도상한 5.0m/s (풋프린트 단폭 18.8m)
[offboard_node-2] [INFO] [1785263954.480995382] [offboard_node]: WP1 도달·안정 (dist=0.0m speed=0.0m/s) → VISION_SEARCH (비전 착륙 활성)
[offboard_node-2] [INFO] [1785263954.580235223] [offboard_node]: 탐색 1회차 — 고도 25m AGL 반경 6.1→30m 링간격 12.2m 속도상한 5.0m/s (풋프린트 단폭 18.8m)
[offboard_node-2] [INFO] [1785263954.581729700] [offboard_node]: WP1 도달·안정 (dist=0.0m speed=0.0m/s) → VISION_SEARCH (비전 착륙 활성)
[offboard_node-2] [INFO] [1785263954.680835959] [offboard_node]: 탐색 1회차 — 고도 25m AGL 반경 6.1→30m 링간격 12.2m 속도상한 5.0m/s (풋프린트 단폭 18.8m)
[offboard_node-2] [INFO] [1785263954.681931037] [offboard_node]: WP1 도달·안정 (dist=0.0m speed=0.0m/s) → VISION_SEARCH (비전 착륙 활성)
[offboard_node-2] [INFO] [1785263954.779977903] [offboard_node]: 탐색 1회차 — 고도 25m AGL 반경 6.1→30m 링간격 12.2m 속도상한 5.0m/s (풋프린트 단폭 18.8m)
[offboard_node-2] [INFO] [1785263954.780707000] [offboard_node]: WP1 도달·안정 (dist=0.0m speed=0.0m/s) → VISION_SEARCH (비전 착륙 활성)
[offboard_node-2] [INFO] [1785263954.880027834] [offboard_node]: 탐색 1회차 — 고도 25m AGL 반경 6.1→30m 링간격 12.2m 속도상한 5.0m/s (풋프린트 단폭 18.8m)
[offboard_node-2] [INFO] [1785263954.880784040] [offboard_node]: WP1 도달·안정 (dist=0.0m speed=0.0m/s) → VISION_SEARCH (비전 착륙 활성)
[offboard_node-2] [INFO] [1785263954.980093103] [offboard_node]: 탐색 1회차 — 고도 25m AGL 반경 6.1→30m 링간격 12.2m 속도상한 5.0m/s (풋프린트 단폭 18.8m)
[offboard_node-2] [INFO] [1785263954.980738243] [offboard_node]: WP1 도달·안정 (dist=0.0m speed=0.0m/s) → VISION_SEARCH (비전 착륙 활성)
[offboard_node-2] [INFO] [1785263955.080262429] [offboard_node]: 탐색 1회차 — 고도 25m AGL 반경 6.1→30m 링간격 12.2m 속도상한 5.0m/s (풋프린트 단폭 18.8m)
[offboard_node-2] [INFO] [1785263955.080983190] [offboard_node]: WP1 도달·안정 (dist=0.0m speed=0.0m/s) → VISION_SEARCH (비전 착륙 활성)
[offboard_node-2] [INFO] [1785263955.180142448] [offboard_node]: 탐색 1회차 — 고도 25m AGL 반경 6.1→30m 링간격 12.2m 속도상한 5.0m/s (풋프린트 단폭 18.8m)
[offboard_node-2] [INFO] [1785263955.180741292] [offboard_node]: WP1 도달·안정 (dist=0.0m speed=0.0m/s) → VISION_SEARCH (비전 착륙 활성)
[offboard_node-2] [INFO] [1785263955.280646330] [offboard_node]: 탐색 1회차 — 고도 25m AGL 반경 6.1→30m 링간격 12.2m 속도상한 5.0m/s (풋프린트 단폭 18.8m)
[offboard_node-2] [INFO] [1785263955.281717781] [offboard_node]: WP1 도달·안정 (dist=0.0m speed=0.0m/s) → VISION_SEARCH (비전 착륙 활성)
[offboard_node-2] [INFO] [1785263955.380511333] [offboard_node]: 탐색 1회차 — 고도 25m AGL 반경 6.1→30m 링간격 12.2m 속도상한 5.0m/s (풋프린트 단폭 18.8m)
[offboard_node-2] [INFO] [1785263955.381297388] [offboard_node]: WP1 도달·안정 (dist=0.0m speed=0.0m/s) → VISION_SEARCH (비전 착륙 활성)
[offboard_node-2] [INFO] [1785263955.480128134] [offboard_node]: 탐색 1회차 — 고도 25m AGL 반경 6.1→30m 링간격 12.2m 속도상한 5.0m/s (풋프린트 단폭 18.8m)
[offboard_node-2] [INFO] [1785263955.480748428] [offboard_node]: WP1 도달·안정 (dist=0.0m speed=0.0m/s) → VISION_SEARCH (비전 착륙 활성)
[offboard_node-2] [INFO] [1785263955.580023908] [offboard_node]: WP1 홀드 dist=0.0m speed=0.0m/s stable=805/10
[offboard_node-2] [INFO] [1785263955.581243294] [offboard_node]: 탐색 1회차 — 고도 25m AGL 반경 6.1→30m 링간격 12.2m 속도상한 5.0m/s (풋프린트 단폭 18.8m)
[offboard_node-2] [INFO] [1785263955.581693211] [offboard_node]: WP1 도달·안정 (dist=0.0m speed=0.0m/s) → VISION_SEARCH (비전 착륙 활성)
[offboard_node-2] [INFO] [1785263955.680481672] [offboard_node]: 탐색 1회차 — 고도 25m AGL 반경 6.1→30m 링간격 12.2m 속도상한 5.0m/s (풋프린트 단폭 18.8m)
[offboard_node-2] [INFO] [1785263955.681160243] [offboard_node]: WP1 도달·안정 (dist=0.0m speed=0.0m/s) → VISION_SEARCH (비전 착륙 활성)
[offboard_node-2] [INFO] [1785263955.780032172] [offboard_node]: 탐색 1회차 — 고도 25m AGL 반경 6.1→30m 링간격 12.2m 속도상한 5.0m/s (풋프린트 단폭 18.8m)
[offboard_node-2] [INFO] [1785263955.780783045] [offboard_node]: WP1 도달·안정 (dist=0.0m speed=0.0m/s) → VISION_SEARCH (비전 착륙 활성)
[offboard_node-2] [INFO] [1785263955.880684740] [offboard_node]: 탐색 1회차 — 고도 25m AGL 반경 6.1→30m 링간격 12.2m 속도상한 5.0m/s (풋프린트 단폭 18.8m)
[offboard_node-2] [INFO] [1785263955.881433177] [offboard_node]: WP1 도달·안정 (dist=0.0m speed=0.0m/s) → VISION_SEARCH (비전 착륙 활성)
[offboard_node-2] [INFO] [1785263955.980096037] [offboard_node]: 탐색 1회차 — 고도 25m AGL 반경 6.1→30m 링간격 12.2m 속도상한 5.0m/s (풋프린트 단폭 18.8m)
[offboard_node-2] [INFO] [1785263955.981025842] [offboard_node]: WP1 도달·안정 (dist=0.0m speed=0.0m/s) → VISION_SEARCH (비전 착륙 활성)
[offboard_node-2] [INFO] [1785263956.080186653] [offboard_node]: 탐색 1회차 — 고도 25m AGL 반경 6.1→30m 링간격 12.2m 속도상한 5.0m/s (풋프린트 단폭 18.8m)
[offboard_node-2] [INFO] [1785263956.081434960] [offboard_node]: WP1 도달·안정 (dist=0.0m speed=0.0m/s) → VISION_SEARCH (비전 착륙 활성)
[offboard_node-2] [INFO] [1785263956.180133195] [offboard_node]: 탐색 1회차 — 고도 25m AGL 반경 6.1→30m 링간격 12.2m 속도상한 5.0m/s (풋프린트 단폭 18.8m)
[offboard_node-2] [INFO] [1785263956.181436464] [offboard_node]: WP1 도달·안정 (dist=0.0m speed=0.0m/s) → VISION_SEARCH (비전 착륙 활성)
[offboard_node-2] [INFO] [1785263956.279922978] [offboard_node]: 탐색 1회차 — 고도 25m AGL 반경 6.1→30m 링간격 12.2m 속도상한 5.0m/s (풋프린트 단폭 18.8m)
[offboard_node-2] [INFO] [1785263956.280518073] [offboard_node]: WP1 도달·안정 (dist=0.0m speed=0.0m/s) → VISION_SEARCH (비전 착륙 활성)
[offboard_node-2] [INFO] [1785263956.380102651] [offboard_node]: 탐색 1회차 — 고도 25m AGL 반경 6.1→30m 링간격 12.2m 속도상한 5.0m/s (풋프린트 단폭 18.8m)
[offboard_node-2] [INFO] [1785263956.380798472] [offboard_node]: WP1 도달·안정 (dist=0.0m speed=0.0m/s) → VISION_SEARCH (비전 착륙 활성)
[telemetry_node-1] [INFO] [1785263956.393745378] [telemetry_node]: pos_ned=[ 3.00002777e+02 -1.85688455e-02  4.98902054e+01]  yaw=0.067  armed=True  vtol=3  batt=15.30V/50%
[offboard_node-2] [INFO] [1785263956.480074591] [offboard_node]: 탐색 1회차 — 고도 25m AGL 반경 6.1→30m 링간격 12.2m 속도상한 5.0m/s (풋프린트 단폭 18.8m)
[offboard_node-2] [INFO] [1785263956.480765065] [offboard_node]: WP1 도달·안정 (dist=0.0m speed=0.0m/s) → VISION_SEARCH (비전 착륙 활성)
[offboard_node-2] [INFO] [1785263956.580476517] [offboard_node]: 탐색 1회차 — 고도 25m AGL 반경 6.1→30m 링간격 12.2m 속도상한 5.0m/s (풋프린트 단폭 18.8m)
[offboard_node-2] [INFO] [1785263956.582042349] [offboard_node]: WP1 도달·안정 (dist=0.0m speed=0.0m/s) → VISION_SEARCH (비전 착륙 활성)
[offboard_node-2] [INFO] [1785263956.679827018] [offboard_node]: 탐색 1회차 — 고도 25m AGL 반경 6.1→30m 링간격 12.2m 속도상한 5.0m/s (풋프린트 단폭 18.8m)
[offboard_node-2] [INFO] [1785263956.680375153] [offboard_node]: WP1 도달·안정 (dist=0.0m speed=0.0m/s) → VISION_SEARCH (비전 착륙 활성)
[offboard_node-2] [INFO] [1785263956.780118426] [offboard_node]: 탐색 1회차 — 고도 25m AGL 반경 6.1→30m 링간격 12.2m 속도상한 5.0m/s (풋프린트 단폭 18.8m)
[offboard_node-2] [INFO] [1785263956.780968514] [offboard_node]: WP1 도달·안정 (dist=0.0m speed=0.0m/s) → VISION_SEARCH (비전 착륙 활성)
[offboard_node-2] [INFO] [1785263956.880277228] [offboard_node]: 탐색 1회차 — 고도 25m AGL 반경 6.1→30m 링간격 12.2m 속도상한 5.0m/s (풋프린트 단폭 18.8m)
[offboard_node-2] [INFO] [1785263956.881410685] [offboard_node]: WP1 도달·안정 (dist=0.0m speed=0.0m/s) → VISION_SEARCH (비전 착륙 활성)
[offboard_node-2] [INFO] [1785263956.980343727] [offboard_node]: 탐색 1회차 — 고도 25m AGL 반경 6.1→30m 링간격 12.2m 속도상한 5.0m/s (풋프린트 단폭 18.8m)
[offboard_node-2] [INFO] [1785263956.981180450] [offboard_node]: WP1 도달·안정 (dist=0.0m speed=0.0m/s) → VISION_SEARCH (비전 착륙 활성)
[offboard_node-2] [INFO] [1785263957.080194933] [offboard_node]: 탐색 1회차 — 고도 25m AGL 반경 6.1→30m 링간격 12.2m 속도상한 5.0m/s (풋프린트 단폭 18.8m)
[offboard_node-2] [INFO] [1785263957.080998939] [offboard_node]: WP1 도달·안정 (dist=0.0m speed=0.0m/s) → VISION_SEARCH (비전 착륙 활성)
[offboard_node-2] [INFO] [1785263957.180406045] [offboard_node]: 탐색 1회차 — 고도 25m AGL 반경 6.1→30m 링간격 12.2m 속도상한 5.0m/s (풋프린트 단폭 18.8m)
[offboard_node-2] [INFO] [1785263957.181106301] [offboard_node]: WP1 도달·안정 (dist=0.0m speed=0.0m/s) → VISION_SEARCH (비전 착륙 활성)
[offboard_node-2] [INFO] [1785263957.282432236] [offboard_node]: 탐색 1회차 — 고도 25m AGL 반경 6.1→30m 링간격 12.2m 속도상한 5.0m/s (풋프린트 단폭 18.8m)
[offboard_node-2] [INFO] [1785263957.283978009] [offboard_node]: WP1 도달·안정 (dist=0.0m speed=0.0m/s) → VISION_SEARCH (비전 착륙 활성)
[offboard_node-2] [INFO] [1785263957.380282889] [offboard_node]: 탐색 1회차 — 고도 25m AGL 반경 6.1→30m 링간격 12.2m 속도상한 5.0m/s (풋프린트 단폭 18.8m)
[offboard_node-2] [INFO] [1785263957.381312099] [offboard_node]: WP1 도달·안정 (dist=0.0m speed=0.0m/s) → VISION_SEARCH (비전 착륙 활성)
[offboard_node-2] [INFO] [1785263957.480078724] [offboard_node]: 탐색 1회차 — 고도 25m AGL 반경 6.1→30m 링간격 12.2m 속도상한 5.0m/s (풋프린트 단폭 18.8m)
[offboard_node-2] [INFO] [1785263957.480481761] [offboard_node]: WP1 도달·안정 (dist=0.0m speed=0.0m/s) → VISION_SEARCH (비전 착륙 활성)
[offboard_node-2] [INFO] [1785263957.580910819] [offboard_node]: WP1 홀드 dist=0.0m speed=0.0m/s stable=825/10
[offboard_node-2] [INFO] [1785263957.581666513] [offboard_node]: 탐색 1회차 — 고도 25m AGL 반경 6.1→30m 링간격 12.2m 속도상한 5.0m/s (풋프린트 단폭 18.8m)
[offboard_node-2] [INFO] [1785263957.582215441] [offboard_node]: WP1 도달·안정 (dist=0.0m speed=0.0m/s) → VISION_SEARCH (비전 착륙 활성)
[offboard_node-2] [INFO] [1785263957.680190861] [offboard_node]: 탐색 1회차 — 고도 25m AGL 반경 6.1→30m 링간격 12.2m 속도상한 5.0m/s (풋프린트 단폭 18.8m)
[offboard_node-2] [INFO] [1785263957.680687338] [offboard_node]: WP1 도달·안정 (dist=0.0m speed=0.0m/s) → VISION_SEARCH (비전 착륙 활성)
[offboard_node-2] [INFO] [1785263957.780108171] [offboard_node]: 탐색 1회차 — 고도 25m AGL 반경 6.1→30m 링간격 12.2m 속도상한 5.0m/s (풋프린트 단폭 18.8m)
[offboard_node-2] [INFO] [1785263957.780677977] [offboard_node]: WP1 도달·안정 (dist=0.0m speed=0.0m/s) → VISION_SEARCH (비전 착륙 활성)
[offboard_node-2] [INFO] [1785263957.880145053] [offboard_node]: 탐색 1회차 — 고도 25m AGL 반경 6.1→30m 링간격 12.2m 속도상한 5.0m/s (풋프린트 단폭 18.8m)
[offboard_node-2] [INFO] [1785263957.880584949] [offboard_node]: WP1 도달·안정 (dist=0.0m speed=0.0m/s) → VISION_SEARCH (비전 착륙 활성)
[offboard_node-2] [INFO] [1785263957.980314541] [offboard_node]: 탐색 1회차 — 고도 25m AGL 반경 6.1→30m 링간격 12.2m 속도상한 5.0m/s (풋프린트 단폭 18.8m)
[offboard_node-2] [INFO] [1785263957.980934406] [offboard_node]: WP1 도달·안정 (dist=0.0m speed=0.0m/s) → VISION_SEARCH (비전 착륙 활성)
[offboard_node-2] [INFO] [1785263958.080096452] [offboard_node]: 탐색 1회차 — 고도 25m AGL 반경 6.1→30m 링간격 12.2m 속도상한 5.0m/s (풋프린트 단폭 18.8m)
[offboard_node-2] [INFO] [1785263958.080842961] [offboard_node]: WP1 도달·안정 (dist=0.0m speed=0.0m/s) → VISION_SEARCH (비전 착륙 활성)
[offboard_node-2] [INFO] [1785263958.180094150] [offboard_node]: 탐색 1회차 — 고도 25m AGL 반경 6.1→30m 링간격 12.2m 속도상한 5.0m/s (풋프린트 단폭 18.8m)
[offboard_node-2] [INFO] [1785263958.180730061] [offboard_node]: WP1 도달·안정 (dist=0.0m speed=0.0m/s) → VISION_SEARCH (비전 착륙 활성)
[offboard_node-2] [INFO] [1785263958.280030290] [offboard_node]: 탐색 1회차 — 고도 25m AGL 반경 6.1→30m 링간격 12.2m 속도상한 5.0m/s (풋프린트 단폭 18.8m)
[offboard_node-2] [INFO] [1785263958.280424919] [offboard_node]: WP1 도달·안정 (dist=0.0m speed=0.0m/s) → VISION_SEARCH (비전 착륙 활성)
[offboard_node-2] [INFO] [1785263958.380014484] [offboard_node]: 탐색 1회차 — 고도 25m AGL 반경 6.1→30m 링간격 12.2m 속도상한 5.0m/s (풋프린트 단폭 18.8m)
[offboard_node-2] [INFO] [1785263958.380528677] [offboard_node]: WP1 도달·안정 (dist=0.0m speed=0.0m/s) → VISION_SEARCH (비전 착륙 활성)
[telemetry_node-1] [INFO] [1785263958.393535449] [telemetry_node]: pos_ned=[ 3.00013519e+02 -3.13458368e-02  4.99117851e+01]  yaw=0.068  armed=True  vtol=3  batt=15.30V/50%
[offboard_node-2] [INFO] [1785263958.480169204] [offboard_node]: 탐색 1회차 — 고도 25m AGL 반경 6.1→30m 링간격 12.2m 속도상한 5.0m/s (풋프린트 단폭 18.8m)
[offboard_node-2] [INFO] [1785263958.480584029] [offboard_node]: WP1 도달·안정 (dist=0.0m speed=0.0m/s) → VISION_SEARCH (비전 착륙 활성)
[offboard_node-2] [INFO] [1785263958.580091576] [offboard_node]: 탐색 1회차 — 고도 25m AGL 반경 6.1→30m 링간격 12.2m 속도상한 5.0m/s (풋프린트 단폭 18.8m)
[offboard_node-2] [INFO] [1785263958.580585141] [offboard_node]: WP1 도달·안정 (dist=0.0m speed=0.0m/s) → VISION_SEARCH (비전 착륙 활성)
[offboard_node-2] [INFO] [1785263958.680493825] [offboard_node]: 탐색 1회차 — 고도 25m AGL 반경 6.1→30m 링간격 12.2m 속도상한 5.0m/s (풋프린트 단폭 18.8m)
[offboard_node-2] [INFO] [1785263958.681250316] [offboard_node]: WP1 도달·안정 (dist=0.0m speed=0.0m/s) → VISION_SEARCH (비전 착륙 활성)
[offboard_node-2] [INFO] [1785263958.780057534] [offboard_node]: 탐색 1회차 — 고도 25m AGL 반경 6.1→30m 링간격 12.2m 속도상한 5.0m/s (풋프린트 단폭 18.8m)
[offboard_node-2] [INFO] [1785263958.780574757] [offboard_node]: WP1 도달·안정 (dist=0.0m speed=0.0m/s) → VISION_SEARCH (비전 착륙 활성)
[offboard_node-2] [INFO] [1785263958.880049442] [offboard_node]: 탐색 1회차 — 고도 25m AGL 반경 6.1→30m 링간격 12.2m 속도상한 5.0m/s (풋프린트 단폭 18.8m)
[offboard_node-2] [INFO] [1785263958.880472638] [offboard_node]: WP1 도달·안정 (dist=0.0m speed=0.0m/s) → VISION_SEARCH (비전 착륙 활성)
[offboard_node-2] [INFO] [1785263958.980104448] [offboard_node]: 탐색 1회차 — 고도 25m AGL 반경 6.1→30m 링간격 12.2m 속도상한 5.0m/s (풋프린트 단폭 18.8m)
[offboard_node-2] [INFO] [1785263958.980647245] [offboard_node]: WP1 도달·안정 (dist=0.0m speed=0.0m/s) → VISION_SEARCH (비전 착륙 활성)
[offboard_node-2] [INFO] [1785263959.080077769] [offboard_node]: 탐색 1회차 — 고도 25m AGL 반경 6.1→30m 링간격 12.2m 속도상한 5.0m/s (풋프린트 단폭 18.8m)
[offboard_node-2] [INFO] [1785263959.080503117] [offboard_node]: WP1 도달·안정 (dist=0.0m speed=0.0m/s) → VISION_SEARCH (비전 착륙 활성)
[offboard_node-2] [INFO] [1785263959.180055556] [offboard_node]: 탐색 1회차 — 고도 25m AGL 반경 6.1→30m 링간격 12.2m 속도상한 5.0m/s (풋프린트 단폭 18.8m)
[offboard_node-2] [INFO] [1785263959.180535419] [offboard_node]: WP1 도달·안정 (dist=0.0m speed=0.0m/s) → VISION_SEARCH (비전 착륙 활성)
[offboard_node-2] [INFO] [1785263959.280246865] [offboard_node]: 탐색 1회차 — 고도 25m AGL 반경 6.1→30m 링간격 12.2m 속도상한 5.0m/s (풋프린트 단폭 18.8m)
[offboard_node-2] [INFO] [1785263959.280899226] [offboard_node]: WP1 도달·안정 (dist=0.0m speed=0.0m/s) → VISION_SEARCH (비전 착륙 활성)
[offboard_node-2] [INFO] [1785263959.380704451] [offboard_node]: 탐색 1회차 — 고도 25m AGL 반경 6.1→30m 링간격 12.2m 속도상한 5.0m/s (풋프린트 단폭 18.8m)
[offboard_node-2] [INFO] [1785263959.381763335] [offboard_node]: WP1 도달·안정 (dist=0.0m speed=0.0m/s) → VISION_SEARCH (비전 착륙 활성)
[offboard_node-2] [INFO] [1785263959.480399700] [offboard_node]: 탐색 1회차 — 고도 25m AGL 반경 6.1→30m 링간격 12.2m 속도상한 5.0m/s (풋프린트 단폭 18.8m)
[offboard_node-2] [INFO] [1785263959.481156734] [offboard_node]: WP1 도달·안정 (dist=0.0m speed=0.0m/s) → VISION_SEARCH (비전 착륙 활성)
[offboard_node-2] [INFO] [1785263959.580203661] [offboard_node]: WP1 홀드 dist=0.0m speed=0.0m/s stable=845/10
[offboard_node-2] [INFO] [1785263959.580855448] [offboard_node]: 탐색 1회차 — 고도 25m AGL 반경 6.1→30m 링간격 12.2m 속도상한 5.0m/s (풋프린트 단폭 18.8m)
[offboard_node-2] [INFO] [1785263959.582038704] [offboard_node]: WP1 도달·안정 (dist=0.0m speed=0.0m/s) → VISION_SEARCH (비전 착륙 활성)
[offboard_node-2] [INFO] [1785263959.680178000] [offboard_node]: 탐색 1회차 — 고도 25m AGL 반경 6.1→30m 링간격 12.2m 속도상한 5.0m/s (풋프린트 단폭 18.8m)
[offboard_node-2] [INFO] [1785263959.680885299] [offboard_node]: WP1 도달·안정 (dist=0.0m speed=0.0m/s) → VISION_SEARCH (비전 착륙 활성)
[offboard_node-2] [INFO] [1785263959.780318400] [offboard_node]: 탐색 1회차 — 고도 25m AGL 반경 6.1→30m 링간격 12.2m 속도상한 5.0m/s (풋프린트 단폭 18.8m)
[offboard_node-2] [INFO] [1785263959.780859433] [offboard_node]: WP1 도달·안정 (dist=0.0m speed=0.0m/s) → VISION_SEARCH (비전 착륙 활성)
[offboard_node-2] [INFO] [1785263959.880449354] [offboard_node]: 탐색 1회차 — 고도 25m AGL 반경 6.1→30m 링간격 12.2m 속도상한 5.0m/s (풋프린트 단폭 18.8m)
[offboard_node-2] [INFO] [1785263959.881193408] [offboard_node]: WP1 도달·안정 (dist=0.0m speed=0.0m/s) → VISION_SEARCH (비전 착륙 활성)
[offboard_node-2] [INFO] [1785263959.980560831] [offboard_node]: 탐색 1회차 — 고도 25m AGL 반경 6.1→30m 링간격 12.2m 속도상한 5.0m/s (풋프린트 단폭 18.8m)
[offboard_node-2] [INFO] [1785263959.981888734] [offboard_node]: WP1 도달·안정 (dist=0.0m speed=0.0m/s) → VISION_SEARCH (비전 착륙 활성)
[offboard_node-2] [INFO] [1785263960.080715363] [offboard_node]: 탐색 1회차 — 고도 25m AGL 반경 6.1→30m 링간격 12.2m 속도상한 5.0m/s (풋프린트 단폭 18.8m)
[offboard_node-2] [INFO] [1785263960.082526398] [offboard_node]: WP1 도달·안정 (dist=0.0m speed=0.0m/s) → VISION_SEARCH (비전 착륙 활성)
[offboard_node-2] [INFO] [1785263960.180766702] [offboard_node]: 탐색 1회차 — 고도 25m AGL 반경 6.1→30m 링간격 12.2m 속도상한 5.0m/s (풋프린트 단폭 18.8m)
[offboard_node-2] [INFO] [1785263960.181468383] [offboard_node]: WP1 도달·안정 (dist=0.0m speed=0.0m/s) → VISION_SEARCH (비전 착륙 활성)
[offboard_node-2] [INFO] [1785263960.280064925] [offboard_node]: 탐색 1회차 — 고도 25m AGL 반경 6.1→30m 링간격 12.2m 속도상한 5.0m/s (풋프린트 단폭 18.8m)
[offboard_node-2] [INFO] [1785263960.280643100] [offboard_node]: WP1 도달·안정 (dist=0.0m speed=0.0m/s) → VISION_SEARCH (비전 착륙 활성)
[offboard_node-2] [INFO] [1785263960.380253749] [offboard_node]: 탐색 1회차 — 고도 25m AGL 반경 6.1→30m 링간격 12.2m 속도상한 5.0m/s (풋프린트 단폭 18.8m)
[offboard_node-2] [INFO] [1785263960.381048740] [offboard_node]: WP1 도달·안정 (dist=0.0m speed=0.0m/s) → VISION_SEARCH (비전 착륙 활성)
[telemetry_node-1] [INFO] [1785263960.393878865] [telemetry_node]: pos_ned=[ 2.99994537e+02 -3.32268886e-02  4.99281311e+01]  yaw=0.069  armed=True  vtol=3  batt=15.30V/50%
[offboard_node-2] [INFO] [1785263960.480407975] [offboard_node]: 탐색 1회차 — 고도 25m AGL 반경 6.1→30m 링간격 12.2m 속도상한 5.0m/s (풋프린트 단폭 18.8m)
[offboard_node-2] [INFO] [1785263960.481065541] [offboard_node]: WP1 도달·안정 (dist=0.0m speed=0.0m/s) → VISION_SEARCH (비전 착륙 활성)
[offboard_node-2] [INFO] [1785263960.580268637] [offboard_node]: 탐색 1회차 — 고도 25m AGL 반경 6.1→30m 링간격 12.2m 속도상한 5.0m/s (풋프린트 단폭 18.8m)
[offboard_node-2] [INFO] [1785263960.580925599] [offboard_node]: WP1 도달·안정 (dist=0.0m speed=0.0m/s) → VISION_SEARCH (비전 착륙 활성)
[offboard_node-2] [INFO] [1785263960.681305780] [offboard_node]: 탐색 1회차 — 고도 25m AGL 반경 6.1→30m 링간격 12.2m 속도상한 5.0m/s (풋프린트 단폭 18.8m)
[offboard_node-2] [INFO] [1785263960.682053327] [offboard_node]: WP1 도달·안정 (dist=0.0m speed=0.0m/s) → VISION_SEARCH (비전 착륙 활성)
[offboard_node-2] [INFO] [1785263960.783289967] [offboard_node]: 탐색 1회차 — 고도 25m AGL 반경 6.1→30m 링간격 12.2m 속도상한 5.0m/s (풋프린트 단폭 18.8m)
[offboard_node-2] [INFO] [1785263960.785586867] [offboard_node]: WP1 도달·안정 (dist=0.0m speed=0.0m/s) → VISION_SEARCH (비전 착륙 활성)
[offboard_node-2] [INFO] [1785263960.881034385] [offboard_node]: 탐색 1회차 — 고도 25m AGL 반경 6.1→30m 링간격 12.2m 속도상한 5.0m/s (풋프린트 단폭 18.8m)
[offboard_node-2] [INFO] [1785263960.882215967] [offboard_node]: WP1 도달·안정 (dist=0.0m speed=0.0m/s) → VISION_SEARCH (비전 착륙 활성)
[offboard_node-2] [INFO] [1785263960.980715369] [offboard_node]: 탐색 1회차 — 고도 25m AGL 반경 6.1→30m 링간격 12.2m 속도상한 5.0m/s (풋프린트 단폭 18.8m)
[offboard_node-2] [INFO] [1785263960.981703262] [offboard_node]: WP1 도달·안정 (dist=0.0m speed=0.0m/s) → VISION_SEARCH (비전 착륙 활성)
[offboard_node-2] [INFO] [1785263961.080982566] [offboard_node]: 탐색 1회차 — 고도 25m AGL 반경 6.1→30m 링간격 12.2m 속도상한 5.0m/s (풋프린트 단폭 18.8m)
[offboard_node-2] [INFO] [1785263961.082270002] [offboard_node]: WP1 도달·안정 (dist=0.0m speed=0.0m/s) → VISION_SEARCH (비전 착륙 활성)
[offboard_node-2] [INFO] [1785263961.181156663] [offboard_node]: 탐색 1회차 — 고도 25m AGL 반경 6.1→30m 링간격 12.2m 속도상한 5.0m/s (풋프린트 단폭 18.8m)
[offboard_node-2] [INFO] [1785263961.182490287] [offboard_node]: WP1 도달·안정 (dist=0.0m speed=0.0m/s) → VISION_SEARCH (비전 착륙 활성)
[offboard_node-2] [INFO] [1785263961.280442185] [offboard_node]: 탐색 1회차 — 고도 25m AGL 반경 6.1→30m 링간격 12.2m 속도상한 5.0m/s (풋프린트 단폭 18.8m)
[offboard_node-2] [INFO] [1785263961.281154239] [offboard_node]: WP1 도달·안정 (dist=0.0m speed=0.0m/s) → VISION_SEARCH (비전 착륙 활성)
[offboard_node-2] [INFO] [1785263961.380979935] [offboard_node]: 탐색 1회차 — 고도 25m AGL 반경 6.1→30m 링간격 12.2m 속도상한 5.0m/s (풋프린트 단폭 18.8m)
[offboard_node-2] [INFO] [1785263961.381873031] [offboard_node]: WP1 도달·안정 (dist=0.0m speed=0.0m/s) → VISION_SEARCH (비전 착륙 활성)
[offboard_node-2] [INFO] [1785263961.480256620] [offboard_node]: 탐색 1회차 — 고도 25m AGL 반경 6.1→30m 링간격 12.2m 속도상한 5.0m/s (풋프린트 단폭 18.8m)
[offboard_node-2] [INFO] [1785263961.480821062] [offboard_node]: WP1 도달·안정 (dist=0.0m speed=0.0m/s) → VISION_SEARCH (비전 착륙 활성)
[offboard_node-2] [INFO] [1785263961.580059082] [offboard_node]: WP1 홀드 dist=0.0m speed=0.0m/s stable=865/10
[offboard_node-2] [INFO] [1785263961.580640450] [offboard_node]: 탐색 1회차 — 고도 25m AGL 반경 6.1→30m 링간격 12.2m 속도상한 5.0m/s (풋프린트 단폭 18.8m)
[offboard_node-2] [INFO] [1785263961.581057555] [offboard_node]: WP1 도달·안정 (dist=0.0m speed=0.0m/s) → VISION_SEARCH (비전 착륙 활성)
[offboard_node-2] [INFO] [1785263961.680668336] [offboard_node]: 탐색 1회차 — 고도 25m AGL 반경 6.1→30m 링간격 12.2m 속도상한 5.0m/s (풋프린트 단폭 18.8m)
[offboard_node-2] [INFO] [1785263961.681406696] [offboard_node]: WP1 도달·안정 (dist=0.0m speed=0.0m/s) → VISION_SEARCH (비전 착륙 활성)
[offboard_node-2] [INFO] [1785263961.780470513] [offboard_node]: 탐색 1회차 — 고도 25m AGL 반경 6.1→30m 링간격 12.2m 속도상한 5.0m/s (풋프린트 단폭 18.8m)
[offboard_node-2] [INFO] [1785263961.780948648] [offboard_node]: WP1 도달·안정 (dist=0.0m speed=0.0m/s) → VISION_SEARCH (비전 착륙 활성)
[offboard_node-2] [INFO] [1785263961.880471801] [offboard_node]: 탐색 1회차 — 고도 25m AGL 반경 6.1→30m 링간격 12.2m 속도상한 5.0m/s (풋프린트 단폭 18.8m)
[offboard_node-2] [INFO] [1785263961.881903125] [offboard_node]: WP1 도달·안정 (dist=0.0m speed=0.0m/s) → VISION_SEARCH (비전 착륙 활성)
[offboard_node-2] [INFO] [1785263961.980526815] [offboard_node]: 탐색 1회차 — 고도 25m AGL 반경 6.1→30m 링간격 12.2m 속도상한 5.0m/s (풋프린트 단폭 18.8m)
[offboard_node-2] [INFO] [1785263961.981238225] [offboard_node]: WP1 도달·안정 (dist=0.0m speed=0.0m/s) → VISION_SEARCH (비전 착륙 활성)
[offboard_node-2] [INFO] [1785263962.080332688] [offboard_node]: 탐색 1회차 — 고도 25m AGL 반경 6.1→30m 링간격 12.2m 속도상한 5.0m/s (풋프린트 단폭 18.8m)
[offboard_node-2] [INFO] [1785263962.080965884] [offboard_node]: WP1 도달·안정 (dist=0.0m speed=0.0m/s) → VISION_SEARCH (비전 착륙 활성)
[offboard_node-2] [INFO] [1785263962.180599739] [offboard_node]: 탐색 1회차 — 고도 25m AGL 반경 6.1→30m 링간격 12.2m 속도상한 5.0m/s (풋프린트 단폭 18.8m)
[offboard_node-2] [INFO] [1785263962.181759570] [offboard_node]: WP1 도달·안정 (dist=0.0m speed=0.0m/s) → VISION_SEARCH (비전 착륙 활성)
[offboard_node-2] [INFO] [1785263962.280547531] [offboard_node]: 탐색 1회차 — 고도 25m AGL 반경 6.1→30m 링간격 12.2m 속도상한 5.0m/s (풋프린트 단폭 18.8m)
[offboard_node-2] [INFO] [1785263962.281388813] [offboard_node]: WP1 도달·안정 (dist=0.0m speed=0.0m/s) → VISION_SEARCH (비전 착륙 활성)
[offboard_node-2] [INFO] [1785263962.380155313] [offboard_node]: 탐색 1회차 — 고도 25m AGL 반경 6.1→30m 링간격 12.2m 속도상한 5.0m/s (풋프린트 단폭 18.8m)
[offboard_node-2] [INFO] [1785263962.380665300] [offboard_node]: WP1 도달·안정 (dist=0.0m speed=0.0m/s) → VISION_SEARCH (비전 착륙 활성)
[telemetry_node-1] [INFO] [1785263962.393373224] [telemetry_node]: pos_ned=[ 3.00001678e+02 -3.21736261e-02  4.99266205e+01]  yaw=0.069  armed=True  vtol=3  batt=15.30V/50%
[offboard_node-2] [INFO] [1785263962.480244649] [offboard_node]: 탐색 1회차 — 고도 25m AGL 반경 6.1→30m 링간격 12.2m 속도상한 5.0m/s (풋프린트 단폭 18.8m)
[offboard_node-2] [INFO] [1785263962.480775073] [offboard_node]: WP1 도달·안정 (dist=0.0m speed=0.0m/s) → VISION_SEARCH (비전 착륙 활성)
[offboard_node-2] [INFO] [1785263962.580329878] [offboard_node]: 탐색 1회차 — 고도 25m AGL 반경 6.1→30m 링간격 12.2m 속도상한 5.0m/s (풋프린트 단폭 18.8m)
[offboard_node-2] [INFO] [1785263962.581013516] [offboard_node]: WP1 도달·안정 (dist=0.0m speed=0.0m/s) → VISION_SEARCH (비전 착륙 활성)
[offboard_node-2] [INFO] [1785263962.680451222] [offboard_node]: 탐색 1회차 — 고도 25m AGL 반경 6.1→30m 링간격 12.2m 속도상한 5.0m/s (풋프린트 단폭 18.8m)
[offboard_node-2] [INFO] [1785263962.681008579] [offboard_node]: WP1 도달·안정 (dist=0.0m speed=0.0m/s) → VISION_SEARCH (비전 착륙 활성)
[offboard_node-2] [INFO] [1785263962.780494478] [offboard_node]: 탐색 1회차 — 고도 25m AGL 반경 6.1→30m 링간격 12.2m 속도상한 5.0m/s (풋프린트 단폭 18.8m)
[offboard_node-2] [INFO] [1785263962.781153187] [offboard_node]: WP1 도달·안정 (dist=0.0m speed=0.0m/s) → VISION_SEARCH (비전 착륙 활성)
[offboard_node-2] [INFO] [1785263962.880301932] [offboard_node]: 탐색 1회차 — 고도 25m AGL 반경 6.1→30m 링간격 12.2m 속도상한 5.0m/s (풋프린트 단폭 18.8m)
[offboard_node-2] [INFO] [1785263962.880970209] [offboard_node]: WP1 도달·안정 (dist=0.0m speed=0.0m/s) → VISION_SEARCH (비전 착륙 활성)
[offboard_node-2] [INFO] [1785263962.980952994] [offboard_node]: 탐색 1회차 — 고도 25m AGL 반경 6.1→30m 링간격 12.2m 속도상한 5.0m/s (풋프린트 단폭 18.8m)
[offboard_node-2] [INFO] [1785263962.981468765] [offboard_node]: WP1 도달·안정 (dist=0.0m speed=0.0m/s) → VISION_SEARCH (비전 착륙 활성)
[offboard_node-2] [INFO] [1785263963.080402360] [offboard_node]: 탐색 1회차 — 고도 25m AGL 반경 6.1→30m 링간격 12.2m 속도상한 5.0m/s (풋프린트 단폭 18.8m)
[offboard_node-2] [INFO] [1785263963.081045336] [offboard_node]: WP1 도달·안정 (dist=0.0m speed=0.0m/s) → VISION_SEARCH (비전 착륙 활성)
[offboard_node-2] [INFO] [1785263963.183958468] [offboard_node]: 탐색 1회차 — 고도 25m AGL 반경 6.1→30m 링간격 12.2m 속도상한 5.0m/s (풋프린트 단폭 18.8m)
[offboard_node-2] [INFO] [1785263963.184712831] [offboard_node]: WP1 도달·안정 (dist=0.0m speed=0.0m/s) → VISION_SEARCH (비전 착륙 활성)
[offboard_node-2] [INFO] [1785263963.280744762] [offboard_node]: 탐색 1회차 — 고도 25m AGL 반경 6.1→30m 링간격 12.2m 속도상한 5.0m/s (풋프린트 단폭 18.8m)
[offboard_node-2] [INFO] [1785263963.281499705] [offboard_node]: WP1 도달·안정 (dist=0.0m speed=0.0m/s) → VISION_SEARCH (비전 착륙 활성)
[offboard_node-2] [INFO] [1785263963.380814598] [offboard_node]: 탐색 1회차 — 고도 25m AGL 반경 6.1→30m 링간격 12.2m 속도상한 5.0m/s (풋프린트 단폭 18.8m)
[offboard_node-2] [INFO] [1785263963.381365893] [offboard_node]: WP1 도달·안정 (dist=0.0m speed=0.0m/s) → VISION_SEARCH (비전 착륙 활성)
[offboard_node-2] [INFO] [1785263963.480616280] [offboard_node]: 탐색 1회차 — 고도 25m AGL 반경 6.1→30m 링간격 12.2m 속도상한 5.0m/s (풋프린트 단폭 18.8m)
[offboard_node-2] [INFO] [1785263963.481291762] [offboard_node]: WP1 도달·안정 (dist=0.0m speed=0.0m/s) → VISION_SEARCH (비전 착륙 활성)
[offboard_node-2] [INFO] [1785263963.580819778] [offboard_node]: WP1 홀드 dist=0.0m speed=0.0m/s stable=885/10
[offboard_node-2] [INFO] [1785263963.581648174] [offboard_node]: 탐색 1회차 — 고도 25m AGL 반경 6.1→30m 링간격 12.2m 속도상한 5.0m/s (풋프린트 단폭 18.8m)
[offboard_node-2] [INFO] [1785263963.582346850] [offboard_node]: WP1 도달·안정 (dist=0.0m speed=0.0m/s) → VISION_SEARCH (비전 착륙 활성)
[offboard_node-2] [INFO] [1785263963.681006053] [offboard_node]: 탐색 1회차 — 고도 25m AGL 반경 6.1→30m 링간격 12.2m 속도상한 5.0m/s (풋프린트 단폭 18.8m)
[offboard_node-2] [INFO] [1785263963.681599177] [offboard_node]: WP1 도달·안정 (dist=0.0m speed=0.0m/s) → VISION_SEARCH (비전 착륙 활성)
[offboard_node-2] [INFO] [1785263963.780533411] [offboard_node]: 탐색 1회차 — 고도 25m AGL 반경 6.1→30m 링간격 12.2m 속도상한 5.0m/s (풋프린트 단폭 18.8m)
[offboard_node-2] [INFO] [1785263963.781931358] [offboard_node]: WP1 도달·안정 (dist=0.0m speed=0.0m/s) → VISION_SEARCH (비전 착륙 활성)
[offboard_node-2] [INFO] [1785263963.880869963] [offboard_node]: 탐색 1회차 — 고도 25m AGL 반경 6.1→30m 링간격 12.2m 속도상한 5.0m/s (풋프린트 단폭 18.8m)
[offboard_node-2] [INFO] [1785263963.881566693] [offboard_node]: WP1 도달·안정 (dist=0.0m speed=0.0m/s) → VISION_SEARCH (비전 착륙 활성)
[offboard_node-2] [INFO] [1785263963.980732565] [offboard_node]: 탐색 1회차 — 고도 25m AGL 반경 6.1→30m 링간격 12.2m 속도상한 5.0m/s (풋프린트 단폭 18.8m)
[offboard_node-2] [INFO] [1785263963.981536906] [offboard_node]: WP1 도달·안정 (dist=0.0m speed=0.0m/s) → VISION_SEARCH (비전 착륙 활성)
[offboard_node-2] [INFO] [1785263964.080870366] [offboard_node]: 탐색 1회차 — 고도 25m AGL 반경 6.1→30m 링간격 12.2m 속도상한 5.0m/s (풋프린트 단폭 18.8m)
[offboard_node-2] [INFO] [1785263964.081664154] [offboard_node]: WP1 도달·안정 (dist=0.0m speed=0.0m/s) → VISION_SEARCH (비전 착륙 활성)
[offboard_node-2] [INFO] [1785263964.180765332] [offboard_node]: 탐색 1회차 — 고도 25m AGL 반경 6.1→30m 링간격 12.2m 속도상한 5.0m/s (풋프린트 단폭 18.8m)
[offboard_node-2] [INFO] [1785263964.181539021] [offboard_node]: WP1 도달·안정 (dist=0.0m speed=0.0m/s) → VISION_SEARCH (비전 착륙 활성)
[offboard_node-2] [INFO] [1785263964.280954599] [offboard_node]: 탐색 1회차 — 고도 25m AGL 반경 6.1→30m 링간격 12.2m 속도상한 5.0m/s (풋프린트 단폭 18.8m)
[offboard_node-2] [INFO] [1785263964.281762838] [offboard_node]: WP1 도달·안정 (dist=0.0m speed=0.0m/s) → VISION_SEARCH (비전 착륙 활성)
[offboard_node-2] [INFO] [1785263964.380853815] [offboard_node]: 탐색 1회차 — 고도 25m AGL 반경 6.1→30m 링간격 12.2m 속도상한 5.0m/s (풋프린트 단폭 18.8m)
[offboard_node-2] [INFO] [1785263964.381441880] [offboard_node]: WP1 도달·안정 (dist=0.0m speed=0.0m/s) → VISION_SEARCH (비전 착륙 활성)
[telemetry_node-1] [INFO] [1785263964.393314068] [telemetry_node]: pos_ned=[ 2.99996399e+02 -4.20063175e-03  4.99460564e+01]  yaw=0.070  armed=True  vtol=3  batt=15.30V/50%
[offboard_node-2] [INFO] [1785263964.480893858] [offboard_node]: 탐색 1회차 — 고도 25m AGL 반경 6.1→30m 링간격 12.2m 속도상한 5.0m/s (풋프린트 단폭 18.8m)
[offboard_node-2] [INFO] [1785263964.481650518] [offboard_node]: WP1 도달·안정 (dist=0.0m speed=0.0m/s) → VISION_SEARCH (비전 착륙 활성)
[offboard_node-2] [INFO] [1785263964.580976905] [offboard_node]: 탐색 1회차 — 고도 25m AGL 반경 6.1→30m 링간격 12.2m 속도상한 5.0m/s (풋프린트 단폭 18.8m)
[offboard_node-2] [INFO] [1785263964.581943675] [offboard_node]: WP1 도달·안정 (dist=0.0m speed=0.0m/s) → VISION_SEARCH (비전 착륙 활성)
[offboard_node-2] [INFO] [1785263964.680596717] [offboard_node]: 탐색 1회차 — 고도 25m AGL 반경 6.1→30m 링간격 12.2m 속도상한 5.0m/s (풋프린트 단폭 18.8m)
[offboard_node-2] [INFO] [1785263964.681259686] [offboard_node]: WP1 도달·안정 (dist=0.0m speed=0.0m/s) → VISION_SEARCH (비전 착륙 활성)
[offboard_node-2] [INFO] [1785263964.781661815] [offboard_node]: 탐색 1회차 — 고도 25m AGL 반경 6.1→30m 링간격 12.2m 속도상한 5.0m/s (풋프린트 단폭 18.8m)
[offboard_node-2] [INFO] [1785263964.782355203] [offboard_node]: WP1 도달·안정 (dist=0.0m speed=0.0m/s) → VISION_SEARCH (비전 착륙 활성)
[offboard_node-2] [INFO] [1785263964.880652519] [offboard_node]: 탐색 1회차 — 고도 25m AGL 반경 6.1→30m 링간격 12.2m 속도상한 5.0m/s (풋프린트 단폭 18.8m)
[offboard_node-2] [INFO] [1785263964.881363841] [offboard_node]: WP1 도달·안정 (dist=0.0m speed=0.0m/s) → VISION_SEARCH (비전 착륙 활성)
[offboard_node-2] [INFO] [1785263964.980616197] [offboard_node]: 탐색 1회차 — 고도 25m AGL 반경 6.1→30m 링간격 12.2m 속도상한 5.0m/s (풋프린트 단폭 18.8m)
[offboard_node-2] [INFO] [1785263964.981310407] [offboard_node]: WP1 도달·안정 (dist=0.0m speed=0.0m/s) → VISION_SEARCH (비전 착륙 활성)
[offboard_node-2] [INFO] [1785263965.080459699] [offboard_node]: 탐색 1회차 — 고도 25m AGL 반경 6.1→30m 링간격 12.2m 속도상한 5.0m/s (풋프린트 단폭 18.8m)
[offboard_node-2] [INFO] [1785263965.081101876] [offboard_node]: WP1 도달·안정 (dist=0.0m speed=0.0m/s) → VISION_SEARCH (비전 착륙 활성)
[offboard_node-2] [INFO] [1785263965.181042303] [offboard_node]: 탐색 1회차 — 고도 25m AGL 반경 6.1→30m 링간격 12.2m 속도상한 5.0m/s (풋프린트 단폭 18.8m)
[offboard_node-2] [INFO] [1785263965.181923919] [offboard_node]: WP1 도달·안정 (dist=0.0m speed=0.0m/s) → VISION_SEARCH (비전 착륙 활성)
[offboard_node-2] [INFO] [1785263965.280923076] [offboard_node]: 탐색 1회차 — 고도 25m AGL 반경 6.1→30m 링간격 12.2m 속도상한 5.0m/s (풋프린트 단폭 18.8m)
[offboard_node-2] [INFO] [1785263965.281789711] [offboard_node]: WP1 도달·안정 (dist=0.0m speed=0.0m/s) → VISION_SEARCH (비전 착륙 활성)
[offboard_node-2] [INFO] [1785263965.380672433] [offboard_node]: 탐색 1회차 — 고도 25m AGL 반경 6.1→30m 링간격 12.2m 속도상한 5.0m/s (풋프린트 단폭 18.8m)
[offboard_node-2] [INFO] [1785263965.381303393] [offboard_node]: WP1 도달·안정 (dist=0.0m speed=0.0m/s) → VISION_SEARCH (비전 착륙 활성)
[offboard_node-2] [INFO] [1785263965.480643091] [offboard_node]: 탐색 1회차 — 고도 25m AGL 반경 6.1→30m 링간격 12.2m 속도상한 5.0m/s (풋프린트 단폭 18.8m)
[offboard_node-2] [INFO] [1785263965.481380883] [offboard_node]: WP1 도달·안정 (dist=0.0m speed=0.0m/s) → VISION_SEARCH (비전 착륙 활성)
[offboard_node-2] [INFO] [1785263965.580553254] [offboard_node]: WP1 홀드 dist=0.0m speed=0.0m/s stable=905/10
[offboard_node-2] [INFO] [1785263965.581212182] [offboard_node]: 탐색 1회차 — 고도 25m AGL 반경 6.1→30m 링간격 12.2m 속도상한 5.0m/s (풋프린트 단폭 18.8m)
[offboard_node-2] [INFO] [1785263965.581726475] [offboard_node]: WP1 도달·안정 (dist=0.0m speed=0.0m/s) → VISION_SEARCH (비전 착륙 활성)
[offboard_node-2] [INFO] [1785263965.681701919] [offboard_node]: 탐색 1회차 — 고도 25m AGL 반경 6.1→30m 링간격 12.2m 속도상한 5.0m/s (풋프린트 단폭 18.8m)
[offboard_node-2] [INFO] [1785263965.682240827] [offboard_node]: WP1 도달·안정 (dist=0.0m speed=0.0m/s) → VISION_SEARCH (비전 착륙 활성)
[offboard_node-2] [INFO] [1785263965.780496317] [offboard_node]: 탐색 1회차 — 고도 25m AGL 반경 6.1→30m 링간격 12.2m 속도상한 5.0m/s (풋프린트 단폭 18.8m)
[offboard_node-2] [INFO] [1785263965.781172129] [offboard_node]: WP1 도달·안정 (dist=0.0m speed=0.0m/s) → VISION_SEARCH (비전 착륙 활성)
[offboard_node-2] [INFO] [1785263965.880391004] [offboard_node]: 탐색 1회차 — 고도 25m AGL 반경 6.1→30m 링간격 12.2m 속도상한 5.0m/s (풋프린트 단폭 18.8m)
[offboard_node-2] [INFO] [1785263965.880992625] [offboard_node]: WP1 도달·안정 (dist=0.0m speed=0.0m/s) → VISION_SEARCH (비전 착륙 활성)
[offboard_node-2] [INFO] [1785263965.980451177] [offboard_node]: 탐색 1회차 — 고도 25m AGL 반경 6.1→30m 링간격 12.2m 속도상한 5.0m/s (풋프린트 단폭 18.8m)
[offboard_node-2] [INFO] [1785263965.981135163] [offboard_node]: WP1 도달·안정 (dist=0.0m speed=0.0m/s) → VISION_SEARCH (비전 착륙 활성)
[offboard_node-2] [INFO] [1785263966.080427293] [offboard_node]: 탐색 1회차 — 고도 25m AGL 반경 6.1→30m 링간격 12.2m 속도상한 5.0m/s (풋프린트 단폭 18.8m)
[offboard_node-2] [INFO] [1785263966.081025853] [offboard_node]: WP1 도달·안정 (dist=0.0m speed=0.0m/s) → VISION_SEARCH (비전 착륙 활성)
[offboard_node-2] [INFO] [1785263966.180688051] [offboard_node]: 탐색 1회차 — 고도 25m AGL 반경 6.1→30m 링간격 12.2m 속도상한 5.0m/s (풋프린트 단폭 18.8m)
[offboard_node-2] [INFO] [1785263966.181431750] [offboard_node]: WP1 도달·안정 (dist=0.0m speed=0.0m/s) → VISION_SEARCH (비전 착륙 활성)
[offboard_node-2] [INFO] [1785263966.280428516] [offboard_node]: 탐색 1회차 — 고도 25m AGL 반경 6.1→30m 링간격 12.2m 속도상한 5.0m/s (풋프린트 단폭 18.8m)
[offboard_node-2] [INFO] [1785263966.281636058] [offboard_node]: WP1 도달·안정 (dist=0.0m speed=0.0m/s) → VISION_SEARCH (비전 착륙 활성)
[offboard_node-2] [INFO] [1785263966.381002772] [offboard_node]: 탐색 1회차 — 고도 25m AGL 반경 6.1→30m 링간격 12.2m 속도상한 5.0m/s (풋프린트 단폭 18.8m)
[offboard_node-2] [INFO] [1785263966.381954504] [offboard_node]: WP1 도달·안정 (dist=0.0m speed=0.0m/s) → VISION_SEARCH (비전 착륙 활성)
[telemetry_node-1] [INFO] [1785263966.393443486] [telemetry_node]: pos_ned=[2.99983978e+02 7.72016216e-03 4.99790421e+01]  yaw=0.071  armed=True  vtol=3  batt=15.30V/50%
[offboard_node-2] [INFO] [1785263966.480694496] [offboard_node]: 탐색 1회차 — 고도 25m AGL 반경 6.1→30m 링간격 12.2m 속도상한 5.0m/s (풋프린트 단폭 18.8m)
[offboard_node-2] [INFO] [1785263966.481338477] [offboard_node]: WP1 도달·안정 (dist=0.0m speed=0.0m/s) → VISION_SEARCH (비전 착륙 활성)
[offboard_node-2] [INFO] [1785263966.581114833] [offboard_node]: 탐색 1회차 — 고도 25m AGL 반경 6.1→30m 링간격 12.2m 속도상한 5.0m/s (풋프린트 단폭 18.8m)
[offboard_node-2] [INFO] [1785263966.581793342] [offboard_node]: WP1 도달·안정 (dist=0.0m speed=0.0m/s) → VISION_SEARCH (비전 착륙 활성)
[offboard_node-2] [INFO] [1785263966.680878160] [offboard_node]: 탐색 1회차 — 고도 25m AGL 반경 6.1→30m 링간격 12.2m 속도상한 5.0m/s (풋프린트 단폭 18.8m)
[offboard_node-2] [INFO] [1785263966.681592345] [offboard_node]: WP1 도달·안정 (dist=0.0m speed=0.0m/s) → VISION_SEARCH (비전 착륙 활성)
[offboard_node-2] [INFO] [1785263966.781070959] [offboard_node]: 탐색 1회차 — 고도 25m AGL 반경 6.1→30m 링간격 12.2m 속도상한 5.0m/s (풋프린트 단폭 18.8m)
[offboard_node-2] [INFO] [1785263966.781791902] [offboard_node]: WP1 도달·안정 (dist=0.0m speed=0.0m/s) → VISION_SEARCH (비전 착륙 활성)
[offboard_node-2] [INFO] [1785263966.880830472] [offboard_node]: 탐색 1회차 — 고도 25m AGL 반경 6.1→30m 링간격 12.2m 속도상한 5.0m/s (풋프린트 단폭 18.8m)
[offboard_node-2] [INFO] [1785263966.881677748] [offboard_node]: WP1 도달·안정 (dist=0.0m speed=0.0m/s) → VISION_SEARCH (비전 착륙 활성)
[offboard_node-2] [INFO] [1785263966.980709938] [offboard_node]: 탐색 1회차 — 고도 25m AGL 반경 6.1→30m 링간격 12.2m 속도상한 5.0m/s (풋프린트 단폭 18.8m)
[offboard_node-2] [INFO] [1785263966.981535176] [offboard_node]: WP1 도달·안정 (dist=0.0m speed=0.0m/s) → VISION_SEARCH (비전 착륙 활성)
[offboard_node-2] [INFO] [1785263967.080509493] [offboard_node]: 탐색 1회차 — 고도 25m AGL 반경 6.1→30m 링간격 12.2m 속도상한 5.0m/s (풋프린트 단폭 18.8m)
[offboard_node-2] [INFO] [1785263967.081161628] [offboard_node]: WP1 도달·안정 (dist=0.0m speed=0.0m/s) → VISION_SEARCH (비전 착륙 활성)
[offboard_node-2] [INFO] [1785263967.180576122] [offboard_node]: 탐색 1회차 — 고도 25m AGL 반경 6.1→30m 링간격 12.2m 속도상한 5.0m/s (풋프린트 단폭 18.8m)
[offboard_node-2] [INFO] [1785263967.182225264] [offboard_node]: WP1 도달·안정 (dist=0.0m speed=0.0m/s) → VISION_SEARCH (비전 착륙 활성)
[offboard_node-2] [INFO] [1785263967.280803258] [offboard_node]: 탐색 1회차 — 고도 25m AGL 반경 6.1→30m 링간격 12.2m 속도상한 5.0m/s (풋프린트 단폭 18.8m)
[offboard_node-2] [INFO] [1785263967.281394667] [offboard_node]: WP1 도달·안정 (dist=0.0m speed=0.0m/s) → VISION_SEARCH (비전 착륙 활성)
[offboard_node-2] [INFO] [1785263967.380733689] [offboard_node]: 탐색 1회차 — 고도 25m AGL 반경 6.1→30m 링간격 12.2m 속도상한 5.0m/s (풋프린트 단폭 18.8m)
[offboard_node-2] [INFO] [1785263967.381482758] [offboard_node]: WP1 도달·안정 (dist=0.0m speed=0.0m/s) → VISION_SEARCH (비전 착륙 활성)
[offboard_node-2] [INFO] [1785263967.480797256] [offboard_node]: 탐색 1회차 — 고도 25m AGL 반경 6.1→30m 링간격 12.2m 속도상한 5.0m/s (풋프린트 단폭 18.8m)
[offboard_node-2] [INFO] [1785263967.481552828] [offboard_node]: WP1 도달·안정 (dist=0.0m speed=0.0m/s) → VISION_SEARCH (비전 착륙 활성)
[offboard_node-2] [INFO] [1785263967.580643778] [offboard_node]: WP1 홀드 dist=0.0m speed=0.0m/s stable=925/10
[offboard_node-2] [INFO] [1785263967.581430474] [offboard_node]: 탐색 1회차 — 고도 25m AGL 반경 6.1→30m 링간격 12.2m 속도상한 5.0m/s (풋프린트 단폭 18.8m)
[offboard_node-2] [INFO] [1785263967.582163608] [offboard_node]: WP1 도달·안정 (dist=0.0m speed=0.0m/s) → VISION_SEARCH (비전 착륙 활성)
[offboard_node-2] [INFO] [1785263967.680954259] [offboard_node]: 탐색 1회차 — 고도 25m AGL 반경 6.1→30m 링간격 12.2m 속도상한 5.0m/s (풋프린트 단폭 18.8m)
[offboard_node-2] [INFO] [1785263967.681823679] [offboard_node]: WP1 도달·안정 (dist=0.0m speed=0.0m/s) → VISION_SEARCH (비전 착륙 활성)
[offboard_node-2] [INFO] [1785263967.781017984] [offboard_node]: 탐색 1회차 — 고도 25m AGL 반경 6.1→30m 링간격 12.2m 속도상한 5.0m/s (풋프린트 단폭 18.8m)
[offboard_node-2] [INFO] [1785263967.781643878] [offboard_node]: WP1 도달·안정 (dist=0.0m speed=0.0m/s) → VISION_SEARCH (비전 착륙 활성)
[offboard_node-2] [INFO] [1785263967.880862565] [offboard_node]: 탐색 1회차 — 고도 25m AGL 반경 6.1→30m 링간격 12.2m 속도상한 5.0m/s (풋프린트 단폭 18.8m)
[offboard_node-2] [INFO] [1785263967.881759283] [offboard_node]: WP1 도달·안정 (dist=0.0m speed=0.0m/s) → VISION_SEARCH (비전 착륙 활성)
[offboard_node-2] [INFO] [1785263967.980640088] [offboard_node]: 탐색 1회차 — 고도 25m AGL 반경 6.1→30m 링간격 12.2m 속도상한 5.0m/s (풋프린트 단폭 18.8m)
[offboard_node-2] [INFO] [1785263967.981460888] [offboard_node]: WP1 도달·안정 (dist=0.0m speed=0.0m/s) → VISION_SEARCH (비전 착륙 활성)
[offboard_node-2] [INFO] [1785263968.080899836] [offboard_node]: 탐색 1회차 — 고도 25m AGL 반경 6.1→30m 링간격 12.2m 속도상한 5.0m/s (풋프린트 단폭 18.8m)
[offboard_node-2] [INFO] [1785263968.081800311] [offboard_node]: WP1 도달·안정 (dist=0.0m speed=0.0m/s) → VISION_SEARCH (비전 착륙 활성)
[offboard_node-2] [INFO] [1785263968.181032553] [offboard_node]: 탐색 1회차 — 고도 25m AGL 반경 6.1→30m 링간격 12.2m 속도상한 5.0m/s (풋프린트 단폭 18.8m)
[offboard_node-2] [INFO] [1785263968.181794761] [offboard_node]: WP1 도달·안정 (dist=0.0m speed=0.0m/s) → VISION_SEARCH (비전 착륙 활성)
[offboard_node-2] [INFO] [1785263968.281064988] [offboard_node]: 탐색 1회차 — 고도 25m AGL 반경 6.1→30m 링간격 12.2m 속도상한 5.0m/s (풋프린트 단폭 18.8m)
[offboard_node-2] [INFO] [1785263968.281930724] [offboard_node]: WP1 도달·안정 (dist=0.0m speed=0.0m/s) → VISION_SEARCH (비전 착륙 활성)
[offboard_node-2] [INFO] [1785263968.380929540] [offboard_node]: 탐색 1회차 — 고도 25m AGL 반경 6.1→30m 링간격 12.2m 속도상한 5.0m/s (풋프린트 단폭 18.8m)
[offboard_node-2] [INFO] [1785263968.381746532] [offboard_node]: WP1 도달·안정 (dist=0.0m speed=0.0m/s) → VISION_SEARCH (비전 착륙 활성)
[telemetry_node-1] [INFO] [1785263968.393550078] [telemetry_node]: pos_ned=[2.99979431e+02 1.91194806e-02 4.99896507e+01]  yaw=0.072  armed=True  vtol=3  batt=15.30V/50%
[offboard_node-2] [INFO] [1785263968.480787198] [offboard_node]: 탐색 1회차 — 고도 25m AGL 반경 6.1→30m 링간격 12.2m 속도상한 5.0m/s (풋프린트 단폭 18.8m)
[offboard_node-2] [INFO] [1785263968.481568711] [offboard_node]: WP1 도달·안정 (dist=0.0m speed=0.0m/s) → VISION_SEARCH (비전 착륙 활성)
[offboard_node-2] [INFO] [1785263968.581847555] [offboard_node]: 탐색 1회차 — 고도 25m AGL 반경 6.1→30m 링간격 12.2m 속도상한 5.0m/s (풋프린트 단폭 18.8m)
[offboard_node-2] [INFO] [1785263968.583889814] [offboard_node]: WP1 도달·안정 (dist=0.0m speed=0.0m/s) → VISION_SEARCH (비전 착륙 활성)
[offboard_node-2] [INFO] [1785263968.680914369] [offboard_node]: 탐색 1회차 — 고도 25m AGL 반경 6.1→30m 링간격 12.2m 속도상한 5.0m/s (풋프린트 단폭 18.8m)
[offboard_node-2] [INFO] [1785263968.681730421] [offboard_node]: WP1 도달·안정 (dist=0.0m speed=0.0m/s) → VISION_SEARCH (비전 착륙 활성)
[offboard_node-2] [INFO] [1785263968.780642011] [offboard_node]: 탐색 1회차 — 고도 25m AGL 반경 6.1→30m 링간격 12.2m 속도상한 5.0m/s (풋프린트 단폭 18.8m)
[offboard_node-2] [INFO] [1785263968.781459551] [offboard_node]: WP1 도달·안정 (dist=0.0m speed=0.0m/s) → VISION_SEARCH (비전 착륙 활성)
[offboard_node-2] [INFO] [1785263968.880461661] [offboard_node]: 탐색 1회차 — 고도 25m AGL 반경 6.1→30m 링간격 12.2m 속도상한 5.0m/s (풋프린트 단폭 18.8m)
[offboard_node-2] [INFO] [1785263968.881273135] [offboard_node]: WP1 도달·안정 (dist=0.0m speed=0.0m/s) → VISION_SEARCH (비전 착륙 활성)
[offboard_node-2] [INFO] [1785263968.980246596] [offboard_node]: 탐색 1회차 — 고도 25m AGL 반경 6.1→30m 링간격 12.2m 속도상한 5.0m/s (풋프린트 단폭 18.8m)
[offboard_node-2] [INFO] [1785263968.981358524] [offboard_node]: WP1 도달·안정 (dist=0.0m speed=0.0m/s) → VISION_SEARCH (비전 착륙 활성)
[offboard_node-2] [INFO] [1785263969.080450953] [offboard_node]: 탐색 1회차 — 고도 25m AGL 반경 6.1→30m 링간격 12.2m 속도상한 5.0m/s (풋프린트 단폭 18.8m)
[offboard_node-2] [INFO] [1785263969.081389396] [offboard_node]: WP1 도달·안정 (dist=0.0m speed=0.0m/s) → VISION_SEARCH (비전 착륙 활성)
[offboard_node-2] [INFO] [1785263969.180868294] [offboard_node]: 탐색 1회차 — 고도 25m AGL 반경 6.1→30m 링간격 12.2m 속도상한 5.0m/s (풋프린트 단폭 18.8m)
[offboard_node-2] [INFO] [1785263969.181921129] [offboard_node]: WP1 도달·안정 (dist=0.0m speed=0.0m/s) → VISION_SEARCH (비전 착륙 활성)
[offboard_node-2] [INFO] [1785263969.280222962] [offboard_node]: 탐색 1회차 — 고도 25m AGL 반경 6.1→30m 링간격 12.2m 속도상한 5.0m/s (풋프린트 단폭 18.8m)
[offboard_node-2] [INFO] [1785263969.281040539] [offboard_node]: WP1 도달·안정 (dist=0.0m speed=0.0m/s) → VISION_SEARCH (비전 착륙 활성)
[offboard_node-2] [INFO] [1785263969.380345080] [offboard_node]: 탐색 1회차 — 고도 25m AGL 반경 6.1→30m 링간격 12.2m 속도상한 5.0m/s (풋프린트 단폭 18.8m)
[offboard_node-2] [INFO] [1785263969.381150354] [offboard_node]: WP1 도달·안정 (dist=0.0m speed=0.0m/s) → VISION_SEARCH (비전 착륙 활성)
[offboard_node-2] [INFO] [1785263969.480188940] [offboard_node]: 탐색 1회차 — 고도 25m AGL 반경 6.1→30m 링간격 12.2m 속도상한 5.0m/s (풋프린트 단폭 18.8m)
[offboard_node-2] [INFO] [1785263969.480788533] [offboard_node]: WP1 도달·안정 (dist=0.0m speed=0.0m/s) → VISION_SEARCH (비전 착륙 활성)
[offboard_node-2] [INFO] [1785263969.580324871] [offboard_node]: WP1 홀드 dist=0.0m speed=0.0m/s stable=945/10
[offboard_node-2] [INFO] [1785263969.581217788] [offboard_node]: 탐색 1회차 — 고도 25m AGL 반경 6.1→30m 링간격 12.2m 속도상한 5.0m/s (풋프린트 단폭 18.8m)
[offboard_node-2] [INFO] [1785263969.581860333] [offboard_node]: WP1 도달·안정 (dist=0.0m speed=0.0m/s) → VISION_SEARCH (비전 착륙 활성)
[offboard_node-2] [INFO] [1785263969.680902804] [offboard_node]: 탐색 1회차 — 고도 25m AGL 반경 6.1→30m 링간격 12.2m 속도상한 5.0m/s (풋프린트 단폭 18.8m)
[offboard_node-2] [INFO] [1785263969.681618917] [offboard_node]: WP1 도달·안정 (dist=0.0m speed=0.0m/s) → VISION_SEARCH (비전 착륙 활성)
[offboard_node-2] [INFO] [1785263969.780332719] [offboard_node]: 탐색 1회차 — 고도 25m AGL 반경 6.1→30m 링간격 12.2m 속도상한 5.0m/s (풋프린트 단폭 18.8m)
[offboard_node-2] [INFO] [1785263969.780976348] [offboard_node]: WP1 도달·안정 (dist=0.0m speed=0.0m/s) → VISION_SEARCH (비전 착륙 활성)
[offboard_node-2] [INFO] [1785263969.880064305] [offboard_node]: 탐색 1회차 — 고도 25m AGL 반경 6.1→30m 링간격 12.2m 속도상한 5.0m/s (풋프린트 단폭 18.8m)
[offboard_node-2] [INFO] [1785263969.880470373] [offboard_node]: WP1 도달·안정 (dist=0.0m speed=0.0m/s) → VISION_SEARCH (비전 착륙 활성)
[offboard_node-2] [INFO] [1785263969.980710951] [offboard_node]: 탐색 1회차 — 고도 25m AGL 반경 6.1→30m 링간격 12.2m 속도상한 5.0m/s (풋프린트 단폭 18.8m)
[offboard_node-2] [INFO] [1785263969.981699618] [offboard_node]: WP1 도달·안정 (dist=0.0m speed=0.0m/s) → VISION_SEARCH (비전 착륙 활성)
[offboard_node-2] [INFO] [1785263970.080102855] [offboard_node]: 탐색 1회차 — 고도 25m AGL 반경 6.1→30m 링간격 12.2m 속도상한 5.0m/s (풋프린트 단폭 18.8m)
[offboard_node-2] [INFO] [1785263970.080693049] [offboard_node]: WP1 도달·안정 (dist=0.0m speed=0.0m/s) → VISION_SEARCH (비전 착륙 활성)
[offboard_node-2] [INFO] [1785263970.180099262] [offboard_node]: 탐색 1회차 — 고도 25m AGL 반경 6.1→30m 링간격 12.2m 속도상한 5.0m/s (풋프린트 단폭 18.8m)
[offboard_node-2] [INFO] [1785263970.180844903] [offboard_node]: WP1 도달·안정 (dist=0.0m speed=0.0m/s) → VISION_SEARCH (비전 착륙 활성)
[offboard_node-2] [INFO] [1785263970.280237177] [offboard_node]: 탐색 1회차 — 고도 25m AGL 반경 6.1→30m 링간격 12.2m 속도상한 5.0m/s (풋프린트 단폭 18.8m)
[offboard_node-2] [INFO] [1785263970.281010092] [offboard_node]: WP1 도달·안정 (dist=0.0m speed=0.0m/s) → VISION_SEARCH (비전 착륙 활성)
[offboard_node-2] [INFO] [1785263970.380128585] [offboard_node]: 탐색 1회차 — 고도 25m AGL 반경 6.1→30m 링간격 12.2m 속도상한 5.0m/s (풋프린트 단폭 18.8m)
[offboard_node-2] [INFO] [1785263970.380797100] [offboard_node]: WP1 도달·안정 (dist=0.0m speed=0.0m/s) → VISION_SEARCH (비전 착륙 활성)
[telemetry_node-1] [INFO] [1785263970.393448792] [telemetry_node]: pos_ned=[ 2.99956390e+02 -8.84231925e-03  5.00012894e+01]  yaw=0.072  armed=True  vtol=3  batt=15.30V/50%
[offboard_node-2] [INFO] [1785263970.479992789] [offboard_node]: 탐색 1회차 — 고도 25m AGL 반경 6.1→30m 링간격 12.2m 속도상한 5.0m/s (풋프린트 단폭 18.8m)
[offboard_node-2] [INFO] [1785263970.480491988] [offboard_node]: WP1 도달·안정 (dist=0.0m speed=0.0m/s) → VISION_SEARCH (비전 착륙 활성)
[offboard_node-2] [INFO] [1785263970.580134732] [offboard_node]: 탐색 1회차 — 고도 25m AGL 반경 6.1→30m 링간격 12.2m 속도상한 5.0m/s (풋프린트 단폭 18.8m)
[offboard_node-2] [INFO] [1785263970.580615425] [offboard_node]: WP1 도달·안정 (dist=0.0m speed=0.0m/s) → VISION_SEARCH (비전 착륙 활성)
[offboard_node-2] [INFO] [1785263970.680650384] [offboard_node]: 탐색 1회차 — 고도 25m AGL 반경 6.1→30m 링간격 12.2m 속도상한 5.0m/s (풋프린트 단폭 18.8m)
[offboard_node-2] [INFO] [1785263970.681514245] [offboard_node]: WP1 도달·안정 (dist=0.1m speed=0.0m/s) → VISION_SEARCH (비전 착륙 활성)
[offboard_node-2] [INFO] [1785263970.780035217] [offboard_node]: 탐색 1회차 — 고도 25m AGL 반경 6.1→30m 링간격 12.2m 속도상한 5.0m/s (풋프린트 단폭 18.8m)
[offboard_node-2] [INFO] [1785263970.780635346] [offboard_node]: WP1 도달·안정 (dist=0.0m speed=0.0m/s) → VISION_SEARCH (비전 착륙 활성)
[offboard_node-2] [INFO] [1785263970.880071480] [offboard_node]: 탐색 1회차 — 고도 25m AGL 반경 6.1→30m 링간격 12.2m 속도상한 5.0m/s (풋프린트 단폭 18.8m)
[offboard_node-2] [INFO] [1785263970.880531050] [offboard_node]: WP1 도달·안정 (dist=0.0m speed=0.1m/s) → VISION_SEARCH (비전 착륙 활성)
[offboard_node-2] [INFO] [1785263970.980082593] [offboard_node]: 탐색 1회차 — 고도 25m AGL 반경 6.1→30m 링간격 12.2m 속도상한 5.0m/s (풋프린트 단폭 18.8m)
[offboard_node-2] [INFO] [1785263970.980663078] [offboard_node]: WP1 도달·안정 (dist=0.0m speed=0.1m/s) → VISION_SEARCH (비전 착륙 활성)
[offboard_node-2] [INFO] [1785263971.080056566] [offboard_node]: 탐색 1회차 — 고도 25m AGL 반경 6.1→30m 링간격 12.2m 속도상한 5.0m/s (풋프린트 단폭 18.8m)
[offboard_node-2] [INFO] [1785263971.080655902] [offboard_node]: WP1 도달·안정 (dist=0.0m speed=0.1m/s) → VISION_SEARCH (비전 착륙 활성)
[offboard_node-2] [INFO] [1785263971.180120194] [offboard_node]: 탐색 1회차 — 고도 25m AGL 반경 6.1→30m 링간격 12.2m 속도상한 5.0m/s (풋프린트 단폭 18.8m)
[offboard_node-2] [INFO] [1785263971.180845940] [offboard_node]: WP1 도달·안정 (dist=0.0m speed=0.1m/s) → VISION_SEARCH (비전 착륙 활성)
[offboard_node-2] [INFO] [1785263971.280355632] [offboard_node]: 탐색 1회차 — 고도 25m AGL 반경 6.1→30m 링간격 12.2m 속도상한 5.0m/s (풋프린트 단폭 18.8m)
[offboard_node-2] [INFO] [1785263971.281062773] [offboard_node]: WP1 도달·안정 (dist=0.0m speed=0.1m/s) → VISION_SEARCH (비전 착륙 활성)
[offboard_node-2] [INFO] [1785263971.380146386] [offboard_node]: 탐색 1회차 — 고도 25m AGL 반경 6.1→30m 링간격 12.2m 속도상한 5.0m/s (풋프린트 단폭 18.8m)
[offboard_node-2] [INFO] [1785263971.380840548] [offboard_node]: WP1 도달·안정 (dist=0.0m speed=0.1m/s) → VISION_SEARCH (비전 착륙 활성)
[offboard_node-2] [INFO] [1785263971.480130900] [offboard_node]: 탐색 1회차 — 고도 25m AGL 반경 6.1→30m 링간격 12.2m 속도상한 5.0m/s (풋프린트 단폭 18.8m)
[offboard_node-2] [INFO] [1785263971.480712743] [offboard_node]: WP1 도달·안정 (dist=0.0m speed=0.0m/s) → VISION_SEARCH (비전 착륙 활성)
[offboard_node-2] [INFO] [1785263971.580229062] [offboard_node]: WP1 홀드 dist=0.0m speed=0.0m/s stable=965/10
[offboard_node-2] [INFO] [1785263971.580883995] [offboard_node]: 탐색 1회차 — 고도 25m AGL 반경 6.1→30m 링간격 12.2m 속도상한 5.0m/s (풋프린트 단폭 18.8m)
[offboard_node-2] [INFO] [1785263971.581440400] [offboard_node]: WP1 도달·안정 (dist=0.0m speed=0.0m/s) → VISION_SEARCH (비전 착륙 활성)
[offboard_node-2] [INFO] [1785263971.680161725] [offboard_node]: 탐색 1회차 — 고도 25m AGL 반경 6.1→30m 링간격 12.2m 속도상한 5.0m/s (풋프린트 단폭 18.8m)
[offboard_node-2] [INFO] [1785263971.680868010] [offboard_node]: WP1 도달·안정 (dist=0.0m speed=0.0m/s) → VISION_SEARCH (비전 착륙 활성)
[offboard_node-2] [INFO] [1785263971.780087842] [offboard_node]: 탐색 1회차 — 고도 25m AGL 반경 6.1→30m 링간격 12.2m 속도상한 5.0m/s (풋프린트 단폭 18.8m)
[offboard_node-2] [INFO] [1785263971.781013448] [offboard_node]: WP1 도달·안정 (dist=0.0m speed=0.0m/s) → VISION_SEARCH (비전 착륙 활성)
[offboard_node-2] [INFO] [1785263971.880018736] [offboard_node]: 탐색 1회차 — 고도 25m AGL 반경 6.1→30m 링간격 12.2m 속도상한 5.0m/s (풋프린트 단폭 18.8m)
[offboard_node-2] [INFO] [1785263971.880506850] [offboard_node]: WP1 도달·안정 (dist=0.0m speed=0.0m/s) → VISION_SEARCH (비전 착륙 활성)
[offboard_node-2] [INFO] [1785263971.979995669] [offboard_node]: 탐색 1회차 — 고도 25m AGL 반경 6.1→30m 링간격 12.2m 속도상한 5.0m/s (풋프린트 단폭 18.8m)
[offboard_node-2] [INFO] [1785263971.980512061] [offboard_node]: WP1 도달·안정 (dist=0.0m speed=0.0m/s) → VISION_SEARCH (비전 착륙 활성)
[offboard_node-2] [INFO] [1785263972.080024403] [offboard_node]: 탐색 1회차 — 고도 25m AGL 반경 6.1→30m 링간격 12.2m 속도상한 5.0m/s (풋프린트 단폭 18.8m)
[offboard_node-2] [INFO] [1785263972.080501975] [offboard_node]: WP1 도달·안정 (dist=0.0m speed=0.0m/s) → VISION_SEARCH (비전 착륙 활성)
[offboard_node-2] [INFO] [1785263972.180144796] [offboard_node]: 탐색 1회차 — 고도 25m AGL 반경 6.1→30m 링간격 12.2m 속도상한 5.0m/s (풋프린트 단폭 18.8m)
[offboard_node-2] [INFO] [1785263972.180761544] [offboard_node]: WP1 도달·안정 (dist=0.0m speed=0.0m/s) → VISION_SEARCH (비전 착륙 활성)
[offboard_node-2] [INFO] [1785263972.280179902] [offboard_node]: 탐색 1회차 — 고도 25m AGL 반경 6.1→30m 링간격 12.2m 속도상한 5.0m/s (풋프린트 단폭 18.8m)
[offboard_node-2] [INFO] [1785263972.280805289] [offboard_node]: WP1 도달·안정 (dist=0.0m speed=0.0m/s) → VISION_SEARCH (비전 착륙 활성)
[offboard_node-2] [INFO] [1785263972.380509618] [offboard_node]: 탐색 1회차 — 고도 25m AGL 반경 6.1→30m 링간격 12.2m 속도상한 5.0m/s (풋프린트 단폭 18.8m)
[offboard_node-2] [INFO] [1785263972.381116313] [offboard_node]: WP1 도달·안정 (dist=0.0m speed=0.0m/s) → VISION_SEARCH (비전 착륙 활성)
[telemetry_node-1] [INFO] [1785263972.393612404] [telemetry_node]: pos_ned=[2.9999826e+02 7.1705468e-03 4.9998970e+01]  yaw=0.073  armed=True  vtol=3  batt=15.30V/50%
[offboard_node-2] [INFO] [1785263972.481007840] [offboard_node]: 탐색 1회차 — 고도 25m AGL 반경 6.1→30m 링간격 12.2m 속도상한 5.0m/s (풋프린트 단폭 18.8m)
[offboard_node-2] [INFO] [1785263972.482011133] [offboard_node]: WP1 도달·안정 (dist=0.0m speed=0.0m/s) → VISION_SEARCH (비전 착륙 활성)
[offboard_node-2] [INFO] [1785263972.580211426] [offboard_node]: 탐색 1회차 — 고도 25m AGL 반경 6.1→30m 링간격 12.2m 속도상한 5.0m/s (풋프린트 단폭 18.8m)
[offboard_node-2] [INFO] [1785263972.580720599] [offboard_node]: WP1 도달·안정 (dist=0.0m speed=0.0m/s) → VISION_SEARCH (비전 착륙 활성)
[offboard_node-2] [INFO] [1785263972.680446581] [offboard_node]: 탐색 1회차 — 고도 25m AGL 반경 6.1→30m 링간격 12.2m 속도상한 5.0m/s (풋프린트 단폭 18.8m)
[offboard_node-2] [INFO] [1785263972.680963770] [offboard_node]: WP1 도달·안정 (dist=0.0m speed=0.0m/s) → VISION_SEARCH (비전 착륙 활성)
[offboard_node-2] [INFO] [1785263972.780898835] [offboard_node]: 탐색 1회차 — 고도 25m AGL 반경 6.1→30m 링간격 12.2m 속도상한 5.0m/s (풋프린트 단폭 18.8m)
[offboard_node-2] [INFO] [1785263972.782746159] [offboard_node]: WP1 도달·안정 (dist=0.0m speed=0.0m/s) → VISION_SEARCH (비전 착륙 활성)
[offboard_node-2] [INFO] [1785263972.880391396] [offboard_node]: 탐색 1회차 — 고도 25m AGL 반경 6.1→30m 링간격 12.2m 속도상한 5.0m/s (풋프린트 단폭 18.8m)
[offboard_node-2] [INFO] [1785263972.881810903] [offboard_node]: WP1 도달·안정 (dist=0.0m speed=0.0m/s) → VISION_SEARCH (비전 착륙 활성)
[offboard_node-2] [INFO] [1785263972.980888562] [offboard_node]: 탐색 1회차 — 고도 25m AGL 반경 6.1→30m 링간격 12.2m 속도상한 5.0m/s (풋프린트 단폭 18.8m)
[offboard_node-2] [INFO] [1785263972.981678741] [offboard_node]: WP1 도달·안정 (dist=0.0m speed=0.0m/s) → VISION_SEARCH (비전 착륙 활성)
[offboard_node-2] [INFO] [1785263973.082045162] [offboard_node]: 탐색 1회차 — 고도 25m AGL 반경 6.1→30m 링간격 12.2m 속도상한 5.0m/s (풋프린트 단폭 18.8m)
[offboard_node-2] [INFO] [1785263973.082919564] [offboard_node]: WP1 도달·안정 (dist=0.0m speed=0.0m/s) → VISION_SEARCH (비전 착륙 활성)
[offboard_node-2] [INFO] [1785263973.181329094] [offboard_node]: 탐색 1회차 — 고도 25m AGL 반경 6.1→30m 링간격 12.2m 속도상한 5.0m/s (풋프린트 단폭 18.8m)
[offboard_node-2] [INFO] [1785263973.182157703] [offboard_node]: WP1 도달·안정 (dist=0.0m speed=0.0m/s) → VISION_SEARCH (비전 착륙 활성)
[offboard_node-2] [INFO] [1785263973.281267347] [offboard_node]: 탐색 1회차 — 고도 25m AGL 반경 6.1→30m 링간격 12.2m 속도상한 5.0m/s (풋프린트 단폭 18.8m)
[offboard_node-2] [INFO] [1785263973.282059359] [offboard_node]: WP1 도달·안정 (dist=0.0m speed=0.0m/s) → VISION_SEARCH (비전 착륙 활성)
[offboard_node-2] [INFO] [1785263973.380618175] [offboard_node]: 탐색 1회차 — 고도 25m AGL 반경 6.1→30m 링간격 12.2m 속도상한 5.0m/s (풋프린트 단폭 18.8m)
[offboard_node-2] [INFO] [1785263973.381462397] [offboard_node]: WP1 도달·안정 (dist=0.0m speed=0.0m/s) → VISION_SEARCH (비전 착륙 활성)
[offboard_node-2] [INFO] [1785263973.480728851] [offboard_node]: 탐색 1회차 — 고도 25m AGL 반경 6.1→30m 링간격 12.2m 속도상한 5.0m/s (풋프린트 단폭 18.8m)
[offboard_node-2] [INFO] [1785263973.481476841] [offboard_node]: WP1 도달·안정 (dist=0.0m speed=0.0m/s) → VISION_SEARCH (비전 착륙 활성)
[offboard_node-2] [INFO] [1785263973.580827466] [offboard_node]: WP1 홀드 dist=0.0m speed=0.0m/s stable=985/10
[offboard_node-2] [INFO] [1785263973.581859880] [offboard_node]: 탐색 1회차 — 고도 25m AGL 반경 6.1→30m 링간격 12.2m 속도상한 5.0m/s (풋프린트 단폭 18.8m)
[offboard_node-2] [INFO] [1785263973.582614965] [offboard_node]: WP1 도달·안정 (dist=0.0m speed=0.0m/s) → VISION_SEARCH (비전 착륙 활성)
[offboard_node-2] [INFO] [1785263973.680925757] [offboard_node]: 탐색 1회차 — 고도 25m AGL 반경 6.1→30m 링간격 12.2m 속도상한 5.0m/s (풋프린트 단폭 18.8m)
[offboard_node-2] [INFO] [1785263973.681720619] [offboard_node]: WP1 도달·안정 (dist=0.0m speed=0.0m/s) → VISION_SEARCH (비전 착륙 활성)
[offboard_node-2] [INFO] [1785263973.780752235] [offboard_node]: 탐색 1회차 — 고도 25m AGL 반경 6.1→30m 링간격 12.2m 속도상한 5.0m/s (풋프린트 단폭 18.8m)
[offboard_node-2] [INFO] [1785263973.781664949] [offboard_node]: WP1 도달·안정 (dist=0.0m speed=0.0m/s) → VISION_SEARCH (비전 착륙 활성)
[offboard_node-2] [INFO] [1785263973.880986144] [offboard_node]: 탐색 1회차 — 고도 25m AGL 반경 6.1→30m 링간격 12.2m 속도상한 5.0m/s (풋프린트 단폭 18.8m)
[offboard_node-2] [INFO] [1785263973.881808858] [offboard_node]: WP1 도달·안정 (dist=0.0m speed=0.0m/s) → VISION_SEARCH (비전 착륙 활성)
[offboard_node-2] [INFO] [1785263973.981042869] [offboard_node]: 탐색 1회차 — 고도 25m AGL 반경 6.1→30m 링간격 12.2m 속도상한 5.0m/s (풋프린트 단폭 18.8m)
[offboard_node-2] [INFO] [1785263973.981866361] [offboard_node]: WP1 도달·안정 (dist=0.0m speed=0.0m/s) → VISION_SEARCH (비전 착륙 활성)
[offboard_node-2] [INFO] [1785263974.081559801] [offboard_node]: 탐색 1회차 — 고도 25m AGL 반경 6.1→30m 링간격 12.2m 속도상한 5.0m/s (풋프린트 단폭 18.8m)
[offboard_node-2] [INFO] [1785263974.083871537] [offboard_node]: WP1 도달·안정 (dist=0.0m speed=0.0m/s) → VISION_SEARCH (비전 착륙 활성)
[offboard_node-2] [INFO] [1785263974.181301458] [offboard_node]: 탐색 1회차 — 고도 25m AGL 반경 6.1→30m 링간격 12.2m 속도상한 5.0m/s (풋프린트 단폭 18.8m)
[offboard_node-2] [INFO] [1785263974.183312780] [offboard_node]: WP1 도달·안정 (dist=0.0m speed=0.0m/s) → VISION_SEARCH (비전 착륙 활성)
[offboard_node-2] [INFO] [1785263974.280996587] [offboard_node]: 탐색 1회차 — 고도 25m AGL 반경 6.1→30m 링간격 12.2m 속도상한 5.0m/s (풋프린트 단폭 18.8m)
[offboard_node-2] [INFO] [1785263974.281649734] [offboard_node]: WP1 도달·안정 (dist=0.0m speed=0.0m/s) → VISION_SEARCH (비전 착륙 활성)
[offboard_node-2] [INFO] [1785263974.381037863] [offboard_node]: 탐색 1회차 — 고도 25m AGL 반경 6.1→30m 링간격 12.2m 속도상한 5.0m/s (풋프린트 단폭 18.8m)
[offboard_node-2] [INFO] [1785263974.381584014] [offboard_node]: WP1 도달·안정 (dist=0.0m speed=0.0m/s) → VISION_SEARCH (비전 착륙 활성)
[telemetry_node-1] [INFO] [1785263974.393395339] [telemetry_node]: pos_ned=[3.00001129e+02 9.14021581e-03 4.99846153e+01]  yaw=0.074  armed=True  vtol=3  batt=15.30V/50%
[offboard_node-2] [INFO] [1785263974.480526761] [offboard_node]: 탐색 1회차 — 고도 25m AGL 반경 6.1→30m 링간격 12.2m 속도상한 5.0m/s (풋프린트 단폭 18.8m)
[offboard_node-2] [INFO] [1785263974.481398609] [offboard_node]: WP1 도달·안정 (dist=0.0m speed=0.0m/s) → VISION_SEARCH (비전 착륙 활성)
[offboard_node-2] [INFO] [1785263974.580788224] [offboard_node]: 탐색 1회차 — 고도 25m AGL 반경 6.1→30m 링간격 12.2m 속도상한 5.0m/s (풋프린트 단폭 18.8m)
[offboard_node-2] [INFO] [1785263974.581561787] [offboard_node]: WP1 도달·안정 (dist=0.0m speed=0.0m/s) → VISION_SEARCH (비전 착륙 활성)
[offboard_node-2] [INFO] [1785263974.681829807] [offboard_node]: 탐색 1회차 — 고도 25m AGL 반경 6.1→30m 링간격 12.2m 속도상한 5.0m/s (풋프린트 단폭 18.8m)
[offboard_node-2] [INFO] [1785263974.682358217] [offboard_node]: WP1 도달·안정 (dist=0.0m speed=0.0m/s) → VISION_SEARCH (비전 착륙 활성)
[offboard_node-2] [INFO] [1785263974.780924001] [offboard_node]: 탐색 1회차 — 고도 25m AGL 반경 6.1→30m 링간격 12.2m 속도상한 5.0m/s (풋프린트 단폭 18.8m)
[offboard_node-2] [INFO] [1785263974.781634239] [offboard_node]: WP1 도달·안정 (dist=0.0m speed=0.0m/s) → VISION_SEARCH (비전 착륙 활성)
[offboard_node-2] [INFO] [1785263974.880510884] [offboard_node]: 탐색 1회차 — 고도 25m AGL 반경 6.1→30m 링간격 12.2m 속도상한 5.0m/s (풋프린트 단폭 18.8m)
[offboard_node-2] [INFO] [1785263974.881301831] [offboard_node]: WP1 도달·안정 (dist=0.0m speed=0.0m/s) → VISION_SEARCH (비전 착륙 활성)
[offboard_node-2] [INFO] [1785263974.980854701] [offboard_node]: 탐색 1회차 — 고도 25m AGL 반경 6.1→30m 링간격 12.2m 속도상한 5.0m/s (풋프린트 단폭 18.8m)
[offboard_node-2] [INFO] [1785263974.981554263] [offboard_node]: WP1 도달·안정 (dist=0.0m speed=0.0m/s) → VISION_SEARCH (비전 착륙 활성)
[offboard_node-2] [INFO] [1785263975.080501476] [offboard_node]: 탐색 1회차 — 고도 25m AGL 반경 6.1→30m 링간격 12.2m 속도상한 5.0m/s (풋프린트 단폭 18.8m)
[offboard_node-2] [INFO] [1785263975.081005846] [offboard_node]: WP1 도달·안정 (dist=0.0m speed=0.0m/s) → VISION_SEARCH (비전 착륙 활성)
[offboard_node-2] [INFO] [1785263975.180469928] [offboard_node]: 탐색 1회차 — 고도 25m AGL 반경 6.1→30m 링간격 12.2m 속도상한 5.0m/s (풋프린트 단폭 18.8m)
[offboard_node-2] [INFO] [1785263975.181172208] [offboard_node]: WP1 도달·안정 (dist=0.0m speed=0.0m/s) → VISION_SEARCH (비전 착륙 활성)
[offboard_node-2] [INFO] [1785263975.280657880] [offboard_node]: 탐색 1회차 — 고도 25m AGL 반경 6.1→30m 링간격 12.2m 속도상한 5.0m/s (풋프린트 단폭 18.8m)
[offboard_node-2] [INFO] [1785263975.281211458] [offboard_node]: WP1 도달·안정 (dist=0.0m speed=0.0m/s) → VISION_SEARCH (비전 착륙 활성)
[offboard_node-2] [INFO] [1785263975.380475158] [offboard_node]: 탐색 1회차 — 고도 25m AGL 반경 6.1→30m 링간격 12.2m 속도상한 5.0m/s (풋프린트 단폭 18.8m)
[offboard_node-2] [INFO] [1785263975.381209729] [offboard_node]: WP1 도달·안정 (dist=0.0m speed=0.0m/s) → VISION_SEARCH (비전 착륙 활성)
[offboard_node-2] [INFO] [1785263975.480588108] [offboard_node]: 탐색 1회차 — 고도 25m AGL 반경 6.1→30m 링간격 12.2m 속도상한 5.0m/s (풋프린트 단폭 18.8m)
[offboard_node-2] [INFO] [1785263975.481439349] [offboard_node]: WP1 도달·안정 (dist=0.0m speed=0.0m/s) → VISION_SEARCH (비전 착륙 활성)
[offboard_node-2] [INFO] [1785263975.580169905] [offboard_node]: WP1 홀드 dist=0.0m speed=0.0m/s stable=1005/10
[offboard_node-2] [INFO] [1785263975.580753916] [offboard_node]: 탐색 1회차 — 고도 25m AGL 반경 6.1→30m 링간격 12.2m 속도상한 5.0m/s (풋프린트 단폭 18.8m)
[offboard_node-2] [INFO] [1785263975.581189650] [offboard_node]: WP1 도달·안정 (dist=0.0m speed=0.0m/s) → VISION_SEARCH (비전 착륙 활성)
[offboard_node-2] [INFO] [1785263975.680610471] [offboard_node]: 탐색 1회차 — 고도 25m AGL 반경 6.1→30m 링간격 12.2m 속도상한 5.0m/s (풋프린트 단폭 18.8m)
[offboard_node-2] [INFO] [1785263975.681327791] [offboard_node]: WP1 도달·안정 (dist=0.0m speed=0.0m/s) → VISION_SEARCH (비전 착륙 활성)
[offboard_node-2] [INFO] [1785263975.780664273] [offboard_node]: 탐색 1회차 — 고도 25m AGL 반경 6.1→30m 링간격 12.2m 속도상한 5.0m/s (풋프린트 단폭 18.8m)
[offboard_node-2] [INFO] [1785263975.781338090] [offboard_node]: WP1 도달·안정 (dist=0.0m speed=0.0m/s) → VISION_SEARCH (비전 착륙 활성)
[offboard_node-2] [INFO] [1785263975.880575831] [offboard_node]: 탐색 1회차 — 고도 25m AGL 반경 6.1→30m 링간격 12.2m 속도상한 5.0m/s (풋프린트 단폭 18.8m)
[offboard_node-2] [INFO] [1785263975.881049831] [offboard_node]: WP1 도달·안정 (dist=0.0m speed=0.0m/s) → VISION_SEARCH (비전 착륙 활성)
[offboard_node-2] [INFO] [1785263975.980643340] [offboard_node]: 탐색 1회차 — 고도 25m AGL 반경 6.1→30m 링간격 12.2m 속도상한 5.0m/s (풋프린트 단폭 18.8m)
[offboard_node-2] [INFO] [1785263975.981344064] [offboard_node]: WP1 도달·안정 (dist=0.0m speed=0.0m/s) → VISION_SEARCH (비전 착륙 활성)
[offboard_node-2] [INFO] [1785263976.080215339] [offboard_node]: 탐색 1회차 — 고도 25m AGL 반경 6.1→30m 링간격 12.2m 속도상한 5.0m/s (풋프린트 단폭 18.8m)
[offboard_node-2] [INFO] [1785263976.080798028] [offboard_node]: WP1 도달·안정 (dist=0.0m speed=0.0m/s) → VISION_SEARCH (비전 착륙 활성)
[offboard_node-2] [INFO] [1785263976.180708871] [offboard_node]: 탐색 1회차 — 고도 25m AGL 반경 6.1→30m 링간격 12.2m 속도상한 5.0m/s (풋프린트 단폭 18.8m)
[offboard_node-2] [INFO] [1785263976.181423215] [offboard_node]: WP1 도달·안정 (dist=0.0m speed=0.0m/s) → VISION_SEARCH (비전 착륙 활성)
[offboard_node-2] [INFO] [1785263976.280693573] [offboard_node]: 탐색 1회차 — 고도 25m AGL 반경 6.1→30m 링간격 12.2m 속도상한 5.0m/s (풋프린트 단폭 18.8m)
[offboard_node-2] [INFO] [1785263976.281355718] [offboard_node]: WP1 도달·안정 (dist=0.0m speed=0.0m/s) → VISION_SEARCH (비전 착륙 활성)
[offboard_node-2] [INFO] [1785263976.380741167] [offboard_node]: 탐색 1회차 — 고도 25m AGL 반경 6.1→30m 링간격 12.2m 속도상한 5.0m/s (풋프린트 단폭 18.8m)
[offboard_node-2] [INFO] [1785263976.381461709] [offboard_node]: WP1 도달·안정 (dist=0.0m speed=0.0m/s) → VISION_SEARCH (비전 착륙 활성)
[telemetry_node-1] [INFO] [1785263976.393143468] [telemetry_node]: pos_ned=[2.99977081e+02 7.09532714e-03 4.99898376e+01]  yaw=0.075  armed=True  vtol=3  batt=15.30V/50%
[offboard_node-2] [INFO] [1785263976.480528713] [offboard_node]: 탐색 1회차 — 고도 25m AGL 반경 6.1→30m 링간격 12.2m 속도상한 5.0m/s (풋프린트 단폭 18.8m)
[offboard_node-2] [INFO] [1785263976.481093929] [offboard_node]: WP1 도달·안정 (dist=0.0m speed=0.0m/s) → VISION_SEARCH (비전 착륙 활성)
[offboard_node-2] [INFO] [1785263976.580524528] [offboard_node]: 탐색 1회차 — 고도 25m AGL 반경 6.1→30m 링간격 12.2m 속도상한 5.0m/s (풋프린트 단폭 18.8m)
[offboard_node-2] [INFO] [1785263976.581023101] [offboard_node]: WP1 도달·안정 (dist=0.0m speed=0.0m/s) → VISION_SEARCH (비전 착륙 활성)
[offboard_node-2] [INFO] [1785263976.680386909] [offboard_node]: 탐색 1회차 — 고도 25m AGL 반경 6.1→30m 링간격 12.2m 속도상한 5.0m/s (풋프린트 단폭 18.8m)
[offboard_node-2] [INFO] [1785263976.680807899] [offboard_node]: WP1 도달·안정 (dist=0.0m speed=0.0m/s) → VISION_SEARCH (비전 착륙 활성)
[offboard_node-2] [INFO] [1785263976.780245864] [offboard_node]: 탐색 1회차 — 고도 25m AGL 반경 6.1→30m 링간격 12.2m 속도상한 5.0m/s (풋프린트 단폭 18.8m)
[offboard_node-2] [INFO] [1785263976.780987250] [offboard_node]: WP1 도달·안정 (dist=0.0m speed=0.0m/s) → VISION_SEARCH (비전 착륙 활성)
[offboard_node-2] [INFO] [1785263976.880698226] [offboard_node]: 탐색 1회차 — 고도 25m AGL 반경 6.1→30m 링간격 12.2m 속도상한 5.0m/s (풋프린트 단폭 18.8m)
[offboard_node-2] [INFO] [1785263976.881365635] [offboard_node]: WP1 도달·안정 (dist=0.0m speed=0.0m/s) → VISION_SEARCH (비전 착륙 활성)
[offboard_node-2] [INFO] [1785263976.980669099] [offboard_node]: 탐색 1회차 — 고도 25m AGL 반경 6.1→30m 링간격 12.2m 속도상한 5.0m/s (풋프린트 단폭 18.8m)
[offboard_node-2] [INFO] [1785263976.981481754] [offboard_node]: WP1 도달·안정 (dist=0.0m speed=0.0m/s) → VISION_SEARCH (비전 착륙 활성)
[offboard_node-2] [INFO] [1785263977.080819186] [offboard_node]: 탐색 1회차 — 고도 25m AGL 반경 6.1→30m 링간격 12.2m 속도상한 5.0m/s (풋프린트 단폭 18.8m)
[offboard_node-2] [INFO] [1785263977.081440254] [offboard_node]: WP1 도달·안정 (dist=0.0m speed=0.0m/s) → VISION_SEARCH (비전 착륙 활성)
[offboard_node-2] [INFO] [1785263977.181152859] [offboard_node]: 탐색 1회차 — 고도 25m AGL 반경 6.1→30m 링간격 12.2m 속도상한 5.0m/s (풋프린트 단폭 18.8m)
[offboard_node-2] [INFO] [1785263977.181865780] [offboard_node]: WP1 도달·안정 (dist=0.0m speed=0.0m/s) → VISION_SEARCH (비전 착륙 활성)
[offboard_node-2] [INFO] [1785263977.280660024] [offboard_node]: 탐색 1회차 — 고도 25m AGL 반경 6.1→30m 링간격 12.2m 속도상한 5.0m/s (풋프린트 단폭 18.8m)
[offboard_node-2] [INFO] [1785263977.281388033] [offboard_node]: WP1 도달·안정 (dist=0.0m speed=0.0m/s) → VISION_SEARCH (비전 착륙 활성)
[offboard_node-2] [INFO] [1785263977.380769900] [offboard_node]: 탐색 1회차 — 고도 25m AGL 반경 6.1→30m 링간격 12.2m 속도상한 5.0m/s (풋프린트 단폭 18.8m)
[offboard_node-2] [INFO] [1785263977.381540993] [offboard_node]: WP1 도달·안정 (dist=0.0m speed=0.0m/s) → VISION_SEARCH (비전 착륙 활성)
[offboard_node-2] [INFO] [1785263977.482344245] [offboard_node]: 탐색 1회차 — 고도 25m AGL 반경 6.1→30m 링간격 12.2m 속도상한 5.0m/s (풋프린트 단폭 18.8m)
[offboard_node-2] [INFO] [1785263977.483096112] [offboard_node]: WP1 도달·안정 (dist=0.0m speed=0.0m/s) → VISION_SEARCH (비전 착륙 활성)
[offboard_node-2] [INFO] [1785263977.580855556] [offboard_node]: WP1 홀드 dist=0.0m speed=0.0m/s stable=1025/10
[offboard_node-2] [INFO] [1785263977.581634831] [offboard_node]: 탐색 1회차 — 고도 25m AGL 반경 6.1→30m 링간격 12.2m 속도상한 5.0m/s (풋프린트 단폭 18.8m)
[offboard_node-2] [INFO] [1785263977.582224201] [offboard_node]: WP1 도달·안정 (dist=0.0m speed=0.0m/s) → VISION_SEARCH (비전 착륙 활성)
[offboard_node-2] [INFO] [1785263977.682209540] [offboard_node]: 탐색 1회차 — 고도 25m AGL 반경 6.1→30m 링간격 12.2m 속도상한 5.0m/s (풋프린트 단폭 18.8m)
[offboard_node-2] [INFO] [1785263977.682939039] [offboard_node]: WP1 도달·안정 (dist=0.0m speed=0.0m/s) → VISION_SEARCH (비전 착륙 활성)
[offboard_node-2] [INFO] [1785263977.780631541] [offboard_node]: 탐색 1회차 — 고도 25m AGL 반경 6.1→30m 링간격 12.2m 속도상한 5.0m/s (풋프린트 단폭 18.8m)
[offboard_node-2] [INFO] [1785263977.781406841] [offboard_node]: WP1 도달·안정 (dist=0.0m speed=0.0m/s) → VISION_SEARCH (비전 착륙 활성)
[offboard_node-2] [INFO] [1785263977.880819432] [offboard_node]: 탐색 1회차 — 고도 25m AGL 반경 6.1→30m 링간격 12.2m 속도상한 5.0m/s (풋프린트 단폭 18.8m)
[offboard_node-2] [INFO] [1785263977.881692501] [offboard_node]: WP1 도달·안정 (dist=0.0m speed=0.0m/s) → VISION_SEARCH (비전 착륙 활성)
[offboard_node-2] [INFO] [1785263977.980762350] [offboard_node]: 탐색 1회차 — 고도 25m AGL 반경 6.1→30m 링간격 12.2m 속도상한 5.0m/s (풋프린트 단폭 18.8m)
[offboard_node-2] [INFO] [1785263977.981462398] [offboard_node]: WP1 도달·안정 (dist=0.0m speed=0.0m/s) → VISION_SEARCH (비전 착륙 활성)
[offboard_node-2] [INFO] [1785263978.080723130] [offboard_node]: 탐색 1회차 — 고도 25m AGL 반경 6.1→30m 링간격 12.2m 속도상한 5.0m/s (풋프린트 단폭 18.8m)
[offboard_node-2] [INFO] [1785263978.081529467] [offboard_node]: WP1 도달·안정 (dist=0.0m speed=0.0m/s) → VISION_SEARCH (비전 착륙 활성)
[offboard_node-2] [INFO] [1785263978.180531873] [offboard_node]: 탐색 1회차 — 고도 25m AGL 반경 6.1→30m 링간격 12.2m 속도상한 5.0m/s (풋프린트 단폭 18.8m)
[offboard_node-2] [INFO] [1785263978.181114744] [offboard_node]: WP1 도달·안정 (dist=0.0m speed=0.0m/s) → VISION_SEARCH (비전 착륙 활성)
[offboard_node-2] [INFO] [1785263978.280427849] [offboard_node]: 탐색 1회차 — 고도 25m AGL 반경 6.1→30m 링간격 12.2m 속도상한 5.0m/s (풋프린트 단폭 18.8m)
[offboard_node-2] [INFO] [1785263978.280950807] [offboard_node]: WP1 도달·안정 (dist=0.0m speed=0.0m/s) → VISION_SEARCH (비전 착륙 활성)
[offboard_node-2] [INFO] [1785263978.380753476] [offboard_node]: 탐색 1회차 — 고도 25m AGL 반경 6.1→30m 링간격 12.2m 속도상한 5.0m/s (풋프린트 단폭 18.8m)
[offboard_node-2] [INFO] [1785263978.381575117] [offboard_node]: WP1 도달·안정 (dist=0.0m speed=0.0m/s) → VISION_SEARCH (비전 착륙 활성)
[telemetry_node-1] [INFO] [1785263978.393155373] [telemetry_node]: pos_ned=[2.99988281e+02 1.19714579e-02 5.00124207e+01]  yaw=0.075  armed=True  vtol=3  batt=15.30V/50%
[offboard_node-2] [INFO] [1785263978.480521548] [offboard_node]: 탐색 1회차 — 고도 25m AGL 반경 6.1→30m 링간격 12.2m 속도상한 5.0m/s (풋프린트 단폭 18.8m)
[offboard_node-2] [INFO] [1785263978.481137132] [offboard_node]: WP1 도달·안정 (dist=0.0m speed=0.0m/s) → VISION_SEARCH (비전 착륙 활성)
[offboard_node-2] [INFO] [1785263978.580588420] [offboard_node]: 탐색 1회차 — 고도 25m AGL 반경 6.1→30m 링간격 12.2m 속도상한 5.0m/s (풋프린트 단폭 18.8m)
[offboard_node-2] [INFO] [1785263978.581230904] [offboard_node]: WP1 도달·안정 (dist=0.0m speed=0.0m/s) → VISION_SEARCH (비전 착륙 활성)
[offboard_node-2] [INFO] [1785263978.680614509] [offboard_node]: 탐색 1회차 — 고도 25m AGL 반경 6.1→30m 링간격 12.2m 속도상한 5.0m/s (풋프린트 단폭 18.8m)
[offboard_node-2] [INFO] [1785263978.682107324] [offboard_node]: WP1 도달·안정 (dist=0.0m speed=0.0m/s) → VISION_SEARCH (비전 착륙 활성)
[offboard_node-2] [INFO] [1785263978.781021097] [offboard_node]: 탐색 1회차 — 고도 25m AGL 반경 6.1→30m 링간격 12.2m 속도상한 5.0m/s (풋프린트 단폭 18.8m)
[offboard_node-2] [INFO] [1785263978.781997242] [offboard_node]: WP1 도달·안정 (dist=0.0m speed=0.0m/s) → VISION_SEARCH (비전 착륙 활성)
[offboard_node-2] [INFO] [1785263978.880872481] [offboard_node]: 탐색 1회차 — 고도 25m AGL 반경 6.1→30m 링간격 12.2m 속도상한 5.0m/s (풋프린트 단폭 18.8m)
[offboard_node-2] [INFO] [1785263978.882147269] [offboard_node]: WP1 도달·안정 (dist=0.0m speed=0.0m/s) → VISION_SEARCH (비전 착륙 활성)
[offboard_node-2] [INFO] [1785263978.980539015] [offboard_node]: 탐색 1회차 — 고도 25m AGL 반경 6.1→30m 링간격 12.2m 속도상한 5.0m/s (풋프린트 단폭 18.8m)
[offboard_node-2] [INFO] [1785263978.981377677] [offboard_node]: WP1 도달·안정 (dist=0.0m speed=0.0m/s) → VISION_SEARCH (비전 착륙 활성)
[offboard_node-2] [INFO] [1785263979.081081761] [offboard_node]: 탐색 1회차 — 고도 25m AGL 반경 6.1→30m 링간격 12.2m 속도상한 5.0m/s (풋프린트 단폭 18.8m)
[offboard_node-2] [INFO] [1785263979.081921655] [offboard_node]: WP1 도달·안정 (dist=0.0m speed=0.0m/s) → VISION_SEARCH (비전 착륙 활성)
[offboard_node-2] [INFO] [1785263979.180459386] [offboard_node]: 탐색 1회차 — 고도 25m AGL 반경 6.1→30m 링간격 12.2m 속도상한 5.0m/s (풋프린트 단폭 18.8m)
[offboard_node-2] [INFO] [1785263979.181169897] [offboard_node]: WP1 도달·안정 (dist=0.0m speed=0.0m/s) → VISION_SEARCH (비전 착륙 활성)
[offboard_node-2] [INFO] [1785263979.280397069] [offboard_node]: 탐색 1회차 — 고도 25m AGL 반경 6.1→30m 링간격 12.2m 속도상한 5.0m/s (풋프린트 단폭 18.8m)
[offboard_node-2] [INFO] [1785263979.280995629] [offboard_node]: WP1 도달·안정 (dist=0.0m speed=0.0m/s) → VISION_SEARCH (비전 착륙 활성)
[offboard_node-2] [INFO] [1785263979.381351581] [offboard_node]: 탐색 1회차 — 고도 25m AGL 반경 6.1→30m 링간격 12.2m 속도상한 5.0m/s (풋프린트 단폭 18.8m)
[offboard_node-2] [INFO] [1785263979.382107603] [offboard_node]: WP1 도달·안정 (dist=0.0m speed=0.0m/s) → VISION_SEARCH (비전 착륙 활성)
[offboard_node-2] [INFO] [1785263979.480785004] [offboard_node]: 탐색 1회차 — 고도 25m AGL 반경 6.1→30m 링간격 12.2m 속도상한 5.0m/s (풋프린트 단폭 18.8m)
[offboard_node-2] [INFO] [1785263979.481590817] [offboard_node]: WP1 도달·안정 (dist=0.0m speed=0.0m/s) → VISION_SEARCH (비전 착륙 활성)
[offboard_node-2] [INFO] [1785263979.580875085] [offboard_node]: WP1 홀드 dist=0.0m speed=0.0m/s stable=1045/10
[offboard_node-2] [INFO] [1785263979.581866808] [offboard_node]: 탐색 1회차 — 고도 25m AGL 반경 6.1→30m 링간격 12.2m 속도상한 5.0m/s (풋프린트 단폭 18.8m)
[offboard_node-2] [INFO] [1785263979.582739336] [offboard_node]: WP1 도달·안정 (dist=0.0m speed=0.0m/s) → VISION_SEARCH (비전 착륙 활성)
[offboard_node-2] [INFO] [1785263979.680486903] [offboard_node]: 탐색 1회차 — 고도 25m AGL 반경 6.1→30m 링간격 12.2m 속도상한 5.0m/s (풋프린트 단폭 18.8m)
[offboard_node-2] [INFO] [1785263979.681286000] [offboard_node]: WP1 도달·안정 (dist=0.0m speed=0.0m/s) → VISION_SEARCH (비전 착륙 활성)
[offboard_node-2] [INFO] [1785263979.780375533] [offboard_node]: 탐색 1회차 — 고도 25m AGL 반경 6.1→30m 링간격 12.2m 속도상한 5.0m/s (풋프린트 단폭 18.8m)
[offboard_node-2] [INFO] [1785263979.781145068] [offboard_node]: WP1 도달·안정 (dist=0.0m speed=0.0m/s) → VISION_SEARCH (비전 착륙 활성)
[offboard_node-2] [INFO] [1785263979.880338746] [offboard_node]: 탐색 1회차 — 고도 25m AGL 반경 6.1→30m 링간격 12.2m 속도상한 5.0m/s (풋프린트 단폭 18.8m)
[offboard_node-2] [INFO] [1785263979.881207020] [offboard_node]: WP1 도달·안정 (dist=0.0m speed=0.0m/s) → VISION_SEARCH (비전 착륙 활성)
[offboard_node-2] [INFO] [1785263979.980406438] [offboard_node]: 탐색 1회차 — 고도 25m AGL 반경 6.1→30m 링간격 12.2m 속도상한 5.0m/s (풋프린트 단폭 18.8m)
[offboard_node-2] [INFO] [1785263979.981121361] [offboard_node]: WP1 도달·안정 (dist=0.0m speed=0.0m/s) → VISION_SEARCH (비전 착륙 활성)
[offboard_node-2] [INFO] [1785263980.080582386] [offboard_node]: 탐색 1회차 — 고도 25m AGL 반경 6.1→30m 링간격 12.2m 속도상한 5.0m/s (풋프린트 단폭 18.8m)
[offboard_node-2] [INFO] [1785263980.081392381] [offboard_node]: WP1 도달·안정 (dist=0.0m speed=0.0m/s) → VISION_SEARCH (비전 착륙 활성)
[offboard_node-2] [INFO] [1785263980.181002721] [offboard_node]: 탐색 1회차 — 고도 25m AGL 반경 6.1→30m 링간격 12.2m 속도상한 5.0m/s (풋프린트 단폭 18.8m)
[offboard_node-2] [INFO] [1785263980.182367338] [offboard_node]: WP1 도달·안정 (dist=0.0m speed=0.0m/s) → VISION_SEARCH (비전 착륙 활성)
[offboard_node-2] [INFO] [1785263980.280622649] [offboard_node]: 탐색 1회차 — 고도 25m AGL 반경 6.1→30m 링간격 12.2m 속도상한 5.0m/s (풋프린트 단폭 18.8m)
[offboard_node-2] [INFO] [1785263980.281156220] [offboard_node]: WP1 도달·안정 (dist=0.0m speed=0.0m/s) → VISION_SEARCH (비전 착륙 활성)
[offboard_node-2] [INFO] [1785263980.380372336] [offboard_node]: 탐색 1회차 — 고도 25m AGL 반경 6.1→30m 링간격 12.2m 속도상한 5.0m/s (풋프린트 단폭 18.8m)
[offboard_node-2] [INFO] [1785263980.381108165] [offboard_node]: WP1 도달·안정 (dist=0.0m speed=0.0m/s) → VISION_SEARCH (비전 착륙 활성)
[telemetry_node-1] [INFO] [1785263980.393416221] [telemetry_node]: pos_ned=[2.99990509e+02 4.55138227e-03 5.00136642e+01]  yaw=0.076  armed=True  vtol=3  batt=15.30V/50%
[offboard_node-2] [INFO] [1785263980.480543523] [offboard_node]: 탐색 1회차 — 고도 25m AGL 반경 6.1→30m 링간격 12.2m 속도상한 5.0m/s (풋프린트 단폭 18.8m)
[offboard_node-2] [INFO] [1785263980.481104747] [offboard_node]: WP1 도달·안정 (dist=0.0m speed=0.0m/s) → VISION_SEARCH (비전 착륙 활성)
[offboard_node-2] [INFO] [1785263980.580657796] [offboard_node]: 탐색 1회차 — 고도 25m AGL 반경 6.1→30m 링간격 12.2m 속도상한 5.0m/s (풋프린트 단폭 18.8m)
[offboard_node-2] [INFO] [1785263980.581191706] [offboard_node]: WP1 도달·안정 (dist=0.0m speed=0.0m/s) → VISION_SEARCH (비전 착륙 활성)
[offboard_node-2] [INFO] [1785263980.680705661] [offboard_node]: 탐색 1회차 — 고도 25m AGL 반경 6.1→30m 링간격 12.2m 속도상한 5.0m/s (풋프린트 단폭 18.8m)
[offboard_node-2] [INFO] [1785263980.681402507] [offboard_node]: WP1 도달·안정 (dist=0.0m speed=0.0m/s) → VISION_SEARCH (비전 착륙 활성)
[offboard_node-2] [INFO] [1785263980.780615245] [offboard_node]: 탐색 1회차 — 고도 25m AGL 반경 6.1→30m 링간격 12.2m 속도상한 5.0m/s (풋프린트 단폭 18.8m)
[offboard_node-2] [INFO] [1785263980.781188926] [offboard_node]: WP1 도달·안정 (dist=0.0m speed=0.0m/s) → VISION_SEARCH (비전 착륙 활성)
[offboard_node-2] [INFO] [1785263980.880364113] [offboard_node]: 탐색 1회차 — 고도 25m AGL 반경 6.1→30m 링간격 12.2m 속도상한 5.0m/s (풋프린트 단폭 18.8m)
[offboard_node-2] [INFO] [1785263980.880992150] [offboard_node]: WP1 도달·안정 (dist=0.0m speed=0.0m/s) → VISION_SEARCH (비전 착륙 활성)
[offboard_node-2] [INFO] [1785263980.980482457] [offboard_node]: 탐색 1회차 — 고도 25m AGL 반경 6.1→30m 링간격 12.2m 속도상한 5.0m/s (풋프린트 단폭 18.8m)
[offboard_node-2] [INFO] [1785263980.980995214] [offboard_node]: WP1 도달·안정 (dist=0.0m speed=0.0m/s) → VISION_SEARCH (비전 착륙 활성)
[offboard_node-2] [INFO] [1785263981.080238838] [offboard_node]: 탐색 1회차 — 고도 25m AGL 반경 6.1→30m 링간격 12.2m 속도상한 5.0m/s (풋프린트 단폭 18.8m)
[offboard_node-2] [INFO] [1785263981.080936123] [offboard_node]: WP1 도달·안정 (dist=0.0m speed=0.0m/s) → VISION_SEARCH (비전 착륙 활성)
[offboard_node-2] [INFO] [1785263981.181280970] [offboard_node]: 탐색 1회차 — 고도 25m AGL 반경 6.1→30m 링간격 12.2m 속도상한 5.0m/s (풋프린트 단폭 18.8m)
[offboard_node-2] [INFO] [1785263981.181965373] [offboard_node]: WP1 도달·안정 (dist=0.0m speed=0.0m/s) → VISION_SEARCH (비전 착륙 활성)
[offboard_node-2] [INFO] [1785263981.280138179] [offboard_node]: 탐색 1회차 — 고도 25m AGL 반경 6.1→30m 링간격 12.2m 속도상한 5.0m/s (풋프린트 단폭 18.8m)
[offboard_node-2] [INFO] [1785263981.280755158] [offboard_node]: WP1 도달·안정 (dist=0.0m speed=0.0m/s) → VISION_SEARCH (비전 착륙 활성)
[offboard_node-2] [INFO] [1785263981.380505536] [offboard_node]: 탐색 1회차 — 고도 25m AGL 반경 6.1→30m 링간격 12.2m 속도상한 5.0m/s (풋프린트 단폭 18.8m)
[offboard_node-2] [INFO] [1785263981.381001979] [offboard_node]: WP1 도달·안정 (dist=0.0m speed=0.0m/s) → VISION_SEARCH (비전 착륙 활성)
[offboard_node-2] [INFO] [1785263981.480704682] [offboard_node]: 탐색 1회차 — 고도 25m AGL 반경 6.1→30m 링간격 12.2m 속도상한 5.0m/s (풋프린트 단폭 18.8m)
[offboard_node-2] [INFO] [1785263981.481500899] [offboard_node]: WP1 도달·안정 (dist=0.0m speed=0.0m/s) → VISION_SEARCH (비전 착륙 활성)
[offboard_node-2] [INFO] [1785263981.580424676] [offboard_node]: WP1 홀드 dist=0.0m speed=0.0m/s stable=1065/10
[offboard_node-2] [INFO] [1785263981.581008618] [offboard_node]: 탐색 1회차 — 고도 25m AGL 반경 6.1→30m 링간격 12.2m 속도상한 5.0m/s (풋프린트 단폭 18.8m)
[offboard_node-2] [INFO] [1785263981.581370915] [offboard_node]: WP1 도달·안정 (dist=0.0m speed=0.0m/s) → VISION_SEARCH (비전 착륙 활성)
[offboard_node-2] [INFO] [1785263981.680292927] [offboard_node]: 탐색 1회차 — 고도 25m AGL 반경 6.1→30m 링간격 12.2m 속도상한 5.0m/s (풋프린트 단폭 18.8m)
[offboard_node-2] [INFO] [1785263981.681002030] [offboard_node]: WP1 도달·안정 (dist=0.0m speed=0.0m/s) → VISION_SEARCH (비전 착륙 활성)
[offboard_node-2] [INFO] [1785263981.780656492] [offboard_node]: 탐색 1회차 — 고도 25m AGL 반경 6.1→30m 링간격 12.2m 속도상한 5.0m/s (풋프린트 단폭 18.8m)
[offboard_node-2] [INFO] [1785263981.781251302] [offboard_node]: WP1 도달·안정 (dist=0.0m speed=0.0m/s) → VISION_SEARCH (비전 착륙 활성)
[offboard_node-2] [INFO] [1785263981.880309894] [offboard_node]: 탐색 1회차 — 고도 25m AGL 반경 6.1→30m 링간격 12.2m 속도상한 5.0m/s (풋프린트 단폭 18.8m)
[offboard_node-2] [INFO] [1785263981.881080291] [offboard_node]: WP1 도달·안정 (dist=0.0m speed=0.0m/s) → VISION_SEARCH (비전 착륙 활성)
[offboard_node-2] [INFO] [1785263981.980326183] [offboard_node]: 탐색 1회차 — 고도 25m AGL 반경 6.1→30m 링간격 12.2m 속도상한 5.0m/s (풋프린트 단폭 18.8m)
[offboard_node-2] [INFO] [1785263981.980900986] [offboard_node]: WP1 도달·안정 (dist=0.0m speed=0.0m/s) → VISION_SEARCH (비전 착륙 활성)
[offboard_node-2] [INFO] [1785263982.080452145] [offboard_node]: 탐색 1회차 — 고도 25m AGL 반경 6.1→30m 링간격 12.2m 속도상한 5.0m/s (풋프린트 단폭 18.8m)
[offboard_node-2] [INFO] [1785263982.081076311] [offboard_node]: WP1 도달·안정 (dist=0.0m speed=0.0m/s) → VISION_SEARCH (비전 착륙 활성)
[offboard_node-2] [INFO] [1785263982.180532409] [offboard_node]: 탐색 1회차 — 고도 25m AGL 반경 6.1→30m 링간격 12.2m 속도상한 5.0m/s (풋프린트 단폭 18.8m)
[offboard_node-2] [INFO] [1785263982.181341741] [offboard_node]: WP1 도달·안정 (dist=0.0m speed=0.0m/s) → VISION_SEARCH (비전 착륙 활성)
[offboard_node-2] [INFO] [1785263982.280175714] [offboard_node]: 탐색 1회차 — 고도 25m AGL 반경 6.1→30m 링간격 12.2m 속도상한 5.0m/s (풋프린트 단폭 18.8m)
[offboard_node-2] [INFO] [1785263982.280745363] [offboard_node]: WP1 도달·안정 (dist=0.0m speed=0.0m/s) → VISION_SEARCH (비전 착륙 활성)
[offboard_node-2] [INFO] [1785263982.380262438] [offboard_node]: 탐색 1회차 — 고도 25m AGL 반경 6.1→30m 링간격 12.2m 속도상한 5.0m/s (풋프린트 단폭 18.8m)
[offboard_node-2] [INFO] [1785263982.380791832] [offboard_node]: WP1 도달·안정 (dist=0.0m speed=0.0m/s) → VISION_SEARCH (비전 착륙 활성)
[telemetry_node-1] [INFO] [1785263982.393563710] [telemetry_node]: pos_ned=[ 2.99999207e+02 -2.02593300e-02  5.00050774e+01]  yaw=0.076  armed=True  vtol=3  batt=15.30V/50%
[offboard_node-2] [INFO] [1785263982.480475992] [offboard_node]: 탐색 1회차 — 고도 25m AGL 반경 6.1→30m 링간격 12.2m 속도상한 5.0m/s (풋프린트 단폭 18.8m)
[offboard_node-2] [INFO] [1785263982.481893904] [offboard_node]: WP1 도달·안정 (dist=0.0m speed=0.0m/s) → VISION_SEARCH (비전 착륙 활성)
[offboard_node-2] [INFO] [1785263982.580511713] [offboard_node]: 탐색 1회차 — 고도 25m AGL 반경 6.1→30m 링간격 12.2m 속도상한 5.0m/s (풋프린트 단폭 18.8m)
[offboard_node-2] [INFO] [1785263982.581006223] [offboard_node]: WP1 도달·안정 (dist=0.0m speed=0.0m/s) → VISION_SEARCH (비전 착륙 활성)
[offboard_node-2] [INFO] [1785263982.680212093] [offboard_node]: 탐색 1회차 — 고도 25m AGL 반경 6.1→30m 링간격 12.2m 속도상한 5.0m/s (풋프린트 단폭 18.8m)
[offboard_node-2] [INFO] [1785263982.681481205] [offboard_node]: WP1 도달·안정 (dist=0.0m speed=0.0m/s) → VISION_SEARCH (비전 착륙 활성)
[offboard_node-2] [INFO] [1785263982.780387305] [offboard_node]: 탐색 1회차 — 고도 25m AGL 반경 6.1→30m 링간격 12.2m 속도상한 5.0m/s (풋프린트 단폭 18.8m)
[offboard_node-2] [INFO] [1785263982.781121739] [offboard_node]: WP1 도달·안정 (dist=0.0m speed=0.0m/s) → VISION_SEARCH (비전 착륙 활성)
[offboard_node-2] [INFO] [1785263982.880725624] [offboard_node]: 탐색 1회차 — 고도 25m AGL 반경 6.1→30m 링간격 12.2m 속도상한 5.0m/s (풋프린트 단폭 18.8m)
[offboard_node-2] [INFO] [1785263982.881696614] [offboard_node]: WP1 도달·안정 (dist=0.0m speed=0.0m/s) → VISION_SEARCH (비전 착륙 활성)
[offboard_node-2] [INFO] [1785263982.980341251] [offboard_node]: 탐색 1회차 — 고도 25m AGL 반경 6.1→30m 링간격 12.2m 속도상한 5.0m/s (풋프린트 단폭 18.8m)
[offboard_node-2] [INFO] [1785263982.981018343] [offboard_node]: WP1 도달·안정 (dist=0.0m speed=0.0m/s) → VISION_SEARCH (비전 착륙 활성)
[offboard_node-2] [INFO] [1785263983.080255299] [offboard_node]: 탐색 1회차 — 고도 25m AGL 반경 6.1→30m 링간격 12.2m 속도상한 5.0m/s (풋프린트 단폭 18.8m)
[offboard_node-2] [INFO] [1785263983.080825549] [offboard_node]: WP1 도달·안정 (dist=0.0m speed=0.0m/s) → VISION_SEARCH (비전 착륙 활성)
[offboard_node-2] [INFO] [1785263983.180401897] [offboard_node]: 탐색 1회차 — 고도 25m AGL 반경 6.1→30m 링간격 12.2m 속도상한 5.0m/s (풋프린트 단폭 18.8m)
[offboard_node-2] [INFO] [1785263983.181094462] [offboard_node]: WP1 도달·안정 (dist=0.0m speed=0.0m/s) → VISION_SEARCH (비전 착륙 활성)
[offboard_node-2] [INFO] [1785263983.280154980] [offboard_node]: 탐색 1회차 — 고도 25m AGL 반경 6.1→30m 링간격 12.2m 속도상한 5.0m/s (풋프린트 단폭 18.8m)
[offboard_node-2] [INFO] [1785263983.280804734] [offboard_node]: WP1 도달·안정 (dist=0.0m speed=0.0m/s) → VISION_SEARCH (비전 착륙 활성)
[offboard_node-2] [INFO] [1785263983.380518122] [offboard_node]: 탐색 1회차 — 고도 25m AGL 반경 6.1→30m 링간격 12.2m 속도상한 5.0m/s (풋프린트 단폭 18.8m)
[offboard_node-2] [INFO] [1785263983.381184625] [offboard_node]: WP1 도달·안정 (dist=0.0m speed=0.1m/s) → VISION_SEARCH (비전 착륙 활성)
[offboard_node-2] [INFO] [1785263983.480546142] [offboard_node]: 탐색 1회차 — 고도 25m AGL 반경 6.1→30m 링간격 12.2m 속도상한 5.0m/s (풋프린트 단폭 18.8m)
[offboard_node-2] [INFO] [1785263983.481012897] [offboard_node]: WP1 도달·안정 (dist=0.0m speed=0.1m/s) → VISION_SEARCH (비전 착륙 활성)
[offboard_node-2] [INFO] [1785263983.580206557] [offboard_node]: WP1 홀드 dist=0.0m speed=0.1m/s stable=1085/10
[offboard_node-2] [INFO] [1785263983.581051755] [offboard_node]: 탐색 1회차 — 고도 25m AGL 반경 6.1→30m 링간격 12.2m 속도상한 5.0m/s (풋프린트 단폭 18.8m)
[offboard_node-2] [INFO] [1785263983.581627986] [offboard_node]: WP1 도달·안정 (dist=0.0m speed=0.1m/s) → VISION_SEARCH (비전 착륙 활성)
[offboard_node-2] [INFO] [1785263983.680596066] [offboard_node]: 탐색 1회차 — 고도 25m AGL 반경 6.1→30m 링간격 12.2m 속도상한 5.0m/s (풋프린트 단폭 18.8m)
[offboard_node-2] [INFO] [1785263983.681329808] [offboard_node]: WP1 도달·안정 (dist=0.0m speed=0.1m/s) → VISION_SEARCH (비전 착륙 활성)
[offboard_node-2] [INFO] [1785263983.780600354] [offboard_node]: 탐색 1회차 — 고도 25m AGL 반경 6.1→30m 링간격 12.2m 속도상한 5.0m/s (풋프린트 단폭 18.8m)
[offboard_node-2] [INFO] [1785263983.781207324] [offboard_node]: WP1 도달·안정 (dist=0.0m speed=0.1m/s) → VISION_SEARCH (비전 착륙 활성)
[offboard_node-2] [INFO] [1785263983.880203523] [offboard_node]: 탐색 1회차 — 고도 25m AGL 반경 6.1→30m 링간격 12.2m 속도상한 5.0m/s (풋프린트 단폭 18.8m)
[offboard_node-2] [INFO] [1785263983.880869484] [offboard_node]: WP1 도달·안정 (dist=0.0m speed=0.0m/s) → VISION_SEARCH (비전 착륙 활성)
[offboard_node-2] [INFO] [1785263983.980692587] [offboard_node]: 탐색 1회차 — 고도 25m AGL 반경 6.1→30m 링간격 12.2m 속도상한 5.0m/s (풋프린트 단폭 18.8m)
[offboard_node-2] [INFO] [1785263983.981338609] [offboard_node]: WP1 도달·안정 (dist=0.0m speed=0.0m/s) → VISION_SEARCH (비전 착륙 활성)
[offboard_node-2] [INFO] [1785263984.080318806] [offboard_node]: 탐색 1회차 — 고도 25m AGL 반경 6.1→30m 링간격 12.2m 속도상한 5.0m/s (풋프린트 단폭 18.8m)
[offboard_node-2] [INFO] [1785263984.080784971] [offboard_node]: WP1 도달·안정 (dist=0.0m speed=0.0m/s) → VISION_SEARCH (비전 착륙 활성)
[offboard_node-2] [INFO] [1785263984.180336153] [offboard_node]: 탐색 1회차 — 고도 25m AGL 반경 6.1→30m 링간격 12.2m 속도상한 5.0m/s (풋프린트 단폭 18.8m)
[offboard_node-2] [INFO] [1785263984.181117726] [offboard_node]: WP1 도달·안정 (dist=0.0m speed=0.0m/s) → VISION_SEARCH (비전 착륙 활성)
[offboard_node-2] [INFO] [1785263984.280076594] [offboard_node]: 탐색 1회차 — 고도 25m AGL 반경 6.1→30m 링간격 12.2m 속도상한 5.0m/s (풋프린트 단폭 18.8m)
[offboard_node-2] [INFO] [1785263984.280601036] [offboard_node]: WP1 도달·안정 (dist=0.0m speed=0.0m/s) → VISION_SEARCH (비전 착륙 활성)
[offboard_node-2] [INFO] [1785263984.380591723] [offboard_node]: 탐색 1회차 — 고도 25m AGL 반경 6.1→30m 링간격 12.2m 속도상한 5.0m/s (풋프린트 단폭 18.8m)
[offboard_node-2] [INFO] [1785263984.381259706] [offboard_node]: WP1 도달·안정 (dist=0.0m speed=0.1m/s) → VISION_SEARCH (비전 착륙 활성)
[telemetry_node-1] [INFO] [1785263984.393788488] [telemetry_node]: pos_ned=[ 2.99975403e+02 -9.45202913e-03  5.00048523e+01]  yaw=0.077  armed=True  vtol=3  batt=15.30V/50%
[offboard_node-2] [INFO] [1785263984.480615370] [offboard_node]: 탐색 1회차 — 고도 25m AGL 반경 6.1→30m 링간격 12.2m 속도상한 5.0m/s (풋프린트 단폭 18.8m)
[offboard_node-2] [INFO] [1785263984.481452954] [offboard_node]: WP1 도달·안정 (dist=0.0m speed=0.1m/s) → VISION_SEARCH (비전 착륙 활성)
[offboard_node-2] [INFO] [1785263984.580517195] [offboard_node]: 탐색 1회차 — 고도 25m AGL 반경 6.1→30m 링간격 12.2m 속도상한 5.0m/s (풋프린트 단폭 18.8m)
[offboard_node-2] [INFO] [1785263984.581297709] [offboard_node]: WP1 도달·안정 (dist=0.0m speed=0.1m/s) → VISION_SEARCH (비전 착륙 활성)
[offboard_node-2] [INFO] [1785263984.680356900] [offboard_node]: 탐색 1회차 — 고도 25m AGL 반경 6.1→30m 링간격 12.2m 속도상한 5.0m/s (풋프린트 단폭 18.8m)
[offboard_node-2] [INFO] [1785263984.681181455] [offboard_node]: WP1 도달·안정 (dist=0.0m speed=0.1m/s) → VISION_SEARCH (비전 착륙 활성)
[offboard_node-2] [INFO] [1785263984.780690478] [offboard_node]: 탐색 1회차 — 고도 25m AGL 반경 6.1→30m 링간격 12.2m 속도상한 5.0m/s (풋프린트 단폭 18.8m)
[offboard_node-2] [INFO] [1785263984.782812291] [offboard_node]: WP1 도달·안정 (dist=0.0m speed=0.1m/s) → VISION_SEARCH (비전 착륙 활성)
[offboard_node-2] [INFO] [1785263984.880235594] [offboard_node]: 탐색 1회차 — 고도 25m AGL 반경 6.1→30m 링간격 12.2m 속도상한 5.0m/s (풋프린트 단폭 18.8m)
[offboard_node-2] [INFO] [1785263984.881051119] [offboard_node]: WP1 도달·안정 (dist=0.0m speed=0.1m/s) → VISION_SEARCH (비전 착륙 활성)
[offboard_node-2] [INFO] [1785263984.980108713] [offboard_node]: 탐색 1회차 — 고도 25m AGL 반경 6.1→30m 링간격 12.2m 속도상한 5.0m/s (풋프린트 단폭 18.8m)
[offboard_node-2] [INFO] [1785263984.980620043] [offboard_node]: WP1 도달·안정 (dist=0.0m speed=0.0m/s) → VISION_SEARCH (비전 착륙 활성)
[offboard_node-2] [INFO] [1785263985.080076633] [offboard_node]: 탐색 1회차 — 고도 25m AGL 반경 6.1→30m 링간격 12.2m 속도상한 5.0m/s (풋프린트 단폭 18.8m)
[offboard_node-2] [INFO] [1785263985.080647112] [offboard_node]: WP1 도달·안정 (dist=0.0m speed=0.0m/s) → VISION_SEARCH (비전 착륙 활성)
[offboard_node-2] [INFO] [1785263985.180032567] [offboard_node]: 탐색 1회차 — 고도 25m AGL 반경 6.1→30m 링간격 12.2m 속도상한 5.0m/s (풋프린트 단폭 18.8m)
[offboard_node-2] [INFO] [1785263985.180567125] [offboard_node]: WP1 도달·안정 (dist=0.0m speed=0.0m/s) → VISION_SEARCH (비전 착륙 활성)
[offboard_node-2] [INFO] [1785263985.280212065] [offboard_node]: 탐색 1회차 — 고도 25m AGL 반경 6.1→30m 링간격 12.2m 속도상한 5.0m/s (풋프린트 단폭 18.8m)
[offboard_node-2] [INFO] [1785263985.280703264] [offboard_node]: WP1 도달·안정 (dist=0.0m speed=0.0m/s) → VISION_SEARCH (비전 착륙 활성)
[offboard_node-2] [INFO] [1785263985.380584905] [offboard_node]: 탐색 1회차 — 고도 25m AGL 반경 6.1→30m 링간격 12.2m 속도상한 5.0m/s (풋프린트 단폭 18.8m)
[offboard_node-2] [INFO] [1785263985.381321088] [offboard_node]: WP1 도달·안정 (dist=0.0m speed=0.0m/s) → VISION_SEARCH (비전 착륙 활성)
[offboard_node-2] [INFO] [1785263985.480794737] [offboard_node]: 탐색 1회차 — 고도 25m AGL 반경 6.1→30m 링간격 12.2m 속도상한 5.0m/s (풋프린트 단폭 18.8m)
[offboard_node-2] [INFO] [1785263985.481650826] [offboard_node]: WP1 도달·안정 (dist=0.0m speed=0.0m/s) → VISION_SEARCH (비전 착륙 활성)
[offboard_node-2] [INFO] [1785263985.580929273] [offboard_node]: WP1 홀드 dist=0.0m speed=0.1m/s stable=1105/10
[offboard_node-2] [INFO] [1785263985.581847921] [offboard_node]: 탐색 1회차 — 고도 25m AGL 반경 6.1→30m 링간격 12.2m 속도상한 5.0m/s (풋프린트 단폭 18.8m)
[offboard_node-2] [INFO] [1785263985.583150640] [offboard_node]: WP1 도달·안정 (dist=0.0m speed=0.1m/s) → VISION_SEARCH (비전 착륙 활성)
[offboard_node-2] [INFO] [1785263985.680682662] [offboard_node]: 탐색 1회차 — 고도 25m AGL 반경 6.1→30m 링간격 12.2m 속도상한 5.0m/s (풋프린트 단폭 18.8m)
[offboard_node-2] [INFO] [1785263985.681426857] [offboard_node]: WP1 도달·안정 (dist=0.0m speed=0.1m/s) → VISION_SEARCH (비전 착륙 활성)
[offboard_node-2] [INFO] [1785263985.780464597] [offboard_node]: 탐색 1회차 — 고도 25m AGL 반경 6.1→30m 링간격 12.2m 속도상한 5.0m/s (풋프린트 단폭 18.8m)
[offboard_node-2] [INFO] [1785263985.781101369] [offboard_node]: WP1 도달·안정 (dist=0.0m speed=0.0m/s) → VISION_SEARCH (비전 착륙 활성)
[offboard_node-2] [INFO] [1785263985.880035331] [offboard_node]: 탐색 1회차 — 고도 25m AGL 반경 6.1→30m 링간격 12.2m 속도상한 5.0m/s (풋프린트 단폭 18.8m)
[offboard_node-2] [INFO] [1785263985.880778026] [offboard_node]: WP1 도달·안정 (dist=0.0m speed=0.0m/s) → VISION_SEARCH (비전 착륙 활성)
[offboard_node-2] [INFO] [1785263985.980410485] [offboard_node]: 탐색 1회차 — 고도 25m AGL 반경 6.1→30m 링간격 12.2m 속도상한 5.0m/s (풋프린트 단폭 18.8m)
[offboard_node-2] [INFO] [1785263985.981200909] [offboard_node]: WP1 도달·안정 (dist=0.0m speed=0.0m/s) → VISION_SEARCH (비전 착륙 활성)
[offboard_node-2] [INFO] [1785263986.080151485] [offboard_node]: 탐색 1회차 — 고도 25m AGL 반경 6.1→30m 링간격 12.2m 속도상한 5.0m/s (풋프린트 단폭 18.8m)
[offboard_node-2] [INFO] [1785263986.080632598] [offboard_node]: WP1 도달·안정 (dist=0.0m speed=0.0m/s) → VISION_SEARCH (비전 착륙 활성)
[offboard_node-2] [INFO] [1785263986.180104497] [offboard_node]: 탐색 1회차 — 고도 25m AGL 반경 6.1→30m 링간격 12.2m 속도상한 5.0m/s (풋프린트 단폭 18.8m)
[offboard_node-2] [INFO] [1785263986.180623069] [offboard_node]: WP1 도달·안정 (dist=0.0m speed=0.0m/s) → VISION_SEARCH (비전 착륙 활성)
[offboard_node-2] [INFO] [1785263986.280497622] [offboard_node]: 탐색 1회차 — 고도 25m AGL 반경 6.1→30m 링간격 12.2m 속도상한 5.0m/s (풋프린트 단폭 18.8m)
[offboard_node-2] [INFO] [1785263986.281166615] [offboard_node]: WP1 도달·안정 (dist=0.0m speed=0.0m/s) → VISION_SEARCH (비전 착륙 활성)
[offboard_node-2] [INFO] [1785263986.380244923] [offboard_node]: 탐색 1회차 — 고도 25m AGL 반경 6.1→30m 링간격 12.2m 속도상한 5.0m/s (풋프린트 단폭 18.8m)
[offboard_node-2] [INFO] [1785263986.380832824] [offboard_node]: WP1 도달·안정 (dist=0.0m speed=0.0m/s) → VISION_SEARCH (비전 착륙 활성)
[telemetry_node-1] [INFO] [1785263986.393432488] [telemetry_node]: pos_ned=[ 2.99967804e+02 -2.83661461e-03  5.00183601e+01]  yaw=0.078  armed=True  vtol=3  batt=15.30V/50%
[offboard_node-2] [INFO] [1785263986.480164233] [offboard_node]: 탐색 1회차 — 고도 25m AGL 반경 6.1→30m 링간격 12.2m 속도상한 5.0m/s (풋프린트 단폭 18.8m)
[offboard_node-2] [INFO] [1785263986.480656309] [offboard_node]: WP1 도달·안정 (dist=0.0m speed=0.1m/s) → VISION_SEARCH (비전 착륙 활성)
[offboard_node-2] [INFO] [1785263986.580195269] [offboard_node]: 탐색 1회차 — 고도 25m AGL 반경 6.1→30m 링간격 12.2m 속도상한 5.0m/s (풋프린트 단폭 18.8m)
[offboard_node-2] [INFO] [1785263986.580890933] [offboard_node]: WP1 도달·안정 (dist=0.0m speed=0.1m/s) → VISION_SEARCH (비전 착륙 활성)
[offboard_node-2] [INFO] [1785263986.680077775] [offboard_node]: 탐색 1회차 — 고도 25m AGL 반경 6.1→30m 링간격 12.2m 속도상한 5.0m/s (풋프린트 단폭 18.8m)
[offboard_node-2] [INFO] [1785263986.680766211] [offboard_node]: WP1 도달·안정 (dist=0.0m speed=0.1m/s) → VISION_SEARCH (비전 착륙 활성)
[offboard_node-2] [INFO] [1785263988.205040165] [offboard_node]: 탐색 1회차 — 고도 25m AGL 반경 6.1→30m 링간격 12.2m 속도상한 5.0m/s (풋프린트 단폭 18.8m)
[offboard_node-2] [INFO] [1785263988.205743647] [offboard_node]: WP1 도달·안정 (dist=0.0m speed=0.1m/s) → VISION_SEARCH (비전 착륙 활성)
[offboard_node-2] [INFO] [1785263988.280132481] [offboard_node]: 탐색 1회차 — 고도 25m AGL 반경 6.1→30m 링간격 12.2m 속도상한 5.0m/s (풋프린트 단폭 18.8m)
[offboard_node-2] [INFO] [1785263988.280666890] [offboard_node]: WP1 도달·안정 (dist=0.0m speed=0.1m/s) → VISION_SEARCH (비전 착륙 활성)
[offboard_node-2] [INFO] [1785263988.380208968] [offboard_node]: 탐색 1회차 — 고도 25m AGL 반경 6.1→30m 링간격 12.2m 속도상한 5.0m/s (풋프린트 단폭 18.8m)
[offboard_node-2] [INFO] [1785263988.381541381] [offboard_node]: WP1 도달·안정 (dist=0.0m speed=0.0m/s) → VISION_SEARCH (비전 착륙 활성)
[telemetry_node-1] [INFO] [1785263988.393139671] [telemetry_node]: pos_ned=[2.99989319e+02 1.17438589e-03 5.00225182e+01]  yaw=0.077  armed=True  vtol=3  batt=15.30V/50%
[offboard_node-2] [INFO] [1785263988.480138386] [offboard_node]: 탐색 1회차 — 고도 25m AGL 반경 6.1→30m 링간격 12.2m 속도상한 5.0m/s (풋프린트 단폭 18.8m)
[offboard_node-2] [INFO] [1785263988.480603300] [offboard_node]: WP1 도달·안정 (dist=0.0m speed=0.0m/s) → VISION_SEARCH (비전 착륙 활성)
[offboard_node-2] [INFO] [1785263988.580292242] [offboard_node]: 탐색 1회차 — 고도 25m AGL 반경 6.1→30m 링간격 12.2m 속도상한 5.0m/s (풋프린트 단폭 18.8m)
[offboard_node-2] [INFO] [1785263988.580924950] [offboard_node]: WP1 도달·안정 (dist=0.0m speed=0.0m/s) → VISION_SEARCH (비전 착륙 활성)
[offboard_node-2] [INFO] [1785263988.680234915] [offboard_node]: 탐색 1회차 — 고도 25m AGL 반경 6.1→30m 링간격 12.2m 속도상한 5.0m/s (풋프린트 단폭 18.8m)
[offboard_node-2] [INFO] [1785263988.680721130] [offboard_node]: WP1 도달·안정 (dist=0.0m speed=0.0m/s) → VISION_SEARCH (비전 착륙 활성)
[offboard_node-2] [INFO] [1785263988.780102929] [offboard_node]: 탐색 1회차 — 고도 25m AGL 반경 6.1→30m 링간격 12.2m 속도상한 5.0m/s (풋프린트 단폭 18.8m)
[offboard_node-2] [INFO] [1785263988.780578765] [offboard_node]: WP1 도달·안정 (dist=0.0m speed=0.0m/s) → VISION_SEARCH (비전 착륙 활성)
[offboard_node-2] [INFO] [1785263988.880780994] [offboard_node]: 탐색 1회차 — 고도 25m AGL 반경 6.1→30m 링간격 12.2m 속도상한 5.0m/s (풋프린트 단폭 18.8m)
[offboard_node-2] [INFO] [1785263988.881776326] [offboard_node]: WP1 도달·안정 (dist=0.0m speed=0.0m/s) → VISION_SEARCH (비전 착륙 활성)
[offboard_node-2] [INFO] [1785263988.980695387] [offboard_node]: WP1 홀드 dist=0.0m speed=0.0m/s stable=1125/10
[offboard_node-2] [INFO] [1785263988.983230695] [offboard_node]: 탐색 1회차 — 고도 25m AGL 반경 6.1→30m 링간격 12.2m 속도상한 5.0m/s (풋프린트 단폭 18.8m)
[offboard_node-2] [INFO] [1785263988.983900334] [offboard_node]: WP1 도달·안정 (dist=0.0m speed=0.0m/s) → VISION_SEARCH (비전 착륙 활성)
[offboard_node-2] [INFO] [1785263989.080228739] [offboard_node]: 탐색 1회차 — 고도 25m AGL 반경 6.1→30m 링간격 12.2m 속도상한 5.0m/s (풋프린트 단폭 18.8m)
[offboard_node-2] [INFO] [1785263989.081141569] [offboard_node]: WP1 도달·안정 (dist=0.0m speed=0.0m/s) → VISION_SEARCH (비전 착륙 활성)
[offboard_node-2] [INFO] [1785263989.180342775] [offboard_node]: 탐색 1회차 — 고도 25m AGL 반경 6.1→30m 링간격 12.2m 속도상한 5.0m/s (풋프린트 단폭 18.8m)
[offboard_node-2] [INFO] [1785263989.181051564] [offboard_node]: WP1 도달·안정 (dist=0.0m speed=0.0m/s) → VISION_SEARCH (비전 착륙 활성)
[offboard_node-2] [INFO] [1785263989.280890497] [offboard_node]: 탐색 1회차 — 고도 25m AGL 반경 6.1→30m 링간격 12.2m 속도상한 5.0m/s (풋프린트 단폭 18.8m)
[offboard_node-2] [INFO] [1785263989.281710274] [offboard_node]: WP1 도달·안정 (dist=0.1m speed=0.0m/s) → VISION_SEARCH (비전 착륙 활성)
[offboard_node-2] [INFO] [1785263989.380137164] [offboard_node]: 탐색 1회차 — 고도 25m AGL 반경 6.1→30m 링간격 12.2m 속도상한 5.0m/s (풋프린트 단폭 18.8m)
[offboard_node-2] [INFO] [1785263989.380825332] [offboard_node]: WP1 도달·안정 (dist=0.1m speed=0.0m/s) → VISION_SEARCH (비전 착륙 활성)
[offboard_node-2] [INFO] [1785263989.480190759] [offboard_node]: 탐색 1회차 — 고도 25m AGL 반경 6.1→30m 링간격 12.2m 속도상한 5.0m/s (풋프린트 단폭 18.8m)
[offboard_node-2] [INFO] [1785263989.480898761] [offboard_node]: WP1 도달·안정 (dist=0.1m speed=0.0m/s) → VISION_SEARCH (비전 착륙 활성)
[offboard_node-2] [INFO] [1785263989.580057140] [offboard_node]: 탐색 1회차 — 고도 25m AGL 반경 6.1→30m 링간격 12.2m 속도상한 5.0m/s (풋프린트 단폭 18.8m)
[offboard_node-2] [INFO] [1785263989.580622475] [offboard_node]: WP1 도달·안정 (dist=0.1m speed=0.0m/s) → VISION_SEARCH (비전 착륙 활성)
[offboard_node-2] [INFO] [1785263989.679983153] [offboard_node]: 탐색 1회차 — 고도 25m AGL 반경 6.1→30m 링간격 12.2m 속도상한 5.0m/s (풋프린트 단폭 18.8m)
[offboard_node-2] [INFO] [1785263989.680495506] [offboard_node]: WP1 도달·안정 (dist=0.1m speed=0.0m/s) → VISION_SEARCH (비전 착륙 활성)
[offboard_node-2] [INFO] [1785263989.780630063] [offboard_node]: 탐색 1회차 — 고도 25m AGL 반경 6.1→30m 링간격 12.2m 속도상한 5.0m/s (풋프린트 단폭 18.8m)
[offboard_node-2] [INFO] [1785263989.781332823] [offboard_node]: WP1 도달·안정 (dist=0.1m speed=0.1m/s) → VISION_SEARCH (비전 착륙 활성)
[offboard_node-2] [INFO] [1785263989.880230656] [offboard_node]: 탐색 1회차 — 고도 25m AGL 반경 6.1→30m 링간격 12.2m 속도상한 5.0m/s (풋프린트 단폭 18.8m)
[offboard_node-2] [INFO] [1785263989.881035557] [offboard_node]: WP1 도달·안정 (dist=0.1m speed=0.1m/s) → VISION_SEARCH (비전 착륙 활성)
[offboard_node-2] [INFO] [1785263989.980159875] [offboard_node]: 탐색 1회차 — 고도 25m AGL 반경 6.1→30m 링간격 12.2m 속도상한 5.0m/s (풋프린트 단폭 18.8m)
[offboard_node-2] [INFO] [1785263989.981121376] [offboard_node]: WP1 도달·안정 (dist=0.0m speed=0.1m/s) → VISION_SEARCH (비전 착륙 활성)
[offboard_node-2] [INFO] [1785263990.080030553] [offboard_node]: 탐색 1회차 — 고도 25m AGL 반경 6.1→30m 링간격 12.2m 속도상한 5.0m/s (풋프린트 단폭 18.8m)
[offboard_node-2] [INFO] [1785263990.080688590] [offboard_node]: WP1 도달·안정 (dist=0.0m speed=0.1m/s) → VISION_SEARCH (비전 착륙 활성)
[offboard_node-2] [INFO] [1785263990.180042725] [offboard_node]: 탐색 1회차 — 고도 25m AGL 반경 6.1→30m 링간격 12.2m 속도상한 5.0m/s (풋프린트 단폭 18.8m)
[offboard_node-2] [INFO] [1785263990.180485638] [offboard_node]: WP1 도달·안정 (dist=0.0m speed=0.1m/s) → VISION_SEARCH (비전 착륙 활성)
[offboard_node-2] [INFO] [1785263990.279946619] [offboard_node]: 탐색 1회차 — 고도 25m AGL 반경 6.1→30m 링간격 12.2m 속도상한 5.0m/s (풋프린트 단폭 18.8m)
[offboard_node-2] [INFO] [1785263990.280571587] [offboard_node]: WP1 도달·안정 (dist=0.0m speed=0.1m/s) → VISION_SEARCH (비전 착륙 활성)
[offboard_node-2] [INFO] [1785263990.379936114] [offboard_node]: 탐색 1회차 — 고도 25m AGL 반경 6.1→30m 링간격 12.2m 속도상한 5.0m/s (풋프린트 단폭 18.8m)
[offboard_node-2] [INFO] [1785263990.380503768] [offboard_node]: WP1 도달·안정 (dist=0.0m speed=0.1m/s) → VISION_SEARCH (비전 착륙 활성)
[telemetry_node-1] [INFO] [1785263990.393422356] [telemetry_node]: pos_ned=[2.99975403e+02 4.96985670e-03 5.00123100e+01]  yaw=0.077  armed=True  vtol=3  batt=15.30V/50%
[offboard_node-2] [INFO] [1785263990.480033171] [offboard_node]: 탐색 1회차 — 고도 25m AGL 반경 6.1→30m 링간격 12.2m 속도상한 5.0m/s (풋프린트 단폭 18.8m)
[offboard_node-2] [INFO] [1785263990.480680231] [offboard_node]: WP1 도달·안정 (dist=0.0m speed=0.1m/s) → VISION_SEARCH (비전 착륙 활성)
[offboard_node-2] [INFO] [1785263990.580655669] [offboard_node]: 탐색 1회차 — 고도 25m AGL 반경 6.1→30m 링간격 12.2m 속도상한 5.0m/s (풋프린트 단폭 18.8m)
[offboard_node-2] [INFO] [1785263990.581489718] [offboard_node]: WP1 도달·안정 (dist=0.0m speed=0.0m/s) → VISION_SEARCH (비전 착륙 활성)
[offboard_node-2] [INFO] [1785263990.680130810] [offboard_node]: 탐색 1회차 — 고도 25m AGL 반경 6.1→30m 링간격 12.2m 속도상한 5.0m/s (풋프린트 단폭 18.8m)
[offboard_node-2] [INFO] [1785263990.680858322] [offboard_node]: WP1 도달·안정 (dist=0.0m speed=0.0m/s) → VISION_SEARCH (비전 착륙 활성)
[offboard_node-2] [INFO] [1785263990.780110454] [offboard_node]: 탐색 1회차 — 고도 25m AGL 반경 6.1→30m 링간격 12.2m 속도상한 5.0m/s (풋프린트 단폭 18.8m)
[offboard_node-2] [INFO] [1785263990.780641018] [offboard_node]: WP1 도달·안정 (dist=0.0m speed=0.0m/s) → VISION_SEARCH (비전 착륙 활성)
[offboard_node-2] [INFO] [1785263990.880073735] [offboard_node]: 탐색 1회차 — 고도 25m AGL 반경 6.1→30m 링간격 12.2m 속도상한 5.0m/s (풋프린트 단폭 18.8m)
[offboard_node-2] [INFO] [1785263990.880631092] [offboard_node]: WP1 도달·안정 (dist=0.0m speed=0.0m/s) → VISION_SEARCH (비전 착륙 활성)
[offboard_node-2] [INFO] [1785263990.979965752] [offboard_node]: WP1 홀드 dist=0.0m speed=0.0m/s stable=1145/10
[offboard_node-2] [INFO] [1785263990.980421781] [offboard_node]: 탐색 1회차 — 고도 25m AGL 반경 6.1→30m 링간격 12.2m 속도상한 5.0m/s (풋프린트 단폭 18.8m)
[offboard_node-2] [INFO] [1785263990.980940439] [offboard_node]: WP1 도달·안정 (dist=0.0m speed=0.0m/s) → VISION_SEARCH (비전 착륙 활성)
[offboard_node-2] [INFO] [1785263991.080093254] [offboard_node]: 탐색 1회차 — 고도 25m AGL 반경 6.1→30m 링간격 12.2m 속도상한 5.0m/s (풋프린트 단폭 18.8m)
[offboard_node-2] [INFO] [1785263991.080626933] [offboard_node]: WP1 도달·안정 (dist=0.0m speed=0.0m/s) → VISION_SEARCH (비전 착륙 활성)
[offboard_node-2] [INFO] [1785263991.180157690] [offboard_node]: 탐색 1회차 — 고도 25m AGL 반경 6.1→30m 링간격 12.2m 속도상한 5.0m/s (풋프린트 단폭 18.8m)
[offboard_node-2] [INFO] [1785263991.180717878] [offboard_node]: WP1 도달·안정 (dist=0.0m speed=0.0m/s) → VISION_SEARCH (비전 착륙 활성)
[offboard_node-2] [INFO] [1785263991.279957598] [offboard_node]: 탐색 1회차 — 고도 25m AGL 반경 6.1→30m 링간격 12.2m 속도상한 5.0m/s (풋프린트 단폭 18.8m)
[offboard_node-2] [INFO] [1785263991.280413058] [offboard_node]: WP1 도달·안정 (dist=0.0m speed=0.0m/s) → VISION_SEARCH (비전 착륙 활성)
[offboard_node-2] [INFO] [1785263991.380072243] [offboard_node]: 탐색 1회차 — 고도 25m AGL 반경 6.1→30m 링간격 12.2m 속도상한 5.0m/s (풋프린트 단폭 18.8m)
[offboard_node-2] [INFO] [1785263991.380728958] [offboard_node]: WP1 도달·안정 (dist=0.0m speed=0.0m/s) → VISION_SEARCH (비전 착륙 활성)
[offboard_node-2] [INFO] [1785263991.480083432] [offboard_node]: 탐색 1회차 — 고도 25m AGL 반경 6.1→30m 링간격 12.2m 속도상한 5.0m/s (풋프린트 단폭 18.8m)
[offboard_node-2] [INFO] [1785263991.480674557] [offboard_node]: WP1 도달·안정 (dist=0.0m speed=0.0m/s) → VISION_SEARCH (비전 착륙 활성)
[offboard_node-2] [INFO] [1785263991.579968371] [offboard_node]: 탐색 1회차 — 고도 25m AGL 반경 6.1→30m 링간격 12.2m 속도상한 5.0m/s (풋프린트 단폭 18.8m)
[offboard_node-2] [INFO] [1785263991.580456885] [offboard_node]: WP1 도달·안정 (dist=0.0m speed=0.0m/s) → VISION_SEARCH (비전 착륙 활성)
[offboard_node-2] [INFO] [1785263991.679920621] [offboard_node]: 탐색 1회차 — 고도 25m AGL 반경 6.1→30m 링간격 12.2m 속도상한 5.0m/s (풋프린트 단폭 18.8m)
[offboard_node-2] [INFO] [1785263991.680356225] [offboard_node]: WP1 도달·안정 (dist=0.0m speed=0.0m/s) → VISION_SEARCH (비전 착륙 활성)
[offboard_node-2] [INFO] [1785263991.780013466] [offboard_node]: 탐색 1회차 — 고도 25m AGL 반경 6.1→30m 링간격 12.2m 속도상한 5.0m/s (풋프린트 단폭 18.8m)
[offboard_node-2] [INFO] [1785263991.780619282] [offboard_node]: WP1 도달·안정 (dist=0.0m speed=0.0m/s) → VISION_SEARCH (비전 착륙 활성)
[offboard_node-2] [INFO] [1785263991.880707380] [offboard_node]: 탐색 1회차 — 고도 25m AGL 반경 6.1→30m 링간격 12.2m 속도상한 5.0m/s (풋프린트 단폭 18.8m)
[offboard_node-2] [INFO] [1785263991.881544674] [offboard_node]: WP1 도달·안정 (dist=0.0m speed=0.0m/s) → VISION_SEARCH (비전 착륙 활성)
[offboard_node-2] [INFO] [1785263991.980082655] [offboard_node]: 탐색 1회차 — 고도 25m AGL 반경 6.1→30m 링간격 12.2m 속도상한 5.0m/s (풋프린트 단폭 18.8m)
[offboard_node-2] [INFO] [1785263991.980768983] [offboard_node]: WP1 도달·안정 (dist=0.0m speed=0.0m/s) → VISION_SEARCH (비전 착륙 활성)
[offboard_node-2] [INFO] [1785263992.080343759] [offboard_node]: 탐색 1회차 — 고도 25m AGL 반경 6.1→30m 링간격 12.2m 속도상한 5.0m/s (풋프린트 단폭 18.8m)
[offboard_node-2] [INFO] [1785263992.081285029] [offboard_node]: WP1 도달·안정 (dist=0.0m speed=0.0m/s) → VISION_SEARCH (비전 착륙 활성)
[offboard_node-2] [INFO] [1785263992.180406904] [offboard_node]: 탐색 1회차 — 고도 25m AGL 반경 6.1→30m 링간격 12.2m 속도상한 5.0m/s (풋프린트 단폭 18.8m)
[offboard_node-2] [INFO] [1785263992.181397995] [offboard_node]: WP1 도달·안정 (dist=0.0m speed=0.0m/s) → VISION_SEARCH (비전 착륙 활성)
[offboard_node-2] [INFO] [1785263992.280668223] [offboard_node]: 탐색 1회차 — 고도 25m AGL 반경 6.1→30m 링간격 12.2m 속도상한 5.0m/s (풋프린트 단폭 18.8m)
[offboard_node-2] [INFO] [1785263992.281496379] [offboard_node]: WP1 도달·안정 (dist=0.0m speed=0.0m/s) → VISION_SEARCH (비전 착륙 활성)
[offboard_node-2] [INFO] [1785263992.380293743] [offboard_node]: 탐색 1회차 — 고도 25m AGL 반경 6.1→30m 링간격 12.2m 속도상한 5.0m/s (풋프린트 단폭 18.8m)
[offboard_node-2] [INFO] [1785263992.381081017] [offboard_node]: WP1 도달·안정 (dist=0.0m speed=0.0m/s) → VISION_SEARCH (비전 착륙 활성)
[telemetry_node-1] [INFO] [1785263992.393866347] [telemetry_node]: pos_ned=[3.00014191e+02 9.59017500e-03 5.00029526e+01]  yaw=0.078  armed=True  vtol=3  batt=15.30V/50%
[offboard_node-2] [INFO] [1785263992.480352598] [offboard_node]: 탐색 1회차 — 고도 25m AGL 반경 6.1→30m 링간격 12.2m 속도상한 5.0m/s (풋프린트 단폭 18.8m)
[offboard_node-2] [INFO] [1785263992.481021977] [offboard_node]: WP1 도달·안정 (dist=0.0m speed=0.0m/s) → VISION_SEARCH (비전 착륙 활성)
[offboard_node-2] [INFO] [1785263992.580541330] [offboard_node]: 탐색 1회차 — 고도 25m AGL 반경 6.1→30m 링간격 12.2m 속도상한 5.0m/s (풋프린트 단폭 18.8m)
[offboard_node-2] [INFO] [1785263992.581288351] [offboard_node]: WP1 도달·안정 (dist=0.0m speed=0.0m/s) → VISION_SEARCH (비전 착륙 활성)
[offboard_node-2] [INFO] [1785263992.680684303] [offboard_node]: 탐색 1회차 — 고도 25m AGL 반경 6.1→30m 링간격 12.2m 속도상한 5.0m/s (풋프린트 단폭 18.8m)
[offboard_node-2] [INFO] [1785263992.682071447] [offboard_node]: WP1 도달·안정 (dist=0.0m speed=0.0m/s) → VISION_SEARCH (비전 착륙 활성)
[offboard_node-2] [INFO] [1785263992.780097294] [offboard_node]: 탐색 1회차 — 고도 25m AGL 반경 6.1→30m 링간격 12.2m 속도상한 5.0m/s (풋프린트 단폭 18.8m)
[offboard_node-2] [INFO] [1785263992.780784572] [offboard_node]: WP1 도달·안정 (dist=0.0m speed=0.0m/s) → VISION_SEARCH (비전 착륙 활성)
[offboard_node-2] [INFO] [1785263992.880928080] [offboard_node]: 탐색 1회차 — 고도 25m AGL 반경 6.1→30m 링간격 12.2m 속도상한 5.0m/s (풋프린트 단폭 18.8m)
[offboard_node-2] [INFO] [1785263992.881797584] [offboard_node]: WP1 도달·안정 (dist=0.0m speed=0.0m/s) → VISION_SEARCH (비전 착륙 활성)
[offboard_node-2] [INFO] [1785263992.980606650] [offboard_node]: WP1 홀드 dist=0.0m speed=0.0m/s stable=1165/10
[offboard_node-2] [INFO] [1785263992.981421639] [offboard_node]: 탐색 1회차 — 고도 25m AGL 반경 6.1→30m 링간격 12.2m 속도상한 5.0m/s (풋프린트 단폭 18.8m)
[offboard_node-2] [INFO] [1785263992.982088380] [offboard_node]: WP1 도달·안정 (dist=0.0m speed=0.0m/s) → VISION_SEARCH (비전 착륙 활성)
[offboard_node-2] [INFO] [1785263993.080383998] [offboard_node]: 탐색 1회차 — 고도 25m AGL 반경 6.1→30m 링간격 12.2m 속도상한 5.0m/s (풋프린트 단폭 18.8m)
[offboard_node-2] [INFO] [1785263993.081151865] [offboard_node]: WP1 도달·안정 (dist=0.0m speed=0.0m/s) → VISION_SEARCH (비전 착륙 활성)
[offboard_node-2] [INFO] [1785263993.181004528] [offboard_node]: 탐색 1회차 — 고도 25m AGL 반경 6.1→30m 링간격 12.2m 속도상한 5.0m/s (풋프린트 단폭 18.8m)
[offboard_node-2] [INFO] [1785263993.183131176] [offboard_node]: WP1 도달·안정 (dist=0.0m speed=0.1m/s) → VISION_SEARCH (비전 착륙 활성)
[offboard_node-2] [INFO] [1785263993.279936191] [offboard_node]: 탐색 1회차 — 고도 25m AGL 반경 6.1→30m 링간격 12.2m 속도상한 5.0m/s (풋프린트 단폭 18.8m)
[offboard_node-2] [INFO] [1785263993.280429615] [offboard_node]: WP1 도달·안정 (dist=0.0m speed=0.1m/s) → VISION_SEARCH (비전 착륙 활성)
[offboard_node-2] [INFO] [1785263993.380599528] [offboard_node]: 탐색 1회차 — 고도 25m AGL 반경 6.1→30m 링간격 12.2m 속도상한 5.0m/s (풋프린트 단폭 18.8m)
[offboard_node-2] [INFO] [1785263993.381351367] [offboard_node]: WP1 도달·안정 (dist=0.0m speed=0.1m/s) → VISION_SEARCH (비전 착륙 활성)
[offboard_node-2] [INFO] [1785263993.480571051] [offboard_node]: 탐색 1회차 — 고도 25m AGL 반경 6.1→30m 링간격 12.2m 속도상한 5.0m/s (풋프린트 단폭 18.8m)
[offboard_node-2] [INFO] [1785263993.481171689] [offboard_node]: WP1 도달·안정 (dist=0.0m speed=0.1m/s) → VISION_SEARCH (비전 착륙 활성)
[offboard_node-2] [INFO] [1785263993.580293508] [offboard_node]: 탐색 1회차 — 고도 25m AGL 반경 6.1→30m 링간격 12.2m 속도상한 5.0m/s (풋프린트 단폭 18.8m)
[offboard_node-2] [INFO] [1785263993.580914709] [offboard_node]: WP1 도달·안정 (dist=0.0m speed=0.0m/s) → VISION_SEARCH (비전 착륙 활성)
[offboard_node-2] [INFO] [1785263993.679990729] [offboard_node]: 탐색 1회차 — 고도 25m AGL 반경 6.1→30m 링간격 12.2m 속도상한 5.0m/s (풋프린트 단폭 18.8m)
[offboard_node-2] [INFO] [1785263993.680456460] [offboard_node]: WP1 도달·안정 (dist=0.0m speed=0.0m/s) → VISION_SEARCH (비전 착륙 활성)
[offboard_node-2] [INFO] [1785263993.780224108] [offboard_node]: 탐색 1회차 — 고도 25m AGL 반경 6.1→30m 링간격 12.2m 속도상한 5.0m/s (풋프린트 단폭 18.8m)
[offboard_node-2] [INFO] [1785263993.781134996] [offboard_node]: WP1 도달·안정 (dist=0.0m speed=0.0m/s) → VISION_SEARCH (비전 착륙 활성)
[offboard_node-2] [INFO] [1785263993.880075838] [offboard_node]: 탐색 1회차 — 고도 25m AGL 반경 6.1→30m 링간격 12.2m 속도상한 5.0m/s (풋프린트 단폭 18.8m)
[offboard_node-2] [INFO] [1785263993.880546570] [offboard_node]: WP1 도달·안정 (dist=0.0m speed=0.0m/s) → VISION_SEARCH (비전 착륙 활성)
[offboard_node-2] [INFO] [1785263993.980311967] [offboard_node]: 탐색 1회차 — 고도 25m AGL 반경 6.1→30m 링간격 12.2m 속도상한 5.0m/s (풋프린트 단폭 18.8m)
[offboard_node-2] [INFO] [1785263993.981021912] [offboard_node]: WP1 도달·안정 (dist=0.0m speed=0.0m/s) → VISION_SEARCH (비전 착륙 활성)
[offboard_node-2] [INFO] [1785263994.080426490] [offboard_node]: 탐색 1회차 — 고도 25m AGL 반경 6.1→30m 링간격 12.2m 속도상한 5.0m/s (풋프린트 단폭 18.8m)
[offboard_node-2] [INFO] [1785263994.081092916] [offboard_node]: WP1 도달·안정 (dist=0.0m speed=0.0m/s) → VISION_SEARCH (비전 착륙 활성)
[offboard_node-2] [INFO] [1785263994.180183966] [offboard_node]: 탐색 1회차 — 고도 25m AGL 반경 6.1→30m 링간격 12.2m 속도상한 5.0m/s (풋프린트 단폭 18.8m)
[offboard_node-2] [INFO] [1785263994.181004647] [offboard_node]: WP1 도달·안정 (dist=0.0m speed=0.0m/s) → VISION_SEARCH (비전 착륙 활성)
[offboard_node-2] [INFO] [1785263994.280221291] [offboard_node]: 탐색 1회차 — 고도 25m AGL 반경 6.1→30m 링간격 12.2m 속도상한 5.0m/s (풋프린트 단폭 18.8m)
[offboard_node-2] [INFO] [1785263994.280882589] [offboard_node]: WP1 도달·안정 (dist=0.0m speed=0.0m/s) → VISION_SEARCH (비전 착륙 활성)
[offboard_node-2] [INFO] [1785263994.380013803] [offboard_node]: 탐색 1회차 — 고도 25m AGL 반경 6.1→30m 링간격 12.2m 속도상한 5.0m/s (풋프린트 단폭 18.8m)
[offboard_node-2] [INFO] [1785263994.380542906] [offboard_node]: WP1 도달·안정 (dist=0.0m speed=0.0m/s) → VISION_SEARCH (비전 착륙 활성)
[telemetry_node-1] [INFO] [1785263994.393647466] [telemetry_node]: pos_ned=[3.00025421e+02 1.08283246e-02 4.99967117e+01]  yaw=0.079  armed=True  vtol=3  batt=15.30V/50%
[offboard_node-2] [INFO] [1785263994.479984074] [offboard_node]: 탐색 1회차 — 고도 25m AGL 반경 6.1→30m 링간격 12.2m 속도상한 5.0m/s (풋프린트 단폭 18.8m)
[offboard_node-2] [INFO] [1785263994.480434639] [offboard_node]: WP1 도달·안정 (dist=0.0m speed=0.0m/s) → VISION_SEARCH (비전 착륙 활성)
[offboard_node-2] [INFO] [1785263994.582571992] [offboard_node]: 탐색 1회차 — 고도 25m AGL 반경 6.1→30m 링간격 12.2m 속도상한 5.0m/s (풋프린트 단폭 18.8m)
[offboard_node-2] [INFO] [1785263994.583464333] [offboard_node]: WP1 도달·안정 (dist=0.0m speed=0.0m/s) → VISION_SEARCH (비전 착륙 활성)
[offboard_node-2] [INFO] [1785263994.680315455] [offboard_node]: 탐색 1회차 — 고도 25m AGL 반경 6.1→30m 링간격 12.2m 속도상한 5.0m/s (풋프린트 단폭 18.8m)
[offboard_node-2] [INFO] [1785263994.681049545] [offboard_node]: WP1 도달·안정 (dist=0.0m speed=0.0m/s) → VISION_SEARCH (비전 착륙 활성)
[offboard_node-2] [INFO] [1785263994.781095614] [offboard_node]: 탐색 1회차 — 고도 25m AGL 반경 6.1→30m 링간격 12.2m 속도상한 5.0m/s (풋프린트 단폭 18.8m)
[offboard_node-2] [INFO] [1785263994.782280155] [offboard_node]: WP1 도달·안정 (dist=0.0m speed=0.0m/s) → VISION_SEARCH (비전 착륙 활성)
[offboard_node-2] [INFO] [1785263994.880150226] [offboard_node]: 탐색 1회차 — 고도 25m AGL 반경 6.1→30m 링간격 12.2m 속도상한 5.0m/s (풋프린트 단폭 18.8m)
[offboard_node-2] [INFO] [1785263994.880650685] [offboard_node]: WP1 도달·안정 (dist=0.0m speed=0.0m/s) → VISION_SEARCH (비전 착륙 활성)
[offboard_node-2] [INFO] [1785263994.979986824] [offboard_node]: WP1 홀드 dist=0.0m speed=0.0m/s stable=1185/10
[offboard_node-2] [INFO] [1785263994.980769956] [offboard_node]: 탐색 1회차 — 고도 25m AGL 반경 6.1→30m 링간격 12.2m 속도상한 5.0m/s (풋프린트 단폭 18.8m)
[offboard_node-2] [INFO] [1785263994.981420156] [offboard_node]: WP1 도달·안정 (dist=0.0m speed=0.0m/s) → VISION_SEARCH (비전 착륙 활성)
[offboard_node-2] [INFO] [1785263995.080073117] [offboard_node]: 탐색 1회차 — 고도 25m AGL 반경 6.1→30m 링간격 12.2m 속도상한 5.0m/s (풋프린트 단폭 18.8m)
[offboard_node-2] [INFO] [1785263995.080512165] [offboard_node]: WP1 도달·안정 (dist=0.0m speed=0.0m/s) → VISION_SEARCH (비전 착륙 활성)
[offboard_node-2] [INFO] [1785263995.179923432] [offboard_node]: 탐색 1회차 — 고도 25m AGL 반경 6.1→30m 링간격 12.2m 속도상한 5.0m/s (풋프린트 단폭 18.8m)
[offboard_node-2] [INFO] [1785263995.180401240] [offboard_node]: WP1 도달·안정 (dist=0.0m speed=0.0m/s) → VISION_SEARCH (비전 착륙 활성)
[offboard_node-2] [INFO] [1785263995.279922270] [offboard_node]: 탐색 1회차 — 고도 25m AGL 반경 6.1→30m 링간격 12.2m 속도상한 5.0m/s (풋프린트 단폭 18.8m)
[offboard_node-2] [INFO] [1785263995.280378680] [offboard_node]: WP1 도달·안정 (dist=0.0m speed=0.0m/s) → VISION_SEARCH (비전 착륙 활성)
[offboard_node-2] [INFO] [1785263995.379883645] [offboard_node]: 탐색 1회차 — 고도 25m AGL 반경 6.1→30m 링간격 12.2m 속도상한 5.0m/s (풋프린트 단폭 18.8m)
[offboard_node-2] [INFO] [1785263995.380497584] [offboard_node]: WP1 도달·안정 (dist=0.0m speed=0.0m/s) → VISION_SEARCH (비전 착륙 활성)
[offboard_node-2] [INFO] [1785263995.479933333] [offboard_node]: 탐색 1회차 — 고도 25m AGL 반경 6.1→30m 링간격 12.2m 속도상한 5.0m/s (풋프린트 단폭 18.8m)
[offboard_node-2] [INFO] [1785263995.480369579] [offboard_node]: WP1 도달·안정 (dist=0.0m speed=0.0m/s) → VISION_SEARCH (비전 착륙 활성)
[offboard_node-2] [INFO] [1785263995.580041942] [offboard_node]: 탐색 1회차 — 고도 25m AGL 반경 6.1→30m 링간격 12.2m 속도상한 5.0m/s (풋프린트 단폭 18.8m)
[offboard_node-2] [INFO] [1785263995.580534067] [offboard_node]: WP1 도달·안정 (dist=0.0m speed=0.0m/s) → VISION_SEARCH (비전 착륙 활성)
[offboard_node-2] [INFO] [1785263995.680144308] [offboard_node]: 탐색 1회차 — 고도 25m AGL 반경 6.1→30m 링간격 12.2m 속도상한 5.0m/s (풋프린트 단폭 18.8m)
[offboard_node-2] [INFO] [1785263995.680682508] [offboard_node]: WP1 도달·안정 (dist=0.0m speed=0.0m/s) → VISION_SEARCH (비전 착륙 활성)
[offboard_node-2] [INFO] [1785263995.780253506] [offboard_node]: 탐색 1회차 — 고도 25m AGL 반경 6.1→30m 링간격 12.2m 속도상한 5.0m/s (풋프린트 단폭 18.8m)
[offboard_node-2] [INFO] [1785263995.781019840] [offboard_node]: WP1 도달·안정 (dist=0.0m speed=0.0m/s) → VISION_SEARCH (비전 착륙 활성)
[offboard_node-2] [INFO] [1785263995.880142369] [offboard_node]: 탐색 1회차 — 고도 25m AGL 반경 6.1→30m 링간격 12.2m 속도상한 5.0m/s (풋프린트 단폭 18.8m)
[offboard_node-2] [INFO] [1785263995.880619784] [offboard_node]: WP1 도달·안정 (dist=0.0m speed=0.0m/s) → VISION_SEARCH (비전 착륙 활성)
[offboard_node-2] [INFO] [1785263995.980144841] [offboard_node]: 탐색 1회차 — 고도 25m AGL 반경 6.1→30m 링간격 12.2m 속도상한 5.0m/s (풋프린트 단폭 18.8m)
[offboard_node-2] [INFO] [1785263995.980695285] [offboard_node]: WP1 도달·안정 (dist=0.0m speed=0.0m/s) → VISION_SEARCH (비전 착륙 활성)
[offboard_node-2] [INFO] [1785263996.079955500] [offboard_node]: 탐색 1회차 — 고도 25m AGL 반경 6.1→30m 링간격 12.2m 속도상한 5.0m/s (풋프린트 단폭 18.8m)
[offboard_node-2] [INFO] [1785263996.080365445] [offboard_node]: WP1 도달·안정 (dist=0.0m speed=0.0m/s) → VISION_SEARCH (비전 착륙 활성)
[offboard_node-2] [INFO] [1785263996.180097917] [offboard_node]: 탐색 1회차 — 고도 25m AGL 반경 6.1→30m 링간격 12.2m 속도상한 5.0m/s (풋프린트 단폭 18.8m)
[offboard_node-2] [INFO] [1785263996.180492102] [offboard_node]: WP1 도달·안정 (dist=0.0m speed=0.0m/s) → VISION_SEARCH (비전 착륙 활성)
[offboard_node-2] [INFO] [1785263996.279925965] [offboard_node]: 탐색 1회차 — 고도 25m AGL 반경 6.1→30m 링간격 12.2m 속도상한 5.0m/s (풋프린트 단폭 18.8m)
[offboard_node-2] [INFO] [1785263996.280315684] [offboard_node]: WP1 도달·안정 (dist=0.0m speed=0.0m/s) → VISION_SEARCH (비전 착륙 활성)
[offboard_node-2] [INFO] [1785263996.379965678] [offboard_node]: 탐색 1회차 — 고도 25m AGL 반경 6.1→30m 링간격 12.2m 속도상한 5.0m/s (풋프린트 단폭 18.8m)
[offboard_node-2] [INFO] [1785263996.380403017] [offboard_node]: WP1 도달·안정 (dist=0.0m speed=0.0m/s) → VISION_SEARCH (비전 착륙 활성)
[telemetry_node-1] [INFO] [1785263996.393225413] [telemetry_node]: pos_ned=[3.00012726e+02 8.96963198e-03 4.99924316e+01]  yaw=0.080  armed=True  vtol=3  batt=15.30V/50%
[offboard_node-2] [INFO] [1785263996.479929890] [offboard_node]: 탐색 1회차 — 고도 25m AGL 반경 6.1→30m 링간격 12.2m 속도상한 5.0m/s (풋프린트 단폭 18.8m)
[offboard_node-2] [INFO] [1785263996.480453264] [offboard_node]: WP1 도달·안정 (dist=0.0m speed=0.0m/s) → VISION_SEARCH (비전 착륙 활성)
[offboard_node-2] [INFO] [1785263996.580460135] [offboard_node]: 탐색 1회차 — 고도 25m AGL 반경 6.1→30m 링간격 12.2m 속도상한 5.0m/s (풋프린트 단폭 18.8m)
[offboard_node-2] [INFO] [1785263996.581099337] [offboard_node]: WP1 도달·안정 (dist=0.0m speed=0.0m/s) → VISION_SEARCH (비전 착륙 활성)
[offboard_node-2] [INFO] [1785263996.680109481] [offboard_node]: 탐색 1회차 — 고도 25m AGL 반경 6.1→30m 링간격 12.2m 속도상한 5.0m/s (풋프린트 단폭 18.8m)
[offboard_node-2] [INFO] [1785263996.680911065] [offboard_node]: WP1 도달·안정 (dist=0.0m speed=0.0m/s) → VISION_SEARCH (비전 착륙 활성)
[offboard_node-2] [INFO] [1785263996.779994357] [offboard_node]: 탐색 1회차 — 고도 25m AGL 반경 6.1→30m 링간격 12.2m 속도상한 5.0m/s (풋프린트 단폭 18.8m)
[offboard_node-2] [INFO] [1785263996.780404591] [offboard_node]: WP1 도달·안정 (dist=0.0m speed=0.0m/s) → VISION_SEARCH (비전 착륙 활성)
[offboard_node-2] [INFO] [1785263996.880769912] [offboard_node]: 탐색 1회차 — 고도 25m AGL 반경 6.1→30m 링간격 12.2m 속도상한 5.0m/s (풋프린트 단폭 18.8m)
[offboard_node-2] [INFO] [1785263996.882151882] [offboard_node]: WP1 도달·안정 (dist=0.0m speed=0.0m/s) → VISION_SEARCH (비전 착륙 활성)
[offboard_node-2] [INFO] [1785263996.980080914] [offboard_node]: WP1 홀드 dist=0.0m speed=0.0m/s stable=1205/10
[offboard_node-2] [INFO] [1785263996.980539070] [offboard_node]: 탐색 1회차 — 고도 25m AGL 반경 6.1→30m 링간격 12.2m 속도상한 5.0m/s (풋프린트 단폭 18.8m)
[offboard_node-2] [INFO] [1785263996.980853564] [offboard_node]: WP1 도달·안정 (dist=0.0m speed=0.0m/s) → VISION_SEARCH (비전 착륙 활성)
[offboard_node-2] [INFO] [1785263997.080341467] [offboard_node]: 탐색 1회차 — 고도 25m AGL 반경 6.1→30m 링간격 12.2m 속도상한 5.0m/s (풋프린트 단폭 18.8m)
[offboard_node-2] [INFO] [1785263997.081087812] [offboard_node]: WP1 도달·안정 (dist=0.0m speed=0.0m/s) → VISION_SEARCH (비전 착륙 활성)
[offboard_node-2] [INFO] [1785263997.180073270] [offboard_node]: 탐색 1회차 — 고도 25m AGL 반경 6.1→30m 링간격 12.2m 속도상한 5.0m/s (풋프린트 단폭 18.8m)
[offboard_node-2] [INFO] [1785263997.180472549] [offboard_node]: WP1 도달·안정 (dist=0.0m speed=0.0m/s) → VISION_SEARCH (비전 착륙 활성)
[offboard_node-2] [INFO] [1785263997.280205339] [offboard_node]: 탐색 1회차 — 고도 25m AGL 반경 6.1→30m 링간격 12.2m 속도상한 5.0m/s (풋프린트 단폭 18.8m)
[offboard_node-2] [INFO] [1785263997.280612965] [offboard_node]: WP1 도달·안정 (dist=0.0m speed=0.0m/s) → VISION_SEARCH (비전 착륙 활성)
[offboard_node-2] [INFO] [1785263997.379907937] [offboard_node]: 탐색 1회차 — 고도 25m AGL 반경 6.1→30m 링간격 12.2m 속도상한 5.0m/s (풋프린트 단폭 18.8m)
[offboard_node-2] [INFO] [1785263997.380347762] [offboard_node]: WP1 도달·안정 (dist=0.0m speed=0.0m/s) → VISION_SEARCH (비전 착륙 활성)
[offboard_node-2] [INFO] [1785263997.480372097] [offboard_node]: 탐색 1회차 — 고도 25m AGL 반경 6.1→30m 링간격 12.2m 속도상한 5.0m/s (풋프린트 단폭 18.8m)
[offboard_node-2] [INFO] [1785263997.481065994] [offboard_node]: WP1 도달·안정 (dist=0.0m speed=0.0m/s) → VISION_SEARCH (비전 착륙 활성)
[offboard_node-2] [INFO] [1785263997.579876106] [offboard_node]: 탐색 1회차 — 고도 25m AGL 반경 6.1→30m 링간격 12.2m 속도상한 5.0m/s (풋프린트 단폭 18.8m)
[offboard_node-2] [INFO] [1785263997.580257828] [offboard_node]: WP1 도달·안정 (dist=0.0m speed=0.0m/s) → VISION_SEARCH (비전 착륙 활성)
[offboard_node-2] [INFO] [1785263997.680013374] [offboard_node]: 탐색 1회차 — 고도 25m AGL 반경 6.1→30m 링간격 12.2m 속도상한 5.0m/s (풋프린트 단폭 18.8m)
[offboard_node-2] [INFO] [1785263997.680535106] [offboard_node]: WP1 도달·안정 (dist=0.0m speed=0.0m/s) → VISION_SEARCH (비전 착륙 활성)
[offboard_node-2] [INFO] [1785263997.780089891] [offboard_node]: 탐색 1회차 — 고도 25m AGL 반경 6.1→30m 링간격 12.2m 속도상한 5.0m/s (풋프린트 단폭 18.8m)
[offboard_node-2] [INFO] [1785263997.780716976] [offboard_node]: WP1 도달·안정 (dist=0.0m speed=0.0m/s) → VISION_SEARCH (비전 착륙 활성)
[offboard_node-2] [INFO] [1785263997.879947695] [offboard_node]: 탐색 1회차 — 고도 25m AGL 반경 6.1→30m 링간격 12.2m 속도상한 5.0m/s (풋프린트 단폭 18.8m)
[offboard_node-2] [INFO] [1785263997.880351653] [offboard_node]: WP1 도달·안정 (dist=0.0m speed=0.0m/s) → VISION_SEARCH (비전 착륙 활성)
[offboard_node-2] [INFO] [1785263997.980797978] [offboard_node]: 탐색 1회차 — 고도 25m AGL 반경 6.1→30m 링간격 12.2m 속도상한 5.0m/s (풋프린트 단폭 18.8m)
[offboard_node-2] [INFO] [1785263997.981571729] [offboard_node]: WP1 도달·안정 (dist=0.0m speed=0.0m/s) → VISION_SEARCH (비전 착륙 활성)
[offboard_node-2] [INFO] [1785263998.080117945] [offboard_node]: 탐색 1회차 — 고도 25m AGL 반경 6.1→30m 링간격 12.2m 속도상한 5.0m/s (풋프린트 단폭 18.8m)
[offboard_node-2] [INFO] [1785263998.080762753] [offboard_node]: WP1 도달·안정 (dist=0.0m speed=0.0m/s) → VISION_SEARCH (비전 착륙 활성)
[offboard_node-2] [INFO] [1785263998.179940395] [offboard_node]: 탐색 1회차 — 고도 25m AGL 반경 6.1→30m 링간격 12.2m 속도상한 5.0m/s (풋프린트 단폭 18.8m)
[offboard_node-2] [INFO] [1785263998.180366868] [offboard_node]: WP1 도달·안정 (dist=0.0m speed=0.0m/s) → VISION_SEARCH (비전 착륙 활성)
[offboard_node-2] [INFO] [1785263998.280098415] [offboard_node]: 탐색 1회차 — 고도 25m AGL 반경 6.1→30m 링간격 12.2m 속도상한 5.0m/s (풋프린트 단폭 18.8m)
[offboard_node-2] [INFO] [1785263998.280736412] [offboard_node]: WP1 도달·안정 (dist=0.0m speed=0.0m/s) → VISION_SEARCH (비전 착륙 활성)
[offboard_node-2] [INFO] [1785263998.379951567] [offboard_node]: 탐색 1회차 — 고도 25m AGL 반경 6.1→30m 링간격 12.2m 속도상한 5.0m/s (풋프린트 단폭 18.8m)
[offboard_node-2] [INFO] [1785263998.380690341] [offboard_node]: WP1 도달·안정 (dist=0.0m speed=0.0m/s) → VISION_SEARCH (비전 착륙 활성)
[telemetry_node-1] [INFO] [1785263998.393730250] [telemetry_node]: pos_ned=[ 3.00028595e+02 -9.26109217e-03  4.99800148e+01]  yaw=0.080  armed=True  vtol=3  batt=15.30V/50%
[offboard_node-2] [INFO] [1785263998.479801511] [offboard_node]: 탐색 1회차 — 고도 25m AGL 반경 6.1→30m 링간격 12.2m 속도상한 5.0m/s (풋프린트 단폭 18.8m)
[offboard_node-2] [INFO] [1785263998.480218713] [offboard_node]: WP1 도달·안정 (dist=0.0m speed=0.0m/s) → VISION_SEARCH (비전 착륙 활성)
[offboard_node-2] [INFO] [1785263998.581742220] [offboard_node]: 탐색 1회차 — 고도 25m AGL 반경 6.1→30m 링간격 12.2m 속도상한 5.0m/s (풋프린트 단폭 18.8m)
[offboard_node-2] [INFO] [1785263998.584963956] [offboard_node]: WP1 도달·안정 (dist=0.0m speed=0.0m/s) → VISION_SEARCH (비전 착륙 활성)
[offboard_node-2] [INFO] [1785263998.680266825] [offboard_node]: 탐색 1회차 — 고도 25m AGL 반경 6.1→30m 링간격 12.2m 속도상한 5.0m/s (풋프린트 단폭 18.8m)
[offboard_node-2] [INFO] [1785263998.681110967] [offboard_node]: WP1 도달·안정 (dist=0.0m speed=0.0m/s) → VISION_SEARCH (비전 착륙 활성)
[offboard_node-2] [INFO] [1785263998.780103546] [offboard_node]: 탐색 1회차 — 고도 25m AGL 반경 6.1→30m 링간격 12.2m 속도상한 5.0m/s (풋프린트 단폭 18.8m)
[offboard_node-2] [INFO] [1785263998.780832948] [offboard_node]: WP1 도달·안정 (dist=0.0m speed=0.0m/s) → VISION_SEARCH (비전 착륙 활성)
[offboard_node-2] [INFO] [1785263998.880164197] [offboard_node]: 탐색 1회차 — 고도 25m AGL 반경 6.1→30m 링간격 12.2m 속도상한 5.0m/s (풋프린트 단폭 18.8m)
[offboard_node-2] [INFO] [1785263998.880858054] [offboard_node]: WP1 도달·안정 (dist=0.0m speed=0.0m/s) → VISION_SEARCH (비전 착륙 활성)
[offboard_node-2] [INFO] [1785263998.980355415] [offboard_node]: WP1 홀드 dist=0.0m speed=0.0m/s stable=1225/10
[offboard_node-2] [INFO] [1785263998.981041484] [offboard_node]: 탐색 1회차 — 고도 25m AGL 반경 6.1→30m 링간격 12.2m 속도상한 5.0m/s (풋프린트 단폭 18.8m)
[offboard_node-2] [INFO] [1785263998.981639442] [offboard_node]: WP1 도달·안정 (dist=0.0m speed=0.0m/s) → VISION_SEARCH (비전 착륙 활성)
[offboard_node-2] [INFO] [1785263999.080137491] [offboard_node]: 탐색 1회차 — 고도 25m AGL 반경 6.1→30m 링간격 12.2m 속도상한 5.0m/s (풋프린트 단폭 18.8m)
[offboard_node-2] [INFO] [1785263999.080724482] [offboard_node]: WP1 도달·안정 (dist=0.0m speed=0.0m/s) → VISION_SEARCH (비전 착륙 활성)
[offboard_node-2] [INFO] [1785263999.181057289] [offboard_node]: 탐색 1회차 — 고도 25m AGL 반경 6.1→30m 링간격 12.2m 속도상한 5.0m/s (풋프린트 단폭 18.8m)
[offboard_node-2] [INFO] [1785263999.182486899] [offboard_node]: WP1 도달·안정 (dist=0.0m speed=0.1m/s) → VISION_SEARCH (비전 착륙 활성)
[offboard_node-2] [INFO] [1785263999.281485420] [offboard_node]: 탐색 1회차 — 고도 25m AGL 반경 6.1→30m 링간격 12.2m 속도상한 5.0m/s (풋프린트 단폭 18.8m)
[offboard_node-2] [INFO] [1785263999.283652584] [offboard_node]: WP1 도달·안정 (dist=0.0m speed=0.1m/s) → VISION_SEARCH (비전 착륙 활성)
[offboard_node-2] [INFO] [1785263999.380361612] [offboard_node]: 탐색 1회차 — 고도 25m AGL 반경 6.1→30m 링간격 12.2m 속도상한 5.0m/s (풋프린트 단폭 18.8m)
[offboard_node-2] [INFO] [1785263999.382788372] [offboard_node]: WP1 도달·안정 (dist=0.0m speed=0.1m/s) → VISION_SEARCH (비전 착륙 활성)
[offboard_node-2] [INFO] [1785263999.479926825] [offboard_node]: 탐색 1회차 — 고도 25m AGL 반경 6.1→30m 링간격 12.2m 속도상한 5.0m/s (풋프린트 단폭 18.8m)
[offboard_node-2] [INFO] [1785263999.480426304] [offboard_node]: WP1 도달·안정 (dist=0.0m speed=0.1m/s) → VISION_SEARCH (비전 착륙 활성)
[offboard_node-2] [INFO] [1785263999.580072798] [offboard_node]: 탐색 1회차 — 고도 25m AGL 반경 6.1→30m 링간격 12.2m 속도상한 5.0m/s (풋프린트 단폭 18.8m)
[offboard_node-2] [INFO] [1785263999.580600224] [offboard_node]: WP1 도달·안정 (dist=0.0m speed=0.0m/s) → VISION_SEARCH (비전 착륙 활성)
[offboard_node-2] [INFO] [1785263999.680102779] [offboard_node]: 탐색 1회차 — 고도 25m AGL 반경 6.1→30m 링간격 12.2m 속도상한 5.0m/s (풋프린트 단폭 18.8m)
[offboard_node-2] [INFO] [1785263999.680721718] [offboard_node]: WP1 도달·안정 (dist=0.0m speed=0.0m/s) → VISION_SEARCH (비전 착륙 활성)
[offboard_node-2] [INFO] [1785263999.780607306] [offboard_node]: 탐색 1회차 — 고도 25m AGL 반경 6.1→30m 링간격 12.2m 속도상한 5.0m/s (풋프린트 단폭 18.8m)
[offboard_node-2] [INFO] [1785263999.781499588] [offboard_node]: WP1 도달·안정 (dist=0.0m speed=0.0m/s) → VISION_SEARCH (비전 착륙 활성)
[offboard_node-2] [INFO] [1785263999.879942886] [offboard_node]: 탐색 1회차 — 고도 25m AGL 반경 6.1→30m 링간격 12.2m 속도상한 5.0m/s (풋프린트 단폭 18.8m)
[offboard_node-2] [INFO] [1785263999.880519959] [offboard_node]: WP1 도달·안정 (dist=0.0m speed=0.0m/s) → VISION_SEARCH (비전 착륙 활성)
[offboard_node-2] [INFO] [1785263999.979983145] [offboard_node]: 탐색 1회차 — 고도 25m AGL 반경 6.1→30m 링간격 12.2m 속도상한 5.0m/s (풋프린트 단폭 18.8m)
[offboard_node-2] [INFO] [1785263999.980624031] [offboard_node]: WP1 도달·안정 (dist=0.0m speed=0.0m/s) → VISION_SEARCH (비전 착륙 활성)
[offboard_node-2] [INFO] [1785264000.080055648] [offboard_node]: 탐색 1회차 — 고도 25m AGL 반경 6.1→30m 링간격 12.2m 속도상한 5.0m/s (풋프린트 단폭 18.8m)
[offboard_node-2] [INFO] [1785264000.080682787] [offboard_node]: WP1 도달·안정 (dist=0.0m speed=0.0m/s) → VISION_SEARCH (비전 착륙 활성)
[offboard_node-2] [INFO] [1785264000.180447329] [offboard_node]: 탐색 1회차 — 고도 25m AGL 반경 6.1→30m 링간격 12.2m 속도상한 5.0m/s (풋프린트 단폭 18.8m)
[offboard_node-2] [INFO] [1785264000.181061407] [offboard_node]: WP1 도달·안정 (dist=0.0m speed=0.0m/s) → VISION_SEARCH (비전 착륙 활성)
[offboard_node-2] [INFO] [1785264000.280252632] [offboard_node]: 탐색 1회차 — 고도 25m AGL 반경 6.1→30m 링간격 12.2m 속도상한 5.0m/s (풋프린트 단폭 18.8m)
[offboard_node-2] [INFO] [1785264000.280790948] [offboard_node]: WP1 도달·안정 (dist=0.0m speed=0.0m/s) → VISION_SEARCH (비전 착륙 활성)
[offboard_node-2] [INFO] [1785264000.379873191] [offboard_node]: 탐색 1회차 — 고도 25m AGL 반경 6.1→30m 링간격 12.2m 속도상한 5.0m/s (풋프린트 단폭 18.8m)
[offboard_node-2] [INFO] [1785264000.380511952] [offboard_node]: WP1 도달·안정 (dist=0.0m speed=0.0m/s) → VISION_SEARCH (비전 착륙 활성)
[telemetry_node-1] [INFO] [1785264000.393684491] [telemetry_node]: pos_ned=[3.00004486e+02 2.19529099e-03 4.99784431e+01]  yaw=0.081  armed=True  vtol=3  batt=15.30V/50%
[offboard_node-2] [INFO] [1785264000.480258246] [offboard_node]: 탐색 1회차 — 고도 25m AGL 반경 6.1→30m 링간격 12.2m 속도상한 5.0m/s (풋프린트 단폭 18.8m)
[offboard_node-2] [INFO] [1785264000.481058777] [offboard_node]: WP1 도달·안정 (dist=0.0m speed=0.0m/s) → VISION_SEARCH (비전 착륙 활성)
[offboard_node-2] [INFO] [1785264000.583014011] [offboard_node]: 탐색 1회차 — 고도 25m AGL 반경 6.1→30m 링간격 12.2m 속도상한 5.0m/s (풋프린트 단폭 18.8m)
[offboard_node-2] [INFO] [1785264000.584720559] [offboard_node]: WP1 도달·안정 (dist=0.0m speed=0.0m/s) → VISION_SEARCH (비전 착륙 활성)
[offboard_node-2] [INFO] [1785264000.680806089] [offboard_node]: 탐색 1회차 — 고도 25m AGL 반경 6.1→30m 링간격 12.2m 속도상한 5.0m/s (풋프린트 단폭 18.8m)
[offboard_node-2] [INFO] [1785264000.681572637] [offboard_node]: WP1 도달·안정 (dist=0.0m speed=0.0m/s) → VISION_SEARCH (비전 착륙 활성)
[offboard_node-2] [INFO] [1785264000.781672285] [offboard_node]: 탐색 1회차 — 고도 25m AGL 반경 6.1→30m 링간격 12.2m 속도상한 5.0m/s (풋프린트 단폭 18.8m)
[offboard_node-2] [INFO] [1785264000.782584168] [offboard_node]: WP1 도달·안정 (dist=0.0m speed=0.0m/s) → VISION_SEARCH (비전 착륙 활성)
[offboard_node-2] [INFO] [1785264000.880838028] [offboard_node]: 탐색 1회차 — 고도 25m AGL 반경 6.1→30m 링간격 12.2m 속도상한 5.0m/s (풋프린트 단폭 18.8m)
[offboard_node-2] [INFO] [1785264000.881656188] [offboard_node]: WP1 도달·안정 (dist=0.0m speed=0.0m/s) → VISION_SEARCH (비전 착륙 활성)
[offboard_node-2] [INFO] [1785264000.980160973] [offboard_node]: WP1 홀드 dist=0.0m speed=0.0m/s stable=1245/10
[offboard_node-2] [INFO] [1785264000.980607661] [offboard_node]: 탐색 1회차 — 고도 25m AGL 반경 6.1→30m 링간격 12.2m 속도상한 5.0m/s (풋프린트 단폭 18.8m)
[offboard_node-2] [INFO] [1785264000.981054729] [offboard_node]: WP1 도달·안정 (dist=0.0m speed=0.0m/s) → VISION_SEARCH (비전 착륙 활성)
[offboard_node-2] [INFO] [1785264001.080285810] [offboard_node]: 탐색 1회차 — 고도 25m AGL 반경 6.1→30m 링간격 12.2m 속도상한 5.0m/s (풋프린트 단폭 18.8m)
[offboard_node-2] [INFO] [1785264001.080961760] [offboard_node]: WP1 도달·안정 (dist=0.0m speed=0.0m/s) → VISION_SEARCH (비전 착륙 활성)
[offboard_node-2] [INFO] [1785264001.180981964] [offboard_node]: 탐색 1회차 — 고도 25m AGL 반경 6.1→30m 링간격 12.2m 속도상한 5.0m/s (풋프린트 단폭 18.8m)
[offboard_node-2] [INFO] [1785264001.181815780] [offboard_node]: WP1 도달·안정 (dist=0.0m speed=0.0m/s) → VISION_SEARCH (비전 착륙 활성)
[offboard_node-2] [INFO] [1785264001.280941506] [offboard_node]: 탐색 1회차 — 고도 25m AGL 반경 6.1→30m 링간격 12.2m 속도상한 5.0m/s (풋프린트 단폭 18.8m)
[offboard_node-2] [INFO] [1785264001.281690799] [offboard_node]: WP1 도달·안정 (dist=0.0m speed=0.0m/s) → VISION_SEARCH (비전 착륙 활성)
[offboard_node-2] [INFO] [1785264001.380982083] [offboard_node]: 탐색 1회차 — 고도 25m AGL 반경 6.1→30m 링간격 12.2m 속도상한 5.0m/s (풋프린트 단폭 18.8m)
[offboard_node-2] [INFO] [1785264001.381706351] [offboard_node]: WP1 도달·안정 (dist=0.0m speed=0.0m/s) → VISION_SEARCH (비전 착륙 활성)
[offboard_node-2] [INFO] [1785264001.482788471] [offboard_node]: 탐색 1회차 — 고도 25m AGL 반경 6.1→30m 링간격 12.2m 속도상한 5.0m/s (풋프린트 단폭 18.8m)
[offboard_node-2] [INFO] [1785264001.483337235] [offboard_node]: WP1 도달·안정 (dist=0.0m speed=0.0m/s) → VISION_SEARCH (비전 착륙 활성)
[offboard_node-2] [INFO] [1785264001.580610886] [offboard_node]: 탐색 1회차 — 고도 25m AGL 반경 6.1→30m 링간격 12.2m 속도상한 5.0m/s (풋프린트 단폭 18.8m)
[offboard_node-2] [INFO] [1785264001.581285307] [offboard_node]: WP1 도달·안정 (dist=0.0m speed=0.0m/s) → VISION_SEARCH (비전 착륙 활성)
[offboard_node-2] [INFO] [1785264001.680612798] [offboard_node]: 탐색 1회차 — 고도 25m AGL 반경 6.1→30m 링간격 12.2m 속도상한 5.0m/s (풋프린트 단폭 18.8m)
[offboard_node-2] [INFO] [1785264001.681341593] [offboard_node]: WP1 도달·안정 (dist=0.0m speed=0.0m/s) → VISION_SEARCH (비전 착륙 활성)
[offboard_node-2] [INFO] [1785264001.780673723] [offboard_node]: 탐색 1회차 — 고도 25m AGL 반경 6.1→30m 링간격 12.2m 속도상한 5.0m/s (풋프린트 단폭 18.8m)
[offboard_node-2] [INFO] [1785264001.781362824] [offboard_node]: WP1 도달·안정 (dist=0.0m speed=0.0m/s) → VISION_SEARCH (비전 착륙 활성)
[offboard_node-2] [INFO] [1785264001.880567299] [offboard_node]: 탐색 1회차 — 고도 25m AGL 반경 6.1→30m 링간격 12.2m 속도상한 5.0m/s (풋프린트 단폭 18.8m)
[offboard_node-2] [INFO] [1785264001.881206422] [offboard_node]: WP1 도달·안정 (dist=0.0m speed=0.0m/s) → VISION_SEARCH (비전 착륙 활성)
[offboard_node-2] [INFO] [1785264001.981011555] [offboard_node]: 탐색 1회차 — 고도 25m AGL 반경 6.1→30m 링간격 12.2m 속도상한 5.0m/s (풋프린트 단폭 18.8m)
[offboard_node-2] [INFO] [1785264001.981525887] [offboard_node]: WP1 도달·안정 (dist=0.0m speed=0.0m/s) → VISION_SEARCH (비전 착륙 활성)
[offboard_node-2] [INFO] [1785264002.080995645] [offboard_node]: 탐색 1회차 — 고도 25m AGL 반경 6.1→30m 링간격 12.2m 속도상한 5.0m/s (풋프린트 단폭 18.8m)
[offboard_node-2] [INFO] [1785264002.081687350] [offboard_node]: WP1 도달·안정 (dist=0.0m speed=0.0m/s) → VISION_SEARCH (비전 착륙 활성)
[offboard_node-2] [INFO] [1785264002.181470647] [offboard_node]: 탐색 1회차 — 고도 25m AGL 반경 6.1→30m 링간격 12.2m 속도상한 5.0m/s (풋프린트 단폭 18.8m)
[offboard_node-2] [INFO] [1785264002.182188811] [offboard_node]: WP1 도달·안정 (dist=0.0m speed=0.0m/s) → VISION_SEARCH (비전 착륙 활성)
[offboard_node-2] [INFO] [1785264002.280682099] [offboard_node]: 탐색 1회차 — 고도 25m AGL 반경 6.1→30m 링간격 12.2m 속도상한 5.0m/s (풋프린트 단폭 18.8m)
[offboard_node-2] [INFO] [1785264002.281290832] [offboard_node]: WP1 도달·안정 (dist=0.0m speed=0.0m/s) → VISION_SEARCH (비전 착륙 활성)
[offboard_node-2] [INFO] [1785264002.380406957] [offboard_node]: 탐색 1회차 — 고도 25m AGL 반경 6.1→30m 링간격 12.2m 속도상한 5.0m/s (풋프린트 단폭 18.8m)
[offboard_node-2] [INFO] [1785264002.381069431] [offboard_node]: WP1 도달·안정 (dist=0.0m speed=0.0m/s) → VISION_SEARCH (비전 착륙 활성)
[telemetry_node-1] [INFO] [1785264002.393379321] [telemetry_node]: pos_ned=[ 3.00004517e+02 -6.58033590e-04  4.99631767e+01]  yaw=0.082  armed=True  vtol=3  batt=15.30V/50%
[offboard_node-2] [INFO] [1785264002.480522953] [offboard_node]: 탐색 1회차 — 고도 25m AGL 반경 6.1→30m 링간격 12.2m 속도상한 5.0m/s (풋프린트 단폭 18.8m)
[offboard_node-2] [INFO] [1785264002.481161121] [offboard_node]: WP1 도달·안정 (dist=0.0m speed=0.0m/s) → VISION_SEARCH (비전 착륙 활성)
[offboard_node-2] [INFO] [1785264002.580623020] [offboard_node]: 탐색 1회차 — 고도 25m AGL 반경 6.1→30m 링간격 12.2m 속도상한 5.0m/s (풋프린트 단폭 18.8m)
[offboard_node-2] [INFO] [1785264002.581077032] [offboard_node]: WP1 도달·안정 (dist=0.0m speed=0.0m/s) → VISION_SEARCH (비전 착륙 활성)
[offboard_node-2] [INFO] [1785264002.680385955] [offboard_node]: 탐색 1회차 — 고도 25m AGL 반경 6.1→30m 링간격 12.2m 속도상한 5.0m/s (풋프린트 단폭 18.8m)
[offboard_node-2] [INFO] [1785264002.681047905] [offboard_node]: WP1 도달·안정 (dist=0.0m speed=0.0m/s) → VISION_SEARCH (비전 착륙 활성)
[offboard_node-2] [INFO] [1785264002.781156167] [offboard_node]: 탐색 1회차 — 고도 25m AGL 반경 6.1→30m 링간격 12.2m 속도상한 5.0m/s (풋프린트 단폭 18.8m)
[offboard_node-2] [INFO] [1785264002.781949509] [offboard_node]: WP1 도달·안정 (dist=0.0m speed=0.0m/s) → VISION_SEARCH (비전 착륙 활성)
[offboard_node-2] [INFO] [1785264002.880469330] [offboard_node]: 탐색 1회차 — 고도 25m AGL 반경 6.1→30m 링간격 12.2m 속도상한 5.0m/s (풋프린트 단폭 18.8m)
[offboard_node-2] [INFO] [1785264002.881162751] [offboard_node]: WP1 도달·안정 (dist=0.0m speed=0.0m/s) → VISION_SEARCH (비전 착륙 활성)
[offboard_node-2] [INFO] [1785264002.981072638] [offboard_node]: WP1 홀드 dist=0.0m speed=0.0m/s stable=1265/10
[offboard_node-2] [INFO] [1785264002.987704000] [offboard_node]: 탐색 1회차 — 고도 25m AGL 반경 6.1→30m 링간격 12.2m 속도상한 5.0m/s (풋프린트 단폭 18.8m)
[offboard_node-2] [INFO] [1785264002.988789263] [offboard_node]: WP1 도달·안정 (dist=0.0m speed=0.0m/s) → VISION_SEARCH (비전 착륙 활성)
[offboard_node-2] [INFO] [1785264003.080513666] [offboard_node]: 탐색 1회차 — 고도 25m AGL 반경 6.1→30m 링간격 12.2m 속도상한 5.0m/s (풋프린트 단폭 18.8m)
[offboard_node-2] [INFO] [1785264003.081263203] [offboard_node]: WP1 도달·안정 (dist=0.0m speed=0.0m/s) → VISION_SEARCH (비전 착륙 활성)
[offboard_node-2] [INFO] [1785264003.180709909] [offboard_node]: 탐색 1회차 — 고도 25m AGL 반경 6.1→30m 링간격 12.2m 속도상한 5.0m/s (풋프린트 단폭 18.8m)
[offboard_node-2] [INFO] [1785264003.181334273] [offboard_node]: WP1 도달·안정 (dist=0.0m speed=0.0m/s) → VISION_SEARCH (비전 착륙 활성)
[offboard_node-2] [INFO] [1785264003.280876084] [offboard_node]: 탐색 1회차 — 고도 25m AGL 반경 6.1→30m 링간격 12.2m 속도상한 5.0m/s (풋프린트 단폭 18.8m)
[offboard_node-2] [INFO] [1785264003.281403565] [offboard_node]: WP1 도달·안정 (dist=0.0m speed=0.0m/s) → VISION_SEARCH (비전 착륙 활성)
[offboard_node-2] [INFO] [1785264003.380267311] [offboard_node]: 탐색 1회차 — 고도 25m AGL 반경 6.1→30m 링간격 12.2m 속도상한 5.0m/s (풋프린트 단폭 18.8m)
[offboard_node-2] [INFO] [1785264003.380832627] [offboard_node]: WP1 도달·안정 (dist=0.0m speed=0.0m/s) → VISION_SEARCH (비전 착륙 활성)
[offboard_node-2] [INFO] [1785264003.480289456] [offboard_node]: 탐색 1회차 — 고도 25m AGL 반경 6.1→30m 링간격 12.2m 속도상한 5.0m/s (풋프린트 단폭 18.8m)
[offboard_node-2] [INFO] [1785264003.480824061] [offboard_node]: WP1 도달·안정 (dist=0.0m speed=0.0m/s) → VISION_SEARCH (비전 착륙 활성)
[offboard_node-2] [INFO] [1785264003.580131800] [offboard_node]: 탐색 1회차 — 고도 25m AGL 반경 6.1→30m 링간격 12.2m 속도상한 5.0m/s (풋프린트 단폭 18.8m)
[offboard_node-2] [INFO] [1785264003.580651331] [offboard_node]: WP1 도달·안정 (dist=0.0m speed=0.0m/s) → VISION_SEARCH (비전 착륙 활성)
[offboard_node-2] [INFO] [1785264003.680343080] [offboard_node]: 탐색 1회차 — 고도 25m AGL 반경 6.1→30m 링간격 12.2m 속도상한 5.0m/s (풋프린트 단폭 18.8m)
[offboard_node-2] [INFO] [1785264003.681112792] [offboard_node]: WP1 도달·안정 (dist=0.0m speed=0.0m/s) → VISION_SEARCH (비전 착륙 활성)
[offboard_node-2] [INFO] [1785264003.780078109] [offboard_node]: 탐색 1회차 — 고도 25m AGL 반경 6.1→30m 링간격 12.2m 속도상한 5.0m/s (풋프린트 단폭 18.8m)
[offboard_node-2] [INFO] [1785264003.780515232] [offboard_node]: WP1 도달·안정 (dist=0.0m speed=0.0m/s) → VISION_SEARCH (비전 착륙 활성)
[offboard_node-2] [INFO] [1785264003.880336724] [offboard_node]: 탐색 1회차 — 고도 25m AGL 반경 6.1→30m 링간격 12.2m 속도상한 5.0m/s (풋프린트 단폭 18.8m)
[offboard_node-2] [INFO] [1785264003.880904361] [offboard_node]: WP1 도달·안정 (dist=0.0m speed=0.0m/s) → VISION_SEARCH (비전 착륙 활성)
[offboard_node-2] [INFO] [1785264003.980498056] [offboard_node]: 탐색 1회차 — 고도 25m AGL 반경 6.1→30m 링간격 12.2m 속도상한 5.0m/s (풋프린트 단폭 18.8m)
[offboard_node-2] [INFO] [1785264003.981234808] [offboard_node]: WP1 도달·안정 (dist=0.0m speed=0.0m/s) → VISION_SEARCH (비전 착륙 활성)
[offboard_node-2] [INFO] [1785264004.080529537] [offboard_node]: 탐색 1회차 — 고도 25m AGL 반경 6.1→30m 링간격 12.2m 속도상한 5.0m/s (풋프린트 단폭 18.8m)
[offboard_node-2] [INFO] [1785264004.081242349] [offboard_node]: WP1 도달·안정 (dist=0.0m speed=0.0m/s) → VISION_SEARCH (비전 착륙 활성)
[offboard_node-2] [INFO] [1785264004.180797759] [offboard_node]: 탐색 1회차 — 고도 25m AGL 반경 6.1→30m 링간격 12.2m 속도상한 5.0m/s (풋프린트 단폭 18.8m)
[offboard_node-2] [INFO] [1785264004.181516650] [offboard_node]: WP1 도달·안정 (dist=0.0m speed=0.0m/s) → VISION_SEARCH (비전 착륙 활성)
[offboard_node-2] [INFO] [1785264004.280494215] [offboard_node]: 탐색 1회차 — 고도 25m AGL 반경 6.1→30m 링간격 12.2m 속도상한 5.0m/s (풋프린트 단폭 18.8m)
[offboard_node-2] [INFO] [1785264004.281250738] [offboard_node]: WP1 도달·안정 (dist=0.0m speed=0.0m/s) → VISION_SEARCH (비전 착륙 활성)
[offboard_node-2] [INFO] [1785264004.380753320] [offboard_node]: 탐색 1회차 — 고도 25m AGL 반경 6.1→30m 링간격 12.2m 속도상한 5.0m/s (풋프린트 단폭 18.8m)
[offboard_node-2] [INFO] [1785264004.381406315] [offboard_node]: WP1 도달·안정 (dist=0.0m speed=0.0m/s) → VISION_SEARCH (비전 착륙 활성)
[telemetry_node-1] [INFO] [1785264004.393218015] [telemetry_node]: pos_ned=[ 2.99983246e+02 -4.84929746e-03  4.99649162e+01]  yaw=0.083  armed=True  vtol=3  batt=15.30V/50%
[offboard_node-2] [INFO] [1785264004.480568230] [offboard_node]: 탐색 1회차 — 고도 25m AGL 반경 6.1→30m 링간격 12.2m 속도상한 5.0m/s (풋프린트 단폭 18.8m)
[offboard_node-2] [INFO] [1785264004.481192981] [offboard_node]: WP1 도달·안정 (dist=0.0m speed=0.0m/s) → VISION_SEARCH (비전 착륙 활성)
[offboard_node-2] [INFO] [1785264004.580504631] [offboard_node]: 탐색 1회차 — 고도 25m AGL 반경 6.1→30m 링간격 12.2m 속도상한 5.0m/s (풋프린트 단폭 18.8m)
[offboard_node-2] [INFO] [1785264004.581273616] [offboard_node]: WP1 도달·안정 (dist=0.0m speed=0.0m/s) → VISION_SEARCH (비전 착륙 활성)
[offboard_node-2] [INFO] [1785264004.680475112] [offboard_node]: 탐색 1회차 — 고도 25m AGL 반경 6.1→30m 링간격 12.2m 속도상한 5.0m/s (풋프린트 단폭 18.8m)
[offboard_node-2] [INFO] [1785264004.681081960] [offboard_node]: WP1 도달·안정 (dist=0.0m speed=0.0m/s) → VISION_SEARCH (비전 착륙 활성)
[offboard_node-2] [INFO] [1785264004.780492278] [offboard_node]: 탐색 1회차 — 고도 25m AGL 반경 6.1→30m 링간격 12.2m 속도상한 5.0m/s (풋프린트 단폭 18.8m)
[offboard_node-2] [INFO] [1785264004.781080092] [offboard_node]: WP1 도달·안정 (dist=0.0m speed=0.0m/s) → VISION_SEARCH (비전 착륙 활성)
[offboard_node-2] [INFO] [1785264004.880580690] [offboard_node]: 탐색 1회차 — 고도 25m AGL 반경 6.1→30m 링간격 12.2m 속도상한 5.0m/s (풋프린트 단폭 18.8m)
[offboard_node-2] [INFO] [1785264004.881279554] [offboard_node]: WP1 도달·안정 (dist=0.0m speed=0.0m/s) → VISION_SEARCH (비전 착륙 활성)
[offboard_node-2] [INFO] [1785264004.980375523] [offboard_node]: WP1 홀드 dist=0.0m speed=0.0m/s stable=1285/10
[offboard_node-2] [INFO] [1785264004.981121660] [offboard_node]: 탐색 1회차 — 고도 25m AGL 반경 6.1→30m 링간격 12.2m 속도상한 5.0m/s (풋프린트 단폭 18.8m)
[offboard_node-2] [INFO] [1785264004.981767388] [offboard_node]: WP1 도달·안정 (dist=0.0m speed=0.0m/s) → VISION_SEARCH (비전 착륙 활성)
[offboard_node-2] [INFO] [1785264005.080517877] [offboard_node]: 탐색 1회차 — 고도 25m AGL 반경 6.1→30m 링간격 12.2m 속도상한 5.0m/s (풋프린트 단폭 18.8m)
[offboard_node-2] [INFO] [1785264005.081890267] [offboard_node]: WP1 도달·안정 (dist=0.0m speed=0.0m/s) → VISION_SEARCH (비전 착륙 활성)
[offboard_node-2] [INFO] [1785264005.180152545] [offboard_node]: 탐색 1회차 — 고도 25m AGL 반경 6.1→30m 링간격 12.2m 속도상한 5.0m/s (풋프린트 단폭 18.8m)
[offboard_node-2] [INFO] [1785264005.180616592] [offboard_node]: WP1 도달·안정 (dist=0.0m speed=0.0m/s) → VISION_SEARCH (비전 착륙 활성)
[offboard_node-2] [INFO] [1785264005.280785033] [offboard_node]: 탐색 1회차 — 고도 25m AGL 반경 6.1→30m 링간격 12.2m 속도상한 5.0m/s (풋프린트 단폭 18.8m)
[offboard_node-2] [INFO] [1785264005.281564797] [offboard_node]: WP1 도달·안정 (dist=0.0m speed=0.0m/s) → VISION_SEARCH (비전 착륙 활성)
[offboard_node-2] [INFO] [1785264005.381030645] [offboard_node]: 탐색 1회차 — 고도 25m AGL 반경 6.1→30m 링간격 12.2m 속도상한 5.0m/s (풋프린트 단폭 18.8m)
[offboard_node-2] [INFO] [1785264005.381686402] [offboard_node]: WP1 도달·안정 (dist=0.0m speed=0.0m/s) → VISION_SEARCH (비전 착륙 활성)
[offboard_node-2] [INFO] [1785264005.480901316] [offboard_node]: 탐색 1회차 — 고도 25m AGL 반경 6.1→30m 링간격 12.2m 속도상한 5.0m/s (풋프린트 단폭 18.8m)
[offboard_node-2] [INFO] [1785264005.481642464] [offboard_node]: WP1 도달·안정 (dist=0.0m speed=0.0m/s) → VISION_SEARCH (비전 착륙 활성)
[offboard_node-2] [INFO] [1785264005.580741878] [offboard_node]: 탐색 1회차 — 고도 25m AGL 반경 6.1→30m 링간격 12.2m 속도상한 5.0m/s (풋프린트 단폭 18.8m)
[offboard_node-2] [INFO] [1785264005.581502956] [offboard_node]: WP1 도달·안정 (dist=0.0m speed=0.0m/s) → VISION_SEARCH (비전 착륙 활성)
[offboard_node-2] [INFO] [1785264005.680701712] [offboard_node]: 탐색 1회차 — 고도 25m AGL 반경 6.1→30m 링간격 12.2m 속도상한 5.0m/s (풋프린트 단폭 18.8m)
[offboard_node-2] [INFO] [1785264005.681463813] [offboard_node]: WP1 도달·안정 (dist=0.0m speed=0.0m/s) → VISION_SEARCH (비전 착륙 활성)
[offboard_node-2] [INFO] [1785264005.781028502] [offboard_node]: 탐색 1회차 — 고도 25m AGL 반경 6.1→30m 링간격 12.2m 속도상한 5.0m/s (풋프린트 단폭 18.8m)
[offboard_node-2] [INFO] [1785264005.781632523] [offboard_node]: WP1 도달·안정 (dist=0.0m speed=0.0m/s) → VISION_SEARCH (비전 착륙 활성)
[offboard_node-2] [INFO] [1785264005.880504337] [offboard_node]: 탐색 1회차 — 고도 25m AGL 반경 6.1→30m 링간격 12.2m 속도상한 5.0m/s (풋프린트 단폭 18.8m)
[offboard_node-2] [INFO] [1785264005.881297170] [offboard_node]: WP1 도달·안정 (dist=0.0m speed=0.0m/s) → VISION_SEARCH (비전 착륙 활성)
[offboard_node-2] [INFO] [1785264005.980900457] [offboard_node]: 탐색 1회차 — 고도 25m AGL 반경 6.1→30m 링간격 12.2m 속도상한 5.0m/s (풋프린트 단폭 18.8m)
[offboard_node-2] [INFO] [1785264005.981647096] [offboard_node]: WP1 도달·안정 (dist=0.0m speed=0.0m/s) → VISION_SEARCH (비전 착륙 활성)
[offboard_node-2] [INFO] [1785264006.081051557] [offboard_node]: 탐색 1회차 — 고도 25m AGL 반경 6.1→30m 링간격 12.2m 속도상한 5.0m/s (풋프린트 단폭 18.8m)
[offboard_node-2] [INFO] [1785264006.081724516] [offboard_node]: WP1 도달·안정 (dist=0.0m speed=0.0m/s) → VISION_SEARCH (비전 착륙 활성)
[offboard_node-2] [INFO] [1785264006.180612806] [offboard_node]: 탐색 1회차 — 고도 25m AGL 반경 6.1→30m 링간격 12.2m 속도상한 5.0m/s (풋프린트 단폭 18.8m)
[offboard_node-2] [INFO] [1785264006.181198312] [offboard_node]: WP1 도달·안정 (dist=0.0m speed=0.0m/s) → VISION_SEARCH (비전 착륙 활성)
[offboard_node-2] [INFO] [1785264006.280333704] [offboard_node]: 탐색 1회차 — 고도 25m AGL 반경 6.1→30m 링간격 12.2m 속도상한 5.0m/s (풋프린트 단폭 18.8m)
[offboard_node-2] [INFO] [1785264006.281136905] [offboard_node]: WP1 도달·안정 (dist=0.0m speed=0.0m/s) → VISION_SEARCH (비전 착륙 활성)
[offboard_node-2] [INFO] [1785264006.380685448] [offboard_node]: 탐색 1회차 — 고도 25m AGL 반경 6.1→30m 링간격 12.2m 속도상한 5.0m/s (풋프린트 단폭 18.8m)
[offboard_node-2] [INFO] [1785264006.381260785] [offboard_node]: WP1 도달·안정 (dist=0.0m speed=0.0m/s) → VISION_SEARCH (비전 착륙 활성)
[telemetry_node-1] [INFO] [1785264006.393251272] [telemetry_node]: pos_ned=[ 2.99978058e+02 -5.12607442e-03  4.99795685e+01]  yaw=0.084  armed=True  vtol=3  batt=15.30V/50%
[offboard_node-2] [INFO] [1785264006.480631763] [offboard_node]: 탐색 1회차 — 고도 25m AGL 반경 6.1→30m 링간격 12.2m 속도상한 5.0m/s (풋프린트 단폭 18.8m)
[offboard_node-2] [INFO] [1785264006.481305584] [offboard_node]: WP1 도달·안정 (dist=0.0m speed=0.0m/s) → VISION_SEARCH (비전 착륙 활성)
[offboard_node-2] [INFO] [1785264006.581110766] [offboard_node]: 탐색 1회차 — 고도 25m AGL 반경 6.1→30m 링간격 12.2m 속도상한 5.0m/s (풋프린트 단폭 18.8m)
[offboard_node-2] [INFO] [1785264006.583338601] [offboard_node]: WP1 도달·안정 (dist=0.0m speed=0.0m/s) → VISION_SEARCH (비전 착륙 활성)
[offboard_node-2] [INFO] [1785264006.680821391] [offboard_node]: 탐색 1회차 — 고도 25m AGL 반경 6.1→30m 링간격 12.2m 속도상한 5.0m/s (풋프린트 단폭 18.8m)
[offboard_node-2] [INFO] [1785264006.681606017] [offboard_node]: WP1 도달·안정 (dist=0.0m speed=0.0m/s) → VISION_SEARCH (비전 착륙 활성)
[offboard_node-2] [INFO] [1785264006.781284854] [offboard_node]: 탐색 1회차 — 고도 25m AGL 반경 6.1→30m 링간격 12.2m 속도상한 5.0m/s (풋프린트 단폭 18.8m)
[offboard_node-2] [INFO] [1785264006.782029449] [offboard_node]: WP1 도달·안정 (dist=0.0m speed=0.0m/s) → VISION_SEARCH (비전 착륙 활성)
[offboard_node-2] [INFO] [1785264006.880370922] [offboard_node]: 탐색 1회차 — 고도 25m AGL 반경 6.1→30m 링간격 12.2m 속도상한 5.0m/s (풋프린트 단폭 18.8m)
[offboard_node-2] [INFO] [1785264006.880878587] [offboard_node]: WP1 도달·안정 (dist=0.0m speed=0.0m/s) → VISION_SEARCH (비전 착륙 활성)
[offboard_node-2] [INFO] [1785264006.980147220] [offboard_node]: WP1 홀드 dist=0.0m speed=0.0m/s stable=1305/10
[offboard_node-2] [INFO] [1785264006.980659944] [offboard_node]: 탐색 1회차 — 고도 25m AGL 반경 6.1→30m 링간격 12.2m 속도상한 5.0m/s (풋프린트 단폭 18.8m)
[offboard_node-2] [INFO] [1785264006.981304112] [offboard_node]: WP1 도달·안정 (dist=0.0m speed=0.0m/s) → VISION_SEARCH (비전 착륙 활성)
[offboard_node-2] [INFO] [1785264007.080665531] [offboard_node]: 탐색 1회차 — 고도 25m AGL 반경 6.1→30m 링간격 12.2m 속도상한 5.0m/s (풋프린트 단폭 18.8m)
[offboard_node-2] [INFO] [1785264007.081411860] [offboard_node]: WP1 도달·안정 (dist=0.0m speed=0.0m/s) → VISION_SEARCH (비전 착륙 활성)
[offboard_node-2] [INFO] [1785264007.180581308] [offboard_node]: 탐색 1회차 — 고도 25m AGL 반경 6.1→30m 링간격 12.2m 속도상한 5.0m/s (풋프린트 단폭 18.8m)
[offboard_node-2] [INFO] [1785264007.181347895] [offboard_node]: WP1 도달·안정 (dist=0.0m speed=0.0m/s) → VISION_SEARCH (비전 착륙 활성)
[offboard_node-2] [INFO] [1785264007.280235937] [offboard_node]: 탐색 1회차 — 고도 25m AGL 반경 6.1→30m 링간격 12.2m 속도상한 5.0m/s (풋프린트 단폭 18.8m)
[offboard_node-2] [INFO] [1785264007.280766238] [offboard_node]: WP1 도달·안정 (dist=0.0m speed=0.0m/s) → VISION_SEARCH (비전 착륙 활성)
[offboard_node-2] [INFO] [1785264007.380063921] [offboard_node]: 탐색 1회차 — 고도 25m AGL 반경 6.1→30m 링간격 12.2m 속도상한 5.0m/s (풋프린트 단폭 18.8m)
[offboard_node-2] [INFO] [1785264007.380865739] [offboard_node]: WP1 도달·안정 (dist=0.0m speed=0.0m/s) → VISION_SEARCH (비전 착륙 활성)
[offboard_node-2] [INFO] [1785264007.480152788] [offboard_node]: 탐색 1회차 — 고도 25m AGL 반경 6.1→30m 링간격 12.2m 속도상한 5.0m/s (풋프린트 단폭 18.8m)
[offboard_node-2] [INFO] [1785264007.480596871] [offboard_node]: WP1 도달·안정 (dist=0.0m speed=0.0m/s) → VISION_SEARCH (비전 착륙 활성)
[offboard_node-2] [INFO] [1785264007.579990350] [offboard_node]: 탐색 1회차 — 고도 25m AGL 반경 6.1→30m 링간격 12.2m 속도상한 5.0m/s (풋프린트 단폭 18.8m)
[offboard_node-2] [INFO] [1785264007.580498153] [offboard_node]: WP1 도달·안정 (dist=0.0m speed=0.0m/s) → VISION_SEARCH (비전 착륙 활성)
[offboard_node-2] [INFO] [1785264007.680082902] [offboard_node]: 탐색 1회차 — 고도 25m AGL 반경 6.1→30m 링간격 12.2m 속도상한 5.0m/s (풋프린트 단폭 18.8m)
[offboard_node-2] [INFO] [1785264007.680517911] [offboard_node]: WP1 도달·안정 (dist=0.0m speed=0.0m/s) → VISION_SEARCH (비전 착륙 활성)
[offboard_node-2] [INFO] [1785264007.780149665] [offboard_node]: 탐색 1회차 — 고도 25m AGL 반경 6.1→30m 링간격 12.2m 속도상한 5.0m/s (풋프린트 단폭 18.8m)
[offboard_node-2] [INFO] [1785264007.780728793] [offboard_node]: WP1 도달·안정 (dist=0.0m speed=0.1m/s) → VISION_SEARCH (비전 착륙 활성)
[offboard_node-2] [INFO] [1785264007.880397223] [offboard_node]: 탐색 1회차 — 고도 25m AGL 반경 6.1→30m 링간격 12.2m 속도상한 5.0m/s (풋프린트 단폭 18.8m)
[offboard_node-2] [INFO] [1785264007.881070044] [offboard_node]: WP1 도달·안정 (dist=0.0m speed=0.1m/s) → VISION_SEARCH (비전 착륙 활성)
[offboard_node-2] [INFO] [1785264007.980770019] [offboard_node]: 탐색 1회차 — 고도 25m AGL 반경 6.1→30m 링간격 12.2m 속도상한 5.0m/s (풋프린트 단폭 18.8m)
[offboard_node-2] [INFO] [1785264007.981520087] [offboard_node]: WP1 도달·안정 (dist=0.0m speed=0.1m/s) → VISION_SEARCH (비전 착륙 활성)
[offboard_node-2] [INFO] [1785264008.081141121] [offboard_node]: 탐색 1회차 — 고도 25m AGL 반경 6.1→30m 링간격 12.2m 속도상한 5.0m/s (풋프린트 단폭 18.8m)
[offboard_node-2] [INFO] [1785264008.082463417] [offboard_node]: WP1 도달·안정 (dist=0.0m speed=0.0m/s) → VISION_SEARCH (비전 착륙 활성)
[offboard_node-2] [INFO] [1785264008.180662706] [offboard_node]: 탐색 1회차 — 고도 25m AGL 반경 6.1→30m 링간격 12.2m 속도상한 5.0m/s (풋프린트 단폭 18.8m)
[offboard_node-2] [INFO] [1785264008.181525803] [offboard_node]: WP1 도달·안정 (dist=0.0m speed=0.0m/s) → VISION_SEARCH (비전 착륙 활성)
[offboard_node-2] [INFO] [1785264008.280936916] [offboard_node]: 탐색 1회차 — 고도 25m AGL 반경 6.1→30m 링간격 12.2m 속도상한 5.0m/s (풋프린트 단폭 18.8m)
[offboard_node-2] [INFO] [1785264008.281916243] [offboard_node]: WP1 도달·안정 (dist=0.0m speed=0.0m/s) → VISION_SEARCH (비전 착륙 활성)
[offboard_node-2] [INFO] [1785264008.380270884] [offboard_node]: 탐색 1회차 — 고도 25m AGL 반경 6.1→30m 링간격 12.2m 속도상한 5.0m/s (풋프린트 단폭 18.8m)
[offboard_node-2] [INFO] [1785264008.380791650] [offboard_node]: WP1 도달·안정 (dist=0.0m speed=0.0m/s) → VISION_SEARCH (비전 착륙 활성)
[telemetry_node-1] [INFO] [1785264008.393718450] [telemetry_node]: pos_ned=[ 2.99982819e+02 -3.35478634e-02  4.99804306e+01]  yaw=0.085  armed=True  vtol=3  batt=15.30V/50%
[offboard_node-2] [INFO] [1785264008.480142664] [offboard_node]: 탐색 1회차 — 고도 25m AGL 반경 6.1→30m 링간격 12.2m 속도상한 5.0m/s (풋프린트 단폭 18.8m)
[offboard_node-2] [INFO] [1785264008.480604371] [offboard_node]: WP1 도달·안정 (dist=0.0m speed=0.0m/s) → VISION_SEARCH (비전 착륙 활성)
[offboard_node-2] [INFO] [1785264008.580025875] [offboard_node]: 탐색 1회차 — 고도 25m AGL 반경 6.1→30m 링간격 12.2m 속도상한 5.0m/s (풋프린트 단폭 18.8m)
[offboard_node-2] [INFO] [1785264008.580572907] [offboard_node]: WP1 도달·안정 (dist=0.0m speed=0.0m/s) → VISION_SEARCH (비전 착륙 활성)
[offboard_node-2] [INFO] [1785264008.680563838] [offboard_node]: 탐색 1회차 — 고도 25m AGL 반경 6.1→30m 링간격 12.2m 속도상한 5.0m/s (풋프린트 단폭 18.8m)
[offboard_node-2] [INFO] [1785264008.681237304] [offboard_node]: WP1 도달·안정 (dist=0.0m speed=0.0m/s) → VISION_SEARCH (비전 착륙 활성)
[offboard_node-2] [INFO] [1785264008.780373487] [offboard_node]: 탐색 1회차 — 고도 25m AGL 반경 6.1→30m 링간격 12.2m 속도상한 5.0m/s (풋프린트 단폭 18.8m)
[offboard_node-2] [INFO] [1785264008.780876265] [offboard_node]: WP1 도달·안정 (dist=0.0m speed=0.1m/s) → VISION_SEARCH (비전 착륙 활성)
[offboard_node-2] [INFO] [1785264008.879946385] [offboard_node]: 탐색 1회차 — 고도 25m AGL 반경 6.1→30m 링간격 12.2m 속도상한 5.0m/s (풋프린트 단폭 18.8m)
[offboard_node-2] [INFO] [1785264008.880374967] [offboard_node]: WP1 도달·안정 (dist=0.0m speed=0.1m/s) → VISION_SEARCH (비전 착륙 활성)
[offboard_node-2] [INFO] [1785264008.980046416] [offboard_node]: WP1 홀드 dist=0.0m speed=0.1m/s stable=1325/10
[offboard_node-2] [INFO] [1785264008.980723010] [offboard_node]: 탐색 1회차 — 고도 25m AGL 반경 6.1→30m 링간격 12.2m 속도상한 5.0m/s (풋프린트 단폭 18.8m)
[offboard_node-2] [INFO] [1785264008.981386173] [offboard_node]: WP1 도달·안정 (dist=0.0m speed=0.1m/s) → VISION_SEARCH (비전 착륙 활성)
[offboard_node-2] [INFO] [1785264009.080013706] [offboard_node]: 탐색 1회차 — 고도 25m AGL 반경 6.1→30m 링간격 12.2m 속도상한 5.0m/s (풋프린트 단폭 18.8m)
[offboard_node-2] [INFO] [1785264009.080416109] [offboard_node]: WP1 도달·안정 (dist=0.0m speed=0.1m/s) → VISION_SEARCH (비전 착륙 활성)
[offboard_node-2] [INFO] [1785264009.180328359] [offboard_node]: 탐색 1회차 — 고도 25m AGL 반경 6.1→30m 링간격 12.2m 속도상한 5.0m/s (풋프린트 단폭 18.8m)
[offboard_node-2] [INFO] [1785264009.180790505] [offboard_node]: WP1 도달·안정 (dist=0.0m speed=0.0m/s) → VISION_SEARCH (비전 착륙 활성)
[offboard_node-2] [INFO] [1785264009.280247667] [offboard_node]: 탐색 1회차 — 고도 25m AGL 반경 6.1→30m 링간격 12.2m 속도상한 5.0m/s (풋프린트 단폭 18.8m)
[offboard_node-2] [INFO] [1785264009.280770768] [offboard_node]: WP1 도달·안정 (dist=0.0m speed=0.0m/s) → VISION_SEARCH (비전 착륙 활성)
[offboard_node-2] [INFO] [1785264009.380562686] [offboard_node]: 탐색 1회차 — 고도 25m AGL 반경 6.1→30m 링간격 12.2m 속도상한 5.0m/s (풋프린트 단폭 18.8m)
[offboard_node-2] [INFO] [1785264009.381483540] [offboard_node]: WP1 도달·안정 (dist=0.0m speed=0.0m/s) → VISION_SEARCH (비전 착륙 활성)
[offboard_node-2] [INFO] [1785264009.480866997] [offboard_node]: 탐색 1회차 — 고도 25m AGL 반경 6.1→30m 링간격 12.2m 속도상한 5.0m/s (풋프린트 단폭 18.8m)
[offboard_node-2] [INFO] [1785264009.482315439] [offboard_node]: WP1 도달·안정 (dist=0.0m speed=0.0m/s) → VISION_SEARCH (비전 착륙 활성)
[offboard_node-2] [INFO] [1785264009.580255304] [offboard_node]: 탐색 1회차 — 고도 25m AGL 반경 6.1→30m 링간격 12.2m 속도상한 5.0m/s (풋프린트 단폭 18.8m)
[offboard_node-2] [INFO] [1785264009.580857254] [offboard_node]: WP1 도달·안정 (dist=0.0m speed=0.0m/s) → VISION_SEARCH (비전 착륙 활성)
[offboard_node-2] [INFO] [1785264009.680629012] [offboard_node]: 탐색 1회차 — 고도 25m AGL 반경 6.1→30m 링간격 12.2m 속도상한 5.0m/s (풋프린트 단폭 18.8m)
[offboard_node-2] [INFO] [1785264009.681299246] [offboard_node]: WP1 도달·안정 (dist=0.0m speed=0.0m/s) → VISION_SEARCH (비전 착륙 활성)
[offboard_node-2] [INFO] [1785264009.780201629] [offboard_node]: 탐색 1회차 — 고도 25m AGL 반경 6.1→30m 링간격 12.2m 속도상한 5.0m/s (풋프린트 단폭 18.8m)
[offboard_node-2] [INFO] [1785264009.780670938] [offboard_node]: WP1 도달·안정 (dist=0.0m speed=0.0m/s) → VISION_SEARCH (비전 착륙 활성)
[offboard_node-2] [INFO] [1785264009.880201365] [offboard_node]: 탐색 1회차 — 고도 25m AGL 반경 6.1→30m 링간격 12.2m 속도상한 5.0m/s (풋프린트 단폭 18.8m)
[offboard_node-2] [INFO] [1785264009.880759856] [offboard_node]: WP1 도달·안정 (dist=0.0m speed=0.0m/s) → VISION_SEARCH (비전 착륙 활성)
[offboard_node-2] [INFO] [1785264009.980856994] [offboard_node]: 탐색 1회차 — 고도 25m AGL 반경 6.1→30m 링간격 12.2m 속도상한 5.0m/s (풋프린트 단폭 18.8m)
[offboard_node-2] [INFO] [1785264009.981756268] [offboard_node]: WP1 도달·안정 (dist=0.0m speed=0.0m/s) → VISION_SEARCH (비전 착륙 활성)
[offboard_node-2] [INFO] [1785264010.080300521] [offboard_node]: 탐색 1회차 — 고도 25m AGL 반경 6.1→30m 링간격 12.2m 속도상한 5.0m/s (풋프린트 단폭 18.8m)
[offboard_node-2] [INFO] [1785264010.080972363] [offboard_node]: WP1 도달·안정 (dist=0.0m speed=0.0m/s) → VISION_SEARCH (비전 착륙 활성)
[offboard_node-2] [INFO] [1785264010.180934528] [offboard_node]: 탐색 1회차 — 고도 25m AGL 반경 6.1→30m 링간격 12.2m 속도상한 5.0m/s (풋프린트 단폭 18.8m)
[offboard_node-2] [INFO] [1785264010.182534258] [offboard_node]: WP1 도달·안정 (dist=0.0m speed=0.0m/s) → VISION_SEARCH (비전 착륙 활성)
[offboard_node-2] [INFO] [1785264010.280169364] [offboard_node]: 탐색 1회차 — 고도 25m AGL 반경 6.1→30m 링간격 12.2m 속도상한 5.0m/s (풋프린트 단폭 18.8m)
[offboard_node-2] [INFO] [1785264010.280748718] [offboard_node]: WP1 도달·안정 (dist=0.0m speed=0.0m/s) → VISION_SEARCH (비전 착륙 활성)
[offboard_node-2] [INFO] [1785264010.380060494] [offboard_node]: 탐색 1회차 — 고도 25m AGL 반경 6.1→30m 링간격 12.2m 속도상한 5.0m/s (풋프린트 단폭 18.8m)
[offboard_node-2] [INFO] [1785264010.380549196] [offboard_node]: WP1 도달·안정 (dist=0.0m speed=0.0m/s) → VISION_SEARCH (비전 착륙 활성)
[telemetry_node-1] [INFO] [1785264010.393536173] [telemetry_node]: pos_ned=[ 2.99973541e+02 -2.80492269e-02  4.99984169e+01]  yaw=0.085  armed=True  vtol=3  batt=15.30V/50%
[offboard_node-2] [INFO] [1785264010.480370604] [offboard_node]: 탐색 1회차 — 고도 25m AGL 반경 6.1→30m 링간격 12.2m 속도상한 5.0m/s (풋프린트 단폭 18.8m)
[offboard_node-2] [INFO] [1785264010.480920100] [offboard_node]: WP1 도달·안정 (dist=0.0m speed=0.0m/s) → VISION_SEARCH (비전 착륙 활성)
[offboard_node-2] [INFO] [1785264010.580086376] [offboard_node]: 탐색 1회차 — 고도 25m AGL 반경 6.1→30m 링간격 12.2m 속도상한 5.0m/s (풋프린트 단폭 18.8m)
[offboard_node-2] [INFO] [1785264010.580697178] [offboard_node]: WP1 도달·안정 (dist=0.0m speed=0.0m/s) → VISION_SEARCH (비전 착륙 활성)
[offboard_node-2] [INFO] [1785264010.680010973] [offboard_node]: 탐색 1회차 — 고도 25m AGL 반경 6.1→30m 링간격 12.2m 속도상한 5.0m/s (풋프린트 단폭 18.8m)
[offboard_node-2] [INFO] [1785264010.680588282] [offboard_node]: WP1 도달·안정 (dist=0.0m speed=0.0m/s) → VISION_SEARCH (비전 착륙 활성)
[offboard_node-2] [INFO] [1785264010.780215153] [offboard_node]: 탐색 1회차 — 고도 25m AGL 반경 6.1→30m 링간격 12.2m 속도상한 5.0m/s (풋프린트 단폭 18.8m)
[offboard_node-2] [INFO] [1785264010.780736873] [offboard_node]: WP1 도달·안정 (dist=0.0m speed=0.1m/s) → VISION_SEARCH (비전 착륙 활성)
[offboard_node-2] [INFO] [1785264010.880298197] [offboard_node]: 탐색 1회차 — 고도 25m AGL 반경 6.1→30m 링간격 12.2m 속도상한 5.0m/s (풋프린트 단폭 18.8m)
[offboard_node-2] [INFO] [1785264010.880960385] [offboard_node]: WP1 도달·안정 (dist=0.0m speed=0.1m/s) → VISION_SEARCH (비전 착륙 활성)
[offboard_node-2] [INFO] [1785264010.980543637] [offboard_node]: WP1 홀드 dist=0.0m speed=0.0m/s stable=1345/10
[offboard_node-2] [INFO] [1785264010.981533763] [offboard_node]: 탐색 1회차 — 고도 25m AGL 반경 6.1→30m 링간격 12.2m 속도상한 5.0m/s (풋프린트 단폭 18.8m)
[offboard_node-2] [INFO] [1785264010.982922529] [offboard_node]: WP1 도달·안정 (dist=0.0m speed=0.0m/s) → VISION_SEARCH (비전 착륙 활성)
[offboard_node-2] [INFO] [1785264011.080511396] [offboard_node]: 탐색 1회차 — 고도 25m AGL 반경 6.1→30m 링간격 12.2m 속도상한 5.0m/s (풋프린트 단폭 18.8m)
[offboard_node-2] [INFO] [1785264011.081450822] [offboard_node]: WP1 도달·안정 (dist=0.0m speed=0.0m/s) → VISION_SEARCH (비전 착륙 활성)
[offboard_node-2] [INFO] [1785264011.180256323] [offboard_node]: 탐색 1회차 — 고도 25m AGL 반경 6.1→30m 링간격 12.2m 속도상한 5.0m/s (풋프린트 단폭 18.8m)
[offboard_node-2] [INFO] [1785264011.180867832] [offboard_node]: WP1 도달·안정 (dist=0.0m speed=0.0m/s) → VISION_SEARCH (비전 착륙 활성)
[offboard_node-2] [INFO] [1785264011.280074231] [offboard_node]: 탐색 1회차 — 고도 25m AGL 반경 6.1→30m 링간격 12.2m 속도상한 5.0m/s (풋프린트 단폭 18.8m)
[offboard_node-2] [INFO] [1785264011.280854496] [offboard_node]: WP1 도달·안정 (dist=0.0m speed=0.0m/s) → VISION_SEARCH (비전 착륙 활성)
[offboard_node-2] [INFO] [1785264011.381828477] [offboard_node]: 탐색 1회차 — 고도 25m AGL 반경 6.1→30m 링간격 12.2m 속도상한 5.0m/s (풋프린트 단폭 18.8m)
[offboard_node-2] [INFO] [1785264011.382495221] [offboard_node]: WP1 도달·안정 (dist=0.0m speed=0.0m/s) → VISION_SEARCH (비전 착륙 활성)
[offboard_node-2] [INFO] [1785264011.480830730] [offboard_node]: 탐색 1회차 — 고도 25m AGL 반경 6.1→30m 링간격 12.2m 속도상한 5.0m/s (풋프린트 단폭 18.8m)
[offboard_node-2] [INFO] [1785264011.481630716] [offboard_node]: WP1 도달·안정 (dist=0.0m speed=0.0m/s) → VISION_SEARCH (비전 착륙 활성)
[offboard_node-2] [INFO] [1785264011.581234633] [offboard_node]: 탐색 1회차 — 고도 25m AGL 반경 6.1→30m 링간격 12.2m 속도상한 5.0m/s (풋프린트 단폭 18.8m)
[offboard_node-2] [INFO] [1785264011.585124266] [offboard_node]: WP1 도달·안정 (dist=0.0m speed=0.0m/s) → VISION_SEARCH (비전 착륙 활성)
[offboard_node-2] [INFO] [1785264011.680680482] [offboard_node]: 탐색 1회차 — 고도 25m AGL 반경 6.1→30m 링간격 12.2m 속도상한 5.0m/s (풋프린트 단폭 18.8m)
[offboard_node-2] [INFO] [1785264011.682510482] [offboard_node]: WP1 도달·안정 (dist=0.0m speed=0.0m/s) → VISION_SEARCH (비전 착륙 활성)
[offboard_node-2] [INFO] [1785264011.780378073] [offboard_node]: 탐색 1회차 — 고도 25m AGL 반경 6.1→30m 링간격 12.2m 속도상한 5.0m/s (풋프린트 단폭 18.8m)
[offboard_node-2] [INFO] [1785264011.781377532] [offboard_node]: WP1 도달·안정 (dist=0.0m speed=0.0m/s) → VISION_SEARCH (비전 착륙 활성)
[offboard_node-2] [INFO] [1785264011.880763843] [offboard_node]: 탐색 1회차 — 고도 25m AGL 반경 6.1→30m 링간격 12.2m 속도상한 5.0m/s (풋프린트 단폭 18.8m)
[offboard_node-2] [INFO] [1785264011.881522892] [offboard_node]: WP1 도달·안정 (dist=0.0m speed=0.0m/s) → VISION_SEARCH (비전 착륙 활성)
[offboard_node-2] [INFO] [1785264011.980787542] [offboard_node]: 탐색 1회차 — 고도 25m AGL 반경 6.1→30m 링간격 12.2m 속도상한 5.0m/s (풋프린트 단폭 18.8m)
[offboard_node-2] [INFO] [1785264011.981450449] [offboard_node]: WP1 도달·안정 (dist=0.0m speed=0.0m/s) → VISION_SEARCH (비전 착륙 활성)
[offboard_node-2] [INFO] [1785264012.080795823] [offboard_node]: 탐색 1회차 — 고도 25m AGL 반경 6.1→30m 링간격 12.2m 속도상한 5.0m/s (풋프린트 단폭 18.8m)
[offboard_node-2] [INFO] [1785264012.081605640] [offboard_node]: WP1 도달·안정 (dist=0.0m speed=0.0m/s) → VISION_SEARCH (비전 착륙 활성)
[offboard_node-2] [INFO] [1785264012.180693534] [offboard_node]: 탐색 1회차 — 고도 25m AGL 반경 6.1→30m 링간격 12.2m 속도상한 5.0m/s (풋프린트 단폭 18.8m)
[offboard_node-2] [INFO] [1785264012.181371801] [offboard_node]: WP1 도달·안정 (dist=0.0m speed=0.0m/s) → VISION_SEARCH (비전 착륙 활성)
[offboard_node-2] [INFO] [1785264012.280311803] [offboard_node]: 탐색 1회차 — 고도 25m AGL 반경 6.1→30m 링간격 12.2m 속도상한 5.0m/s (풋프린트 단폭 18.8m)
[offboard_node-2] [INFO] [1785264012.281509583] [offboard_node]: WP1 도달·안정 (dist=0.0m speed=0.0m/s) → VISION_SEARCH (비전 착륙 활성)
[offboard_node-2] [INFO] [1785264012.380242648] [offboard_node]: 탐색 1회차 — 고도 25m AGL 반경 6.1→30m 링간격 12.2m 속도상한 5.0m/s (풋프린트 단폭 18.8m)
[offboard_node-2] [INFO] [1785264012.380834086] [offboard_node]: WP1 도달·안정 (dist=0.0m speed=0.0m/s) → VISION_SEARCH (비전 착륙 활성)
[telemetry_node-1] [INFO] [1785264012.395157953] [telemetry_node]: pos_ned=[ 2.99969604e+02 -1.39942195e-03  4.99948883e+01]  yaw=0.086  armed=True  vtol=3  batt=15.30V/50%
[offboard_node-2] [INFO] [1785264012.483379993] [offboard_node]: 탐색 1회차 — 고도 25m AGL 반경 6.1→30m 링간격 12.2m 속도상한 5.0m/s (풋프린트 단폭 18.8m)
[offboard_node-2] [INFO] [1785264012.484093880] [offboard_node]: WP1 도달·안정 (dist=0.0m speed=0.0m/s) → VISION_SEARCH (비전 착륙 활성)
[offboard_node-2] [INFO] [1785264012.583226642] [offboard_node]: 탐색 1회차 — 고도 25m AGL 반경 6.1→30m 링간격 12.2m 속도상한 5.0m/s (풋프린트 단폭 18.8m)
[offboard_node-2] [INFO] [1785264012.583998006] [offboard_node]: WP1 도달·안정 (dist=0.0m speed=0.0m/s) → VISION_SEARCH (비전 착륙 활성)
[offboard_node-2] [INFO] [1785264012.681258854] [offboard_node]: 탐색 1회차 — 고도 25m AGL 반경 6.1→30m 링간격 12.2m 속도상한 5.0m/s (풋프린트 단폭 18.8m)
[offboard_node-2] [INFO] [1785264012.682035122] [offboard_node]: WP1 도달·안정 (dist=0.0m speed=0.0m/s) → VISION_SEARCH (비전 착륙 활성)
[offboard_node-2] [INFO] [1785264012.780593821] [offboard_node]: 탐색 1회차 — 고도 25m AGL 반경 6.1→30m 링간격 12.2m 속도상한 5.0m/s (풋프린트 단폭 18.8m)
[offboard_node-2] [INFO] [1785264012.781471152] [offboard_node]: WP1 도달·안정 (dist=0.0m speed=0.0m/s) → VISION_SEARCH (비전 착륙 활성)
[offboard_node-2] [INFO] [1785264012.880489943] [offboard_node]: 탐색 1회차 — 고도 25m AGL 반경 6.1→30m 링간격 12.2m 속도상한 5.0m/s (풋프린트 단폭 18.8m)
[offboard_node-2] [INFO] [1785264012.881034398] [offboard_node]: WP1 도달·안정 (dist=0.0m speed=0.0m/s) → VISION_SEARCH (비전 착륙 활성)
[offboard_node-2] [INFO] [1785264012.981026330] [offboard_node]: WP1 홀드 dist=0.0m speed=0.0m/s stable=1365/10
[offboard_node-2] [INFO] [1785264012.981880756] [offboard_node]: 탐색 1회차 — 고도 25m AGL 반경 6.1→30m 링간격 12.2m 속도상한 5.0m/s (풋프린트 단폭 18.8m)
[offboard_node-2] [INFO] [1785264012.982579147] [offboard_node]: WP1 도달·안정 (dist=0.0m speed=0.0m/s) → VISION_SEARCH (비전 착륙 활성)
[offboard_node-2] [INFO] [1785264013.080825449] [offboard_node]: 탐색 1회차 — 고도 25m AGL 반경 6.1→30m 링간격 12.2m 속도상한 5.0m/s (풋프린트 단폭 18.8m)
[offboard_node-2] [INFO] [1785264013.081667593] [offboard_node]: WP1 도달·안정 (dist=0.0m speed=0.1m/s) → VISION_SEARCH (비전 착륙 활성)
[offboard_node-2] [INFO] [1785264013.180300731] [offboard_node]: 탐색 1회차 — 고도 25m AGL 반경 6.1→30m 링간격 12.2m 속도상한 5.0m/s (풋프린트 단폭 18.8m)
[offboard_node-2] [INFO] [1785264013.180798069] [offboard_node]: WP1 도달·안정 (dist=0.0m speed=0.1m/s) → VISION_SEARCH (비전 착륙 활성)
[offboard_node-2] [INFO] [1785264013.280240957] [offboard_node]: 탐색 1회차 — 고도 25m AGL 반경 6.1→30m 링간격 12.2m 속도상한 5.0m/s (풋프린트 단폭 18.8m)
[offboard_node-2] [INFO] [1785264013.281089089] [offboard_node]: WP1 도달·안정 (dist=0.0m speed=0.1m/s) → VISION_SEARCH (비전 착륙 활성)
[offboard_node-2] [INFO] [1785264013.380233473] [offboard_node]: 탐색 1회차 — 고도 25m AGL 반경 6.1→30m 링간격 12.2m 속도상한 5.0m/s (풋프린트 단폭 18.8m)
[offboard_node-2] [INFO] [1785264013.380853476] [offboard_node]: WP1 도달·안정 (dist=0.0m speed=0.0m/s) → VISION_SEARCH (비전 착륙 활성)
[offboard_node-2] [INFO] [1785264013.480272506] [offboard_node]: 탐색 1회차 — 고도 25m AGL 반경 6.1→30m 링간격 12.2m 속도상한 5.0m/s (풋프린트 단폭 18.8m)
[offboard_node-2] [INFO] [1785264013.481217798] [offboard_node]: WP1 도달·안정 (dist=0.0m speed=0.0m/s) → VISION_SEARCH (비전 착륙 활성)
[offboard_node-2] [INFO] [1785264013.580167739] [offboard_node]: 탐색 1회차 — 고도 25m AGL 반경 6.1→30m 링간격 12.2m 속도상한 5.0m/s (풋프린트 단폭 18.8m)
[offboard_node-2] [INFO] [1785264013.580994329] [offboard_node]: WP1 도달·안정 (dist=0.0m speed=0.0m/s) → VISION_SEARCH (비전 착륙 활성)
[offboard_node-2] [INFO] [1785264013.682735281] [offboard_node]: 탐색 1회차 — 고도 25m AGL 반경 6.1→30m 링간격 12.2m 속도상한 5.0m/s (풋프린트 단폭 18.8m)
[offboard_node-2] [INFO] [1785264013.684987601] [offboard_node]: WP1 도달·안정 (dist=0.0m speed=0.0m/s) → VISION_SEARCH (비전 착륙 활성)
[offboard_node-2] [INFO] [1785264013.780854399] [offboard_node]: 탐색 1회차 — 고도 25m AGL 반경 6.1→30m 링간격 12.2m 속도상한 5.0m/s (풋프린트 단폭 18.8m)
[offboard_node-2] [INFO] [1785264013.781679011] [offboard_node]: WP1 도달·안정 (dist=0.0m speed=0.0m/s) → VISION_SEARCH (비전 착륙 활성)
[offboard_node-2] [INFO] [1785264013.881110017] [offboard_node]: 탐색 1회차 — 고도 25m AGL 반경 6.1→30m 링간격 12.2m 속도상한 5.0m/s (풋프린트 단폭 18.8m)
[offboard_node-2] [INFO] [1785264013.881824097] [offboard_node]: WP1 도달·안정 (dist=0.0m speed=0.0m/s) → VISION_SEARCH (비전 착륙 활성)
[offboard_node-2] [INFO] [1785264013.981098464] [offboard_node]: 탐색 1회차 — 고도 25m AGL 반경 6.1→30m 링간격 12.2m 속도상한 5.0m/s (풋프린트 단폭 18.8m)
[offboard_node-2] [INFO] [1785264013.981641570] [offboard_node]: WP1 도달·안정 (dist=0.0m speed=0.0m/s) → VISION_SEARCH (비전 착륙 활성)
[offboard_node-2] [INFO] [1785264014.082003988] [offboard_node]: 탐색 1회차 — 고도 25m AGL 반경 6.1→30m 링간격 12.2m 속도상한 5.0m/s (풋프린트 단폭 18.8m)
[offboard_node-2] [INFO] [1785264014.082614363] [offboard_node]: WP1 도달·안정 (dist=0.0m speed=0.0m/s) → VISION_SEARCH (비전 착륙 활성)
[offboard_node-2] [INFO] [1785264014.181527176] [offboard_node]: 탐색 1회차 — 고도 25m AGL 반경 6.1→30m 링간격 12.2m 속도상한 5.0m/s (풋프린트 단폭 18.8m)
[offboard_node-2] [INFO] [1785264014.182132281] [offboard_node]: WP1 도달·안정 (dist=0.0m speed=0.0m/s) → VISION_SEARCH (비전 착륙 활성)
[offboard_node-2] [INFO] [1785264014.280720233] [offboard_node]: 탐색 1회차 — 고도 25m AGL 반경 6.1→30m 링간격 12.2m 속도상한 5.0m/s (풋프린트 단폭 18.8m)
[offboard_node-2] [INFO] [1785264014.281529696] [offboard_node]: WP1 도달·안정 (dist=0.0m speed=0.0m/s) → VISION_SEARCH (비전 착륙 활성)
[offboard_node-2] [INFO] [1785264014.380868988] [offboard_node]: 탐색 1회차 — 고도 25m AGL 반경 6.1→30m 링간격 12.2m 속도상한 5.0m/s (풋프린트 단폭 18.8m)
[offboard_node-2] [INFO] [1785264014.381685004] [offboard_node]: WP1 도달·안정 (dist=0.0m speed=0.0m/s) → VISION_SEARCH (비전 착륙 활성)
[telemetry_node-1] [INFO] [1785264014.394075228] [telemetry_node]: pos_ned=[ 2.99970459e+02 -1.03552854e-02  4.99970932e+01]  yaw=0.086  armed=True  vtol=3  batt=15.30V/50%
[offboard_node-2] [INFO] [1785264014.480706667] [offboard_node]: 탐색 1회차 — 고도 25m AGL 반경 6.1→30m 링간격 12.2m 속도상한 5.0m/s (풋프린트 단폭 18.8m)
[offboard_node-2] [INFO] [1785264014.481389720] [offboard_node]: WP1 도달·안정 (dist=0.0m speed=0.0m/s) → VISION_SEARCH (비전 착륙 활성)
[offboard_node-2] [INFO] [1785264014.580841725] [offboard_node]: 탐색 1회차 — 고도 25m AGL 반경 6.1→30m 링간격 12.2m 속도상한 5.0m/s (풋프린트 단폭 18.8m)
[offboard_node-2] [INFO] [1785264014.582248797] [offboard_node]: WP1 도달·안정 (dist=0.0m speed=0.0m/s) → VISION_SEARCH (비전 착륙 활성)
[offboard_node-2] [INFO] [1785264014.681303891] [offboard_node]: 탐색 1회차 — 고도 25m AGL 반경 6.1→30m 링간격 12.2m 속도상한 5.0m/s (풋프린트 단폭 18.8m)
[offboard_node-2] [INFO] [1785264014.682208866] [offboard_node]: WP1 도달·안정 (dist=0.0m speed=0.0m/s) → VISION_SEARCH (비전 착륙 활성)
[offboard_node-2] [INFO] [1785264014.781165157] [offboard_node]: 탐색 1회차 — 고도 25m AGL 반경 6.1→30m 링간격 12.2m 속도상한 5.0m/s (풋프린트 단폭 18.8m)
[offboard_node-2] [INFO] [1785264014.782011809] [offboard_node]: WP1 도달·안정 (dist=0.0m speed=0.0m/s) → VISION_SEARCH (비전 착륙 활성)
[offboard_node-2] [INFO] [1785264014.880754301] [offboard_node]: 탐색 1회차 — 고도 25m AGL 반경 6.1→30m 링간격 12.2m 속도상한 5.0m/s (풋프린트 단폭 18.8m)
[offboard_node-2] [INFO] [1785264014.881463684] [offboard_node]: WP1 도달·안정 (dist=0.0m speed=0.0m/s) → VISION_SEARCH (비전 착륙 활성)
[offboard_node-2] [INFO] [1785264014.981065370] [offboard_node]: WP1 홀드 dist=0.0m speed=0.0m/s stable=1385/10
[offboard_node-2] [INFO] [1785264014.982919600] [offboard_node]: 탐색 1회차 — 고도 25m AGL 반경 6.1→30m 링간격 12.2m 속도상한 5.0m/s (풋프린트 단폭 18.8m)
[offboard_node-2] [INFO] [1785264014.984742853] [offboard_node]: WP1 도달·안정 (dist=0.0m speed=0.0m/s) → VISION_SEARCH (비전 착륙 활성)
[offboard_node-2] [INFO] [1785264015.080787824] [offboard_node]: 탐색 1회차 — 고도 25m AGL 반경 6.1→30m 링간격 12.2m 속도상한 5.0m/s (풋프린트 단폭 18.8m)
[offboard_node-2] [INFO] [1785264015.081778648] [offboard_node]: WP1 도달·안정 (dist=0.0m speed=0.0m/s) → VISION_SEARCH (비전 착륙 활성)
[offboard_node-2] [INFO] [1785264015.181032724] [offboard_node]: 탐색 1회차 — 고도 25m AGL 반경 6.1→30m 링간격 12.2m 속도상한 5.0m/s (풋프린트 단폭 18.8m)
[offboard_node-2] [INFO] [1785264015.182334098] [offboard_node]: WP1 도달·안정 (dist=0.0m speed=0.0m/s) → VISION_SEARCH (비전 착륙 활성)
[offboard_node-2] [INFO] [1785264015.281181188] [offboard_node]: 탐색 1회차 — 고도 25m AGL 반경 6.1→30m 링간격 12.2m 속도상한 5.0m/s (풋프린트 단폭 18.8m)
[offboard_node-2] [INFO] [1785264015.281976323] [offboard_node]: WP1 도달·안정 (dist=0.0m speed=0.0m/s) → VISION_SEARCH (비전 착륙 활성)
[offboard_node-2] [INFO] [1785264015.380872840] [offboard_node]: 탐색 1회차 — 고도 25m AGL 반경 6.1→30m 링간격 12.2m 속도상한 5.0m/s (풋프린트 단폭 18.8m)
[offboard_node-2] [INFO] [1785264015.381655615] [offboard_node]: WP1 도달·안정 (dist=0.0m speed=0.0m/s) → VISION_SEARCH (비전 착륙 활성)
[offboard_node-2] [INFO] [1785264015.480666655] [offboard_node]: 탐색 1회차 — 고도 25m AGL 반경 6.1→30m 링간격 12.2m 속도상한 5.0m/s (풋프린트 단폭 18.8m)
[offboard_node-2] [INFO] [1785264015.481197101] [offboard_node]: WP1 도달·안정 (dist=0.0m speed=0.0m/s) → VISION_SEARCH (비전 착륙 활성)
[offboard_node-2] [INFO] [1785264015.580663769] [offboard_node]: 탐색 1회차 — 고도 25m AGL 반경 6.1→30m 링간격 12.2m 속도상한 5.0m/s (풋프린트 단폭 18.8m)
[offboard_node-2] [INFO] [1785264015.581376266] [offboard_node]: WP1 도달·안정 (dist=0.0m speed=0.0m/s) → VISION_SEARCH (비전 착륙 활성)
[offboard_node-2] [INFO] [1785264015.680755329] [offboard_node]: 탐색 1회차 — 고도 25m AGL 반경 6.1→30m 링간격 12.2m 속도상한 5.0m/s (풋프린트 단폭 18.8m)
[offboard_node-2] [INFO] [1785264015.681563298] [offboard_node]: WP1 도달·안정 (dist=0.0m speed=0.0m/s) → VISION_SEARCH (비전 착륙 활성)
[offboard_node-2] [INFO] [1785264015.781431795] [offboard_node]: 탐색 1회차 — 고도 25m AGL 반경 6.1→30m 링간격 12.2m 속도상한 5.0m/s (풋프린트 단폭 18.8m)
[offboard_node-2] [INFO] [1785264015.782225685] [offboard_node]: WP1 도달·안정 (dist=0.0m speed=0.0m/s) → VISION_SEARCH (비전 착륙 활성)
[offboard_node-2] [INFO] [1785264015.881182933] [offboard_node]: 탐색 1회차 — 고도 25m AGL 반경 6.1→30m 링간격 12.2m 속도상한 5.0m/s (풋프린트 단폭 18.8m)
[offboard_node-2] [INFO] [1785264015.882594920] [offboard_node]: WP1 도달·안정 (dist=0.0m speed=0.0m/s) → VISION_SEARCH (비전 착륙 활성)
[offboard_node-2] [INFO] [1785264015.980913617] [offboard_node]: 탐색 1회차 — 고도 25m AGL 반경 6.1→30m 링간격 12.2m 속도상한 5.0m/s (풋프린트 단폭 18.8m)
[offboard_node-2] [INFO] [1785264015.982183861] [offboard_node]: WP1 도달·안정 (dist=0.0m speed=0.0m/s) → VISION_SEARCH (비전 착륙 활성)
[offboard_node-2] [INFO] [1785264016.081183981] [offboard_node]: 탐색 1회차 — 고도 25m AGL 반경 6.1→30m 링간격 12.2m 속도상한 5.0m/s (풋프린트 단폭 18.8m)
[offboard_node-2] [INFO] [1785264016.081940307] [offboard_node]: WP1 도달·안정 (dist=0.0m speed=0.0m/s) → VISION_SEARCH (비전 착륙 활성)
[offboard_node-2] [INFO] [1785264016.180990890] [offboard_node]: 탐색 1회차 — 고도 25m AGL 반경 6.1→30m 링간격 12.2m 속도상한 5.0m/s (풋프린트 단폭 18.8m)
[offboard_node-2] [INFO] [1785264016.181729624] [offboard_node]: WP1 도달·안정 (dist=0.0m speed=0.0m/s) → VISION_SEARCH (비전 착륙 활성)
[offboard_node-2] [INFO] [1785264016.280847148] [offboard_node]: 탐색 1회차 — 고도 25m AGL 반경 6.1→30m 링간격 12.2m 속도상한 5.0m/s (풋프린트 단폭 18.8m)
[offboard_node-2] [INFO] [1785264016.281590339] [offboard_node]: WP1 도달·안정 (dist=0.0m speed=0.0m/s) → VISION_SEARCH (비전 착륙 활성)
[offboard_node-2] [INFO] [1785264016.382431138] [offboard_node]: 탐색 1회차 — 고도 25m AGL 반경 6.1→30m 링간격 12.2m 속도상한 5.0m/s (풋프린트 단폭 18.8m)
[offboard_node-2] [INFO] [1785264016.382933292] [offboard_node]: WP1 도달·안정 (dist=0.0m speed=0.0m/s) → VISION_SEARCH (비전 착륙 활성)
[telemetry_node-1] [INFO] [1785264016.394037253] [telemetry_node]: pos_ned=[2.99998871e+02 2.85946415e-04 4.99634209e+01]  yaw=0.087  armed=True  vtol=3  batt=15.30V/50%
[offboard_node-2] [INFO] [1785264016.481163366] [offboard_node]: 탐색 1회차 — 고도 25m AGL 반경 6.1→30m 링간격 12.2m 속도상한 5.0m/s (풋프린트 단폭 18.8m)
[offboard_node-2] [INFO] [1785264016.481922073] [offboard_node]: WP1 도달·안정 (dist=0.0m speed=0.0m/s) → VISION_SEARCH (비전 착륙 활성)
[offboard_node-2] [INFO] [1785264016.580525840] [offboard_node]: 탐색 1회차 — 고도 25m AGL 반경 6.1→30m 링간격 12.2m 속도상한 5.0m/s (풋프린트 단폭 18.8m)
[offboard_node-2] [INFO] [1785264016.581242011] [offboard_node]: WP1 도달·안정 (dist=0.0m speed=0.0m/s) → VISION_SEARCH (비전 착륙 활성)
[offboard_node-2] [INFO] [1785264016.680797576] [offboard_node]: 탐색 1회차 — 고도 25m AGL 반경 6.1→30m 링간격 12.2m 속도상한 5.0m/s (풋프린트 단폭 18.8m)
[offboard_node-2] [INFO] [1785264016.681385144] [offboard_node]: WP1 도달·안정 (dist=0.0m speed=0.0m/s) → VISION_SEARCH (비전 착륙 활성)
[offboard_node-2] [INFO] [1785264016.780616269] [offboard_node]: 탐색 1회차 — 고도 25m AGL 반경 6.1→30m 링간격 12.2m 속도상한 5.0m/s (풋프린트 단폭 18.8m)
[offboard_node-2] [INFO] [1785264016.781323605] [offboard_node]: WP1 도달·안정 (dist=0.0m speed=0.0m/s) → VISION_SEARCH (비전 착륙 활성)
[offboard_node-2] [INFO] [1785264016.880562937] [offboard_node]: 탐색 1회차 — 고도 25m AGL 반경 6.1→30m 링간격 12.2m 속도상한 5.0m/s (풋프린트 단폭 18.8m)
[offboard_node-2] [INFO] [1785264016.881189135] [offboard_node]: WP1 도달·안정 (dist=0.0m speed=0.0m/s) → VISION_SEARCH (비전 착륙 활성)
[offboard_node-2] [INFO] [1785264016.980525773] [offboard_node]: WP1 홀드 dist=0.0m speed=0.0m/s stable=1405/10
[offboard_node-2] [INFO] [1785264016.981337070] [offboard_node]: 탐색 1회차 — 고도 25m AGL 반경 6.1→30m 링간격 12.2m 속도상한 5.0m/s (풋프린트 단폭 18.8m)
[offboard_node-2] [INFO] [1785264016.981993180] [offboard_node]: WP1 도달·안정 (dist=0.0m speed=0.0m/s) → VISION_SEARCH (비전 착륙 활성)
[offboard_node-2] [INFO] [1785264017.080543999] [offboard_node]: 탐색 1회차 — 고도 25m AGL 반경 6.1→30m 링간격 12.2m 속도상한 5.0m/s (풋프린트 단폭 18.8m)
[offboard_node-2] [INFO] [1785264017.081156177] [offboard_node]: WP1 도달·안정 (dist=0.0m speed=0.0m/s) → VISION_SEARCH (비전 착륙 활성)
[offboard_node-2] [INFO] [1785264017.180479157] [offboard_node]: 탐색 1회차 — 고도 25m AGL 반경 6.1→30m 링간격 12.2m 속도상한 5.0m/s (풋프린트 단폭 18.8m)
[offboard_node-2] [INFO] [1785264017.181079688] [offboard_node]: WP1 도달·안정 (dist=0.0m speed=0.0m/s) → VISION_SEARCH (비전 착륙 활성)
[offboard_node-2] [INFO] [1785264017.281169466] [offboard_node]: 탐색 1회차 — 고도 25m AGL 반경 6.1→30m 링간격 12.2m 속도상한 5.0m/s (풋프린트 단폭 18.8m)
[offboard_node-2] [INFO] [1785264017.281945548] [offboard_node]: WP1 도달·안정 (dist=0.0m speed=0.0m/s) → VISION_SEARCH (비전 착륙 활성)
[offboard_node-2] [INFO] [1785264017.380794401] [offboard_node]: 탐색 1회차 — 고도 25m AGL 반경 6.1→30m 링간격 12.2m 속도상한 5.0m/s (풋프린트 단폭 18.8m)
[offboard_node-2] [INFO] [1785264017.381588746] [offboard_node]: WP1 도달·안정 (dist=0.0m speed=0.0m/s) → VISION_SEARCH (비전 착륙 활성)
[offboard_node-2] [INFO] [1785264017.480408123] [offboard_node]: 탐색 1회차 — 고도 25m AGL 반경 6.1→30m 링간격 12.2m 속도상한 5.0m/s (풋프린트 단폭 18.8m)
[offboard_node-2] [INFO] [1785264017.481252860] [offboard_node]: WP1 도달·안정 (dist=0.0m speed=0.0m/s) → VISION_SEARCH (비전 착륙 활성)
[offboard_node-2] [INFO] [1785264017.580437743] [offboard_node]: 탐색 1회차 — 고도 25m AGL 반경 6.1→30m 링간격 12.2m 속도상한 5.0m/s (풋프린트 단폭 18.8m)
[offboard_node-2] [INFO] [1785264017.581295125] [offboard_node]: WP1 도달·안정 (dist=0.0m speed=0.0m/s) → VISION_SEARCH (비전 착륙 활성)
[offboard_node-2] [INFO] [1785264017.680750142] [offboard_node]: 탐색 1회차 — 고도 25m AGL 반경 6.1→30m 링간격 12.2m 속도상한 5.0m/s (풋프린트 단폭 18.8m)
[offboard_node-2] [INFO] [1785264017.682431600] [offboard_node]: WP1 도달·안정 (dist=0.0m speed=0.0m/s) → VISION_SEARCH (비전 착륙 활성)
[offboard_node-2] [INFO] [1785264017.781705842] [offboard_node]: 탐색 1회차 — 고도 25m AGL 반경 6.1→30m 링간격 12.2m 속도상한 5.0m/s (풋프린트 단폭 18.8m)
[offboard_node-2] [INFO] [1785264017.782462600] [offboard_node]: WP1 도달·안정 (dist=0.0m speed=0.0m/s) → VISION_SEARCH (비전 착륙 활성)
[offboard_node-2] [INFO] [1785264017.880555461] [offboard_node]: 탐색 1회차 — 고도 25m AGL 반경 6.1→30m 링간격 12.2m 속도상한 5.0m/s (풋프린트 단폭 18.8m)
[offboard_node-2] [INFO] [1785264017.882002528] [offboard_node]: WP1 도달·안정 (dist=0.0m speed=0.0m/s) → VISION_SEARCH (비전 착륙 활성)
[offboard_node-2] [INFO] [1785264017.980655052] [offboard_node]: 탐색 1회차 — 고도 25m AGL 반경 6.1→30m 링간격 12.2m 속도상한 5.0m/s (풋프린트 단폭 18.8m)
[offboard_node-2] [INFO] [1785264017.981415630] [offboard_node]: WP1 도달·안정 (dist=0.0m speed=0.0m/s) → VISION_SEARCH (비전 착륙 활성)
[offboard_node-2] [INFO] [1785264018.080803227] [offboard_node]: 탐색 1회차 — 고도 25m AGL 반경 6.1→30m 링간격 12.2m 속도상한 5.0m/s (풋프린트 단폭 18.8m)
[offboard_node-2] [INFO] [1785264018.081557414] [offboard_node]: WP1 도달·안정 (dist=0.0m speed=0.0m/s) → VISION_SEARCH (비전 착륙 활성)
[offboard_node-2] [INFO] [1785264018.181165080] [offboard_node]: 탐색 1회차 — 고도 25m AGL 반경 6.1→30m 링간격 12.2m 속도상한 5.0m/s (풋프린트 단폭 18.8m)
[offboard_node-2] [INFO] [1785264018.181805239] [offboard_node]: WP1 도달·안정 (dist=0.0m speed=0.0m/s) → VISION_SEARCH (비전 착륙 활성)
[offboard_node-2] [INFO] [1785264018.290882005] [offboard_node]: 탐색 1회차 — 고도 25m AGL 반경 6.1→30m 링간격 12.2m 속도상한 5.0m/s (풋프린트 단폭 18.8m)
[offboard_node-2] [INFO] [1785264018.291723390] [offboard_node]: WP1 도달·안정 (dist=0.0m speed=0.0m/s) → VISION_SEARCH (비전 착륙 활성)
[offboard_node-2] [INFO] [1785264018.380975455] [offboard_node]: 탐색 1회차 — 고도 25m AGL 반경 6.1→30m 링간격 12.2m 속도상한 5.0m/s (풋프린트 단폭 18.8m)
[offboard_node-2] [INFO] [1785264018.381955064] [offboard_node]: WP1 도달·안정 (dist=0.0m speed=0.0m/s) → VISION_SEARCH (비전 착륙 활성)
[telemetry_node-1] [INFO] [1785264018.394430483] [telemetry_node]: pos_ned=[ 3.00001862e+02 -3.66245629e-03  4.99689293e+01]  yaw=0.087  armed=True  vtol=3  batt=15.30V/50%
[offboard_node-2] [INFO] [1785264018.480954152] [offboard_node]: 탐색 1회차 — 고도 25m AGL 반경 6.1→30m 링간격 12.2m 속도상한 5.0m/s (풋프린트 단폭 18.8m)
[offboard_node-2] [INFO] [1785264018.481832372] [offboard_node]: WP1 도달·안정 (dist=0.0m speed=0.0m/s) → VISION_SEARCH (비전 착륙 활성)
[offboard_node-2] [INFO] [1785264018.580786991] [offboard_node]: 탐색 1회차 — 고도 25m AGL 반경 6.1→30m 링간격 12.2m 속도상한 5.0m/s (풋프린트 단폭 18.8m)
[offboard_node-2] [INFO] [1785264018.581392888] [offboard_node]: WP1 도달·안정 (dist=0.0m speed=0.0m/s) → VISION_SEARCH (비전 착륙 활성)
[offboard_node-2] [INFO] [1785264018.680603313] [offboard_node]: 탐색 1회차 — 고도 25m AGL 반경 6.1→30m 링간격 12.2m 속도상한 5.0m/s (풋프린트 단폭 18.8m)
[offboard_node-2] [INFO] [1785264018.681291213] [offboard_node]: WP1 도달·안정 (dist=0.0m speed=0.0m/s) → VISION_SEARCH (비전 착륙 활성)
[offboard_node-2] [INFO] [1785264018.780695255] [offboard_node]: 탐색 1회차 — 고도 25m AGL 반경 6.1→30m 링간격 12.2m 속도상한 5.0m/s (풋프린트 단폭 18.8m)
[offboard_node-2] [INFO] [1785264018.781525740] [offboard_node]: WP1 도달·안정 (dist=0.0m speed=0.0m/s) → VISION_SEARCH (비전 착륙 활성)
[offboard_node-2] [INFO] [1785264018.881077308] [offboard_node]: 탐색 1회차 — 고도 25m AGL 반경 6.1→30m 링간격 12.2m 속도상한 5.0m/s (풋프린트 단폭 18.8m)
[offboard_node-2] [INFO] [1785264018.881929082] [offboard_node]: WP1 도달·안정 (dist=0.0m speed=0.0m/s) → VISION_SEARCH (비전 착륙 활성)
[offboard_node-2] [INFO] [1785264018.980802910] [offboard_node]: WP1 홀드 dist=0.0m speed=0.0m/s stable=1425/10
[offboard_node-2] [INFO] [1785264018.981445996] [offboard_node]: 탐색 1회차 — 고도 25m AGL 반경 6.1→30m 링간격 12.2m 속도상한 5.0m/s (풋프린트 단폭 18.8m)
[offboard_node-2] [INFO] [1785264018.981825847] [offboard_node]: WP1 도달·안정 (dist=0.0m speed=0.0m/s) → VISION_SEARCH (비전 착륙 활성)
[offboard_node-2] [INFO] [1785264019.080515975] [offboard_node]: 탐색 1회차 — 고도 25m AGL 반경 6.1→30m 링간격 12.2m 속도상한 5.0m/s (풋프린트 단폭 18.8m)
[offboard_node-2] [INFO] [1785264019.080998998] [offboard_node]: WP1 도달·안정 (dist=0.0m speed=0.0m/s) → VISION_SEARCH (비전 착륙 활성)
[offboard_node-2] [INFO] [1785264019.180468035] [offboard_node]: 탐색 1회차 — 고도 25m AGL 반경 6.1→30m 링간격 12.2m 속도상한 5.0m/s (풋프린트 단폭 18.8m)
[offboard_node-2] [INFO] [1785264019.181236574] [offboard_node]: WP1 도달·안정 (dist=0.0m speed=0.0m/s) → VISION_SEARCH (비전 착륙 활성)
[offboard_node-2] [INFO] [1785264019.280434212] [offboard_node]: 탐색 1회차 — 고도 25m AGL 반경 6.1→30m 링간격 12.2m 속도상한 5.0m/s (풋프린트 단폭 18.8m)
[offboard_node-2] [INFO] [1785264019.281133614] [offboard_node]: WP1 도달·안정 (dist=0.0m speed=0.0m/s) → VISION_SEARCH (비전 착륙 활성)
[offboard_node-2] [INFO] [1785264019.380787117] [offboard_node]: 탐색 1회차 — 고도 25m AGL 반경 6.1→30m 링간격 12.2m 속도상한 5.0m/s (풋프린트 단폭 18.8m)
[offboard_node-2] [INFO] [1785264019.381585743] [offboard_node]: WP1 도달·안정 (dist=0.0m speed=0.0m/s) → VISION_SEARCH (비전 착륙 활성)
[offboard_node-2] [INFO] [1785264019.480688064] [offboard_node]: 탐색 1회차 — 고도 25m AGL 반경 6.1→30m 링간격 12.2m 속도상한 5.0m/s (풋프린트 단폭 18.8m)
[offboard_node-2] [INFO] [1785264019.481386055] [offboard_node]: WP1 도달·안정 (dist=0.0m speed=0.0m/s) → VISION_SEARCH (비전 착륙 활성)
[offboard_node-2] [INFO] [1785264019.580629433] [offboard_node]: 탐색 1회차 — 고도 25m AGL 반경 6.1→30m 링간격 12.2m 속도상한 5.0m/s (풋프린트 단폭 18.8m)
[offboard_node-2] [INFO] [1785264019.581403779] [offboard_node]: WP1 도달·안정 (dist=0.0m speed=0.0m/s) → VISION_SEARCH (비전 착륙 활성)
[offboard_node-2] [INFO] [1785264019.680764983] [offboard_node]: 탐색 1회차 — 고도 25m AGL 반경 6.1→30m 링간격 12.2m 속도상한 5.0m/s (풋프린트 단폭 18.8m)
[offboard_node-2] [INFO] [1785264019.681537978] [offboard_node]: WP1 도달·안정 (dist=0.0m speed=0.0m/s) → VISION_SEARCH (비전 착륙 활성)
[offboard_node-2] [INFO] [1785264019.780560176] [offboard_node]: 탐색 1회차 — 고도 25m AGL 반경 6.1→30m 링간격 12.2m 속도상한 5.0m/s (풋프린트 단폭 18.8m)
[offboard_node-2] [INFO] [1785264019.781401562] [offboard_node]: WP1 도달·안정 (dist=0.0m speed=0.0m/s) → VISION_SEARCH (비전 착륙 활성)
[offboard_node-2] [INFO] [1785264019.880598058] [offboard_node]: 탐색 1회차 — 고도 25m AGL 반경 6.1→30m 링간격 12.2m 속도상한 5.0m/s (풋프린트 단폭 18.8m)
[offboard_node-2] [INFO] [1785264019.881205373] [offboard_node]: WP1 도달·안정 (dist=0.0m speed=0.0m/s) → VISION_SEARCH (비전 착륙 활성)
[offboard_node-2] [INFO] [1785264019.980413342] [offboard_node]: 탐색 1회차 — 고도 25m AGL 반경 6.1→30m 링간격 12.2m 속도상한 5.0m/s (풋프린트 단폭 18.8m)
[offboard_node-2] [INFO] [1785264019.980912621] [offboard_node]: WP1 도달·안정 (dist=0.0m speed=0.0m/s) → VISION_SEARCH (비전 착륙 활성)
[offboard_node-2] [INFO] [1785264020.080572612] [offboard_node]: 탐색 1회차 — 고도 25m AGL 반경 6.1→30m 링간격 12.2m 속도상한 5.0m/s (풋프린트 단폭 18.8m)
[offboard_node-2] [INFO] [1785264020.081375184] [offboard_node]: WP1 도달·안정 (dist=0.0m speed=0.0m/s) → VISION_SEARCH (비전 착륙 활성)
[offboard_node-2] [INFO] [1785264020.180941015] [offboard_node]: 탐색 1회차 — 고도 25m AGL 반경 6.1→30m 링간격 12.2m 속도상한 5.0m/s (풋프린트 단폭 18.8m)
[offboard_node-2] [INFO] [1785264020.181750279] [offboard_node]: WP1 도달·안정 (dist=0.0m speed=0.0m/s) → VISION_SEARCH (비전 착륙 활성)
[offboard_node-2] [INFO] [1785264020.280760411] [offboard_node]: 탐색 1회차 — 고도 25m AGL 반경 6.1→30m 링간격 12.2m 속도상한 5.0m/s (풋프린트 단폭 18.8m)
[offboard_node-2] [INFO] [1785264020.281376156] [offboard_node]: WP1 도달·안정 (dist=0.0m speed=0.0m/s) → VISION_SEARCH (비전 착륙 활성)
[offboard_node-2] [INFO] [1785264020.380390800] [offboard_node]: 탐색 1회차 — 고도 25m AGL 반경 6.1→30m 링간격 12.2m 속도상한 5.0m/s (풋프린트 단폭 18.8m)
[offboard_node-2] [INFO] [1785264020.381151239] [offboard_node]: WP1 도달·안정 (dist=0.0m speed=0.0m/s) → VISION_SEARCH (비전 착륙 활성)
[telemetry_node-1] [INFO] [1785264020.393548412] [telemetry_node]: pos_ned=[2.99996857e+02 7.21435295e-03 4.99513931e+01]  yaw=0.088  armed=True  vtol=3  batt=15.30V/50%
[offboard_node-2] [INFO] [1785264020.482538045] [offboard_node]: 탐색 1회차 — 고도 25m AGL 반경 6.1→30m 링간격 12.2m 속도상한 5.0m/s (풋프린트 단폭 18.8m)
[offboard_node-2] [INFO] [1785264020.483238310] [offboard_node]: WP1 도달·안정 (dist=0.0m speed=0.0m/s) → VISION_SEARCH (비전 착륙 활성)
[offboard_node-2] [INFO] [1785264020.580764042] [offboard_node]: 탐색 1회차 — 고도 25m AGL 반경 6.1→30m 링간격 12.2m 속도상한 5.0m/s (풋프린트 단폭 18.8m)
[offboard_node-2] [INFO] [1785264020.581223221] [offboard_node]: WP1 도달·안정 (dist=0.0m speed=0.0m/s) → VISION_SEARCH (비전 착륙 활성)
[offboard_node-2] [INFO] [1785264020.680712127] [offboard_node]: 탐색 1회차 — 고도 25m AGL 반경 6.1→30m 링간격 12.2m 속도상한 5.0m/s (풋프린트 단폭 18.8m)
[offboard_node-2] [INFO] [1785264020.681405818] [offboard_node]: WP1 도달·안정 (dist=0.0m speed=0.0m/s) → VISION_SEARCH (비전 착륙 활성)
[offboard_node-2] [INFO] [1785264022.256723703] [offboard_node]: 탐색 1회차 — 고도 25m AGL 반경 6.1→30m 링간격 12.2m 속도상한 5.0m/s (풋프린트 단폭 18.8m)
[offboard_node-2] [INFO] [1785264022.257184803] [offboard_node]: WP1 도달·안정 (dist=0.0m speed=0.0m/s) → VISION_SEARCH (비전 착륙 활성)
[offboard_node-2] [INFO] [1785264022.280325230] [offboard_node]: 탐색 1회차 — 고도 25m AGL 반경 6.1→30m 링간격 12.2m 속도상한 5.0m/s (풋프린트 단폭 18.8m)
[offboard_node-2] [INFO] [1785264022.280910075] [offboard_node]: WP1 도달·안정 (dist=0.0m speed=0.0m/s) → VISION_SEARCH (비전 착륙 활성)
[offboard_node-2] [INFO] [1785264022.380017174] [offboard_node]: WP1 홀드 dist=0.0m speed=0.0m/s stable=1445/10
[offboard_node-2] [INFO] [1785264022.380503923] [offboard_node]: 탐색 1회차 — 고도 25m AGL 반경 6.1→30m 링간격 12.2m 속도상한 5.0m/s (풋프린트 단폭 18.8m)
[offboard_node-2] [INFO] [1785264022.380938286] [offboard_node]: WP1 도달·안정 (dist=0.0m speed=0.0m/s) → VISION_SEARCH (비전 착륙 활성)
[telemetry_node-1] [INFO] [1785264022.393231234] [telemetry_node]: pos_ned=[2.99993011e+02 8.79431237e-03 4.99561920e+01]  yaw=0.087  armed=True  vtol=3  batt=15.30V/50%
[offboard_node-2] [INFO] [1785264022.480221544] [offboard_node]: 탐색 1회차 — 고도 25m AGL 반경 6.1→30m 링간격 12.2m 속도상한 5.0m/s (풋프린트 단폭 18.8m)
[offboard_node-2] [INFO] [1785264022.480712048] [offboard_node]: WP1 도달·안정 (dist=0.0m speed=0.0m/s) → VISION_SEARCH (비전 착륙 활성)
[offboard_node-2] [INFO] [1785264022.880646068] [offboard_node]: 탐색 1회차 — 고도 25m AGL 반경 6.1→30m 링간격 12.2m 속도상한 5.0m/s (풋프린트 단폭 18.8m)
[offboard_node-2] [INFO] [1785264022.881514753] [offboard_node]: WP1 도달·안정 (dist=0.0m speed=0.0m/s) → VISION_SEARCH (비전 착륙 활성)
[offboard_node-2] [INFO] [1785264022.883697203] [offboard_node]: 탐색 1회차 — 고도 25m AGL 반경 6.1→30m 링간격 12.2m 속도상한 5.0m/s (풋프린트 단폭 18.8m)
[offboard_node-2] [INFO] [1785264022.884715576] [offboard_node]: WP1 도달·안정 (dist=0.0m speed=0.0m/s) → VISION_SEARCH (비전 착륙 활성)
[offboard_node-2] [INFO] [1785264022.980957810] [offboard_node]: 탐색 1회차 — 고도 25m AGL 반경 6.1→30m 링간격 12.2m 속도상한 5.0m/s (풋프린트 단폭 18.8m)
[offboard_node-2] [INFO] [1785264022.981713824] [offboard_node]: WP1 도달·안정 (dist=0.0m speed=0.0m/s) → VISION_SEARCH (비전 착륙 활성)
[offboard_node-2] [INFO] [1785264023.081226790] [offboard_node]: 탐색 1회차 — 고도 25m AGL 반경 6.1→30m 링간격 12.2m 속도상한 5.0m/s (풋프린트 단폭 18.8m)
[offboard_node-2] [INFO] [1785264023.081962068] [offboard_node]: WP1 도달·안정 (dist=0.0m speed=0.0m/s) → VISION_SEARCH (비전 착륙 활성)
[offboard_node-2] [INFO] [1785264023.181025971] [offboard_node]: 탐색 1회차 — 고도 25m AGL 반경 6.1→30m 링간격 12.2m 속도상한 5.0m/s (풋프린트 단폭 18.8m)
[offboard_node-2] [INFO] [1785264023.181766420] [offboard_node]: WP1 도달·안정 (dist=0.0m speed=0.0m/s) → VISION_SEARCH (비전 착륙 활성)
[offboard_node-2] [INFO] [1785264023.280656962] [offboard_node]: 탐색 1회차 — 고도 25m AGL 반경 6.1→30m 링간격 12.2m 속도상한 5.0m/s (풋프린트 단폭 18.8m)
[offboard_node-2] [INFO] [1785264023.281293150] [offboard_node]: WP1 도달·안정 (dist=0.0m speed=0.0m/s) → VISION_SEARCH (비전 착륙 활성)
[offboard_node-2] [INFO] [1785264023.380383767] [offboard_node]: 탐색 1회차 — 고도 25m AGL 반경 6.1→30m 링간격 12.2m 속도상한 5.0m/s (풋프린트 단폭 18.8m)
[offboard_node-2] [INFO] [1785264023.381266737] [offboard_node]: WP1 도달·안정 (dist=0.0m speed=0.0m/s) → VISION_SEARCH (비전 착륙 활성)
[offboard_node-2] [INFO] [1785264023.480610717] [offboard_node]: 탐색 1회차 — 고도 25m AGL 반경 6.1→30m 링간격 12.2m 속도상한 5.0m/s (풋프린트 단폭 18.8m)
[offboard_node-2] [INFO] [1785264023.481369395] [offboard_node]: WP1 도달·안정 (dist=0.0m speed=0.0m/s) → VISION_SEARCH (비전 착륙 활성)
[offboard_node-2] [INFO] [1785264023.581003260] [offboard_node]: 탐색 1회차 — 고도 25m AGL 반경 6.1→30m 링간격 12.2m 속도상한 5.0m/s (풋프린트 단폭 18.8m)
[offboard_node-2] [INFO] [1785264023.582090439] [offboard_node]: WP1 도달·안정 (dist=0.0m speed=0.0m/s) → VISION_SEARCH (비전 착륙 활성)
[offboard_node-2] [INFO] [1785264023.680373296] [offboard_node]: 탐색 1회차 — 고도 25m AGL 반경 6.1→30m 링간격 12.2m 속도상한 5.0m/s (풋프린트 단폭 18.8m)
[offboard_node-2] [INFO] [1785264023.681001883] [offboard_node]: WP1 도달·안정 (dist=0.0m speed=0.0m/s) → VISION_SEARCH (비전 착륙 활성)
[offboard_node-2] [INFO] [1785264023.780420141] [offboard_node]: 탐색 1회차 — 고도 25m AGL 반경 6.1→30m 링간격 12.2m 속도상한 5.0m/s (풋프린트 단폭 18.8m)
[offboard_node-2] [INFO] [1785264023.781178151] [offboard_node]: WP1 도달·안정 (dist=0.0m speed=0.0m/s) → VISION_SEARCH (비전 착륙 활성)
[offboard_node-2] [INFO] [1785264023.880500971] [offboard_node]: 탐색 1회차 — 고도 25m AGL 반경 6.1→30m 링간격 12.2m 속도상한 5.0m/s (풋프린트 단폭 18.8m)
[offboard_node-2] [INFO] [1785264023.881227705] [offboard_node]: WP1 도달·안정 (dist=0.0m speed=0.0m/s) → VISION_SEARCH (비전 착륙 활성)
[offboard_node-2] [INFO] [1785264023.980513894] [offboard_node]: 탐색 1회차 — 고도 25m AGL 반경 6.1→30m 링간격 12.2m 속도상한 5.0m/s (풋프린트 단폭 18.8m)
[offboard_node-2] [INFO] [1785264023.981279938] [offboard_node]: WP1 도달·안정 (dist=0.0m speed=0.0m/s) → VISION_SEARCH (비전 착륙 활성)
[offboard_node-2] [INFO] [1785264024.080300908] [offboard_node]: 탐색 1회차 — 고도 25m AGL 반경 6.1→30m 링간격 12.2m 속도상한 5.0m/s (풋프린트 단폭 18.8m)
[offboard_node-2] [INFO] [1785264024.081009778] [offboard_node]: WP1 도달·안정 (dist=0.0m speed=0.0m/s) → VISION_SEARCH (비전 착륙 활성)
[offboard_node-2] [INFO] [1785264024.180392966] [offboard_node]: 탐색 1회차 — 고도 25m AGL 반경 6.1→30m 링간격 12.2m 속도상한 5.0m/s (풋프린트 단폭 18.8m)
[offboard_node-2] [INFO] [1785264024.180945852] [offboard_node]: WP1 도달·안정 (dist=0.0m speed=0.0m/s) → VISION_SEARCH (비전 착륙 활성)
[offboard_node-2] [INFO] [1785264024.281169814] [offboard_node]: 탐색 1회차 — 고도 25m AGL 반경 6.1→30m 링간격 12.2m 속도상한 5.0m/s (풋프린트 단폭 18.8m)
[offboard_node-2] [INFO] [1785264024.282112727] [offboard_node]: WP1 도달·안정 (dist=0.0m speed=0.0m/s) → VISION_SEARCH (비전 착륙 활성)
[offboard_node-2] [INFO] [1785264024.380647423] [offboard_node]: 탐색 1회차 — 고도 25m AGL 반경 6.1→30m 링간격 12.2m 속도상한 5.0m/s (풋프린트 단폭 18.8m)
[offboard_node-2] [INFO] [1785264024.381428306] [offboard_node]: WP1 도달·안정 (dist=0.0m speed=0.0m/s) → VISION_SEARCH (비전 착륙 활성)
[telemetry_node-1] [INFO] [1785264024.393631987] [telemetry_node]: pos_ned=[3.00035736e+02 8.23063497e-03 4.99596100e+01]  yaw=0.088  armed=True  vtol=3  batt=15.30V/50%
[offboard_node-2] [INFO] [1785264024.480786869] [offboard_node]: 탐색 1회차 — 고도 25m AGL 반경 6.1→30m 링간격 12.2m 속도상한 5.0m/s (풋프린트 단폭 18.8m)
[offboard_node-2] [INFO] [1785264024.481677974] [offboard_node]: WP1 도달·안정 (dist=0.0m speed=0.0m/s) → VISION_SEARCH (비전 착륙 활성)
[offboard_node-2] [INFO] [1785264024.580596711] [offboard_node]: WP1 홀드 dist=0.0m speed=0.0m/s stable=1465/10
[offboard_node-2] [INFO] [1785264024.581377107] [offboard_node]: 탐색 1회차 — 고도 25m AGL 반경 6.1→30m 링간격 12.2m 속도상한 5.0m/s (풋프린트 단폭 18.8m)
[offboard_node-2] [INFO] [1785264024.581986058] [offboard_node]: WP1 도달·안정 (dist=0.0m speed=0.0m/s) → VISION_SEARCH (비전 착륙 활성)
[offboard_node-2] [INFO] [1785264024.680960835] [offboard_node]: 탐색 1회차 — 고도 25m AGL 반경 6.1→30m 링간격 12.2m 속도상한 5.0m/s (풋프린트 단폭 18.8m)
[offboard_node-2] [INFO] [1785264024.681716878] [offboard_node]: WP1 도달·안정 (dist=0.0m speed=0.0m/s) → VISION_SEARCH (비전 착륙 활성)
[offboard_node-2] [INFO] [1785264024.780644503] [offboard_node]: 탐색 1회차 — 고도 25m AGL 반경 6.1→30m 링간격 12.2m 속도상한 5.0m/s (풋프린트 단폭 18.8m)
[offboard_node-2] [INFO] [1785264024.781475178] [offboard_node]: WP1 도달·안정 (dist=0.0m speed=0.0m/s) → VISION_SEARCH (비전 착륙 활성)
[offboard_node-2] [INFO] [1785264024.880820743] [offboard_node]: 탐색 1회차 — 고도 25m AGL 반경 6.1→30m 링간격 12.2m 속도상한 5.0m/s (풋프린트 단폭 18.8m)
[offboard_node-2] [INFO] [1785264024.881552081] [offboard_node]: WP1 도달·안정 (dist=0.0m speed=0.0m/s) → VISION_SEARCH (비전 착륙 활성)
[offboard_node-2] [INFO] [1785264024.980547170] [offboard_node]: 탐색 1회차 — 고도 25m AGL 반경 6.1→30m 링간격 12.2m 속도상한 5.0m/s (풋프린트 단폭 18.8m)
[offboard_node-2] [INFO] [1785264024.981999037] [offboard_node]: WP1 도달·안정 (dist=0.0m speed=0.0m/s) → VISION_SEARCH (비전 착륙 활성)
[offboard_node-2] [INFO] [1785264025.081060845] [offboard_node]: 탐색 1회차 — 고도 25m AGL 반경 6.1→30m 링간격 12.2m 속도상한 5.0m/s (풋프린트 단폭 18.8m)
[offboard_node-2] [INFO] [1785264025.081822408] [offboard_node]: WP1 도달·안정 (dist=0.0m speed=0.0m/s) → VISION_SEARCH (비전 착륙 활성)
[offboard_node-2] [INFO] [1785264025.180552726] [offboard_node]: 탐색 1회차 — 고도 25m AGL 반경 6.1→30m 링간격 12.2m 속도상한 5.0m/s (풋프린트 단폭 18.8m)
[offboard_node-2] [INFO] [1785264025.181062548] [offboard_node]: WP1 도달·안정 (dist=0.0m speed=0.0m/s) → VISION_SEARCH (비전 착륙 활성)
[offboard_node-2] [INFO] [1785264025.280615154] [offboard_node]: 탐색 1회차 — 고도 25m AGL 반경 6.1→30m 링간격 12.2m 속도상한 5.0m/s (풋프린트 단폭 18.8m)
[offboard_node-2] [INFO] [1785264025.281300404] [offboard_node]: WP1 도달·안정 (dist=0.0m speed=0.0m/s) → VISION_SEARCH (비전 착륙 활성)
[offboard_node-2] [INFO] [1785264025.388095662] [offboard_node]: 탐색 1회차 — 고도 25m AGL 반경 6.1→30m 링간격 12.2m 속도상한 5.0m/s (풋프린트 단폭 18.8m)
[offboard_node-2] [INFO] [1785264025.388689048] [offboard_node]: WP1 도달·안정 (dist=0.0m speed=0.0m/s) → VISION_SEARCH (비전 착륙 활성)
[offboard_node-2] [INFO] [1785264025.480782995] [offboard_node]: 탐색 1회차 — 고도 25m AGL 반경 6.1→30m 링간격 12.2m 속도상한 5.0m/s (풋프린트 단폭 18.8m)
[offboard_node-2] [INFO] [1785264025.481598010] [offboard_node]: WP1 도달·안정 (dist=0.0m speed=0.0m/s) → VISION_SEARCH (비전 착륙 활성)
[offboard_node-2] [INFO] [1785264025.580839623] [offboard_node]: 탐색 1회차 — 고도 25m AGL 반경 6.1→30m 링간격 12.2m 속도상한 5.0m/s (풋프린트 단폭 18.8m)
[offboard_node-2] [INFO] [1785264025.581963792] [offboard_node]: WP1 도달·안정 (dist=0.0m speed=0.0m/s) → VISION_SEARCH (비전 착륙 활성)
[offboard_node-2] [INFO] [1785264025.680559541] [offboard_node]: 탐색 1회차 — 고도 25m AGL 반경 6.1→30m 링간격 12.2m 속도상한 5.0m/s (풋프린트 단폭 18.8m)
[offboard_node-2] [INFO] [1785264025.681113833] [offboard_node]: WP1 도달·안정 (dist=0.0m speed=0.0m/s) → VISION_SEARCH (비전 착륙 활성)
[offboard_node-2] [INFO] [1785264025.780434133] [offboard_node]: 탐색 1회차 — 고도 25m AGL 반경 6.1→30m 링간격 12.2m 속도상한 5.0m/s (풋프린트 단폭 18.8m)
[offboard_node-2] [INFO] [1785264025.781051182] [offboard_node]: WP1 도달·안정 (dist=0.0m speed=0.0m/s) → VISION_SEARCH (비전 착륙 활성)
[offboard_node-2] [INFO] [1785264025.881081208] [offboard_node]: 탐색 1회차 — 고도 25m AGL 반경 6.1→30m 링간격 12.2m 속도상한 5.0m/s (풋프린트 단폭 18.8m)
[offboard_node-2] [INFO] [1785264025.882049658] [offboard_node]: WP1 도달·안정 (dist=0.0m speed=0.0m/s) → VISION_SEARCH (비전 착륙 활성)
[offboard_node-2] [INFO] [1785264025.981059761] [offboard_node]: 탐색 1회차 — 고도 25m AGL 반경 6.1→30m 링간격 12.2m 속도상한 5.0m/s (풋프린트 단폭 18.8m)
[offboard_node-2] [INFO] [1785264025.981860070] [offboard_node]: WP1 도달·안정 (dist=0.0m speed=0.0m/s) → VISION_SEARCH (비전 착륙 활성)
[offboard_node-2] [INFO] [1785264026.080684990] [offboard_node]: 탐색 1회차 — 고도 25m AGL 반경 6.1→30m 링간격 12.2m 속도상한 5.0m/s (풋프린트 단폭 18.8m)
[offboard_node-2] [INFO] [1785264026.081373489] [offboard_node]: WP1 도달·안정 (dist=0.0m speed=0.0m/s) → VISION_SEARCH (비전 착륙 활성)
[offboard_node-2] [INFO] [1785264026.180328697] [offboard_node]: 탐색 1회차 — 고도 25m AGL 반경 6.1→30m 링간격 12.2m 속도상한 5.0m/s (풋프린트 단폭 18.8m)
[offboard_node-2] [INFO] [1785264026.180935852] [offboard_node]: WP1 도달·안정 (dist=0.0m speed=0.0m/s) → VISION_SEARCH (비전 착륙 활성)
[offboard_node-2] [INFO] [1785264026.280384409] [offboard_node]: 탐색 1회차 — 고도 25m AGL 반경 6.1→30m 링간격 12.2m 속도상한 5.0m/s (풋프린트 단폭 18.8m)
[offboard_node-2] [INFO] [1785264026.280797509] [offboard_node]: WP1 도달·안정 (dist=0.0m speed=0.0m/s) → VISION_SEARCH (비전 착륙 활성)
[offboard_node-2] [INFO] [1785264026.380146875] [offboard_node]: 탐색 1회차 — 고도 25m AGL 반경 6.1→30m 링간격 12.2m 속도상한 5.0m/s (풋프린트 단폭 18.8m)
[offboard_node-2] [INFO] [1785264026.380628422] [offboard_node]: WP1 도달·안정 (dist=0.0m speed=0.0m/s) → VISION_SEARCH (비전 착륙 활성)
[telemetry_node-1] [INFO] [1785264026.393415084] [telemetry_node]: pos_ned=[3.00022766e+02 8.00573092e-04 4.99460411e+01]  yaw=0.088  armed=True  vtol=3  batt=15.30V/50%
[offboard_node-2] [INFO] [1785264026.480466432] [offboard_node]: 탐색 1회차 — 고도 25m AGL 반경 6.1→30m 링간격 12.2m 속도상한 5.0m/s (풋프린트 단폭 18.8m)
[offboard_node-2] [INFO] [1785264026.481176991] [offboard_node]: WP1 도달·안정 (dist=0.0m speed=0.0m/s) → VISION_SEARCH (비전 착륙 활성)
[offboard_node-2] [INFO] [1785264026.580300118] [offboard_node]: WP1 홀드 dist=0.0m speed=0.0m/s stable=1485/10
[offboard_node-2] [INFO] [1785264026.580963147] [offboard_node]: 탐색 1회차 — 고도 25m AGL 반경 6.1→30m 링간격 12.2m 속도상한 5.0m/s (풋프린트 단폭 18.8m)
[offboard_node-2] [INFO] [1785264026.581656509] [offboard_node]: WP1 도달·안정 (dist=0.0m speed=0.0m/s) → VISION_SEARCH (비전 착륙 활성)
[offboard_node-2] [INFO] [1785264026.680527977] [offboard_node]: 탐색 1회차 — 고도 25m AGL 반경 6.1→30m 링간격 12.2m 속도상한 5.0m/s (풋프린트 단폭 18.8m)
[offboard_node-2] [INFO] [1785264026.681589999] [offboard_node]: WP1 도달·안정 (dist=0.0m speed=0.0m/s) → VISION_SEARCH (비전 착륙 활성)
[offboard_node-2] [INFO] [1785264026.780894400] [offboard_node]: 탐색 1회차 — 고도 25m AGL 반경 6.1→30m 링간격 12.2m 속도상한 5.0m/s (풋프린트 단폭 18.8m)
[offboard_node-2] [INFO] [1785264026.781590372] [offboard_node]: WP1 도달·안정 (dist=0.0m speed=0.0m/s) → VISION_SEARCH (비전 착륙 활성)
[offboard_node-2] [INFO] [1785264026.880308417] [offboard_node]: 탐색 1회차 — 고도 25m AGL 반경 6.1→30m 링간격 12.2m 속도상한 5.0m/s (풋프린트 단폭 18.8m)
[offboard_node-2] [INFO] [1785264026.880992277] [offboard_node]: WP1 도달·안정 (dist=0.0m speed=0.0m/s) → VISION_SEARCH (비전 착륙 활성)
[offboard_node-2] [INFO] [1785264026.980780146] [offboard_node]: 탐색 1회차 — 고도 25m AGL 반경 6.1→30m 링간격 12.2m 속도상한 5.0m/s (풋프린트 단폭 18.8m)
[offboard_node-2] [INFO] [1785264026.981571267] [offboard_node]: WP1 도달·안정 (dist=0.0m speed=0.0m/s) → VISION_SEARCH (비전 착륙 활성)
[offboard_node-2] [INFO] [1785264027.080818732] [offboard_node]: 탐색 1회차 — 고도 25m AGL 반경 6.1→30m 링간격 12.2m 속도상한 5.0m/s (풋프린트 단폭 18.8m)
[offboard_node-2] [INFO] [1785264027.081596466] [offboard_node]: WP1 도달·안정 (dist=0.0m speed=0.0m/s) → VISION_SEARCH (비전 착륙 활성)
[offboard_node-2] [INFO] [1785264027.180360135] [offboard_node]: 탐색 1회차 — 고도 25m AGL 반경 6.1→30m 링간격 12.2m 속도상한 5.0m/s (풋프린트 단폭 18.8m)
[offboard_node-2] [INFO] [1785264027.181182923] [offboard_node]: WP1 도달·안정 (dist=0.0m speed=0.0m/s) → VISION_SEARCH (비전 착륙 활성)
[offboard_node-2] [INFO] [1785264027.280429978] [offboard_node]: 탐색 1회차 — 고도 25m AGL 반경 6.1→30m 링간격 12.2m 속도상한 5.0m/s (풋프린트 단폭 18.8m)
[offboard_node-2] [INFO] [1785264027.280945053] [offboard_node]: WP1 도달·안정 (dist=0.0m speed=0.0m/s) → VISION_SEARCH (비전 착륙 활성)
[offboard_node-2] [INFO] [1785264027.380630526] [offboard_node]: 탐색 1회차 — 고도 25m AGL 반경 6.1→30m 링간격 12.2m 속도상한 5.0m/s (풋프린트 단폭 18.8m)
[offboard_node-2] [INFO] [1785264027.381388146] [offboard_node]: WP1 도달·안정 (dist=0.0m speed=0.0m/s) → VISION_SEARCH (비전 착륙 활성)
[offboard_node-2] [INFO] [1785264027.480212818] [offboard_node]: 탐색 1회차 — 고도 25m AGL 반경 6.1→30m 링간격 12.2m 속도상한 5.0m/s (풋프린트 단폭 18.8m)
[offboard_node-2] [INFO] [1785264027.480987842] [offboard_node]: WP1 도달·안정 (dist=0.0m speed=0.0m/s) → VISION_SEARCH (비전 착륙 활성)
[offboard_node-2] [INFO] [1785264027.580209404] [offboard_node]: 탐색 1회차 — 고도 25m AGL 반경 6.1→30m 링간격 12.2m 속도상한 5.0m/s (풋프린트 단폭 18.8m)
[offboard_node-2] [INFO] [1785264027.580846023] [offboard_node]: WP1 도달·안정 (dist=0.0m speed=0.0m/s) → VISION_SEARCH (비전 착륙 활성)
[offboard_node-2] [INFO] [1785264027.680387629] [offboard_node]: 탐색 1회차 — 고도 25m AGL 반경 6.1→30m 링간격 12.2m 속도상한 5.0m/s (풋프린트 단폭 18.8m)
[offboard_node-2] [INFO] [1785264027.680940228] [offboard_node]: WP1 도달·안정 (dist=0.0m speed=0.0m/s) → VISION_SEARCH (비전 착륙 활성)
[offboard_node-2] [INFO] [1785264027.780587510] [offboard_node]: 탐색 1회차 — 고도 25m AGL 반경 6.1→30m 링간격 12.2m 속도상한 5.0m/s (풋프린트 단폭 18.8m)
[offboard_node-2] [INFO] [1785264027.781383514] [offboard_node]: WP1 도달·안정 (dist=0.0m speed=0.0m/s) → VISION_SEARCH (비전 착륙 활성)
[offboard_node-2] [INFO] [1785264027.881784321] [offboard_node]: 탐색 1회차 — 고도 25m AGL 반경 6.1→30m 링간격 12.2m 속도상한 5.0m/s (풋프린트 단폭 18.8m)
[offboard_node-2] [INFO] [1785264027.882491143] [offboard_node]: WP1 도달·안정 (dist=0.0m speed=0.0m/s) → VISION_SEARCH (비전 착륙 활성)
[offboard_node-2] [INFO] [1785264027.980960543] [offboard_node]: 탐색 1회차 — 고도 25m AGL 반경 6.1→30m 링간격 12.2m 속도상한 5.0m/s (풋프린트 단폭 18.8m)
[offboard_node-2] [INFO] [1785264027.982494240] [offboard_node]: WP1 도달·안정 (dist=0.0m speed=0.0m/s) → VISION_SEARCH (비전 착륙 활성)
[offboard_node-2] [INFO] [1785264028.081147715] [offboard_node]: 탐색 1회차 — 고도 25m AGL 반경 6.1→30m 링간격 12.2m 속도상한 5.0m/s (풋프린트 단폭 18.8m)
[offboard_node-2] [INFO] [1785264028.081949530] [offboard_node]: WP1 도달·안정 (dist=0.0m speed=0.0m/s) → VISION_SEARCH (비전 착륙 활성)
[offboard_node-2] [INFO] [1785264028.181583500] [offboard_node]: 탐색 1회차 — 고도 25m AGL 반경 6.1→30m 링간격 12.2m 속도상한 5.0m/s (풋프린트 단폭 18.8m)
[offboard_node-2] [INFO] [1785264028.182473790] [offboard_node]: WP1 도달·안정 (dist=0.0m speed=0.0m/s) → VISION_SEARCH (비전 착륙 활성)
[offboard_node-2] [INFO] [1785264028.280718015] [offboard_node]: 탐색 1회차 — 고도 25m AGL 반경 6.1→30m 링간격 12.2m 속도상한 5.0m/s (풋프린트 단폭 18.8m)
[offboard_node-2] [INFO] [1785264028.281536310] [offboard_node]: WP1 도달·안정 (dist=0.0m speed=0.0m/s) → VISION_SEARCH (비전 착륙 활성)
[offboard_node-2] [INFO] [1785264028.380630515] [offboard_node]: 탐색 1회차 — 고도 25m AGL 반경 6.1→30m 링간격 12.2m 속도상한 5.0m/s (풋프린트 단폭 18.8m)
[offboard_node-2] [INFO] [1785264028.381290695] [offboard_node]: WP1 도달·안정 (dist=0.0m speed=0.0m/s) → VISION_SEARCH (비전 착륙 활성)
[telemetry_node-1] [INFO] [1785264028.393844492] [telemetry_node]: pos_ned=[ 3.00003265e+02 -1.47817098e-02  4.99449959e+01]  yaw=0.089  armed=True  vtol=3  batt=15.30V/50%
[offboard_node-2] [INFO] [1785264028.482323017] [offboard_node]: 탐색 1회차 — 고도 25m AGL 반경 6.1→30m 링간격 12.2m 속도상한 5.0m/s (풋프린트 단폭 18.8m)
[offboard_node-2] [INFO] [1785264028.483172956] [offboard_node]: WP1 도달·안정 (dist=0.0m speed=0.0m/s) → VISION_SEARCH (비전 착륙 활성)
[offboard_node-2] [INFO] [1785264028.580617924] [offboard_node]: WP1 홀드 dist=0.0m speed=0.0m/s stable=1505/10
[offboard_node-2] [INFO] [1785264028.581281773] [offboard_node]: 탐색 1회차 — 고도 25m AGL 반경 6.1→30m 링간격 12.2m 속도상한 5.0m/s (풋프린트 단폭 18.8m)
[offboard_node-2] [INFO] [1785264028.581673046] [offboard_node]: WP1 도달·안정 (dist=0.0m speed=0.0m/s) → VISION_SEARCH (비전 착륙 활성)
[offboard_node-2] [INFO] [1785264028.681244433] [offboard_node]: 탐색 1회차 — 고도 25m AGL 반경 6.1→30m 링간격 12.2m 속도상한 5.0m/s (풋프린트 단폭 18.8m)
[offboard_node-2] [INFO] [1785264028.682092652] [offboard_node]: WP1 도달·안정 (dist=0.0m speed=0.0m/s) → VISION_SEARCH (비전 착륙 활성)
[offboard_node-2] [INFO] [1785264028.780381109] [offboard_node]: 탐색 1회차 — 고도 25m AGL 반경 6.1→30m 링간격 12.2m 속도상한 5.0m/s (풋프린트 단폭 18.8m)
[offboard_node-2] [INFO] [1785264028.781490267] [offboard_node]: WP1 도달·안정 (dist=0.0m speed=0.0m/s) → VISION_SEARCH (비전 착륙 활성)
[offboard_node-2] [INFO] [1785264028.880212626] [offboard_node]: 탐색 1회차 — 고도 25m AGL 반경 6.1→30m 링간격 12.2m 속도상한 5.0m/s (풋프린트 단폭 18.8m)
[offboard_node-2] [INFO] [1785264028.881108079] [offboard_node]: WP1 도달·안정 (dist=0.0m speed=0.0m/s) → VISION_SEARCH (비전 착륙 활성)
[offboard_node-2] [INFO] [1785264028.980451527] [offboard_node]: 탐색 1회차 — 고도 25m AGL 반경 6.1→30m 링간격 12.2m 속도상한 5.0m/s (풋프린트 단폭 18.8m)
[offboard_node-2] [INFO] [1785264028.980935509] [offboard_node]: WP1 도달·안정 (dist=0.0m speed=0.0m/s) → VISION_SEARCH (비전 착륙 활성)
[offboard_node-2] [INFO] [1785264029.080409387] [offboard_node]: 탐색 1회차 — 고도 25m AGL 반경 6.1→30m 링간격 12.2m 속도상한 5.0m/s (풋프린트 단폭 18.8m)
[offboard_node-2] [INFO] [1785264029.081906173] [offboard_node]: WP1 도달·안정 (dist=0.0m speed=0.0m/s) → VISION_SEARCH (비전 착륙 활성)
[offboard_node-2] [INFO] [1785264029.180656336] [offboard_node]: 탐색 1회차 — 고도 25m AGL 반경 6.1→30m 링간격 12.2m 속도상한 5.0m/s (풋프린트 단폭 18.8m)
[offboard_node-2] [INFO] [1785264029.181371505] [offboard_node]: WP1 도달·안정 (dist=0.0m speed=0.0m/s) → VISION_SEARCH (비전 착륙 활성)
[offboard_node-2] [INFO] [1785264029.280986592] [offboard_node]: 탐색 1회차 — 고도 25m AGL 반경 6.1→30m 링간격 12.2m 속도상한 5.0m/s (풋프린트 단폭 18.8m)
[offboard_node-2] [INFO] [1785264029.281845306] [offboard_node]: WP1 도달·안정 (dist=0.0m speed=0.0m/s) → VISION_SEARCH (비전 착륙 활성)
[offboard_node-2] [INFO] [1785264029.381950901] [offboard_node]: 탐색 1회차 — 고도 25m AGL 반경 6.1→30m 링간격 12.2m 속도상한 5.0m/s (풋프린트 단폭 18.8m)
[offboard_node-2] [INFO] [1785264029.382661839] [offboard_node]: WP1 도달·안정 (dist=0.0m speed=0.0m/s) → VISION_SEARCH (비전 착륙 활성)
[offboard_node-2] [INFO] [1785264029.483301293] [offboard_node]: 탐색 1회차 — 고도 25m AGL 반경 6.1→30m 링간격 12.2m 속도상한 5.0m/s (풋프린트 단폭 18.8m)
[offboard_node-2] [INFO] [1785264029.484189739] [offboard_node]: WP1 도달·안정 (dist=0.0m speed=0.0m/s) → VISION_SEARCH (비전 착륙 활성)
[offboard_node-2] [INFO] [1785264029.581441960] [offboard_node]: 탐색 1회차 — 고도 25m AGL 반경 6.1→30m 링간격 12.2m 속도상한 5.0m/s (풋프린트 단폭 18.8m)
[offboard_node-2] [INFO] [1785264029.582092637] [offboard_node]: WP1 도달·안정 (dist=0.0m speed=0.0m/s) → VISION_SEARCH (비전 착륙 활성)
[offboard_node-2] [INFO] [1785264029.681472064] [offboard_node]: 탐색 1회차 — 고도 25m AGL 반경 6.1→30m 링간격 12.2m 속도상한 5.0m/s (풋프린트 단폭 18.8m)
[offboard_node-2] [INFO] [1785264029.682635062] [offboard_node]: WP1 도달·안정 (dist=0.0m speed=0.0m/s) → VISION_SEARCH (비전 착륙 활성)
[offboard_node-2] [INFO] [1785264029.780435833] [offboard_node]: 탐색 1회차 — 고도 25m AGL 반경 6.1→30m 링간격 12.2m 속도상한 5.0m/s (풋프린트 단폭 18.8m)
[offboard_node-2] [INFO] [1785264029.781423754] [offboard_node]: WP1 도달·안정 (dist=0.0m speed=0.0m/s) → VISION_SEARCH (비전 착륙 활성)
[offboard_node-2] [INFO] [1785264029.880941659] [offboard_node]: 탐색 1회차 — 고도 25m AGL 반경 6.1→30m 링간격 12.2m 속도상한 5.0m/s (풋프린트 단폭 18.8m)
[offboard_node-2] [INFO] [1785264029.881638436] [offboard_node]: WP1 도달·안정 (dist=0.0m speed=0.0m/s) → VISION_SEARCH (비전 착륙 활성)
[offboard_node-2] [INFO] [1785264029.980404842] [offboard_node]: 탐색 1회차 — 고도 25m AGL 반경 6.1→30m 링간격 12.2m 속도상한 5.0m/s (풋프린트 단폭 18.8m)
[offboard_node-2] [INFO] [1785264029.981080443] [offboard_node]: WP1 도달·안정 (dist=0.0m speed=0.0m/s) → VISION_SEARCH (비전 착륙 활성)
[offboard_node-2] [INFO] [1785264030.080206484] [offboard_node]: 탐색 1회차 — 고도 25m AGL 반경 6.1→30m 링간격 12.2m 속도상한 5.0m/s (풋프린트 단폭 18.8m)
[offboard_node-2] [INFO] [1785264030.080771660] [offboard_node]: WP1 도달·안정 (dist=0.0m speed=0.1m/s) → VISION_SEARCH (비전 착륙 활성)
[offboard_node-2] [INFO] [1785264030.180829635] [offboard_node]: 탐색 1회차 — 고도 25m AGL 반경 6.1→30m 링간격 12.2m 속도상한 5.0m/s (풋프린트 단폭 18.8m)
[offboard_node-2] [INFO] [1785264030.181567846] [offboard_node]: WP1 도달·안정 (dist=0.0m speed=0.1m/s) → VISION_SEARCH (비전 착륙 활성)
[offboard_node-2] [INFO] [1785264030.280571066] [offboard_node]: 탐색 1회차 — 고도 25m AGL 반경 6.1→30m 링간격 12.2m 속도상한 5.0m/s (풋프린트 단폭 18.8m)
[offboard_node-2] [INFO] [1785264030.282775328] [offboard_node]: WP1 도달·안정 (dist=0.0m speed=0.1m/s) → VISION_SEARCH (비전 착륙 활성)
[offboard_node-2] [INFO] [1785264030.380528471] [offboard_node]: 탐색 1회차 — 고도 25m AGL 반경 6.1→30m 링간격 12.2m 속도상한 5.0m/s (풋프린트 단폭 18.8m)
[offboard_node-2] [INFO] [1785264030.381305365] [offboard_node]: WP1 도달·안정 (dist=0.0m speed=0.0m/s) → VISION_SEARCH (비전 착륙 활성)
[telemetry_node-1] [INFO] [1785264030.393553825] [telemetry_node]: pos_ned=[2.99988220e+02 7.49767758e-03 4.99399643e+01]  yaw=0.088  armed=True  vtol=3  batt=15.30V/50%
[offboard_node-2] [INFO] [1785264030.480329155] [offboard_node]: 탐색 1회차 — 고도 25m AGL 반경 6.1→30m 링간격 12.2m 속도상한 5.0m/s (풋프린트 단폭 18.8m)
[offboard_node-2] [INFO] [1785264030.481027273] [offboard_node]: WP1 도달·안정 (dist=0.0m speed=0.0m/s) → VISION_SEARCH (비전 착륙 활성)
[offboard_node-2] [INFO] [1785264030.580525863] [offboard_node]: WP1 홀드 dist=0.0m speed=0.0m/s stable=1525/10
[offboard_node-2] [INFO] [1785264030.581320671] [offboard_node]: 탐색 1회차 — 고도 25m AGL 반경 6.1→30m 링간격 12.2m 속도상한 5.0m/s (풋프린트 단폭 18.8m)
[offboard_node-2] [INFO] [1785264030.581903854] [offboard_node]: WP1 도달·안정 (dist=0.0m speed=0.0m/s) → VISION_SEARCH (비전 착륙 활성)
[offboard_node-2] [INFO] [1785264030.681038671] [offboard_node]: 탐색 1회차 — 고도 25m AGL 반경 6.1→30m 링간격 12.2m 속도상한 5.0m/s (풋프린트 단폭 18.8m)
[offboard_node-2] [INFO] [1785264030.681828168] [offboard_node]: WP1 도달·안정 (dist=0.0m speed=0.0m/s) → VISION_SEARCH (비전 착륙 활성)
[offboard_node-2] [INFO] [1785264030.780621482] [offboard_node]: 탐색 1회차 — 고도 25m AGL 반경 6.1→30m 링간격 12.2m 속도상한 5.0m/s (풋프린트 단폭 18.8m)
[offboard_node-2] [INFO] [1785264030.781365613] [offboard_node]: WP1 도달·안정 (dist=0.0m speed=0.0m/s) → VISION_SEARCH (비전 착륙 활성)
[offboard_node-2] [INFO] [1785264030.880049233] [offboard_node]: 탐색 1회차 — 고도 25m AGL 반경 6.1→30m 링간격 12.2m 속도상한 5.0m/s (풋프린트 단폭 18.8m)
[offboard_node-2] [INFO] [1785264030.880761413] [offboard_node]: WP1 도달·안정 (dist=0.0m speed=0.0m/s) → VISION_SEARCH (비전 착륙 활성)
[offboard_node-2] [INFO] [1785264030.985124977] [offboard_node]: 탐색 1회차 — 고도 25m AGL 반경 6.1→30m 링간격 12.2m 속도상한 5.0m/s (풋프린트 단폭 18.8m)
[offboard_node-2] [INFO] [1785264030.986557515] [offboard_node]: WP1 도달·안정 (dist=0.0m speed=0.0m/s) → VISION_SEARCH (비전 착륙 활성)
[offboard_node-2] [INFO] [1785264031.080225412] [offboard_node]: 탐색 1회차 — 고도 25m AGL 반경 6.1→30m 링간격 12.2m 속도상한 5.0m/s (풋프린트 단폭 18.8m)
[offboard_node-2] [INFO] [1785264031.080716673] [offboard_node]: WP1 도달·안정 (dist=0.0m speed=0.0m/s) → VISION_SEARCH (비전 착륙 활성)
[offboard_node-2] [INFO] [1785264031.181178609] [offboard_node]: 탐색 1회차 — 고도 25m AGL 반경 6.1→30m 링간격 12.2m 속도상한 5.0m/s (풋프린트 단폭 18.8m)
[offboard_node-2] [INFO] [1785264031.182043195] [offboard_node]: WP1 도달·안정 (dist=0.0m speed=0.0m/s) → VISION_SEARCH (비전 착륙 활성)
[offboard_node-2] [INFO] [1785264031.280953487] [offboard_node]: 탐색 1회차 — 고도 25m AGL 반경 6.1→30m 링간격 12.2m 속도상한 5.0m/s (풋프린트 단폭 18.8m)
[offboard_node-2] [INFO] [1785264031.281893503] [offboard_node]: WP1 도달·안정 (dist=0.0m speed=0.0m/s) → VISION_SEARCH (비전 착륙 활성)
[offboard_node-2] [INFO] [1785264031.380973010] [offboard_node]: 탐색 1회차 — 고도 25m AGL 반경 6.1→30m 링간격 12.2m 속도상한 5.0m/s (풋프린트 단폭 18.8m)
[offboard_node-2] [INFO] [1785264031.381757456] [offboard_node]: WP1 도달·안정 (dist=0.0m speed=0.0m/s) → VISION_SEARCH (비전 착륙 활성)
[offboard_node-2] [INFO] [1785264031.480293761] [offboard_node]: 탐색 1회차 — 고도 25m AGL 반경 6.1→30m 링간격 12.2m 속도상한 5.0m/s (풋프린트 단폭 18.8m)
[offboard_node-2] [INFO] [1785264031.481291834] [offboard_node]: WP1 도달·안정 (dist=0.0m speed=0.0m/s) → VISION_SEARCH (비전 착륙 활성)
[offboard_node-2] [INFO] [1785264031.580565144] [offboard_node]: 탐색 1회차 — 고도 25m AGL 반경 6.1→30m 링간격 12.2m 속도상한 5.0m/s (풋프린트 단폭 18.8m)
[offboard_node-2] [INFO] [1785264031.584658066] [offboard_node]: WP1 도달·안정 (dist=0.0m speed=0.0m/s) → VISION_SEARCH (비전 착륙 활성)
[offboard_node-2] [INFO] [1785264031.680686853] [offboard_node]: 탐색 1회차 — 고도 25m AGL 반경 6.1→30m 링간격 12.2m 속도상한 5.0m/s (풋프린트 단폭 18.8m)
[offboard_node-2] [INFO] [1785264031.681830853] [offboard_node]: WP1 도달·안정 (dist=0.0m speed=0.0m/s) → VISION_SEARCH (비전 착륙 활성)
[offboard_node-2] [INFO] [1785264031.780715483] [offboard_node]: 탐색 1회차 — 고도 25m AGL 반경 6.1→30m 링간격 12.2m 속도상한 5.0m/s (풋프린트 단폭 18.8m)
[offboard_node-2] [INFO] [1785264031.781579352] [offboard_node]: WP1 도달·안정 (dist=0.0m speed=0.0m/s) → VISION_SEARCH (비전 착륙 활성)
[offboard_node-2] [INFO] [1785264031.880434183] [offboard_node]: 탐색 1회차 — 고도 25m AGL 반경 6.1→30m 링간격 12.2m 속도상한 5.0m/s (풋프린트 단폭 18.8m)
[offboard_node-2] [INFO] [1785264031.881107089] [offboard_node]: WP1 도달·안정 (dist=0.0m speed=0.0m/s) → VISION_SEARCH (비전 착륙 활성)
[offboard_node-2] [INFO] [1785264031.980231395] [offboard_node]: 탐색 1회차 — 고도 25m AGL 반경 6.1→30m 링간격 12.2m 속도상한 5.0m/s (풋프린트 단폭 18.8m)
[offboard_node-2] [INFO] [1785264031.980830015] [offboard_node]: WP1 도달·안정 (dist=0.0m speed=0.0m/s) → VISION_SEARCH (비전 착륙 활성)
[offboard_node-2] [INFO] [1785264032.080498126] [offboard_node]: 탐색 1회차 — 고도 25m AGL 반경 6.1→30m 링간격 12.2m 속도상한 5.0m/s (풋프린트 단폭 18.8m)
[offboard_node-2] [INFO] [1785264032.081247653] [offboard_node]: WP1 도달·안정 (dist=0.0m speed=0.0m/s) → VISION_SEARCH (비전 착륙 활성)
[offboard_node-2] [INFO] [1785264032.180556255] [offboard_node]: 탐색 1회차 — 고도 25m AGL 반경 6.1→30m 링간격 12.2m 속도상한 5.0m/s (풋프린트 단폭 18.8m)
[offboard_node-2] [INFO] [1785264032.181250638] [offboard_node]: WP1 도달·안정 (dist=0.0m speed=0.0m/s) → VISION_SEARCH (비전 착륙 활성)
[offboard_node-2] [INFO] [1785264032.280495060] [offboard_node]: 탐색 1회차 — 고도 25m AGL 반경 6.1→30m 링간격 12.2m 속도상한 5.0m/s (풋프린트 단폭 18.8m)
[offboard_node-2] [INFO] [1785264032.281034364] [offboard_node]: WP1 도달·안정 (dist=0.0m speed=0.0m/s) → VISION_SEARCH (비전 착륙 활성)
[offboard_node-2] [INFO] [1785264032.381300207] [offboard_node]: 탐색 1회차 — 고도 25m AGL 반경 6.1→30m 링간격 12.2m 속도상한 5.0m/s (풋프린트 단폭 18.8m)
[offboard_node-2] [INFO] [1785264032.382146167] [offboard_node]: WP1 도달·안정 (dist=0.0m speed=0.0m/s) → VISION_SEARCH (비전 착륙 활성)
[telemetry_node-1] [INFO] [1785264032.393527141] [telemetry_node]: pos_ned=[3.00000977e+02 5.03182225e-03 4.99293556e+01]  yaw=0.089  armed=True  vtol=3  batt=15.30V/50%
[offboard_node-2] [INFO] [1785264032.480846685] [offboard_node]: 탐색 1회차 — 고도 25m AGL 반경 6.1→30m 링간격 12.2m 속도상한 5.0m/s (풋프린트 단폭 18.8m)
[offboard_node-2] [INFO] [1785264032.481737044] [offboard_node]: WP1 도달·안정 (dist=0.0m speed=0.0m/s) → VISION_SEARCH (비전 착륙 활성)
[offboard_node-2] [INFO] [1785264032.580706902] [offboard_node]: WP1 홀드 dist=0.0m speed=0.0m/s stable=1545/10
[offboard_node-2] [INFO] [1785264032.581502287] [offboard_node]: 탐색 1회차 — 고도 25m AGL 반경 6.1→30m 링간격 12.2m 속도상한 5.0m/s (풋프린트 단폭 18.8m)
[offboard_node-2] [INFO] [1785264032.582157453] [offboard_node]: WP1 도달·안정 (dist=0.0m speed=0.0m/s) → VISION_SEARCH (비전 착륙 활성)
[offboard_node-2] [INFO] [1785264032.680943885] [offboard_node]: 탐색 1회차 — 고도 25m AGL 반경 6.1→30m 링간격 12.2m 속도상한 5.0m/s (풋프린트 단폭 18.8m)
[offboard_node-2] [INFO] [1785264032.681540435] [offboard_node]: WP1 도달·안정 (dist=0.0m speed=0.0m/s) → VISION_SEARCH (비전 착륙 활성)
[offboard_node-2] [INFO] [1785264032.780594196] [offboard_node]: 탐색 1회차 — 고도 25m AGL 반경 6.1→30m 링간격 12.2m 속도상한 5.0m/s (풋프린트 단폭 18.8m)
[offboard_node-2] [INFO] [1785264032.781459988] [offboard_node]: WP1 도달·안정 (dist=0.0m speed=0.0m/s) → VISION_SEARCH (비전 착륙 활성)
[offboard_node-2] [INFO] [1785264032.880503753] [offboard_node]: 탐색 1회차 — 고도 25m AGL 반경 6.1→30m 링간격 12.2m 속도상한 5.0m/s (풋프린트 단폭 18.8m)
[offboard_node-2] [INFO] [1785264032.881158992] [offboard_node]: WP1 도달·안정 (dist=0.0m speed=0.0m/s) → VISION_SEARCH (비전 착륙 활성)
[offboard_node-2] [INFO] [1785264032.981567981] [offboard_node]: 탐색 1회차 — 고도 25m AGL 반경 6.1→30m 링간격 12.2m 속도상한 5.0m/s (풋프린트 단폭 18.8m)
[offboard_node-2] [INFO] [1785264032.982154956] [offboard_node]: WP1 도달·안정 (dist=0.0m speed=0.0m/s) → VISION_SEARCH (비전 착륙 활성)
[offboard_node-2] [INFO] [1785264033.080462558] [offboard_node]: 탐색 1회차 — 고도 25m AGL 반경 6.1→30m 링간격 12.2m 속도상한 5.0m/s (풋프린트 단폭 18.8m)
[offboard_node-2] [INFO] [1785264033.081071476] [offboard_node]: WP1 도달·안정 (dist=0.0m speed=0.0m/s) → VISION_SEARCH (비전 착륙 활성)
[offboard_node-2] [INFO] [1785264033.181833572] [offboard_node]: 탐색 1회차 — 고도 25m AGL 반경 6.1→30m 링간격 12.2m 속도상한 5.0m/s (풋프린트 단폭 18.8m)
[offboard_node-2] [INFO] [1785264033.182302909] [offboard_node]: WP1 도달·안정 (dist=0.0m speed=0.0m/s) → VISION_SEARCH (비전 착륙 활성)
[offboard_node-2] [INFO] [1785264033.280518207] [offboard_node]: 탐색 1회차 — 고도 25m AGL 반경 6.1→30m 링간격 12.2m 속도상한 5.0m/s (풋프린트 단폭 18.8m)
[offboard_node-2] [INFO] [1785264033.281165448] [offboard_node]: WP1 도달·안정 (dist=0.0m speed=0.0m/s) → VISION_SEARCH (비전 착륙 활성)
[offboard_node-2] [INFO] [1785264033.380219697] [offboard_node]: 탐색 1회차 — 고도 25m AGL 반경 6.1→30m 링간격 12.2m 속도상한 5.0m/s (풋프린트 단폭 18.8m)
[offboard_node-2] [INFO] [1785264033.380876791] [offboard_node]: WP1 도달·안정 (dist=0.0m speed=0.1m/s) → VISION_SEARCH (비전 착륙 활성)
[offboard_node-2] [INFO] [1785264033.480131966] [offboard_node]: 탐색 1회차 — 고도 25m AGL 반경 6.1→30m 링간격 12.2m 속도상한 5.0m/s (풋프린트 단폭 18.8m)
[offboard_node-2] [INFO] [1785264033.480725482] [offboard_node]: WP1 도달·안정 (dist=0.0m speed=0.1m/s) → VISION_SEARCH (비전 착륙 활성)
[offboard_node-2] [INFO] [1785264033.580270080] [offboard_node]: 탐색 1회차 — 고도 25m AGL 반경 6.1→30m 링간격 12.2m 속도상한 5.0m/s (풋프린트 단폭 18.8m)
[offboard_node-2] [INFO] [1785264033.580953090] [offboard_node]: WP1 도달·안정 (dist=0.0m speed=0.1m/s) → VISION_SEARCH (비전 착륙 활성)
[offboard_node-2] [INFO] [1785264033.681610913] [offboard_node]: 탐색 1회차 — 고도 25m AGL 반경 6.1→30m 링간격 12.2m 속도상한 5.0m/s (풋프린트 단폭 18.8m)
[offboard_node-2] [INFO] [1785264033.682473179] [offboard_node]: WP1 도달·안정 (dist=0.0m speed=0.0m/s) → VISION_SEARCH (비전 착륙 활성)
[offboard_node-2] [INFO] [1785264033.781511579] [offboard_node]: 탐색 1회차 — 고도 25m AGL 반경 6.1→30m 링간격 12.2m 속도상한 5.0m/s (풋프린트 단폭 18.8m)
[offboard_node-2] [INFO] [1785264033.782077494] [offboard_node]: WP1 도달·안정 (dist=0.0m speed=0.0m/s) → VISION_SEARCH (비전 착륙 활성)
[offboard_node-2] [INFO] [1785264033.880396528] [offboard_node]: 탐색 1회차 — 고도 25m AGL 반경 6.1→30m 링간격 12.2m 속도상한 5.0m/s (풋프린트 단폭 18.8m)
[offboard_node-2] [INFO] [1785264033.881135841] [offboard_node]: WP1 도달·안정 (dist=0.0m speed=0.0m/s) → VISION_SEARCH (비전 착륙 활성)
[offboard_node-2] [INFO] [1785264033.980530777] [offboard_node]: 탐색 1회차 — 고도 25m AGL 반경 6.1→30m 링간격 12.2m 속도상한 5.0m/s (풋프린트 단폭 18.8m)
[offboard_node-2] [INFO] [1785264033.981261926] [offboard_node]: WP1 도달·안정 (dist=0.0m speed=0.0m/s) → VISION_SEARCH (비전 착륙 활성)
[offboard_node-2] [INFO] [1785264034.081245297] [offboard_node]: 탐색 1회차 — 고도 25m AGL 반경 6.1→30m 링간격 12.2m 속도상한 5.0m/s (풋프린트 단폭 18.8m)
[offboard_node-2] [INFO] [1785264034.081822582] [offboard_node]: WP1 도달·안정 (dist=0.0m speed=0.0m/s) → VISION_SEARCH (비전 착륙 활성)
[offboard_node-2] [INFO] [1785264034.180658778] [offboard_node]: 탐색 1회차 — 고도 25m AGL 반경 6.1→30m 링간격 12.2m 속도상한 5.0m/s (풋프린트 단폭 18.8m)
[offboard_node-2] [INFO] [1785264034.182191816] [offboard_node]: WP1 도달·안정 (dist=0.0m speed=0.0m/s) → VISION_SEARCH (비전 착륙 활성)
[offboard_node-2] [INFO] [1785264034.280755038] [offboard_node]: 탐색 1회차 — 고도 25m AGL 반경 6.1→30m 링간격 12.2m 속도상한 5.0m/s (풋프린트 단폭 18.8m)
[offboard_node-2] [INFO] [1785264034.282056472] [offboard_node]: WP1 도달·안정 (dist=0.0m speed=0.0m/s) → VISION_SEARCH (비전 착륙 활성)
[offboard_node-2] [INFO] [1785264034.381643936] [offboard_node]: 탐색 1회차 — 고도 25m AGL 반경 6.1→30m 링간격 12.2m 속도상한 5.0m/s (풋프린트 단폭 18.8m)
[offboard_node-2] [INFO] [1785264034.382410157] [offboard_node]: WP1 도달·안정 (dist=0.0m speed=0.0m/s) → VISION_SEARCH (비전 착륙 활성)
[telemetry_node-1] [INFO] [1785264034.393868445] [telemetry_node]: pos_ned=[3.00044739e+02 1.24304481e-02 4.99567108e+01]  yaw=0.090  armed=True  vtol=3  batt=15.30V/50%
[offboard_node-2] [INFO] [1785264034.480547763] [offboard_node]: 탐색 1회차 — 고도 25m AGL 반경 6.1→30m 링간격 12.2m 속도상한 5.0m/s (풋프린트 단폭 18.8m)
[offboard_node-2] [INFO] [1785264034.481231875] [offboard_node]: WP1 도달·안정 (dist=0.0m speed=0.0m/s) → VISION_SEARCH (비전 착륙 활성)
[offboard_node-2] [INFO] [1785264034.580708771] [offboard_node]: WP1 홀드 dist=0.0m speed=0.0m/s stable=1565/10
[offboard_node-2] [INFO] [1785264034.582299720] [offboard_node]: 탐색 1회차 — 고도 25m AGL 반경 6.1→30m 링간격 12.2m 속도상한 5.0m/s (풋프린트 단폭 18.8m)
[offboard_node-2] [INFO] [1785264034.582789588] [offboard_node]: WP1 도달·안정 (dist=0.0m speed=0.0m/s) → VISION_SEARCH (비전 착륙 활성)
[offboard_node-2] [INFO] [1785264034.682538569] [offboard_node]: 탐색 1회차 — 고도 25m AGL 반경 6.1→30m 링간격 12.2m 속도상한 5.0m/s (풋프린트 단폭 18.8m)
[offboard_node-2] [INFO] [1785264034.684489795] [offboard_node]: WP1 도달·안정 (dist=0.0m speed=0.0m/s) → VISION_SEARCH (비전 착륙 활성)
[offboard_node-2] [INFO] [1785264034.780568119] [offboard_node]: 탐색 1회차 — 고도 25m AGL 반경 6.1→30m 링간격 12.2m 속도상한 5.0m/s (풋프린트 단폭 18.8m)
[offboard_node-2] [INFO] [1785264034.781557853] [offboard_node]: WP1 도달·안정 (dist=0.0m speed=0.0m/s) → VISION_SEARCH (비전 착륙 활성)
[offboard_node-2] [INFO] [1785264034.881026530] [offboard_node]: 탐색 1회차 — 고도 25m AGL 반경 6.1→30m 링간격 12.2m 속도상한 5.0m/s (풋프린트 단폭 18.8m)
[offboard_node-2] [INFO] [1785264034.881665533] [offboard_node]: WP1 도달·안정 (dist=0.0m speed=0.1m/s) → VISION_SEARCH (비전 착륙 활성)
[offboard_node-2] [INFO] [1785264034.980679137] [offboard_node]: 탐색 1회차 — 고도 25m AGL 반경 6.1→30m 링간격 12.2m 속도상한 5.0m/s (풋프린트 단폭 18.8m)
[offboard_node-2] [INFO] [1785264034.982043984] [offboard_node]: WP1 도달·안정 (dist=0.0m speed=0.1m/s) → VISION_SEARCH (비전 착륙 활성)
[offboard_node-2] [INFO] [1785264035.081048118] [offboard_node]: 탐색 1회차 — 고도 25m AGL 반경 6.1→30m 링간격 12.2m 속도상한 5.0m/s (풋프린트 단폭 18.8m)
[offboard_node-2] [INFO] [1785264035.082663842] [offboard_node]: WP1 도달·안정 (dist=0.0m speed=0.1m/s) → VISION_SEARCH (비전 착륙 활성)
[offboard_node-2] [INFO] [1785264035.181097550] [offboard_node]: 탐색 1회차 — 고도 25m AGL 반경 6.1→30m 링간격 12.2m 속도상한 5.0m/s (풋프린트 단폭 18.8m)
[offboard_node-2] [INFO] [1785264035.181922296] [offboard_node]: WP1 도달·안정 (dist=0.0m speed=0.1m/s) → VISION_SEARCH (비전 착륙 활성)
[offboard_node-2] [INFO] [1785264035.280326222] [offboard_node]: 탐색 1회차 — 고도 25m AGL 반경 6.1→30m 링간격 12.2m 속도상한 5.0m/s (풋프린트 단폭 18.8m)
[offboard_node-2] [INFO] [1785264035.281122564] [offboard_node]: WP1 도달·안정 (dist=0.0m speed=0.0m/s) → VISION_SEARCH (비전 착륙 활성)
[offboard_node-2] [INFO] [1785264035.380179514] [offboard_node]: 탐색 1회차 — 고도 25m AGL 반경 6.1→30m 링간격 12.2m 속도상한 5.0m/s (풋프린트 단폭 18.8m)
[offboard_node-2] [INFO] [1785264035.380833624] [offboard_node]: WP1 도달·안정 (dist=0.0m speed=0.0m/s) → VISION_SEARCH (비전 착륙 활성)
[offboard_node-2] [INFO] [1785264035.480823550] [offboard_node]: 탐색 1회차 — 고도 25m AGL 반경 6.1→30m 링간격 12.2m 속도상한 5.0m/s (풋프린트 단폭 18.8m)
[offboard_node-2] [INFO] [1785264035.481816464] [offboard_node]: WP1 도달·안정 (dist=0.0m speed=0.0m/s) → VISION_SEARCH (비전 착륙 활성)
[offboard_node-2] [INFO] [1785264035.580428473] [offboard_node]: 탐색 1회차 — 고도 25m AGL 반경 6.1→30m 링간격 12.2m 속도상한 5.0m/s (풋프린트 단폭 18.8m)
[offboard_node-2] [INFO] [1785264035.581281013] [offboard_node]: WP1 도달·안정 (dist=0.0m speed=0.0m/s) → VISION_SEARCH (비전 착륙 활성)
[offboard_node-2] [INFO] [1785264035.680370690] [offboard_node]: 탐색 1회차 — 고도 25m AGL 반경 6.1→30m 링간격 12.2m 속도상한 5.0m/s (풋프린트 단폭 18.8m)
[offboard_node-2] [INFO] [1785264035.682520363] [offboard_node]: WP1 도달·안정 (dist=0.0m speed=0.0m/s) → VISION_SEARCH (비전 착륙 활성)
[offboard_node-2] [INFO] [1785264035.780513390] [offboard_node]: 탐색 1회차 — 고도 25m AGL 반경 6.1→30m 링간격 12.2m 속도상한 5.0m/s (풋프린트 단폭 18.8m)
[offboard_node-2] [INFO] [1785264035.781455346] [offboard_node]: WP1 도달·안정 (dist=0.0m speed=0.0m/s) → VISION_SEARCH (비전 착륙 활성)
[offboard_node-2] [INFO] [1785264035.880562821] [offboard_node]: 탐색 1회차 — 고도 25m AGL 반경 6.1→30m 링간격 12.2m 속도상한 5.0m/s (풋프린트 단폭 18.8m)
[offboard_node-2] [INFO] [1785264035.881644027] [offboard_node]: WP1 도달·안정 (dist=0.0m speed=0.0m/s) → VISION_SEARCH (비전 착륙 활성)
[offboard_node-2] [INFO] [1785264035.980339905] [offboard_node]: 탐색 1회차 — 고도 25m AGL 반경 6.1→30m 링간격 12.2m 속도상한 5.0m/s (풋프린트 단폭 18.8m)
[offboard_node-2] [INFO] [1785264035.981120355] [offboard_node]: WP1 도달·안정 (dist=0.0m speed=0.0m/s) → VISION_SEARCH (비전 착륙 활성)
[offboard_node-2] [INFO] [1785264036.080745444] [offboard_node]: 탐색 1회차 — 고도 25m AGL 반경 6.1→30m 링간격 12.2m 속도상한 5.0m/s (풋프린트 단폭 18.8m)
[offboard_node-2] [INFO] [1785264036.082747083] [offboard_node]: WP1 도달·안정 (dist=0.0m speed=0.0m/s) → VISION_SEARCH (비전 착륙 활성)
[offboard_node-2] [INFO] [1785264036.180906981] [offboard_node]: 탐색 1회차 — 고도 25m AGL 반경 6.1→30m 링간격 12.2m 속도상한 5.0m/s (풋프린트 단폭 18.8m)
[offboard_node-2] [INFO] [1785264036.181769267] [offboard_node]: WP1 도달·안정 (dist=0.0m speed=0.0m/s) → VISION_SEARCH (비전 착륙 활성)
[offboard_node-2] [INFO] [1785264036.281276904] [offboard_node]: 탐색 1회차 — 고도 25m AGL 반경 6.1→30m 링간격 12.2m 속도상한 5.0m/s (풋프린트 단폭 18.8m)
[offboard_node-2] [INFO] [1785264036.283358499] [offboard_node]: WP1 도달·안정 (dist=0.0m speed=0.0m/s) → VISION_SEARCH (비전 착륙 활성)
[offboard_node-2] [INFO] [1785264036.380758083] [offboard_node]: 탐색 1회차 — 고도 25m AGL 반경 6.1→30m 링간격 12.2m 속도상한 5.0m/s (풋프린트 단폭 18.8m)
[offboard_node-2] [INFO] [1785264036.382025773] [offboard_node]: WP1 도달·안정 (dist=0.0m speed=0.0m/s) → VISION_SEARCH (비전 착륙 활성)
[telemetry_node-1] [INFO] [1785264036.393825805] [telemetry_node]: pos_ned=[3.00018005e+02 8.28107260e-03 4.99545670e+01]  yaw=0.090  armed=True  vtol=3  batt=15.30V/50%
[offboard_node-2] [INFO] [1785264036.481148695] [offboard_node]: 탐색 1회차 — 고도 25m AGL 반경 6.1→30m 링간격 12.2m 속도상한 5.0m/s (풋프린트 단폭 18.8m)
[offboard_node-2] [INFO] [1785264036.482655535] [offboard_node]: WP1 도달·안정 (dist=0.0m speed=0.0m/s) → VISION_SEARCH (비전 착륙 활성)
[offboard_node-2] [INFO] [1785264036.580845862] [offboard_node]: WP1 홀드 dist=0.0m speed=0.0m/s stable=1585/10
[offboard_node-2] [INFO] [1785264036.581774896] [offboard_node]: 탐색 1회차 — 고도 25m AGL 반경 6.1→30m 링간격 12.2m 속도상한 5.0m/s (풋프린트 단폭 18.8m)
[offboard_node-2] [INFO] [1785264036.582262271] [offboard_node]: WP1 도달·안정 (dist=0.0m speed=0.0m/s) → VISION_SEARCH (비전 착륙 활성)
[offboard_node-2] [INFO] [1785264036.680562692] [offboard_node]: 탐색 1회차 — 고도 25m AGL 반경 6.1→30m 링간격 12.2m 속도상한 5.0m/s (풋프린트 단폭 18.8m)
[offboard_node-2] [INFO] [1785264036.681758177] [offboard_node]: WP1 도달·안정 (dist=0.0m speed=0.0m/s) → VISION_SEARCH (비전 착륙 활성)
[offboard_node-2] [INFO] [1785264036.781522304] [offboard_node]: 탐색 1회차 — 고도 25m AGL 반경 6.1→30m 링간격 12.2m 속도상한 5.0m/s (풋프린트 단폭 18.8m)
[offboard_node-2] [INFO] [1785264036.782596651] [offboard_node]: WP1 도달·안정 (dist=0.0m speed=0.0m/s) → VISION_SEARCH (비전 착륙 활성)
[offboard_node-2] [INFO] [1785264036.881036324] [offboard_node]: 탐색 1회차 — 고도 25m AGL 반경 6.1→30m 링간격 12.2m 속도상한 5.0m/s (풋프린트 단폭 18.8m)
[offboard_node-2] [INFO] [1785264036.882751988] [offboard_node]: WP1 도달·안정 (dist=0.0m speed=0.0m/s) → VISION_SEARCH (비전 착륙 활성)
[offboard_node-2] [INFO] [1785264036.980655612] [offboard_node]: 탐색 1회차 — 고도 25m AGL 반경 6.1→30m 링간격 12.2m 속도상한 5.0m/s (풋프린트 단폭 18.8m)
[offboard_node-2] [INFO] [1785264036.981759346] [offboard_node]: WP1 도달·안정 (dist=0.0m speed=0.0m/s) → VISION_SEARCH (비전 착륙 활성)
[offboard_node-2] [INFO] [1785264037.081509805] [offboard_node]: 탐색 1회차 — 고도 25m AGL 반경 6.1→30m 링간격 12.2m 속도상한 5.0m/s (풋프린트 단폭 18.8m)
[offboard_node-2] [INFO] [1785264037.082563806] [offboard_node]: WP1 도달·안정 (dist=0.0m speed=0.0m/s) → VISION_SEARCH (비전 착륙 활성)
[offboard_node-2] [INFO] [1785264037.180417908] [offboard_node]: 탐색 1회차 — 고도 25m AGL 반경 6.1→30m 링간격 12.2m 속도상한 5.0m/s (풋프린트 단폭 18.8m)
[offboard_node-2] [INFO] [1785264037.180998213] [offboard_node]: WP1 도달·안정 (dist=0.0m speed=0.0m/s) → VISION_SEARCH (비전 착륙 활성)
[offboard_node-2] [INFO] [1785264037.281340100] [offboard_node]: 탐색 1회차 — 고도 25m AGL 반경 6.1→30m 링간격 12.2m 속도상한 5.0m/s (풋프린트 단폭 18.8m)
[offboard_node-2] [INFO] [1785264037.282253551] [offboard_node]: WP1 도달·안정 (dist=0.0m speed=0.0m/s) → VISION_SEARCH (비전 착륙 활성)
[offboard_node-2] [INFO] [1785264037.380949114] [offboard_node]: 탐색 1회차 — 고도 25m AGL 반경 6.1→30m 링간격 12.2m 속도상한 5.0m/s (풋프린트 단폭 18.8m)
[offboard_node-2] [INFO] [1785264037.381843277] [offboard_node]: WP1 도달·안정 (dist=0.0m speed=0.0m/s) → VISION_SEARCH (비전 착륙 활성)
[offboard_node-2] [INFO] [1785264037.480529883] [offboard_node]: 탐색 1회차 — 고도 25m AGL 반경 6.1→30m 링간격 12.2m 속도상한 5.0m/s (풋프린트 단폭 18.8m)
[offboard_node-2] [INFO] [1785264037.481245285] [offboard_node]: WP1 도달·안정 (dist=0.0m speed=0.0m/s) → VISION_SEARCH (비전 착륙 활성)
[offboard_node-2] [INFO] [1785264037.582631122] [offboard_node]: 탐색 1회차 — 고도 25m AGL 반경 6.1→30m 링간격 12.2m 속도상한 5.0m/s (풋프린트 단폭 18.8m)
[offboard_node-2] [INFO] [1785264037.583614398] [offboard_node]: WP1 도달·안정 (dist=0.0m speed=0.0m/s) → VISION_SEARCH (비전 착륙 활성)
[offboard_node-2] [INFO] [1785264037.680426796] [offboard_node]: 탐색 1회차 — 고도 25m AGL 반경 6.1→30m 링간격 12.2m 속도상한 5.0m/s (풋프린트 단폭 18.8m)
[offboard_node-2] [INFO] [1785264037.681252815] [offboard_node]: WP1 도달·안정 (dist=0.0m speed=0.0m/s) → VISION_SEARCH (비전 착륙 활성)
[offboard_node-2] [INFO] [1785264037.781912981] [offboard_node]: 탐색 1회차 — 고도 25m AGL 반경 6.1→30m 링간격 12.2m 속도상한 5.0m/s (풋프린트 단폭 18.8m)
[offboard_node-2] [INFO] [1785264037.782836171] [offboard_node]: WP1 도달·안정 (dist=0.0m speed=0.0m/s) → VISION_SEARCH (비전 착륙 활성)
[offboard_node-2] [INFO] [1785264037.880460829] [offboard_node]: 탐색 1회차 — 고도 25m AGL 반경 6.1→30m 링간격 12.2m 속도상한 5.0m/s (풋프린트 단폭 18.8m)
[offboard_node-2] [INFO] [1785264037.881169743] [offboard_node]: WP1 도달·안정 (dist=0.0m speed=0.0m/s) → VISION_SEARCH (비전 착륙 활성)
[offboard_node-2] [INFO] [1785264037.980349489] [offboard_node]: 탐색 1회차 — 고도 25m AGL 반경 6.1→30m 링간격 12.2m 속도상한 5.0m/s (풋프린트 단폭 18.8m)
[offboard_node-2] [INFO] [1785264037.981291150] [offboard_node]: WP1 도달·안정 (dist=0.0m speed=0.0m/s) → VISION_SEARCH (비전 착륙 활성)
[offboard_node-2] [INFO] [1785264038.081237257] [offboard_node]: 탐색 1회차 — 고도 25m AGL 반경 6.1→30m 링간격 12.2m 속도상한 5.0m/s (풋프린트 단폭 18.8m)
[offboard_node-2] [INFO] [1785264038.083557159] [offboard_node]: WP1 도달·안정 (dist=0.0m speed=0.0m/s) → VISION_SEARCH (비전 착륙 활성)
[offboard_node-2] [INFO] [1785264038.181031190] [offboard_node]: 탐색 1회차 — 고도 25m AGL 반경 6.1→30m 링간격 12.2m 속도상한 5.0m/s (풋프린트 단폭 18.8m)
[offboard_node-2] [INFO] [1785264038.182805473] [offboard_node]: WP1 도달·안정 (dist=0.0m speed=0.0m/s) → VISION_SEARCH (비전 착륙 활성)
[offboard_node-2] [INFO] [1785264038.281154877] [offboard_node]: 탐색 1회차 — 고도 25m AGL 반경 6.1→30m 링간격 12.2m 속도상한 5.0m/s (풋프린트 단폭 18.8m)
[offboard_node-2] [INFO] [1785264038.282157568] [offboard_node]: WP1 도달·안정 (dist=0.0m speed=0.0m/s) → VISION_SEARCH (비전 착륙 활성)
[offboard_node-2] [INFO] [1785264038.381101302] [offboard_node]: 탐색 1회차 — 고도 25m AGL 반경 6.1→30m 링간격 12.2m 속도상한 5.0m/s (풋프린트 단폭 18.8m)
[offboard_node-2] [INFO] [1785264038.382042026] [offboard_node]: WP1 도달·안정 (dist=0.0m speed=0.0m/s) → VISION_SEARCH (비전 착륙 활성)
[telemetry_node-1] [INFO] [1785264038.394019737] [telemetry_node]: pos_ned=[ 3.00005951e+02 -4.67433361e-03  4.99511490e+01]  yaw=0.090  armed=True  vtol=3  batt=15.30V/50%
[offboard_node-2] [INFO] [1785264038.480440296] [offboard_node]: 탐색 1회차 — 고도 25m AGL 반경 6.1→30m 링간격 12.2m 속도상한 5.0m/s (풋프린트 단폭 18.8m)
[offboard_node-2] [INFO] [1785264038.481542183] [offboard_node]: WP1 도달·안정 (dist=0.0m speed=0.0m/s) → VISION_SEARCH (비전 착륙 활성)
[offboard_node-2] [INFO] [1785264038.580169057] [offboard_node]: WP1 홀드 dist=0.0m speed=0.0m/s stable=1605/10
[offboard_node-2] [INFO] [1785264038.580860394] [offboard_node]: 탐색 1회차 — 고도 25m AGL 반경 6.1→30m 링간격 12.2m 속도상한 5.0m/s (풋프린트 단폭 18.8m)
[offboard_node-2] [INFO] [1785264038.581518347] [offboard_node]: WP1 도달·안정 (dist=0.0m speed=0.0m/s) → VISION_SEARCH (비전 착륙 활성)
[offboard_node-2] [INFO] [1785264038.680501448] [offboard_node]: 탐색 1회차 — 고도 25m AGL 반경 6.1→30m 링간격 12.2m 속도상한 5.0m/s (풋프린트 단폭 18.8m)
[offboard_node-2] [INFO] [1785264038.681084820] [offboard_node]: WP1 도달·안정 (dist=0.0m speed=0.0m/s) → VISION_SEARCH (비전 착륙 활성)
[offboard_node-2] [INFO] [1785264038.780786980] [offboard_node]: 탐색 1회차 — 고도 25m AGL 반경 6.1→30m 링간격 12.2m 속도상한 5.0m/s (풋프린트 단폭 18.8m)
[offboard_node-2] [INFO] [1785264038.781651642] [offboard_node]: WP1 도달·안정 (dist=0.0m speed=0.0m/s) → VISION_SEARCH (비전 착륙 활성)
[offboard_node-2] [INFO] [1785264038.880160356] [offboard_node]: 탐색 1회차 — 고도 25m AGL 반경 6.1→30m 링간격 12.2m 속도상한 5.0m/s (풋프린트 단폭 18.8m)
[offboard_node-2] [INFO] [1785264038.880845890] [offboard_node]: WP1 도달·안정 (dist=0.0m speed=0.0m/s) → VISION_SEARCH (비전 착륙 활성)
[offboard_node-2] [INFO] [1785264038.980264436] [offboard_node]: 탐색 1회차 — 고도 25m AGL 반경 6.1→30m 링간격 12.2m 속도상한 5.0m/s (풋프린트 단폭 18.8m)
[offboard_node-2] [INFO] [1785264038.980823808] [offboard_node]: WP1 도달·안정 (dist=0.0m speed=0.0m/s) → VISION_SEARCH (비전 착륙 활성)
[offboard_node-2] [INFO] [1785264039.080103122] [offboard_node]: 탐색 1회차 — 고도 25m AGL 반경 6.1→30m 링간격 12.2m 속도상한 5.0m/s (풋프린트 단폭 18.8m)
[offboard_node-2] [INFO] [1785264039.080610035] [offboard_node]: WP1 도달·안정 (dist=0.0m speed=0.0m/s) → VISION_SEARCH (비전 착륙 활성)
[offboard_node-2] [INFO] [1785264039.180159703] [offboard_node]: 탐색 1회차 — 고도 25m AGL 반경 6.1→30m 링간격 12.2m 속도상한 5.0m/s (풋프린트 단폭 18.8m)
[offboard_node-2] [INFO] [1785264039.180627888] [offboard_node]: WP1 도달·안정 (dist=0.0m speed=0.0m/s) → VISION_SEARCH (비전 착륙 활성)
[offboard_node-2] [INFO] [1785264039.280446383] [offboard_node]: 탐색 1회차 — 고도 25m AGL 반경 6.1→30m 링간격 12.2m 속도상한 5.0m/s (풋프린트 단폭 18.8m)
[offboard_node-2] [INFO] [1785264039.281086645] [offboard_node]: WP1 도달·안정 (dist=0.0m speed=0.0m/s) → VISION_SEARCH (비전 착륙 활성)
[offboard_node-2] [INFO] [1785264039.380243438] [offboard_node]: 탐색 1회차 — 고도 25m AGL 반경 6.1→30m 링간격 12.2m 속도상한 5.0m/s (풋프린트 단폭 18.8m)
[offboard_node-2] [INFO] [1785264039.380830049] [offboard_node]: WP1 도달·안정 (dist=0.0m speed=0.0m/s) → VISION_SEARCH (비전 착륙 활성)
[offboard_node-2] [INFO] [1785264039.480406060] [offboard_node]: 탐색 1회차 — 고도 25m AGL 반경 6.1→30m 링간격 12.2m 속도상한 5.0m/s (풋프린트 단폭 18.8m)
[offboard_node-2] [INFO] [1785264039.481121956] [offboard_node]: WP1 도달·안정 (dist=0.0m speed=0.0m/s) → VISION_SEARCH (비전 착륙 활성)
[offboard_node-2] [INFO] [1785264039.580181129] [offboard_node]: 탐색 1회차 — 고도 25m AGL 반경 6.1→30m 링간격 12.2m 속도상한 5.0m/s (풋프린트 단폭 18.8m)
[offboard_node-2] [INFO] [1785264039.580799561] [offboard_node]: WP1 도달·안정 (dist=0.0m speed=0.0m/s) → VISION_SEARCH (비전 착륙 활성)
[offboard_node-2] [INFO] [1785264039.680876501] [offboard_node]: 탐색 1회차 — 고도 25m AGL 반경 6.1→30m 링간격 12.2m 속도상한 5.0m/s (풋프린트 단폭 18.8m)
[offboard_node-2] [INFO] [1785264039.683032445] [offboard_node]: WP1 도달·안정 (dist=0.0m speed=0.0m/s) → VISION_SEARCH (비전 착륙 활성)
[offboard_node-2] [INFO] [1785264039.781052889] [offboard_node]: 탐색 1회차 — 고도 25m AGL 반경 6.1→30m 링간격 12.2m 속도상한 5.0m/s (풋프린트 단폭 18.8m)
[offboard_node-2] [INFO] [1785264039.781893438] [offboard_node]: WP1 도달·안정 (dist=0.0m speed=0.0m/s) → VISION_SEARCH (비전 착륙 활성)
[offboard_node-2] [INFO] [1785264039.880393445] [offboard_node]: 탐색 1회차 — 고도 25m AGL 반경 6.1→30m 링간격 12.2m 속도상한 5.0m/s (풋프린트 단폭 18.8m)
[offboard_node-2] [INFO] [1785264039.881395204] [offboard_node]: WP1 도달·안정 (dist=0.0m speed=0.0m/s) → VISION_SEARCH (비전 착륙 활성)
[offboard_node-2] [INFO] [1785264039.980846319] [offboard_node]: 탐색 1회차 — 고도 25m AGL 반경 6.1→30m 링간격 12.2m 속도상한 5.0m/s (풋프린트 단폭 18.8m)
[offboard_node-2] [INFO] [1785264039.981727985] [offboard_node]: WP1 도달·안정 (dist=0.0m speed=0.0m/s) → VISION_SEARCH (비전 착륙 활성)
[offboard_node-2] [INFO] [1785264040.080396910] [offboard_node]: 탐색 1회차 — 고도 25m AGL 반경 6.1→30m 링간격 12.2m 속도상한 5.0m/s (풋프린트 단폭 18.8m)
[offboard_node-2] [INFO] [1785264040.082099968] [offboard_node]: WP1 도달·안정 (dist=0.0m speed=0.0m/s) → VISION_SEARCH (비전 착륙 활성)
[offboard_node-2] [INFO] [1785264040.180157426] [offboard_node]: 탐색 1회차 — 고도 25m AGL 반경 6.1→30m 링간격 12.2m 속도상한 5.0m/s (풋프린트 단폭 18.8m)
[offboard_node-2] [INFO] [1785264040.180790471] [offboard_node]: WP1 도달·안정 (dist=0.0m speed=0.0m/s) → VISION_SEARCH (비전 착륙 활성)
[offboard_node-2] [INFO] [1785264040.280683999] [offboard_node]: 탐색 1회차 — 고도 25m AGL 반경 6.1→30m 링간격 12.2m 속도상한 5.0m/s (풋프린트 단폭 18.8m)
[offboard_node-2] [INFO] [1785264040.281440474] [offboard_node]: WP1 도달·안정 (dist=0.0m speed=0.0m/s) → VISION_SEARCH (비전 착륙 활성)
[offboard_node-2] [INFO] [1785264040.380143963] [offboard_node]: 탐색 1회차 — 고도 25m AGL 반경 6.1→30m 링간격 12.2m 속도상한 5.0m/s (풋프린트 단폭 18.8m)
[offboard_node-2] [INFO] [1785264040.380772329] [offboard_node]: WP1 도달·안정 (dist=0.0m speed=0.0m/s) → VISION_SEARCH (비전 착륙 활성)
[telemetry_node-1] [INFO] [1785264040.393459147] [telemetry_node]: pos_ned=[ 2.99987915e+02 -9.18151718e-03  4.99412155e+01]  yaw=0.090  armed=True  vtol=3  batt=15.30V/50%
[offboard_node-2] [INFO] [1785264040.480308231] [offboard_node]: 탐색 1회차 — 고도 25m AGL 반경 6.1→30m 링간격 12.2m 속도상한 5.0m/s (풋프린트 단폭 18.8m)
[offboard_node-2] [INFO] [1785264040.481060609] [offboard_node]: WP1 도달·안정 (dist=0.0m speed=0.0m/s) → VISION_SEARCH (비전 착륙 활성)
[offboard_node-2] [INFO] [1785264040.580289493] [offboard_node]: WP1 홀드 dist=0.0m speed=0.0m/s stable=1625/10
[offboard_node-2] [INFO] [1785264040.581144589] [offboard_node]: 탐색 1회차 — 고도 25m AGL 반경 6.1→30m 링간격 12.2m 속도상한 5.0m/s (풋프린트 단폭 18.8m)
[offboard_node-2] [INFO] [1785264040.581861226] [offboard_node]: WP1 도달·안정 (dist=0.0m speed=0.0m/s) → VISION_SEARCH (비전 착륙 활성)
[offboard_node-2] [INFO] [1785264040.680429771] [offboard_node]: 탐색 1회차 — 고도 25m AGL 반경 6.1→30m 링간격 12.2m 속도상한 5.0m/s (풋프린트 단폭 18.8m)
[offboard_node-2] [INFO] [1785264040.681286125] [offboard_node]: WP1 도달·안정 (dist=0.0m speed=0.0m/s) → VISION_SEARCH (비전 착륙 활성)
[offboard_node-2] [INFO] [1785264040.780346445] [offboard_node]: 탐색 1회차 — 고도 25m AGL 반경 6.1→30m 링간격 12.2m 속도상한 5.0m/s (풋프린트 단폭 18.8m)
[offboard_node-2] [INFO] [1785264040.780972048] [offboard_node]: WP1 도달·안정 (dist=0.0m speed=0.0m/s) → VISION_SEARCH (비전 착륙 활성)
[offboard_node-2] [INFO] [1785264040.880178846] [offboard_node]: 탐색 1회차 — 고도 25m AGL 반경 6.1→30m 링간격 12.2m 속도상한 5.0m/s (풋프린트 단폭 18.8m)
[offboard_node-2] [INFO] [1785264040.880683213] [offboard_node]: WP1 도달·안정 (dist=0.0m speed=0.0m/s) → VISION_SEARCH (비전 착륙 활성)
[offboard_node-2] [INFO] [1785264040.980605589] [offboard_node]: 탐색 1회차 — 고도 25m AGL 반경 6.1→30m 링간격 12.2m 속도상한 5.0m/s (풋프린트 단폭 18.8m)
[offboard_node-2] [INFO] [1785264040.981515491] [offboard_node]: WP1 도달·안정 (dist=0.0m speed=0.0m/s) → VISION_SEARCH (비전 착륙 활성)
[offboard_node-2] [INFO] [1785264041.080147810] [offboard_node]: 탐색 1회차 — 고도 25m AGL 반경 6.1→30m 링간격 12.2m 속도상한 5.0m/s (풋프린트 단폭 18.8m)
[offboard_node-2] [INFO] [1785264041.080655644] [offboard_node]: WP1 도달·안정 (dist=0.0m speed=0.0m/s) → VISION_SEARCH (비전 착륙 활성)
[offboard_node-2] [INFO] [1785264041.180686227] [offboard_node]: 탐색 1회차 — 고도 25m AGL 반경 6.1→30m 링간격 12.2m 속도상한 5.0m/s (풋프린트 단폭 18.8m)
[offboard_node-2] [INFO] [1785264041.181506314] [offboard_node]: WP1 도달·안정 (dist=0.0m speed=0.0m/s) → VISION_SEARCH (비전 착륙 활성)
[offboard_node-2] [INFO] [1785264041.280488054] [offboard_node]: 탐색 1회차 — 고도 25m AGL 반경 6.1→30m 링간격 12.2m 속도상한 5.0m/s (풋프린트 단폭 18.8m)
[offboard_node-2] [INFO] [1785264041.281412774] [offboard_node]: WP1 도달·안정 (dist=0.0m speed=0.0m/s) → VISION_SEARCH (비전 착륙 활성)
[offboard_node-2] [INFO] [1785264041.380422940] [offboard_node]: 탐색 1회차 — 고도 25m AGL 반경 6.1→30m 링간격 12.2m 속도상한 5.0m/s (풋프린트 단폭 18.8m)
[offboard_node-2] [INFO] [1785264041.381175264] [offboard_node]: WP1 도달·안정 (dist=0.0m speed=0.0m/s) → VISION_SEARCH (비전 착륙 활성)
[offboard_node-2] [INFO] [1785264041.480045428] [offboard_node]: 탐색 1회차 — 고도 25m AGL 반경 6.1→30m 링간격 12.2m 속도상한 5.0m/s (풋프린트 단폭 18.8m)
[offboard_node-2] [INFO] [1785264041.480835805] [offboard_node]: WP1 도달·안정 (dist=0.0m speed=0.0m/s) → VISION_SEARCH (비전 착륙 활성)
[offboard_node-2] [INFO] [1785264041.579975600] [offboard_node]: 탐색 1회차 — 고도 25m AGL 반경 6.1→30m 링간격 12.2m 속도상한 5.0m/s (풋프린트 단폭 18.8m)
[offboard_node-2] [INFO] [1785264041.580529471] [offboard_node]: WP1 도달·안정 (dist=0.0m speed=0.0m/s) → VISION_SEARCH (비전 착륙 활성)
[offboard_node-2] [INFO] [1785264041.680101756] [offboard_node]: 탐색 1회차 — 고도 25m AGL 반경 6.1→30m 링간격 12.2m 속도상한 5.0m/s (풋프린트 단폭 18.8m)
[offboard_node-2] [INFO] [1785264041.680741291] [offboard_node]: WP1 도달·안정 (dist=0.0m speed=0.0m/s) → VISION_SEARCH (비전 착륙 활성)
[offboard_node-2] [INFO] [1785264041.780369878] [offboard_node]: 탐색 1회차 — 고도 25m AGL 반경 6.1→30m 링간격 12.2m 속도상한 5.0m/s (풋프린트 단폭 18.8m)
[offboard_node-2] [INFO] [1785264041.780982262] [offboard_node]: WP1 도달·안정 (dist=0.0m speed=0.0m/s) → VISION_SEARCH (비전 착륙 활성)
[offboard_node-2] [INFO] [1785264041.879993692] [offboard_node]: 탐색 1회차 — 고도 25m AGL 반경 6.1→30m 링간격 12.2m 속도상한 5.0m/s (풋프린트 단폭 18.8m)
[offboard_node-2] [INFO] [1785264041.880553349] [offboard_node]: WP1 도달·안정 (dist=0.0m speed=0.0m/s) → VISION_SEARCH (비전 착륙 활성)
[offboard_node-2] [INFO] [1785264041.980050599] [offboard_node]: 탐색 1회차 — 고도 25m AGL 반경 6.1→30m 링간격 12.2m 속도상한 5.0m/s (풋프린트 단폭 18.8m)
[offboard_node-2] [INFO] [1785264041.980471470] [offboard_node]: WP1 도달·안정 (dist=0.0m speed=0.0m/s) → VISION_SEARCH (비전 착륙 활성)
[offboard_node-2] [INFO] [1785264042.080141169] [offboard_node]: 탐색 1회차 — 고도 25m AGL 반경 6.1→30m 링간격 12.2m 속도상한 5.0m/s (풋프린트 단폭 18.8m)
[offboard_node-2] [INFO] [1785264042.080803318] [offboard_node]: WP1 도달·안정 (dist=0.0m speed=0.0m/s) → VISION_SEARCH (비전 착륙 활성)
[offboard_node-2] [INFO] [1785264042.180896268] [offboard_node]: 탐색 1회차 — 고도 25m AGL 반경 6.1→30m 링간격 12.2m 속도상한 5.0m/s (풋프린트 단폭 18.8m)
[offboard_node-2] [INFO] [1785264042.181615297] [offboard_node]: WP1 도달·안정 (dist=0.0m speed=0.0m/s) → VISION_SEARCH (비전 착륙 활성)
[offboard_node-2] [INFO] [1785264042.280594388] [offboard_node]: 탐색 1회차 — 고도 25m AGL 반경 6.1→30m 링간격 12.2m 속도상한 5.0m/s (풋프린트 단폭 18.8m)
[offboard_node-2] [INFO] [1785264042.281328351] [offboard_node]: WP1 도달·안정 (dist=0.0m speed=0.0m/s) → VISION_SEARCH (비전 착륙 활성)
[offboard_node-2] [INFO] [1785264042.380463916] [offboard_node]: 탐색 1회차 — 고도 25m AGL 반경 6.1→30m 링간격 12.2m 속도상한 5.0m/s (풋프린트 단폭 18.8m)
[offboard_node-2] [INFO] [1785264042.381188201] [offboard_node]: WP1 도달·안정 (dist=0.0m speed=0.0m/s) → VISION_SEARCH (비전 착륙 활성)
[telemetry_node-1] [INFO] [1785264042.393422852] [telemetry_node]: pos_ned=[2.99994965e+02 1.64684877e-02 4.99457054e+01]  yaw=0.090  armed=True  vtol=3  batt=15.30V/50%
[offboard_node-2] [INFO] [1785264042.480593449] [offboard_node]: 탐색 1회차 — 고도 25m AGL 반경 6.1→30m 링간격 12.2m 속도상한 5.0m/s (풋프린트 단폭 18.8m)
[offboard_node-2] [INFO] [1785264042.481416132] [offboard_node]: WP1 도달·안정 (dist=0.0m speed=0.0m/s) → VISION_SEARCH (비전 착륙 활성)
[offboard_node-2] [INFO] [1785264042.581328551] [offboard_node]: WP1 홀드 dist=0.0m speed=0.0m/s stable=1645/10
[offboard_node-2] [INFO] [1785264042.583199820] [offboard_node]: 탐색 1회차 — 고도 25m AGL 반경 6.1→30m 링간격 12.2m 속도상한 5.0m/s (풋프린트 단폭 18.8m)
[offboard_node-2] [INFO] [1785264042.583719215] [offboard_node]: WP1 도달·안정 (dist=0.0m speed=0.0m/s) → VISION_SEARCH (비전 착륙 활성)
[offboard_node-2] [INFO] [1785264042.679998459] [offboard_node]: 탐색 1회차 — 고도 25m AGL 반경 6.1→30m 링간격 12.2m 속도상한 5.0m/s (풋프린트 단폭 18.8m)
[offboard_node-2] [INFO] [1785264042.680492779] [offboard_node]: WP1 도달·안정 (dist=0.0m speed=0.0m/s) → VISION_SEARCH (비전 착륙 활성)
[offboard_node-2] [INFO] [1785264042.780057806] [offboard_node]: 탐색 1회차 — 고도 25m AGL 반경 6.1→30m 링간격 12.2m 속도상한 5.0m/s (풋프린트 단폭 18.8m)
[offboard_node-2] [INFO] [1785264042.780658929] [offboard_node]: WP1 도달·안정 (dist=0.0m speed=0.0m/s) → VISION_SEARCH (비전 착륙 활성)
[offboard_node-2] [INFO] [1785264042.880072289] [offboard_node]: 탐색 1회차 — 고도 25m AGL 반경 6.1→30m 링간격 12.2m 속도상한 5.0m/s (풋프린트 단폭 18.8m)
[offboard_node-2] [INFO] [1785264042.880604985] [offboard_node]: WP1 도달·안정 (dist=0.0m speed=0.0m/s) → VISION_SEARCH (비전 착륙 활성)
[offboard_node-2] [INFO] [1785264042.980506878] [offboard_node]: 탐색 1회차 — 고도 25m AGL 반경 6.1→30m 링간격 12.2m 속도상한 5.0m/s (풋프린트 단폭 18.8m)
[offboard_node-2] [INFO] [1785264042.981422879] [offboard_node]: WP1 도달·안정 (dist=0.0m speed=0.0m/s) → VISION_SEARCH (비전 착륙 활성)
[offboard_node-2] [INFO] [1785264043.080421814] [offboard_node]: 탐색 1회차 — 고도 25m AGL 반경 6.1→30m 링간격 12.2m 속도상한 5.0m/s (풋프린트 단폭 18.8m)
[offboard_node-2] [INFO] [1785264043.081092547] [offboard_node]: WP1 도달·안정 (dist=0.0m speed=0.0m/s) → VISION_SEARCH (비전 착륙 활성)
[offboard_node-2] [INFO] [1785264043.180094189] [offboard_node]: 탐색 1회차 — 고도 25m AGL 반경 6.1→30m 링간격 12.2m 속도상한 5.0m/s (풋프린트 단폭 18.8m)
[offboard_node-2] [INFO] [1785264043.180608084] [offboard_node]: WP1 도달·안정 (dist=0.0m speed=0.0m/s) → VISION_SEARCH (비전 착륙 활성)
[offboard_node-2] [INFO] [1785264043.280289902] [offboard_node]: 탐색 1회차 — 고도 25m AGL 반경 6.1→30m 링간격 12.2m 속도상한 5.0m/s (풋프린트 단폭 18.8m)
[offboard_node-2] [INFO] [1785264043.280995918] [offboard_node]: WP1 도달·안정 (dist=0.0m speed=0.0m/s) → VISION_SEARCH (비전 착륙 활성)
[offboard_node-2] [INFO] [1785264043.380198676] [offboard_node]: 탐색 1회차 — 고도 25m AGL 반경 6.1→30m 링간격 12.2m 속도상한 5.0m/s (풋프린트 단폭 18.8m)
[offboard_node-2] [INFO] [1785264043.380999916] [offboard_node]: WP1 도달·안정 (dist=0.0m speed=0.0m/s) → VISION_SEARCH (비전 착륙 활성)
[offboard_node-2] [INFO] [1785264043.480105833] [offboard_node]: 탐색 1회차 — 고도 25m AGL 반경 6.1→30m 링간격 12.2m 속도상한 5.0m/s (풋프린트 단폭 18.8m)
[offboard_node-2] [INFO] [1785264043.480677703] [offboard_node]: WP1 도달·안정 (dist=0.0m speed=0.0m/s) → VISION_SEARCH (비전 착륙 활성)
[offboard_node-2] [INFO] [1785264043.580529387] [offboard_node]: 탐색 1회차 — 고도 25m AGL 반경 6.1→30m 링간격 12.2m 속도상한 5.0m/s (풋프린트 단폭 18.8m)
[offboard_node-2] [INFO] [1785264043.581181013] [offboard_node]: WP1 도달·안정 (dist=0.0m speed=0.0m/s) → VISION_SEARCH (비전 착륙 활성)
[offboard_node-2] [INFO] [1785264043.680907706] [offboard_node]: 탐색 1회차 — 고도 25m AGL 반경 6.1→30m 링간격 12.2m 속도상한 5.0m/s (풋프린트 단폭 18.8m)
[offboard_node-2] [INFO] [1785264043.681782743] [offboard_node]: WP1 도달·안정 (dist=0.0m speed=0.0m/s) → VISION_SEARCH (비전 착륙 활성)
[offboard_node-2] [INFO] [1785264043.780305843] [offboard_node]: 탐색 1회차 — 고도 25m AGL 반경 6.1→30m 링간격 12.2m 속도상한 5.0m/s (풋프린트 단폭 18.8m)
[offboard_node-2] [INFO] [1785264043.781003051] [offboard_node]: WP1 도달·안정 (dist=0.0m speed=0.0m/s) → VISION_SEARCH (비전 착륙 활성)
[offboard_node-2] [INFO] [1785264043.880068199] [offboard_node]: 탐색 1회차 — 고도 25m AGL 반경 6.1→30m 링간격 12.2m 속도상한 5.0m/s (풋프린트 단폭 18.8m)
[offboard_node-2] [INFO] [1785264043.880805203] [offboard_node]: WP1 도달·안정 (dist=0.0m speed=0.0m/s) → VISION_SEARCH (비전 착륙 활성)
[offboard_node-2] [INFO] [1785264043.980364923] [offboard_node]: 탐색 1회차 — 고도 25m AGL 반경 6.1→30m 링간격 12.2m 속도상한 5.0m/s (풋프린트 단폭 18.8m)
[offboard_node-2] [INFO] [1785264043.981097587] [offboard_node]: WP1 도달·안정 (dist=0.0m speed=0.0m/s) → VISION_SEARCH (비전 착륙 활성)
[offboard_node-2] [INFO] [1785264044.079959209] [offboard_node]: 탐색 1회차 — 고도 25m AGL 반경 6.1→30m 링간격 12.2m 속도상한 5.0m/s (풋프린트 단폭 18.8m)
[offboard_node-2] [INFO] [1785264044.080487222] [offboard_node]: WP1 도달·안정 (dist=0.0m speed=0.0m/s) → VISION_SEARCH (비전 착륙 활성)
[offboard_node-2] [INFO] [1785264044.180018459] [offboard_node]: 탐색 1회차 — 고도 25m AGL 반경 6.1→30m 링간격 12.2m 속도상한 5.0m/s (풋프린트 단폭 18.8m)
[offboard_node-2] [INFO] [1785264044.180453076] [offboard_node]: WP1 도달·안정 (dist=0.0m speed=0.0m/s) → VISION_SEARCH (비전 착륙 활성)
[offboard_node-2] [INFO] [1785264044.280543794] [offboard_node]: 탐색 1회차 — 고도 25m AGL 반경 6.1→30m 링간격 12.2m 속도상한 5.0m/s (풋프린트 단폭 18.8m)
[offboard_node-2] [INFO] [1785264044.281292580] [offboard_node]: WP1 도달·안정 (dist=0.0m speed=0.0m/s) → VISION_SEARCH (비전 착륙 활성)
[offboard_node-2] [INFO] [1785264044.380511654] [offboard_node]: 탐색 1회차 — 고도 25m AGL 반경 6.1→30m 링간격 12.2m 속도상한 5.0m/s (풋프린트 단폭 18.8m)
[offboard_node-2] [INFO] [1785264044.381251568] [offboard_node]: WP1 도달·안정 (dist=0.0m speed=0.0m/s) → VISION_SEARCH (비전 착륙 활성)
[telemetry_node-1] [INFO] [1785264044.393407764] [telemetry_node]: pos_ned=[3.00002045e+02 1.70076862e-02 4.99325714e+01]  yaw=0.091  armed=True  vtol=3  batt=15.30V/50%
[offboard_node-2] [INFO] [1785264044.483650578] [offboard_node]: 탐색 1회차 — 고도 25m AGL 반경 6.1→30m 링간격 12.2m 속도상한 5.0m/s (풋프린트 단폭 18.8m)
[offboard_node-2] [INFO] [1785264044.484973499] [offboard_node]: WP1 도달·안정 (dist=0.0m speed=0.0m/s) → VISION_SEARCH (비전 착륙 활성)
[offboard_node-2] [INFO] [1785264044.580457083] [offboard_node]: WP1 홀드 dist=0.0m speed=0.0m/s stable=1665/10
[offboard_node-2] [INFO] [1785264044.581510148] [offboard_node]: 탐색 1회차 — 고도 25m AGL 반경 6.1→30m 링간격 12.2m 속도상한 5.0m/s (풋프린트 단폭 18.8m)
[offboard_node-2] [INFO] [1785264044.582796338] [offboard_node]: WP1 도달·안정 (dist=0.0m speed=0.0m/s) → VISION_SEARCH (비전 착륙 활성)
[offboard_node-2] [INFO] [1785264044.680112231] [offboard_node]: 탐색 1회차 — 고도 25m AGL 반경 6.1→30m 링간격 12.2m 속도상한 5.0m/s (풋프린트 단폭 18.8m)
[offboard_node-2] [INFO] [1785264044.680805879] [offboard_node]: WP1 도달·안정 (dist=0.0m speed=0.0m/s) → VISION_SEARCH (비전 착륙 활성)
[offboard_node-2] [INFO] [1785264044.780123935] [offboard_node]: 탐색 1회차 — 고도 25m AGL 반경 6.1→30m 링간격 12.2m 속도상한 5.0m/s (풋프린트 단폭 18.8m)
[offboard_node-2] [INFO] [1785264044.780813729] [offboard_node]: WP1 도달·안정 (dist=0.0m speed=0.0m/s) → VISION_SEARCH (비전 착륙 활성)
[offboard_node-2] [INFO] [1785264044.880383591] [offboard_node]: 탐색 1회차 — 고도 25m AGL 반경 6.1→30m 링간격 12.2m 속도상한 5.0m/s (풋프린트 단폭 18.8m)
[offboard_node-2] [INFO] [1785264044.881030980] [offboard_node]: WP1 도달·안정 (dist=0.0m speed=0.0m/s) → VISION_SEARCH (비전 착륙 활성)
[offboard_node-2] [INFO] [1785264044.980021517] [offboard_node]: 탐색 1회차 — 고도 25m AGL 반경 6.1→30m 링간격 12.2m 속도상한 5.0m/s (풋프린트 단폭 18.8m)
[offboard_node-2] [INFO] [1785264044.980582402] [offboard_node]: WP1 도달·안정 (dist=0.0m speed=0.0m/s) → VISION_SEARCH (비전 착륙 활성)
[offboard_node-2] [INFO] [1785264045.079900805] [offboard_node]: 탐색 1회차 — 고도 25m AGL 반경 6.1→30m 링간격 12.2m 속도상한 5.0m/s (풋프린트 단폭 18.8m)
[offboard_node-2] [INFO] [1785264045.080311444] [offboard_node]: WP1 도달·안정 (dist=0.0m speed=0.0m/s) → VISION_SEARCH (비전 착륙 활성)
[offboard_node-2] [INFO] [1785264045.179886429] [offboard_node]: 탐색 1회차 — 고도 25m AGL 반경 6.1→30m 링간격 12.2m 속도상한 5.0m/s (풋프린트 단폭 18.8m)
[offboard_node-2] [INFO] [1785264045.180299679] [offboard_node]: WP1 도달·안정 (dist=0.0m speed=0.1m/s) → VISION_SEARCH (비전 착륙 활성)
[offboard_node-2] [INFO] [1785264045.279927167] [offboard_node]: 탐색 1회차 — 고도 25m AGL 반경 6.1→30m 링간격 12.2m 속도상한 5.0m/s (풋프린트 단폭 18.8m)
[offboard_node-2] [INFO] [1785264045.280331605] [offboard_node]: WP1 도달·안정 (dist=0.0m speed=0.1m/s) → VISION_SEARCH (비전 착륙 활성)
[offboard_node-2] [INFO] [1785264045.380088424] [offboard_node]: 탐색 1회차 — 고도 25m AGL 반경 6.1→30m 링간격 12.2m 속도상한 5.0m/s (풋프린트 단폭 18.8m)
[offboard_node-2] [INFO] [1785264045.380515149] [offboard_node]: WP1 도달·안정 (dist=0.0m speed=0.1m/s) → VISION_SEARCH (비전 착륙 활성)
[offboard_node-2] [INFO] [1785264045.480536085] [offboard_node]: 탐색 1회차 — 고도 25m AGL 반경 6.1→30m 링간격 12.2m 속도상한 5.0m/s (풋프린트 단폭 18.8m)
[offboard_node-2] [INFO] [1785264045.481240591] [offboard_node]: WP1 도달·안정 (dist=0.0m speed=0.1m/s) → VISION_SEARCH (비전 착륙 활성)
[offboard_node-2] [INFO] [1785264045.580135810] [offboard_node]: 탐색 1회차 — 고도 25m AGL 반경 6.1→30m 링간격 12.2m 속도상한 5.0m/s (풋프린트 단폭 18.8m)
[offboard_node-2] [INFO] [1785264045.580821146] [offboard_node]: WP1 도달·안정 (dist=0.0m speed=0.1m/s) → VISION_SEARCH (비전 착륙 활성)
[offboard_node-2] [INFO] [1785264045.680376938] [offboard_node]: 탐색 1회차 — 고도 25m AGL 반경 6.1→30m 링간격 12.2m 속도상한 5.0m/s (풋프린트 단폭 18.8m)
[offboard_node-2] [INFO] [1785264045.681010160] [offboard_node]: WP1 도달·안정 (dist=0.0m speed=0.0m/s) → VISION_SEARCH (비전 착륙 활성)
[offboard_node-2] [INFO] [1785264045.780100547] [offboard_node]: 탐색 1회차 — 고도 25m AGL 반경 6.1→30m 링간격 12.2m 속도상한 5.0m/s (풋프린트 단폭 18.8m)
[offboard_node-2] [INFO] [1785264045.780603177] [offboard_node]: WP1 도달·안정 (dist=0.0m speed=0.0m/s) → VISION_SEARCH (비전 착륙 활성)
[offboard_node-2] [INFO] [1785264045.880134954] [offboard_node]: 탐색 1회차 — 고도 25m AGL 반경 6.1→30m 링간격 12.2m 속도상한 5.0m/s (풋프린트 단폭 18.8m)
[offboard_node-2] [INFO] [1785264045.880753958] [offboard_node]: WP1 도달·안정 (dist=0.0m speed=0.0m/s) → VISION_SEARCH (비전 착륙 활성)
[offboard_node-2] [INFO] [1785264045.980116149] [offboard_node]: 탐색 1회차 — 고도 25m AGL 반경 6.1→30m 링간격 12.2m 속도상한 5.0m/s (풋프린트 단폭 18.8m)
[offboard_node-2] [INFO] [1785264045.980812186] [offboard_node]: WP1 도달·안정 (dist=0.0m speed=0.0m/s) → VISION_SEARCH (비전 착륙 활성)
[offboard_node-2] [INFO] [1785264046.081332780] [offboard_node]: 탐색 1회차 — 고도 25m AGL 반경 6.1→30m 링간격 12.2m 속도상한 5.0m/s (풋프린트 단폭 18.8m)
[offboard_node-2] [INFO] [1785264046.082087779] [offboard_node]: WP1 도달·안정 (dist=0.0m speed=0.0m/s) → VISION_SEARCH (비전 착륙 활성)
[offboard_node-2] [INFO] [1785264046.180247249] [offboard_node]: 탐색 1회차 — 고도 25m AGL 반경 6.1→30m 링간격 12.2m 속도상한 5.0m/s (풋프린트 단폭 18.8m)
[offboard_node-2] [INFO] [1785264046.180702423] [offboard_node]: WP1 도달·안정 (dist=0.0m speed=0.0m/s) → VISION_SEARCH (비전 착륙 활성)
[offboard_node-2] [INFO] [1785264046.280167574] [offboard_node]: 탐색 1회차 — 고도 25m AGL 반경 6.1→30m 링간격 12.2m 속도상한 5.0m/s (풋프린트 단폭 18.8m)
[offboard_node-2] [INFO] [1785264046.280767988] [offboard_node]: WP1 도달·안정 (dist=0.0m speed=0.0m/s) → VISION_SEARCH (비전 착륙 활성)
[offboard_node-2] [INFO] [1785264046.380039691] [offboard_node]: 탐색 1회차 — 고도 25m AGL 반경 6.1→30m 링간격 12.2m 속도상한 5.0m/s (풋프린트 단폭 18.8m)
[offboard_node-2] [INFO] [1785264046.380508277] [offboard_node]: WP1 도달·안정 (dist=0.0m speed=0.0m/s) → VISION_SEARCH (비전 착륙 활성)
[telemetry_node-1] [INFO] [1785264046.393481950] [telemetry_node]: pos_ned=[2.99980713e+02 1.98808755e-03 4.99244652e+01]  yaw=0.090  armed=True  vtol=3  batt=15.30V/50%
[offboard_node-2] [INFO] [1785264046.480085309] [offboard_node]: 탐색 1회차 — 고도 25m AGL 반경 6.1→30m 링간격 12.2m 속도상한 5.0m/s (풋프린트 단폭 18.8m)
[offboard_node-2] [INFO] [1785264046.480651813] [offboard_node]: WP1 도달·안정 (dist=0.0m speed=0.0m/s) → VISION_SEARCH (비전 착륙 활성)
[offboard_node-2] [INFO] [1785264046.579957247] [offboard_node]: WP1 홀드 dist=0.0m speed=0.0m/s stable=1685/10
[offboard_node-2] [INFO] [1785264046.580421439] [offboard_node]: 탐색 1회차 — 고도 25m AGL 반경 6.1→30m 링간격 12.2m 속도상한 5.0m/s (풋프린트 단폭 18.8m)
[offboard_node-2] [INFO] [1785264046.580842520] [offboard_node]: WP1 도달·안정 (dist=0.0m speed=0.0m/s) → VISION_SEARCH (비전 착륙 활성)
[offboard_node-2] [INFO] [1785264046.680442009] [offboard_node]: 탐색 1회차 — 고도 25m AGL 반경 6.1→30m 링간격 12.2m 속도상한 5.0m/s (풋프린트 단폭 18.8m)
[offboard_node-2] [INFO] [1785264046.680998107] [offboard_node]: WP1 도달·안정 (dist=0.0m speed=0.0m/s) → VISION_SEARCH (비전 착륙 활성)
[offboard_node-2] [INFO] [1785264046.780023627] [offboard_node]: 탐색 1회차 — 고도 25m AGL 반경 6.1→30m 링간격 12.2m 속도상한 5.0m/s (풋프린트 단폭 18.8m)
[offboard_node-2] [INFO] [1785264046.780421583] [offboard_node]: WP1 도달·안정 (dist=0.0m speed=0.0m/s) → VISION_SEARCH (비전 착륙 활성)
[offboard_node-2] [INFO] [1785264046.880176329] [offboard_node]: 탐색 1회차 — 고도 25m AGL 반경 6.1→30m 링간격 12.2m 속도상한 5.0m/s (풋프린트 단폭 18.8m)
[offboard_node-2] [INFO] [1785264046.880801379] [offboard_node]: WP1 도달·안정 (dist=0.0m speed=0.0m/s) → VISION_SEARCH (비전 착륙 활성)
[offboard_node-2] [INFO] [1785264046.980568159] [offboard_node]: 탐색 1회차 — 고도 25m AGL 반경 6.1→30m 링간격 12.2m 속도상한 5.0m/s (풋프린트 단폭 18.8m)
[offboard_node-2] [INFO] [1785264046.981246868] [offboard_node]: WP1 도달·안정 (dist=0.0m speed=0.0m/s) → VISION_SEARCH (비전 착륙 활성)
[offboard_node-2] [INFO] [1785264047.080022650] [offboard_node]: 탐색 1회차 — 고도 25m AGL 반경 6.1→30m 링간격 12.2m 속도상한 5.0m/s (풋프린트 단폭 18.8m)
[offboard_node-2] [INFO] [1785264047.080551590] [offboard_node]: WP1 도달·안정 (dist=0.0m speed=0.0m/s) → VISION_SEARCH (비전 착륙 활성)
[offboard_node-2] [INFO] [1785264047.180072921] [offboard_node]: 탐색 1회차 — 고도 25m AGL 반경 6.1→30m 링간격 12.2m 속도상한 5.0m/s (풋프린트 단폭 18.8m)
[offboard_node-2] [INFO] [1785264047.180500282] [offboard_node]: WP1 도달·안정 (dist=0.0m speed=0.0m/s) → VISION_SEARCH (비전 착륙 활성)
[offboard_node-2] [INFO] [1785264047.280179568] [offboard_node]: 탐색 1회차 — 고도 25m AGL 반경 6.1→30m 링간격 12.2m 속도상한 5.0m/s (풋프린트 단폭 18.8m)
[offboard_node-2] [INFO] [1785264047.280625407] [offboard_node]: WP1 도달·안정 (dist=0.0m speed=0.0m/s) → VISION_SEARCH (비전 착륙 활성)
[offboard_node-2] [INFO] [1785264047.381271848] [offboard_node]: 탐색 1회차 — 고도 25m AGL 반경 6.1→30m 링간격 12.2m 속도상한 5.0m/s (풋프린트 단폭 18.8m)
[offboard_node-2] [INFO] [1785264047.383891375] [offboard_node]: WP1 도달·안정 (dist=0.0m speed=0.0m/s) → VISION_SEARCH (비전 착륙 활성)
[offboard_node-2] [INFO] [1785264047.480627326] [offboard_node]: 탐색 1회차 — 고도 25m AGL 반경 6.1→30m 링간격 12.2m 속도상한 5.0m/s (풋프린트 단폭 18.8m)
[offboard_node-2] [INFO] [1785264047.481159511] [offboard_node]: WP1 도달·안정 (dist=0.0m speed=0.0m/s) → VISION_SEARCH (비전 착륙 활성)
[offboard_node-2] [INFO] [1785264047.580854719] [offboard_node]: 탐색 1회차 — 고도 25m AGL 반경 6.1→30m 링간격 12.2m 속도상한 5.0m/s (풋프린트 단폭 18.8m)
[offboard_node-2] [INFO] [1785264047.581655671] [offboard_node]: WP1 도달·안정 (dist=0.0m speed=0.0m/s) → VISION_SEARCH (비전 착륙 활성)
[offboard_node-2] [INFO] [1785264047.680956723] [offboard_node]: 탐색 1회차 — 고도 25m AGL 반경 6.1→30m 링간격 12.2m 속도상한 5.0m/s (풋프린트 단폭 18.8m)
[offboard_node-2] [INFO] [1785264047.681876081] [offboard_node]: WP1 도달·안정 (dist=0.0m speed=0.0m/s) → VISION_SEARCH (비전 착륙 활성)
[offboard_node-2] [INFO] [1785264047.780610496] [offboard_node]: 탐색 1회차 — 고도 25m AGL 반경 6.1→30m 링간격 12.2m 속도상한 5.0m/s (풋프린트 단폭 18.8m)
[offboard_node-2] [INFO] [1785264047.781192498] [offboard_node]: WP1 도달·안정 (dist=0.0m speed=0.0m/s) → VISION_SEARCH (비전 착륙 활성)
[offboard_node-2] [INFO] [1785264047.881552374] [offboard_node]: 탐색 1회차 — 고도 25m AGL 반경 6.1→30m 링간격 12.2m 속도상한 5.0m/s (풋프린트 단폭 18.8m)
[offboard_node-2] [INFO] [1785264047.883371488] [offboard_node]: WP1 도달·안정 (dist=0.0m speed=0.0m/s) → VISION_SEARCH (비전 착륙 활성)
[offboard_node-2] [INFO] [1785264047.980917344] [offboard_node]: 탐색 1회차 — 고도 25m AGL 반경 6.1→30m 링간격 12.2m 속도상한 5.0m/s (풋프린트 단폭 18.8m)
[offboard_node-2] [INFO] [1785264047.981728082] [offboard_node]: WP1 도달·안정 (dist=0.0m speed=0.0m/s) → VISION_SEARCH (비전 착륙 활성)
[offboard_node-2] [INFO] [1785264048.080623422] [offboard_node]: 탐색 1회차 — 고도 25m AGL 반경 6.1→30m 링간격 12.2m 속도상한 5.0m/s (풋프린트 단폭 18.8m)
[offboard_node-2] [INFO] [1785264048.081389653] [offboard_node]: WP1 도달·안정 (dist=0.0m speed=0.0m/s) → VISION_SEARCH (비전 착륙 활성)
[offboard_node-2] [INFO] [1785264048.180457893] [offboard_node]: 탐색 1회차 — 고도 25m AGL 반경 6.1→30m 링간격 12.2m 속도상한 5.0m/s (풋프린트 단폭 18.8m)
[offboard_node-2] [INFO] [1785264048.181063560] [offboard_node]: WP1 도달·안정 (dist=0.0m speed=0.0m/s) → VISION_SEARCH (비전 착륙 활성)
[offboard_node-2] [INFO] [1785264048.280521145] [offboard_node]: 탐색 1회차 — 고도 25m AGL 반경 6.1→30m 링간격 12.2m 속도상한 5.0m/s (풋프린트 단폭 18.8m)
[offboard_node-2] [INFO] [1785264048.281062069] [offboard_node]: WP1 도달·안정 (dist=0.0m speed=0.0m/s) → VISION_SEARCH (비전 착륙 활성)
[offboard_node-2] [INFO] [1785264048.380658501] [offboard_node]: 탐색 1회차 — 고도 25m AGL 반경 6.1→30m 링간격 12.2m 속도상한 5.0m/s (풋프린트 단폭 18.8m)
[offboard_node-2] [INFO] [1785264048.381173748] [offboard_node]: WP1 도달·안정 (dist=0.0m speed=0.0m/s) → VISION_SEARCH (비전 착륙 활성)
[telemetry_node-1] [INFO] [1785264048.393187558] [telemetry_node]: pos_ned=[2.99964874e+02 1.08642345e-02 4.99212914e+01]  yaw=0.090  armed=True  vtol=3  batt=15.30V/50%
[offboard_node-2] [INFO] [1785264048.480686683] [offboard_node]: 탐색 1회차 — 고도 25m AGL 반경 6.1→30m 링간격 12.2m 속도상한 5.0m/s (풋프린트 단폭 18.8m)
[offboard_node-2] [INFO] [1785264048.481344434] [offboard_node]: WP1 도달·안정 (dist=0.0m speed=0.0m/s) → VISION_SEARCH (비전 착륙 활성)
[offboard_node-2] [INFO] [1785264048.580682201] [offboard_node]: WP1 홀드 dist=0.0m speed=0.0m/s stable=1705/10
[offboard_node-2] [INFO] [1785264048.581517278] [offboard_node]: 탐색 1회차 — 고도 25m AGL 반경 6.1→30m 링간격 12.2m 속도상한 5.0m/s (풋프린트 단폭 18.8m)
[offboard_node-2] [INFO] [1785264048.582171909] [offboard_node]: WP1 도달·안정 (dist=0.0m speed=0.0m/s) → VISION_SEARCH (비전 착륙 활성)
[offboard_node-2] [INFO] [1785264048.681096086] [offboard_node]: 탐색 1회차 — 고도 25m AGL 반경 6.1→30m 링간격 12.2m 속도상한 5.0m/s (풋프린트 단폭 18.8m)
[offboard_node-2] [INFO] [1785264048.681877639] [offboard_node]: WP1 도달·안정 (dist=0.0m speed=0.0m/s) → VISION_SEARCH (비전 착륙 활성)
[offboard_node-2] [INFO] [1785264048.780524926] [offboard_node]: 탐색 1회차 — 고도 25m AGL 반경 6.1→30m 링간격 12.2m 속도상한 5.0m/s (풋프린트 단폭 18.8m)
[offboard_node-2] [INFO] [1785264048.781120640] [offboard_node]: WP1 도달·안정 (dist=0.0m speed=0.0m/s) → VISION_SEARCH (비전 착륙 활성)
[offboard_node-2] [INFO] [1785264048.880893325] [offboard_node]: 탐색 1회차 — 고도 25m AGL 반경 6.1→30m 링간격 12.2m 속도상한 5.0m/s (풋프린트 단폭 18.8m)
[offboard_node-2] [INFO] [1785264048.881548553] [offboard_node]: WP1 도달·안정 (dist=0.0m speed=0.0m/s) → VISION_SEARCH (비전 착륙 활성)
[offboard_node-2] [INFO] [1785264048.980455696] [offboard_node]: 탐색 1회차 — 고도 25m AGL 반경 6.1→30m 링간격 12.2m 속도상한 5.0m/s (풋프린트 단폭 18.8m)
[offboard_node-2] [INFO] [1785264048.981047215] [offboard_node]: WP1 도달·안정 (dist=0.0m speed=0.0m/s) → VISION_SEARCH (비전 착륙 활성)
[offboard_node-2] [INFO] [1785264049.080350327] [offboard_node]: 탐색 1회차 — 고도 25m AGL 반경 6.1→30m 링간격 12.2m 속도상한 5.0m/s (풋프린트 단폭 18.8m)
[offboard_node-2] [INFO] [1785264049.080958031] [offboard_node]: WP1 도달·안정 (dist=0.0m speed=0.0m/s) → VISION_SEARCH (비전 착륙 활성)
[offboard_node-2] [INFO] [1785264049.180765626] [offboard_node]: 탐색 1회차 — 고도 25m AGL 반경 6.1→30m 링간격 12.2m 속도상한 5.0m/s (풋프린트 단폭 18.8m)
[offboard_node-2] [INFO] [1785264049.181321484] [offboard_node]: WP1 도달·안정 (dist=0.0m speed=0.0m/s) → VISION_SEARCH (비전 착륙 활성)
[offboard_node-2] [INFO] [1785264049.280656686] [offboard_node]: 탐색 1회차 — 고도 25m AGL 반경 6.1→30m 링간격 12.2m 속도상한 5.0m/s (풋프린트 단폭 18.8m)
[offboard_node-2] [INFO] [1785264049.281397656] [offboard_node]: WP1 도달·안정 (dist=0.0m speed=0.0m/s) → VISION_SEARCH (비전 착륙 활성)
[offboard_node-2] [INFO] [1785264049.380417639] [offboard_node]: 탐색 1회차 — 고도 25m AGL 반경 6.1→30m 링간격 12.2m 속도상한 5.0m/s (풋프린트 단폭 18.8m)
[offboard_node-2] [INFO] [1785264049.380936819] [offboard_node]: WP1 도달·안정 (dist=0.0m speed=0.0m/s) → VISION_SEARCH (비전 착륙 활성)
[offboard_node-2] [INFO] [1785264049.480181249] [offboard_node]: 탐색 1회차 — 고도 25m AGL 반경 6.1→30m 링간격 12.2m 속도상한 5.0m/s (풋프린트 단폭 18.8m)
[offboard_node-2] [INFO] [1785264049.480768990] [offboard_node]: WP1 도달·안정 (dist=0.0m speed=0.0m/s) → VISION_SEARCH (비전 착륙 활성)
[offboard_node-2] [INFO] [1785264049.580372045] [offboard_node]: 탐색 1회차 — 고도 25m AGL 반경 6.1→30m 링간격 12.2m 속도상한 5.0m/s (풋프린트 단폭 18.8m)
[offboard_node-2] [INFO] [1785264049.580961255] [offboard_node]: WP1 도달·안정 (dist=0.0m speed=0.0m/s) → VISION_SEARCH (비전 착륙 활성)
[offboard_node-2] [INFO] [1785264049.680444493] [offboard_node]: 탐색 1회차 — 고도 25m AGL 반경 6.1→30m 링간격 12.2m 속도상한 5.0m/s (풋프린트 단폭 18.8m)
[offboard_node-2] [INFO] [1785264049.681175131] [offboard_node]: WP1 도달·안정 (dist=0.0m speed=0.0m/s) → VISION_SEARCH (비전 착륙 활성)
[offboard_node-2] [INFO] [1785264049.780336792] [offboard_node]: 탐색 1회차 — 고도 25m AGL 반경 6.1→30m 링간격 12.2m 속도상한 5.0m/s (풋프린트 단폭 18.8m)
[offboard_node-2] [INFO] [1785264049.780787243] [offboard_node]: WP1 도달·안정 (dist=0.0m speed=0.0m/s) → VISION_SEARCH (비전 착륙 활성)
[offboard_node-2] [INFO] [1785264049.880689047] [offboard_node]: 탐색 1회차 — 고도 25m AGL 반경 6.1→30m 링간격 12.2m 속도상한 5.0m/s (풋프린트 단폭 18.8m)
[offboard_node-2] [INFO] [1785264049.881330178] [offboard_node]: WP1 도달·안정 (dist=0.0m speed=0.0m/s) → VISION_SEARCH (비전 착륙 활성)
[offboard_node-2] [INFO] [1785264049.980488999] [offboard_node]: 탐색 1회차 — 고도 25m AGL 반경 6.1→30m 링간격 12.2m 속도상한 5.0m/s (풋프린트 단폭 18.8m)
[offboard_node-2] [INFO] [1785264049.981228103] [offboard_node]: WP1 도달·안정 (dist=0.0m speed=0.0m/s) → VISION_SEARCH (비전 착륙 활성)
[offboard_node-2] [INFO] [1785264050.081006784] [offboard_node]: 탐색 1회차 — 고도 25m AGL 반경 6.1→30m 링간격 12.2m 속도상한 5.0m/s (풋프린트 단폭 18.8m)
[offboard_node-2] [INFO] [1785264050.081779580] [offboard_node]: WP1 도달·안정 (dist=0.0m speed=0.0m/s) → VISION_SEARCH (비전 착륙 활성)
[offboard_node-2] [INFO] [1785264050.180869208] [offboard_node]: 탐색 1회차 — 고도 25m AGL 반경 6.1→30m 링간격 12.2m 속도상한 5.0m/s (풋프린트 단폭 18.8m)
[offboard_node-2] [INFO] [1785264050.181509922] [offboard_node]: WP1 도달·안정 (dist=0.0m speed=0.0m/s) → VISION_SEARCH (비전 착륙 활성)
[offboard_node-2] [INFO] [1785264050.280927810] [offboard_node]: 탐색 1회차 — 고도 25m AGL 반경 6.1→30m 링간격 12.2m 속도상한 5.0m/s (풋프린트 단폭 18.8m)
[offboard_node-2] [INFO] [1785264050.281737208] [offboard_node]: WP1 도달·안정 (dist=0.0m speed=0.0m/s) → VISION_SEARCH (비전 착륙 활성)
[offboard_node-2] [INFO] [1785264050.380934519] [offboard_node]: 탐색 1회차 — 고도 25m AGL 반경 6.1→30m 링간격 12.2m 속도상한 5.0m/s (풋프린트 단폭 18.8m)
[offboard_node-2] [INFO] [1785264050.381893130] [offboard_node]: WP1 도달·안정 (dist=0.0m speed=0.0m/s) → VISION_SEARCH (비전 착륙 활성)
[telemetry_node-1] [INFO] [1785264050.394181241] [telemetry_node]: pos_ned=[2.99973602e+02 2.84678247e-02 4.99388237e+01]  yaw=0.090  armed=True  vtol=3  batt=15.30V/50%
[offboard_node-2] [INFO] [1785264050.481238067] [offboard_node]: 탐색 1회차 — 고도 25m AGL 반경 6.1→30m 링간격 12.2m 속도상한 5.0m/s (풋프린트 단폭 18.8m)
[offboard_node-2] [INFO] [1785264050.482045026] [offboard_node]: WP1 도달·안정 (dist=0.0m speed=0.0m/s) → VISION_SEARCH (비전 착륙 활성)
[offboard_node-2] [INFO] [1785264050.581479866] [offboard_node]: WP1 홀드 dist=0.0m speed=0.0m/s stable=1725/10
[offboard_node-2] [INFO] [1785264050.582254691] [offboard_node]: 탐색 1회차 — 고도 25m AGL 반경 6.1→30m 링간격 12.2m 속도상한 5.0m/s (풋프린트 단폭 18.8m)
[offboard_node-2] [INFO] [1785264050.582966102] [offboard_node]: WP1 도달·안정 (dist=0.0m speed=0.0m/s) → VISION_SEARCH (비전 착륙 활성)
[offboard_node-2] [INFO] [1785264050.680754899] [offboard_node]: 탐색 1회차 — 고도 25m AGL 반경 6.1→30m 링간격 12.2m 속도상한 5.0m/s (풋프린트 단폭 18.8m)
[offboard_node-2] [INFO] [1785264050.681656095] [offboard_node]: WP1 도달·안정 (dist=0.0m speed=0.0m/s) → VISION_SEARCH (비전 착륙 활성)
[offboard_node-2] [INFO] [1785264050.781134680] [offboard_node]: 탐색 1회차 — 고도 25m AGL 반경 6.1→30m 링간격 12.2m 속도상한 5.0m/s (풋프린트 단폭 18.8m)
[offboard_node-2] [INFO] [1785264050.783900834] [offboard_node]: WP1 도달·안정 (dist=0.0m speed=0.0m/s) → VISION_SEARCH (비전 착륙 활성)
[offboard_node-2] [INFO] [1785264050.880837044] [offboard_node]: 탐색 1회차 — 고도 25m AGL 반경 6.1→30m 링간격 12.2m 속도상한 5.0m/s (풋프린트 단폭 18.8m)
[offboard_node-2] [INFO] [1785264050.881945080] [offboard_node]: WP1 도달·안정 (dist=0.0m speed=0.0m/s) → VISION_SEARCH (비전 착륙 활성)
[offboard_node-2] [INFO] [1785264050.980693208] [offboard_node]: 탐색 1회차 — 고도 25m AGL 반경 6.1→30m 링간격 12.2m 속도상한 5.0m/s (풋프린트 단폭 18.8m)
[offboard_node-2] [INFO] [1785264050.981422811] [offboard_node]: WP1 도달·안정 (dist=0.0m speed=0.0m/s) → VISION_SEARCH (비전 착륙 활성)
[offboard_node-2] [INFO] [1785264051.080727007] [offboard_node]: 탐색 1회차 — 고도 25m AGL 반경 6.1→30m 링간격 12.2m 속도상한 5.0m/s (풋프린트 단폭 18.8m)
[offboard_node-2] [INFO] [1785264051.081509234] [offboard_node]: WP1 도달·안정 (dist=0.0m speed=0.0m/s) → VISION_SEARCH (비전 착륙 활성)
[offboard_node-2] [INFO] [1785264051.181031049] [offboard_node]: 탐색 1회차 — 고도 25m AGL 반경 6.1→30m 링간격 12.2m 속도상한 5.0m/s (풋프린트 단폭 18.8m)
[offboard_node-2] [INFO] [1785264051.181892263] [offboard_node]: WP1 도달·안정 (dist=0.0m speed=0.0m/s) → VISION_SEARCH (비전 착륙 활성)
[offboard_node-2] [INFO] [1785264051.280887156] [offboard_node]: 탐색 1회차 — 고도 25m AGL 반경 6.1→30m 링간격 12.2m 속도상한 5.0m/s (풋프린트 단폭 18.8m)
[offboard_node-2] [INFO] [1785264051.281699809] [offboard_node]: WP1 도달·안정 (dist=0.0m speed=0.0m/s) → VISION_SEARCH (비전 착륙 활성)
[offboard_node-2] [INFO] [1785264051.380689518] [offboard_node]: 탐색 1회차 — 고도 25m AGL 반경 6.1→30m 링간격 12.2m 속도상한 5.0m/s (풋프린트 단폭 18.8m)
[offboard_node-2] [INFO] [1785264051.381419450] [offboard_node]: WP1 도달·안정 (dist=0.0m speed=0.0m/s) → VISION_SEARCH (비전 착륙 활성)
[offboard_node-2] [INFO] [1785264051.480397195] [offboard_node]: 탐색 1회차 — 고도 25m AGL 반경 6.1→30m 링간격 12.2m 속도상한 5.0m/s (풋프린트 단폭 18.8m)
[offboard_node-2] [INFO] [1785264051.481046775] [offboard_node]: WP1 도달·안정 (dist=0.0m speed=0.0m/s) → VISION_SEARCH (비전 착륙 활성)
[offboard_node-2] [INFO] [1785264051.580555120] [offboard_node]: 탐색 1회차 — 고도 25m AGL 반경 6.1→30m 링간격 12.2m 속도상한 5.0m/s (풋프린트 단폭 18.8m)
[offboard_node-2] [INFO] [1785264051.581228918] [offboard_node]: WP1 도달·안정 (dist=0.0m speed=0.0m/s) → VISION_SEARCH (비전 착륙 활성)
[offboard_node-2] [INFO] [1785264051.680776092] [offboard_node]: 탐색 1회차 — 고도 25m AGL 반경 6.1→30m 링간격 12.2m 속도상한 5.0m/s (풋프린트 단폭 18.8m)
[offboard_node-2] [INFO] [1785264051.681366956] [offboard_node]: WP1 도달·안정 (dist=0.0m speed=0.0m/s) → VISION_SEARCH (비전 착륙 활성)
[offboard_node-2] [INFO] [1785264051.780720127] [offboard_node]: 탐색 1회차 — 고도 25m AGL 반경 6.1→30m 링간격 12.2m 속도상한 5.0m/s (풋프린트 단폭 18.8m)
[offboard_node-2] [INFO] [1785264051.781472476] [offboard_node]: WP1 도달·안정 (dist=0.0m speed=0.0m/s) → VISION_SEARCH (비전 착륙 활성)
[offboard_node-2] [INFO] [1785264051.880668624] [offboard_node]: 탐색 1회차 — 고도 25m AGL 반경 6.1→30m 링간격 12.2m 속도상한 5.0m/s (풋프린트 단폭 18.8m)
[offboard_node-2] [INFO] [1785264051.881731602] [offboard_node]: WP1 도달·안정 (dist=0.0m speed=0.0m/s) → VISION_SEARCH (비전 착륙 활성)
[offboard_node-2] [INFO] [1785264051.980848563] [offboard_node]: 탐색 1회차 — 고도 25m AGL 반경 6.1→30m 링간격 12.2m 속도상한 5.0m/s (풋프린트 단폭 18.8m)
[offboard_node-2] [INFO] [1785264051.981664729] [offboard_node]: WP1 도달·안정 (dist=0.0m speed=0.0m/s) → VISION_SEARCH (비전 착륙 활성)
[offboard_node-2] [INFO] [1785264052.080781795] [offboard_node]: 탐색 1회차 — 고도 25m AGL 반경 6.1→30m 링간격 12.2m 속도상한 5.0m/s (풋프린트 단폭 18.8m)
[offboard_node-2] [INFO] [1785264052.081667386] [offboard_node]: WP1 도달·안정 (dist=0.0m speed=0.0m/s) → VISION_SEARCH (비전 착륙 활성)
[offboard_node-2] [INFO] [1785264052.181044716] [offboard_node]: 탐색 1회차 — 고도 25m AGL 반경 6.1→30m 링간격 12.2m 속도상한 5.0m/s (풋프린트 단폭 18.8m)
[offboard_node-2] [INFO] [1785264052.181920906] [offboard_node]: WP1 도달·안정 (dist=0.0m speed=0.0m/s) → VISION_SEARCH (비전 착륙 활성)
[offboard_node-2] [INFO] [1785264052.280948830] [offboard_node]: 탐색 1회차 — 고도 25m AGL 반경 6.1→30m 링간격 12.2m 속도상한 5.0m/s (풋프린트 단폭 18.8m)
[offboard_node-2] [INFO] [1785264052.282795482] [offboard_node]: WP1 도달·안정 (dist=0.0m speed=0.0m/s) → VISION_SEARCH (비전 착륙 활성)
[offboard_node-2] [INFO] [1785264052.381414379] [offboard_node]: 탐색 1회차 — 고도 25m AGL 반경 6.1→30m 링간격 12.2m 속도상한 5.0m/s (풋프린트 단폭 18.8m)
[offboard_node-2] [INFO] [1785264052.382514807] [offboard_node]: WP1 도달·안정 (dist=0.0m speed=0.0m/s) → VISION_SEARCH (비전 착륙 활성)
[telemetry_node-1] [INFO] [1785264052.393927280] [telemetry_node]: pos_ned=[2.99995544e+02 6.06203079e-03 4.99527130e+01]  yaw=0.090  armed=True  vtol=3  batt=15.30V/50%
[offboard_node-2] [INFO] [1785264052.480748846] [offboard_node]: 탐색 1회차 — 고도 25m AGL 반경 6.1→30m 링간격 12.2m 속도상한 5.0m/s (풋프린트 단폭 18.8m)
[offboard_node-2] [INFO] [1785264052.481597423] [offboard_node]: WP1 도달·안정 (dist=0.0m speed=0.0m/s) → VISION_SEARCH (비전 착륙 활성)
[offboard_node-2] [INFO] [1785264052.580593616] [offboard_node]: WP1 홀드 dist=0.0m speed=0.0m/s stable=1745/10
[offboard_node-2] [INFO] [1785264052.581195722] [offboard_node]: 탐색 1회차 — 고도 25m AGL 반경 6.1→30m 링간격 12.2m 속도상한 5.0m/s (풋프린트 단폭 18.8m)
[offboard_node-2] [INFO] [1785264052.581711727] [offboard_node]: WP1 도달·안정 (dist=0.0m speed=0.0m/s) → VISION_SEARCH (비전 착륙 활성)
[offboard_node-2] [INFO] [1785264052.680449797] [offboard_node]: 탐색 1회차 — 고도 25m AGL 반경 6.1→30m 링간격 12.2m 속도상한 5.0m/s (풋프린트 단폭 18.8m)
[offboard_node-2] [INFO] [1785264052.681066534] [offboard_node]: WP1 도달·안정 (dist=0.0m speed=0.0m/s) → VISION_SEARCH (비전 착륙 활성)
[offboard_node-2] [INFO] [1785264052.780437923] [offboard_node]: 탐색 1회차 — 고도 25m AGL 반경 6.1→30m 링간격 12.2m 속도상한 5.0m/s (풋프린트 단폭 18.8m)
[offboard_node-2] [INFO] [1785264052.780968522] [offboard_node]: WP1 도달·안정 (dist=0.0m speed=0.0m/s) → VISION_SEARCH (비전 착륙 활성)
[offboard_node-2] [INFO] [1785264052.881007549] [offboard_node]: 탐색 1회차 — 고도 25m AGL 반경 6.1→30m 링간격 12.2m 속도상한 5.0m/s (풋프린트 단폭 18.8m)
[offboard_node-2] [INFO] [1785264052.881681867] [offboard_node]: WP1 도달·안정 (dist=0.0m speed=0.0m/s) → VISION_SEARCH (비전 착륙 활성)
[offboard_node-2] [INFO] [1785264052.980643527] [offboard_node]: 탐색 1회차 — 고도 25m AGL 반경 6.1→30m 링간격 12.2m 속도상한 5.0m/s (풋프린트 단폭 18.8m)
[offboard_node-2] [INFO] [1785264052.981371101] [offboard_node]: WP1 도달·안정 (dist=0.0m speed=0.0m/s) → VISION_SEARCH (비전 착륙 활성)
[offboard_node-2] [INFO] [1785264053.080325087] [offboard_node]: 탐색 1회차 — 고도 25m AGL 반경 6.1→30m 링간격 12.2m 속도상한 5.0m/s (풋프린트 단폭 18.8m)
[offboard_node-2] [INFO] [1785264053.081106216] [offboard_node]: WP1 도달·안정 (dist=0.0m speed=0.0m/s) → VISION_SEARCH (비전 착륙 활성)
[offboard_node-2] [INFO] [1785264053.180374690] [offboard_node]: 탐색 1회차 — 고도 25m AGL 반경 6.1→30m 링간격 12.2m 속도상한 5.0m/s (풋프린트 단폭 18.8m)
[offboard_node-2] [INFO] [1785264053.180911166] [offboard_node]: WP1 도달·안정 (dist=0.0m speed=0.0m/s) → VISION_SEARCH (비전 착륙 활성)
[offboard_node-2] [INFO] [1785264053.280754738] [offboard_node]: 탐색 1회차 — 고도 25m AGL 반경 6.1→30m 링간격 12.2m 속도상한 5.0m/s (풋프린트 단폭 18.8m)
[offboard_node-2] [INFO] [1785264053.282168779] [offboard_node]: WP1 도달·안정 (dist=0.0m speed=0.0m/s) → VISION_SEARCH (비전 착륙 활성)
[offboard_node-2] [INFO] [1785264053.380900599] [offboard_node]: 탐색 1회차 — 고도 25m AGL 반경 6.1→30m 링간격 12.2m 속도상한 5.0m/s (풋프린트 단폭 18.8m)
[offboard_node-2] [INFO] [1785264053.381690266] [offboard_node]: WP1 도달·안정 (dist=0.0m speed=0.0m/s) → VISION_SEARCH (비전 착륙 활성)
[offboard_node-2] [INFO] [1785264053.480320604] [offboard_node]: 탐색 1회차 — 고도 25m AGL 반경 6.1→30m 링간격 12.2m 속도상한 5.0m/s (풋프린트 단폭 18.8m)
[offboard_node-2] [INFO] [1785264053.480865036] [offboard_node]: WP1 도달·안정 (dist=0.0m speed=0.0m/s) → VISION_SEARCH (비전 착륙 활성)
[offboard_node-2] [INFO] [1785264053.580450871] [offboard_node]: 탐색 1회차 — 고도 25m AGL 반경 6.1→30m 링간격 12.2m 속도상한 5.0m/s (풋프린트 단폭 18.8m)
[offboard_node-2] [INFO] [1785264053.581092904] [offboard_node]: WP1 도달·안정 (dist=0.0m speed=0.0m/s) → VISION_SEARCH (비전 착륙 활성)
[offboard_node-2] [INFO] [1785264053.680788965] [offboard_node]: 탐색 1회차 — 고도 25m AGL 반경 6.1→30m 링간격 12.2m 속도상한 5.0m/s (풋프린트 단폭 18.8m)
[offboard_node-2] [INFO] [1785264053.681462813] [offboard_node]: WP1 도달·안정 (dist=0.0m speed=0.0m/s) → VISION_SEARCH (비전 착륙 활성)
[offboard_node-2] [INFO] [1785264053.780405442] [offboard_node]: 탐색 1회차 — 고도 25m AGL 반경 6.1→30m 링간격 12.2m 속도상한 5.0m/s (풋프린트 단폭 18.8m)
[offboard_node-2] [INFO] [1785264053.781100518] [offboard_node]: WP1 도달·안정 (dist=0.0m speed=0.0m/s) → VISION_SEARCH (비전 착륙 활성)
[offboard_node-2] [INFO] [1785264053.881513015] [offboard_node]: 탐색 1회차 — 고도 25m AGL 반경 6.1→30m 링간격 12.2m 속도상한 5.0m/s (풋프린트 단폭 18.8m)
[offboard_node-2] [INFO] [1785264053.882488089] [offboard_node]: WP1 도달·안정 (dist=0.0m speed=0.0m/s) → VISION_SEARCH (비전 착륙 활성)
[offboard_node-2] [INFO] [1785264053.980838302] [offboard_node]: 탐색 1회차 — 고도 25m AGL 반경 6.1→30m 링간격 12.2m 속도상한 5.0m/s (풋프린트 단폭 18.8m)
[offboard_node-2] [INFO] [1785264053.981575927] [offboard_node]: WP1 도달·안정 (dist=0.0m speed=0.0m/s) → VISION_SEARCH (비전 착륙 활성)
[offboard_node-2] [INFO] [1785264054.080939751] [offboard_node]: 탐색 1회차 — 고도 25m AGL 반경 6.1→30m 링간격 12.2m 속도상한 5.0m/s (풋프린트 단폭 18.8m)
[offboard_node-2] [INFO] [1785264054.081667981] [offboard_node]: WP1 도달·안정 (dist=0.0m speed=0.0m/s) → VISION_SEARCH (비전 착륙 활성)
[offboard_node-2] [INFO] [1785264054.181009803] [offboard_node]: 탐색 1회차 — 고도 25m AGL 반경 6.1→30m 링간격 12.2m 속도상한 5.0m/s (풋프린트 단폭 18.8m)
[offboard_node-2] [INFO] [1785264054.181848988] [offboard_node]: WP1 도달·안정 (dist=0.0m speed=0.0m/s) → VISION_SEARCH (비전 착륙 활성)
[offboard_node-2] [INFO] [1785264054.281045987] [offboard_node]: 탐색 1회차 — 고도 25m AGL 반경 6.1→30m 링간격 12.2m 속도상한 5.0m/s (풋프린트 단폭 18.8m)
[offboard_node-2] [INFO] [1785264054.281916342] [offboard_node]: WP1 도달·안정 (dist=0.0m speed=0.0m/s) → VISION_SEARCH (비전 착륙 활성)
[offboard_node-2] [INFO] [1785264054.381067152] [offboard_node]: 탐색 1회차 — 고도 25m AGL 반경 6.1→30m 링간격 12.2m 속도상한 5.0m/s (풋프린트 단폭 18.8m)
[offboard_node-2] [INFO] [1785264054.381736412] [offboard_node]: WP1 도달·안정 (dist=0.0m speed=0.0m/s) → VISION_SEARCH (비전 착륙 활성)
[telemetry_node-1] [INFO] [1785264054.394344534] [telemetry_node]: pos_ned=[ 3.00008698e+02 -3.87713662e-03  4.99641762e+01]  yaw=0.091  armed=True  vtol=3  batt=15.30V/50%
[offboard_node-2] [INFO] [1785264054.481040107] [offboard_node]: 탐색 1회차 — 고도 25m AGL 반경 6.1→30m 링간격 12.2m 속도상한 5.0m/s (풋프린트 단폭 18.8m)
[offboard_node-2] [INFO] [1785264054.481722001] [offboard_node]: WP1 도달·안정 (dist=0.0m speed=0.0m/s) → VISION_SEARCH (비전 착륙 활성)
[offboard_node-2] [INFO] [1785264054.580818044] [offboard_node]: WP1 홀드 dist=0.0m speed=0.0m/s stable=1765/10
[offboard_node-2] [INFO] [1785264054.581606787] [offboard_node]: 탐색 1회차 — 고도 25m AGL 반경 6.1→30m 링간격 12.2m 속도상한 5.0m/s (풋프린트 단폭 18.8m)
[offboard_node-2] [INFO] [1785264054.582058290] [offboard_node]: WP1 도달·안정 (dist=0.0m speed=0.0m/s) → VISION_SEARCH (비전 착륙 활성)
[offboard_node-2] [INFO] [1785264054.680602719] [offboard_node]: 탐색 1회차 — 고도 25m AGL 반경 6.1→30m 링간격 12.2m 속도상한 5.0m/s (풋프린트 단폭 18.8m)
[offboard_node-2] [INFO] [1785264054.681320916] [offboard_node]: WP1 도달·안정 (dist=0.0m speed=0.0m/s) → VISION_SEARCH (비전 착륙 활성)
[offboard_node-2] [INFO] [1785264056.378685277] [offboard_node]: 탐색 1회차 — 고도 25m AGL 반경 6.1→30m 링간격 12.2m 속도상한 5.0m/s (풋프린트 단폭 18.8m)
[offboard_node-2] [INFO] [1785264056.379422002] [offboard_node]: WP1 도달·안정 (dist=0.0m speed=0.0m/s) → VISION_SEARCH (비전 착륙 활성)
[offboard_node-2] [INFO] [1785264056.382135667] [offboard_node]: 탐색 1회차 — 고도 25m AGL 반경 6.1→30m 링간격 12.2m 속도상한 5.0m/s (풋프린트 단폭 18.8m)
[offboard_node-2] [INFO] [1785264056.382627036] [offboard_node]: WP1 도달·안정 (dist=0.0m speed=0.0m/s) → VISION_SEARCH (비전 착륙 활성)
[telemetry_node-1] [INFO] [1785264056.393388345] [telemetry_node]: pos_ned=[ 3.00003143e+02 -1.51524283e-02  4.99679565e+01]  yaw=0.091  armed=True  vtol=3  batt=15.30V/50%
[offboard_node-2] [INFO] [1785264056.480793003] [offboard_node]: 탐색 1회차 — 고도 25m AGL 반경 6.1→30m 링간격 12.2m 속도상한 5.0m/s (풋프린트 단폭 18.8m)
[offboard_node-2] [INFO] [1785264056.482249122] [offboard_node]: WP1 도달·안정 (dist=0.0m speed=0.0m/s) → VISION_SEARCH (비전 착륙 활성)
[offboard_node-2] [INFO] [1785264056.583803493] [offboard_node]: 탐색 1회차 — 고도 25m AGL 반경 6.1→30m 링간격 12.2m 속도상한 5.0m/s (풋프린트 단폭 18.8m)
[offboard_node-2] [INFO] [1785264056.584535328] [offboard_node]: WP1 도달·안정 (dist=0.0m speed=0.0m/s) → VISION_SEARCH (비전 착륙 활성)
[offboard_node-2] [INFO] [1785264056.681620818] [offboard_node]: 탐색 1회차 — 고도 25m AGL 반경 6.1→30m 링간격 12.2m 속도상한 5.0m/s (풋프린트 단폭 18.8m)
[offboard_node-2] [INFO] [1785264056.682466601] [offboard_node]: WP1 도달·안정 (dist=0.0m speed=0.0m/s) → VISION_SEARCH (비전 착륙 활성)
[offboard_node-2] [INFO] [1785264056.780490948] [offboard_node]: 탐색 1회차 — 고도 25m AGL 반경 6.1→30m 링간격 12.2m 속도상한 5.0m/s (풋프린트 단폭 18.8m)
[offboard_node-2] [INFO] [1785264056.781095959] [offboard_node]: WP1 도달·안정 (dist=0.0m speed=0.0m/s) → VISION_SEARCH (비전 착륙 활성)
[offboard_node-2] [INFO] [1785264056.880288007] [offboard_node]: 탐색 1회차 — 고도 25m AGL 반경 6.1→30m 링간격 12.2m 속도상한 5.0m/s (풋프린트 단폭 18.8m)
[offboard_node-2] [INFO] [1785264056.880868155] [offboard_node]: WP1 도달·안정 (dist=0.0m speed=0.0m/s) → VISION_SEARCH (비전 착륙 활성)
[offboard_node-2] [INFO] [1785264056.980823873] [offboard_node]: 탐색 1회차 — 고도 25m AGL 반경 6.1→30m 링간격 12.2m 속도상한 5.0m/s (풋프린트 단폭 18.8m)
[offboard_node-2] [INFO] [1785264056.981515976] [offboard_node]: WP1 도달·안정 (dist=0.0m speed=0.0m/s) → VISION_SEARCH (비전 착륙 활성)
[offboard_node-2] [INFO] [1785264057.080393648] [offboard_node]: 탐색 1회차 — 고도 25m AGL 반경 6.1→30m 링간격 12.2m 속도상한 5.0m/s (풋프린트 단폭 18.8m)
[offboard_node-2] [INFO] [1785264057.081229741] [offboard_node]: WP1 도달·안정 (dist=0.0m speed=0.0m/s) → VISION_SEARCH (비전 착륙 활성)
[offboard_node-2] [INFO] [1785264057.180544953] [offboard_node]: 탐색 1회차 — 고도 25m AGL 반경 6.1→30m 링간격 12.2m 속도상한 5.0m/s (풋프린트 단폭 18.8m)
[offboard_node-2] [INFO] [1785264057.181437959] [offboard_node]: WP1 도달·안정 (dist=0.0m speed=0.0m/s) → VISION_SEARCH (비전 착륙 활성)
[offboard_node-2] [INFO] [1785264057.280218834] [offboard_node]: 탐색 1회차 — 고도 25m AGL 반경 6.1→30m 링간격 12.2m 속도상한 5.0m/s (풋프린트 단폭 18.8m)
[offboard_node-2] [INFO] [1785264057.281120074] [offboard_node]: WP1 도달·안정 (dist=0.0m speed=0.0m/s) → VISION_SEARCH (비전 착륙 활성)
[offboard_node-2] [INFO] [1785264057.380567261] [offboard_node]: 탐색 1회차 — 고도 25m AGL 반경 6.1→30m 링간격 12.2m 속도상한 5.0m/s (풋프린트 단폭 18.8m)
[offboard_node-2] [INFO] [1785264057.381237664] [offboard_node]: WP1 도달·안정 (dist=0.0m speed=0.0m/s) → VISION_SEARCH (비전 착륙 활성)
[offboard_node-2] [INFO] [1785264057.480188509] [offboard_node]: 탐색 1회차 — 고도 25m AGL 반경 6.1→30m 링간격 12.2m 속도상한 5.0m/s (풋프린트 단폭 18.8m)
[offboard_node-2] [INFO] [1785264057.480892228] [offboard_node]: WP1 도달·안정 (dist=0.0m speed=0.0m/s) → VISION_SEARCH (비전 착륙 활성)
[offboard_node-2] [INFO] [1785264057.580373779] [offboard_node]: 탐색 1회차 — 고도 25m AGL 반경 6.1→30m 링간격 12.2m 속도상한 5.0m/s (풋프린트 단폭 18.8m)
[offboard_node-2] [INFO] [1785264057.581207294] [offboard_node]: WP1 도달·안정 (dist=0.0m speed=0.0m/s) → VISION_SEARCH (비전 착륙 활성)
[offboard_node-2] [INFO] [1785264057.680811886] [offboard_node]: 탐색 1회차 — 고도 25m AGL 반경 6.1→30m 링간격 12.2m 속도상한 5.0m/s (풋프린트 단폭 18.8m)
[offboard_node-2] [INFO] [1785264057.681365801] [offboard_node]: WP1 도달·안정 (dist=0.0m speed=0.0m/s) → VISION_SEARCH (비전 착륙 활성)
[offboard_node-2] [INFO] [1785264057.781277163] [offboard_node]: 탐색 1회차 — 고도 25m AGL 반경 6.1→30m 링간격 12.2m 속도상한 5.0m/s (풋프린트 단폭 18.8m)
[offboard_node-2] [INFO] [1785264057.782031484] [offboard_node]: WP1 도달·안정 (dist=0.0m speed=0.0m/s) → VISION_SEARCH (비전 착륙 활성)
[offboard_node-2] [INFO] [1785264057.880690193] [offboard_node]: 탐색 1회차 — 고도 25m AGL 반경 6.1→30m 링간격 12.2m 속도상한 5.0m/s (풋프린트 단폭 18.8m)
[offboard_node-2] [INFO] [1785264057.881324291] [offboard_node]: WP1 도달·안정 (dist=0.0m speed=0.0m/s) → VISION_SEARCH (비전 착륙 활성)
[offboard_node-2] [INFO] [1785264057.980515354] [offboard_node]: 탐색 1회차 — 고도 25m AGL 반경 6.1→30m 링간격 12.2m 속도상한 5.0m/s (풋프린트 단폭 18.8m)
[offboard_node-2] [INFO] [1785264057.981502112] [offboard_node]: WP1 도달·안정 (dist=0.0m speed=0.0m/s) → VISION_SEARCH (비전 착륙 활성)
[offboard_node-2] [INFO] [1785264058.080875471] [offboard_node]: WP1 홀드 dist=0.0m speed=0.0m/s stable=1785/10
[offboard_node-2] [INFO] [1785264058.081670073] [offboard_node]: 탐색 1회차 — 고도 25m AGL 반경 6.1→30m 링간격 12.2m 속도상한 5.0m/s (풋프린트 단폭 18.8m)
[offboard_node-2] [INFO] [1785264058.082309116] [offboard_node]: WP1 도달·안정 (dist=0.0m speed=0.0m/s) → VISION_SEARCH (비전 착륙 활성)
[offboard_node-2] [INFO] [1785264058.181120340] [offboard_node]: 탐색 1회차 — 고도 25m AGL 반경 6.1→30m 링간격 12.2m 속도상한 5.0m/s (풋프린트 단폭 18.8m)
[offboard_node-2] [INFO] [1785264058.181879074] [offboard_node]: WP1 도달·안정 (dist=0.0m speed=0.0m/s) → VISION_SEARCH (비전 착륙 활성)
[offboard_node-2] [INFO] [1785264058.281281405] [offboard_node]: 탐색 1회차 — 고도 25m AGL 반경 6.1→30m 링간격 12.2m 속도상한 5.0m/s (풋프린트 단폭 18.8m)
[offboard_node-2] [INFO] [1785264058.282108591] [offboard_node]: WP1 도달·안정 (dist=0.0m speed=0.0m/s) → VISION_SEARCH (비전 착륙 활성)
[offboard_node-2] [INFO] [1785264058.381173612] [offboard_node]: 탐색 1회차 — 고도 25m AGL 반경 6.1→30m 링간격 12.2m 속도상한 5.0m/s (풋프린트 단폭 18.8m)
[offboard_node-2] [INFO] [1785264058.382640286] [offboard_node]: WP1 도달·안정 (dist=0.0m speed=0.0m/s) → VISION_SEARCH (비전 착륙 활성)
[telemetry_node-1] [INFO] [1785264058.393866049] [telemetry_node]: pos_ned=[3.00002319e+02 3.51493955e-02 4.99715500e+01]  yaw=0.091  armed=True  vtol=3  batt=15.30V/50%
[offboard_node-2] [INFO] [1785264058.481332880] [offboard_node]: 탐색 1회차 — 고도 25m AGL 반경 6.1→30m 링간격 12.2m 속도상한 5.0m/s (풋프린트 단폭 18.8m)
[offboard_node-2] [INFO] [1785264058.482057961] [offboard_node]: WP1 도달·안정 (dist=0.0m speed=0.0m/s) → VISION_SEARCH (비전 착륙 활성)
[offboard_node-2] [INFO] [1785264058.580995289] [offboard_node]: 탐색 1회차 — 고도 25m AGL 반경 6.1→30m 링간격 12.2m 속도상한 5.0m/s (풋프린트 단폭 18.8m)
[offboard_node-2] [INFO] [1785264058.583363495] [offboard_node]: WP1 도달·안정 (dist=0.0m speed=0.0m/s) → VISION_SEARCH (비전 착륙 활성)
[offboard_node-2] [INFO] [1785264058.680877176] [offboard_node]: 탐색 1회차 — 고도 25m AGL 반경 6.1→30m 링간격 12.2m 속도상한 5.0m/s (풋프린트 단폭 18.8m)
[offboard_node-2] [INFO] [1785264058.681542528] [offboard_node]: WP1 도달·안정 (dist=0.0m speed=0.0m/s) → VISION_SEARCH (비전 착륙 활성)
[offboard_node-2] [INFO] [1785264058.780392287] [offboard_node]: 탐색 1회차 — 고도 25m AGL 반경 6.1→30m 링간격 12.2m 속도상한 5.0m/s (풋프린트 단폭 18.8m)
[offboard_node-2] [INFO] [1785264058.781811479] [offboard_node]: WP1 도달·안정 (dist=0.0m speed=0.0m/s) → VISION_SEARCH (비전 착륙 활성)
[offboard_node-2] [INFO] [1785264058.881722498] [offboard_node]: 탐색 1회차 — 고도 25m AGL 반경 6.1→30m 링간격 12.2m 속도상한 5.0m/s (풋프린트 단폭 18.8m)
[offboard_node-2] [INFO] [1785264058.882587306] [offboard_node]: WP1 도달·안정 (dist=0.0m speed=0.0m/s) → VISION_SEARCH (비전 착륙 활성)
[offboard_node-2] [INFO] [1785264058.981256331] [offboard_node]: 탐색 1회차 — 고도 25m AGL 반경 6.1→30m 링간격 12.2m 속도상한 5.0m/s (풋프린트 단폭 18.8m)
[offboard_node-2] [INFO] [1785264058.983212880] [offboard_node]: WP1 도달·안정 (dist=0.0m speed=0.0m/s) → VISION_SEARCH (비전 착륙 활성)
[offboard_node-2] [INFO] [1785264059.081687422] [offboard_node]: 탐색 1회차 — 고도 25m AGL 반경 6.1→30m 링간격 12.2m 속도상한 5.0m/s (풋프린트 단폭 18.8m)
[offboard_node-2] [INFO] [1785264059.082542729] [offboard_node]: WP1 도달·안정 (dist=0.0m speed=0.0m/s) → VISION_SEARCH (비전 착륙 활성)
[offboard_node-2] [INFO] [1785264059.181231429] [offboard_node]: 탐색 1회차 — 고도 25m AGL 반경 6.1→30m 링간격 12.2m 속도상한 5.0m/s (풋프린트 단폭 18.8m)
[offboard_node-2] [INFO] [1785264059.182317262] [offboard_node]: WP1 도달·안정 (dist=0.0m speed=0.0m/s) → VISION_SEARCH (비전 착륙 활성)
[offboard_node-2] [INFO] [1785264059.280417433] [offboard_node]: 탐색 1회차 — 고도 25m AGL 반경 6.1→30m 링간격 12.2m 속도상한 5.0m/s (풋프린트 단폭 18.8m)
[offboard_node-2] [INFO] [1785264059.281209216] [offboard_node]: WP1 도달·안정 (dist=0.0m speed=0.0m/s) → VISION_SEARCH (비전 착륙 활성)
[offboard_node-2] [INFO] [1785264059.381122607] [offboard_node]: 탐색 1회차 — 고도 25m AGL 반경 6.1→30m 링간격 12.2m 속도상한 5.0m/s (풋프린트 단폭 18.8m)
[offboard_node-2] [INFO] [1785264059.381924450] [offboard_node]: WP1 도달·안정 (dist=0.0m speed=0.0m/s) → VISION_SEARCH (비전 착륙 활성)
[offboard_node-2] [INFO] [1785264059.480324036] [offboard_node]: 탐색 1회차 — 고도 25m AGL 반경 6.1→30m 링간격 12.2m 속도상한 5.0m/s (풋프린트 단폭 18.8m)
[offboard_node-2] [INFO] [1785264059.481714473] [offboard_node]: WP1 도달·안정 (dist=0.0m speed=0.0m/s) → VISION_SEARCH (비전 착륙 활성)
[offboard_node-2] [INFO] [1785264059.581730462] [offboard_node]: 탐색 1회차 — 고도 25m AGL 반경 6.1→30m 링간격 12.2m 속도상한 5.0m/s (풋프린트 단폭 18.8m)
[offboard_node-2] [INFO] [1785264059.582735650] [offboard_node]: WP1 도달·안정 (dist=0.0m speed=0.0m/s) → VISION_SEARCH (비전 착륙 활성)
[offboard_node-2] [INFO] [1785264059.680006054] [offboard_node]: 탐색 1회차 — 고도 25m AGL 반경 6.1→30m 링간격 12.2m 속도상한 5.0m/s (풋프린트 단폭 18.8m)
[offboard_node-2] [INFO] [1785264059.680761707] [offboard_node]: WP1 도달·안정 (dist=0.0m speed=0.0m/s) → VISION_SEARCH (비전 착륙 활성)
[offboard_node-2] [INFO] [1785264059.783214381] [offboard_node]: 탐색 1회차 — 고도 25m AGL 반경 6.1→30m 링간격 12.2m 속도상한 5.0m/s (풋프린트 단폭 18.8m)
[offboard_node-2] [INFO] [1785264059.783951166] [offboard_node]: WP1 도달·안정 (dist=0.0m speed=0.0m/s) → VISION_SEARCH (비전 착륙 활성)
[offboard_node-2] [INFO] [1785264059.880681223] [offboard_node]: 탐색 1회차 — 고도 25m AGL 반경 6.1→30m 링간격 12.2m 속도상한 5.0m/s (풋프린트 단폭 18.8m)
[offboard_node-2] [INFO] [1785264059.881480799] [offboard_node]: WP1 도달·안정 (dist=0.0m speed=0.0m/s) → VISION_SEARCH (비전 착륙 활성)
[offboard_node-2] [INFO] [1785264059.980678112] [offboard_node]: 탐색 1회차 — 고도 25m AGL 반경 6.1→30m 링간격 12.2m 속도상한 5.0m/s (풋프린트 단폭 18.8m)
[offboard_node-2] [INFO] [1785264059.981387187] [offboard_node]: WP1 도달·안정 (dist=0.0m speed=0.0m/s) → VISION_SEARCH (비전 착륙 활성)
[offboard_node-2] [INFO] [1785264060.080695760] [offboard_node]: WP1 홀드 dist=0.0m speed=0.0m/s stable=1805/10
[offboard_node-2] [INFO] [1785264060.081460536] [offboard_node]: 탐색 1회차 — 고도 25m AGL 반경 6.1→30m 링간격 12.2m 속도상한 5.0m/s (풋프린트 단폭 18.8m)
[offboard_node-2] [INFO] [1785264060.082063475] [offboard_node]: WP1 도달·안정 (dist=0.0m speed=0.0m/s) → VISION_SEARCH (비전 착륙 활성)
[offboard_node-2] [INFO] [1785264060.180671174] [offboard_node]: 탐색 1회차 — 고도 25m AGL 반경 6.1→30m 링간격 12.2m 속도상한 5.0m/s (풋프린트 단폭 18.8m)
[offboard_node-2] [INFO] [1785264060.181328412] [offboard_node]: WP1 도달·안정 (dist=0.0m speed=0.1m/s) → VISION_SEARCH (비전 착륙 활성)
[offboard_node-2] [INFO] [1785264060.281062852] [offboard_node]: 탐색 1회차 — 고도 25m AGL 반경 6.1→30m 링간격 12.2m 속도상한 5.0m/s (풋프린트 단폭 18.8m)
[offboard_node-2] [INFO] [1785264060.281779203] [offboard_node]: WP1 도달·안정 (dist=0.0m speed=0.1m/s) → VISION_SEARCH (비전 착륙 활성)
[offboard_node-2] [INFO] [1785264060.380680765] [offboard_node]: 탐색 1회차 — 고도 25m AGL 반경 6.1→30m 링간격 12.2m 속도상한 5.0m/s (풋프린트 단폭 18.8m)
[offboard_node-2] [INFO] [1785264060.381910212] [offboard_node]: WP1 도달·안정 (dist=0.0m speed=0.1m/s) → VISION_SEARCH (비전 착륙 활성)
[telemetry_node-1] [INFO] [1785264060.393881304] [telemetry_node]: pos_ned=[3.00030334e+02 2.76971534e-02 4.99613495e+01]  yaw=0.091  armed=True  vtol=3  batt=15.30V/50%
[offboard_node-2] [INFO] [1785264060.480319273] [offboard_node]: 탐색 1회차 — 고도 25m AGL 반경 6.1→30m 링간격 12.2m 속도상한 5.0m/s (풋프린트 단폭 18.8m)
[offboard_node-2] [INFO] [1785264060.481088012] [offboard_node]: WP1 도달·안정 (dist=0.0m speed=0.1m/s) → VISION_SEARCH (비전 착륙 활성)
[offboard_node-2] [INFO] [1785264060.580273188] [offboard_node]: 탐색 1회차 — 고도 25m AGL 반경 6.1→30m 링간격 12.2m 속도상한 5.0m/s (풋프린트 단폭 18.8m)
[offboard_node-2] [INFO] [1785264060.580884636] [offboard_node]: WP1 도달·안정 (dist=0.0m speed=0.1m/s) → VISION_SEARCH (비전 착륙 활성)
[offboard_node-2] [INFO] [1785264060.680435527] [offboard_node]: 탐색 1회차 — 고도 25m AGL 반경 6.1→30m 링간격 12.2m 속도상한 5.0m/s (풋프린트 단폭 18.8m)
[offboard_node-2] [INFO] [1785264060.680958828] [offboard_node]: WP1 도달·안정 (dist=0.0m speed=0.1m/s) → VISION_SEARCH (비전 착륙 활성)
[offboard_node-2] [INFO] [1785264060.780577667] [offboard_node]: 탐색 1회차 — 고도 25m AGL 반경 6.1→30m 링간격 12.2m 속도상한 5.0m/s (풋프린트 단폭 18.8m)
[offboard_node-2] [INFO] [1785264060.781226246] [offboard_node]: WP1 도달·안정 (dist=0.0m speed=0.1m/s) → VISION_SEARCH (비전 착륙 활성)
[offboard_node-2] [INFO] [1785264060.880161412] [offboard_node]: 탐색 1회차 — 고도 25m AGL 반경 6.1→30m 링간격 12.2m 속도상한 5.0m/s (풋프린트 단폭 18.8m)
[offboard_node-2] [INFO] [1785264060.881092097] [offboard_node]: WP1 도달·안정 (dist=0.0m speed=0.1m/s) → VISION_SEARCH (비전 착륙 활성)
[offboard_node-2] [INFO] [1785264060.991152551] [offboard_node]: 탐색 1회차 — 고도 25m AGL 반경 6.1→30m 링간격 12.2m 속도상한 5.0m/s (풋프린트 단폭 18.8m)
[offboard_node-2] [INFO] [1785264060.991863756] [offboard_node]: WP1 도달·안정 (dist=0.0m speed=0.0m/s) → VISION_SEARCH (비전 착륙 활성)
[offboard_node-2] [INFO] [1785264061.080149620] [offboard_node]: 탐색 1회차 — 고도 25m AGL 반경 6.1→30m 링간격 12.2m 속도상한 5.0m/s (풋프린트 단폭 18.8m)
[offboard_node-2] [INFO] [1785264061.080930812] [offboard_node]: WP1 도달·안정 (dist=0.0m speed=0.0m/s) → VISION_SEARCH (비전 착륙 활성)
[offboard_node-2] [INFO] [1785264061.180230389] [offboard_node]: 탐색 1회차 — 고도 25m AGL 반경 6.1→30m 링간격 12.2m 속도상한 5.0m/s (풋프린트 단폭 18.8m)
[offboard_node-2] [INFO] [1785264061.180832817] [offboard_node]: WP1 도달·안정 (dist=0.1m speed=0.0m/s) → VISION_SEARCH (비전 착륙 활성)
[offboard_node-2] [INFO] [1785264061.280062837] [offboard_node]: 탐색 1회차 — 고도 25m AGL 반경 6.1→30m 링간격 12.2m 속도상한 5.0m/s (풋프린트 단폭 18.8m)
[offboard_node-2] [INFO] [1785264061.280542405] [offboard_node]: WP1 도달·안정 (dist=0.1m speed=0.0m/s) → VISION_SEARCH (비전 착륙 활성)
[offboard_node-2] [INFO] [1785264061.380091221] [offboard_node]: 탐색 1회차 — 고도 25m AGL 반경 6.1→30m 링간격 12.2m 속도상한 5.0m/s (풋프린트 단폭 18.8m)
[offboard_node-2] [INFO] [1785264061.380930540] [offboard_node]: WP1 도달·안정 (dist=0.1m speed=0.0m/s) → VISION_SEARCH (비전 착륙 활성)
[offboard_node-2] [INFO] [1785264061.480231568] [offboard_node]: 탐색 1회차 — 고도 25m AGL 반경 6.1→30m 링간격 12.2m 속도상한 5.0m/s (풋프린트 단폭 18.8m)
[offboard_node-2] [INFO] [1785264061.481021551] [offboard_node]: WP1 도달·안정 (dist=0.1m speed=0.0m/s) → VISION_SEARCH (비전 착륙 활성)
[offboard_node-2] [INFO] [1785264061.580281201] [offboard_node]: 탐색 1회차 — 고도 25m AGL 반경 6.1→30m 링간격 12.2m 속도상한 5.0m/s (풋프린트 단폭 18.8m)
[offboard_node-2] [INFO] [1785264061.580830842] [offboard_node]: WP1 도달·안정 (dist=0.1m speed=0.0m/s) → VISION_SEARCH (비전 착륙 활성)
[offboard_node-2] [INFO] [1785264061.680125995] [offboard_node]: 탐색 1회차 — 고도 25m AGL 반경 6.1→30m 링간격 12.2m 속도상한 5.0m/s (풋프린트 단폭 18.8m)
[offboard_node-2] [INFO] [1785264061.681711539] [offboard_node]: WP1 도달·안정 (dist=0.1m speed=0.0m/s) → VISION_SEARCH (비전 착륙 활성)
[offboard_node-2] [INFO] [1785264061.780295506] [offboard_node]: 탐색 1회차 — 고도 25m AGL 반경 6.1→30m 링간격 12.2m 속도상한 5.0m/s (풋프린트 단폭 18.8m)
[offboard_node-2] [INFO] [1785264061.780975527] [offboard_node]: WP1 도달·안정 (dist=0.1m speed=0.0m/s) → VISION_SEARCH (비전 착륙 활성)
[offboard_node-2] [INFO] [1785264061.880073024] [offboard_node]: 탐색 1회차 — 고도 25m AGL 반경 6.1→30m 링간격 12.2m 속도상한 5.0m/s (풋프린트 단폭 18.8m)
[offboard_node-2] [INFO] [1785264061.880890434] [offboard_node]: WP1 도달·안정 (dist=0.1m speed=0.1m/s) → VISION_SEARCH (비전 착륙 활성)
[offboard_node-2] [INFO] [1785264061.980203184] [offboard_node]: 탐색 1회차 — 고도 25m AGL 반경 6.1→30m 링간격 12.2m 속도상한 5.0m/s (풋프린트 단폭 18.8m)
[offboard_node-2] [INFO] [1785264061.980830430] [offboard_node]: WP1 도달·안정 (dist=0.1m speed=0.1m/s) → VISION_SEARCH (비전 착륙 활성)
[offboard_node-2] [INFO] [1785264062.079976283] [offboard_node]: WP1 홀드 dist=0.0m speed=0.1m/s stable=1825/10
[offboard_node-2] [INFO] [1785264062.080660857] [offboard_node]: 탐색 1회차 — 고도 25m AGL 반경 6.1→30m 링간격 12.2m 속도상한 5.0m/s (풋프린트 단폭 18.8m)
[offboard_node-2] [INFO] [1785264062.081021217] [offboard_node]: WP1 도달·안정 (dist=0.0m speed=0.1m/s) → VISION_SEARCH (비전 착륙 활성)
[offboard_node-2] [INFO] [1785264062.180164876] [offboard_node]: 탐색 1회차 — 고도 25m AGL 반경 6.1→30m 링간격 12.2m 속도상한 5.0m/s (풋프린트 단폭 18.8m)
[offboard_node-2] [INFO] [1785264062.180837317] [offboard_node]: WP1 도달·안정 (dist=0.0m speed=0.1m/s) → VISION_SEARCH (비전 착륙 활성)
[offboard_node-2] [INFO] [1785264062.280404563] [offboard_node]: 탐색 1회차 — 고도 25m AGL 반경 6.1→30m 링간격 12.2m 속도상한 5.0m/s (풋프린트 단폭 18.8m)
[offboard_node-2] [INFO] [1785264062.281899261] [offboard_node]: WP1 도달·안정 (dist=0.0m speed=0.1m/s) → VISION_SEARCH (비전 착륙 활성)
[offboard_node-2] [INFO] [1785264062.382013443] [offboard_node]: 탐색 1회차 — 고도 25m AGL 반경 6.1→30m 링간격 12.2m 속도상한 5.0m/s (풋프린트 단폭 18.8m)
[offboard_node-2] [INFO] [1785264062.382809595] [offboard_node]: WP1 도달·안정 (dist=0.0m speed=0.1m/s) → VISION_SEARCH (비전 착륙 활성)
[telemetry_node-1] [INFO] [1785264062.393860855] [telemetry_node]: pos_ned=[3.00037628e+02 1.36486497e-02 4.99696426e+01]  yaw=0.091  armed=True  vtol=3  batt=15.30V/50%
[offboard_node-2] [INFO] [1785264062.481087988] [offboard_node]: 탐색 1회차 — 고도 25m AGL 반경 6.1→30m 링간격 12.2m 속도상한 5.0m/s (풋프린트 단폭 18.8m)
[offboard_node-2] [INFO] [1785264062.481931352] [offboard_node]: WP1 도달·안정 (dist=0.0m speed=0.0m/s) → VISION_SEARCH (비전 착륙 활성)
[offboard_node-2] [INFO] [1785264062.580328778] [offboard_node]: 탐색 1회차 — 고도 25m AGL 반경 6.1→30m 링간격 12.2m 속도상한 5.0m/s (풋프린트 단폭 18.8m)
[offboard_node-2] [INFO] [1785264062.581268165] [offboard_node]: WP1 도달·안정 (dist=0.0m speed=0.0m/s) → VISION_SEARCH (비전 착륙 활성)
[offboard_node-2] [INFO] [1785264062.680373656] [offboard_node]: 탐색 1회차 — 고도 25m AGL 반경 6.1→30m 링간격 12.2m 속도상한 5.0m/s (풋프린트 단폭 18.8m)
[offboard_node-2] [INFO] [1785264062.681059436] [offboard_node]: WP1 도달·안정 (dist=0.0m speed=0.0m/s) → VISION_SEARCH (비전 착륙 활성)
[offboard_node-2] [INFO] [1785264062.780407089] [offboard_node]: 탐색 1회차 — 고도 25m AGL 반경 6.1→30m 링간격 12.2m 속도상한 5.0m/s (풋프린트 단폭 18.8m)
[offboard_node-2] [INFO] [1785264062.781157232] [offboard_node]: WP1 도달·안정 (dist=0.0m speed=0.0m/s) → VISION_SEARCH (비전 착륙 활성)
[offboard_node-2] [INFO] [1785264062.880428288] [offboard_node]: 탐색 1회차 — 고도 25m AGL 반경 6.1→30m 링간격 12.2m 속도상한 5.0m/s (풋프린트 단폭 18.8m)
[offboard_node-2] [INFO] [1785264062.881175069] [offboard_node]: WP1 도달·안정 (dist=0.0m speed=0.0m/s) → VISION_SEARCH (비전 착륙 활성)
[offboard_node-2] [INFO] [1785264062.980456154] [offboard_node]: 탐색 1회차 — 고도 25m AGL 반경 6.1→30m 링간격 12.2m 속도상한 5.0m/s (풋프린트 단폭 18.8m)
[offboard_node-2] [INFO] [1785264062.981857857] [offboard_node]: WP1 도달·안정 (dist=0.0m speed=0.0m/s) → VISION_SEARCH (비전 착륙 활성)
[offboard_node-2] [INFO] [1785264063.081115318] [offboard_node]: 탐색 1회차 — 고도 25m AGL 반경 6.1→30m 링간격 12.2m 속도상한 5.0m/s (풋프린트 단폭 18.8m)
[offboard_node-2] [INFO] [1785264063.081783680] [offboard_node]: WP1 도달·안정 (dist=0.0m speed=0.0m/s) → VISION_SEARCH (비전 착륙 활성)
[offboard_node-2] [INFO] [1785264063.180260419] [offboard_node]: 탐색 1회차 — 고도 25m AGL 반경 6.1→30m 링간격 12.2m 속도상한 5.0m/s (풋프린트 단폭 18.8m)
[offboard_node-2] [INFO] [1785264063.180868900] [offboard_node]: WP1 도달·안정 (dist=0.0m speed=0.0m/s) → VISION_SEARCH (비전 착륙 활성)
[offboard_node-2] [INFO] [1785264063.280417898] [offboard_node]: 탐색 1회차 — 고도 25m AGL 반경 6.1→30m 링간격 12.2m 속도상한 5.0m/s (풋프린트 단폭 18.8m)
[offboard_node-2] [INFO] [1785264063.281901735] [offboard_node]: WP1 도달·안정 (dist=0.0m speed=0.0m/s) → VISION_SEARCH (비전 착륙 활성)
[offboard_node-2] [INFO] [1785264063.380107601] [offboard_node]: 탐색 1회차 — 고도 25m AGL 반경 6.1→30m 링간격 12.2m 속도상한 5.0m/s (풋프린트 단폭 18.8m)
[offboard_node-2] [INFO] [1785264063.380739404] [offboard_node]: WP1 도달·안정 (dist=0.0m speed=0.0m/s) → VISION_SEARCH (비전 착륙 활성)
[offboard_node-2] [INFO] [1785264063.480803240] [offboard_node]: 탐색 1회차 — 고도 25m AGL 반경 6.1→30m 링간격 12.2m 속도상한 5.0m/s (풋프린트 단폭 18.8m)
[offboard_node-2] [INFO] [1785264063.482605322] [offboard_node]: WP1 도달·안정 (dist=0.0m speed=0.0m/s) → VISION_SEARCH (비전 착륙 활성)
[offboard_node-2] [INFO] [1785264063.580191798] [offboard_node]: 탐색 1회차 — 고도 25m AGL 반경 6.1→30m 링간격 12.2m 속도상한 5.0m/s (풋프린트 단폭 18.8m)
[offboard_node-2] [INFO] [1785264063.580917022] [offboard_node]: WP1 도달·안정 (dist=0.0m speed=0.0m/s) → VISION_SEARCH (비전 착륙 활성)
[offboard_node-2] [INFO] [1785264063.680342038] [offboard_node]: 탐색 1회차 — 고도 25m AGL 반경 6.1→30m 링간격 12.2m 속도상한 5.0m/s (풋프린트 단폭 18.8m)
[offboard_node-2] [INFO] [1785264063.682154417] [offboard_node]: WP1 도달·안정 (dist=0.0m speed=0.0m/s) → VISION_SEARCH (비전 착륙 활성)
[offboard_node-2] [INFO] [1785264063.780506232] [offboard_node]: 탐색 1회차 — 고도 25m AGL 반경 6.1→30m 링간격 12.2m 속도상한 5.0m/s (풋프린트 단폭 18.8m)
[offboard_node-2] [INFO] [1785264063.782172700] [offboard_node]: WP1 도달·안정 (dist=0.0m speed=0.0m/s) → VISION_SEARCH (비전 착륙 활성)
[offboard_node-2] [INFO] [1785264063.880309230] [offboard_node]: 탐색 1회차 — 고도 25m AGL 반경 6.1→30m 링간격 12.2m 속도상한 5.0m/s (풋프린트 단폭 18.8m)
[offboard_node-2] [INFO] [1785264063.881068143] [offboard_node]: WP1 도달·안정 (dist=0.0m speed=0.0m/s) → VISION_SEARCH (비전 착륙 활성)
[offboard_node-2] [INFO] [1785264063.982859643] [offboard_node]: 탐색 1회차 — 고도 25m AGL 반경 6.1→30m 링간격 12.2m 속도상한 5.0m/s (풋프린트 단폭 18.8m)
[offboard_node-2] [INFO] [1785264063.983503466] [offboard_node]: WP1 도달·안정 (dist=0.0m speed=0.0m/s) → VISION_SEARCH (비전 착륙 활성)
[offboard_node-2] [INFO] [1785264064.080909960] [offboard_node]: WP1 홀드 dist=0.0m speed=0.0m/s stable=1845/10
[offboard_node-2] [INFO] [1785264064.082222814] [offboard_node]: 탐색 1회차 — 고도 25m AGL 반경 6.1→30m 링간격 12.2m 속도상한 5.0m/s (풋프린트 단폭 18.8m)
[offboard_node-2] [INFO] [1785264064.083015817] [offboard_node]: WP1 도달·안정 (dist=0.0m speed=0.0m/s) → VISION_SEARCH (비전 착륙 활성)
[offboard_node-2] [INFO] [1785264064.181125142] [offboard_node]: 탐색 1회차 — 고도 25m AGL 반경 6.1→30m 링간격 12.2m 속도상한 5.0m/s (풋프린트 단폭 18.8m)
[offboard_node-2] [INFO] [1785264064.183020810] [offboard_node]: WP1 도달·안정 (dist=0.0m speed=0.0m/s) → VISION_SEARCH (비전 착륙 활성)
[offboard_node-2] [INFO] [1785264064.280610423] [offboard_node]: 탐색 1회차 — 고도 25m AGL 반경 6.1→30m 링간격 12.2m 속도상한 5.0m/s (풋프린트 단폭 18.8m)
[offboard_node-2] [INFO] [1785264064.281443836] [offboard_node]: WP1 도달·안정 (dist=0.0m speed=0.0m/s) → VISION_SEARCH (비전 착륙 활성)
[offboard_node-2] [INFO] [1785264064.380893077] [offboard_node]: 탐색 1회차 — 고도 25m AGL 반경 6.1→30m 링간격 12.2m 속도상한 5.0m/s (풋프린트 단폭 18.8m)
[offboard_node-2] [INFO] [1785264064.382957537] [offboard_node]: WP1 도달·안정 (dist=0.0m speed=0.0m/s) → VISION_SEARCH (비전 착륙 활성)
[telemetry_node-1] [INFO] [1785264064.393660849] [telemetry_node]: pos_ned=[ 3.00024048e+02 -4.10922663e-03  4.99837875e+01]  yaw=0.091  armed=True  vtol=3  batt=15.30V/50%
[offboard_node-2] [INFO] [1785264064.480801006] [offboard_node]: 탐색 1회차 — 고도 25m AGL 반경 6.1→30m 링간격 12.2m 속도상한 5.0m/s (풋프린트 단폭 18.8m)
[offboard_node-2] [INFO] [1785264064.482757521] [offboard_node]: WP1 도달·안정 (dist=0.0m speed=0.0m/s) → VISION_SEARCH (비전 착륙 활성)
[offboard_node-2] [INFO] [1785264064.581094521] [offboard_node]: 탐색 1회차 — 고도 25m AGL 반경 6.1→30m 링간격 12.2m 속도상한 5.0m/s (풋프린트 단폭 18.8m)
[offboard_node-2] [INFO] [1785264064.581808954] [offboard_node]: WP1 도달·안정 (dist=0.0m speed=0.0m/s) → VISION_SEARCH (비전 착륙 활성)
[offboard_node-2] [INFO] [1785264064.680587901] [offboard_node]: 탐색 1회차 — 고도 25m AGL 반경 6.1→30m 링간격 12.2m 속도상한 5.0m/s (풋프린트 단폭 18.8m)
[offboard_node-2] [INFO] [1785264064.681604178] [offboard_node]: WP1 도달·안정 (dist=0.0m speed=0.0m/s) → VISION_SEARCH (비전 착륙 활성)
[offboard_node-2] [INFO] [1785264064.780345981] [offboard_node]: 탐색 1회차 — 고도 25m AGL 반경 6.1→30m 링간격 12.2m 속도상한 5.0m/s (풋프린트 단폭 18.8m)
[offboard_node-2] [INFO] [1785264064.781252970] [offboard_node]: WP1 도달·안정 (dist=0.0m speed=0.0m/s) → VISION_SEARCH (비전 착륙 활성)
[offboard_node-2] [INFO] [1785264064.880460426] [offboard_node]: 탐색 1회차 — 고도 25m AGL 반경 6.1→30m 링간격 12.2m 속도상한 5.0m/s (풋프린트 단폭 18.8m)
[offboard_node-2] [INFO] [1785264064.881138840] [offboard_node]: WP1 도달·안정 (dist=0.0m speed=0.0m/s) → VISION_SEARCH (비전 착륙 활성)
[offboard_node-2] [INFO] [1785264064.980605103] [offboard_node]: 탐색 1회차 — 고도 25m AGL 반경 6.1→30m 링간격 12.2m 속도상한 5.0m/s (풋프린트 단폭 18.8m)
[offboard_node-2] [INFO] [1785264064.981363839] [offboard_node]: WP1 도달·안정 (dist=0.0m speed=0.0m/s) → VISION_SEARCH (비전 착륙 활성)
[offboard_node-2] [INFO] [1785264065.080304815] [offboard_node]: 탐색 1회차 — 고도 25m AGL 반경 6.1→30m 링간격 12.2m 속도상한 5.0m/s (풋프린트 단폭 18.8m)
[offboard_node-2] [INFO] [1785264065.081037708] [offboard_node]: WP1 도달·안정 (dist=0.0m speed=0.0m/s) → VISION_SEARCH (비전 착륙 활성)
[offboard_node-2] [INFO] [1785264065.180569283] [offboard_node]: 탐색 1회차 — 고도 25m AGL 반경 6.1→30m 링간격 12.2m 속도상한 5.0m/s (풋프린트 단폭 18.8m)
[offboard_node-2] [INFO] [1785264065.181213121] [offboard_node]: WP1 도달·안정 (dist=0.0m speed=0.0m/s) → VISION_SEARCH (비전 착륙 활성)
[offboard_node-2] [INFO] [1785264065.280737426] [offboard_node]: 탐색 1회차 — 고도 25m AGL 반경 6.1→30m 링간격 12.2m 속도상한 5.0m/s (풋프린트 단폭 18.8m)
[offboard_node-2] [INFO] [1785264065.281500398] [offboard_node]: WP1 도달·안정 (dist=0.0m speed=0.0m/s) → VISION_SEARCH (비전 착륙 활성)
[offboard_node-2] [INFO] [1785264065.381398274] [offboard_node]: 탐색 1회차 — 고도 25m AGL 반경 6.1→30m 링간격 12.2m 속도상한 5.0m/s (풋프린트 단폭 18.8m)
[offboard_node-2] [INFO] [1785264065.382145337] [offboard_node]: WP1 도달·안정 (dist=0.0m speed=0.0m/s) → VISION_SEARCH (비전 착륙 활성)
[offboard_node-2] [INFO] [1785264065.480391091] [offboard_node]: 탐색 1회차 — 고도 25m AGL 반경 6.1→30m 링간격 12.2m 속도상한 5.0m/s (풋프린트 단폭 18.8m)
[offboard_node-2] [INFO] [1785264065.481943218] [offboard_node]: WP1 도달·안정 (dist=0.0m speed=0.0m/s) → VISION_SEARCH (비전 착륙 활성)
[offboard_node-2] [INFO] [1785264065.581431675] [offboard_node]: 탐색 1회차 — 고도 25m AGL 반경 6.1→30m 링간격 12.2m 속도상한 5.0m/s (풋프린트 단폭 18.8m)
[offboard_node-2] [INFO] [1785264065.582040430] [offboard_node]: WP1 도달·안정 (dist=0.0m speed=0.1m/s) → VISION_SEARCH (비전 착륙 활성)
[offboard_node-2] [INFO] [1785264065.680396419] [offboard_node]: 탐색 1회차 — 고도 25m AGL 반경 6.1→30m 링간격 12.2m 속도상한 5.0m/s (풋프린트 단폭 18.8m)
[offboard_node-2] [INFO] [1785264065.681988358] [offboard_node]: WP1 도달·안정 (dist=0.0m speed=0.1m/s) → VISION_SEARCH (비전 착륙 활성)
[offboard_node-2] [INFO] [1785264065.780273254] [offboard_node]: 탐색 1회차 — 고도 25m AGL 반경 6.1→30m 링간격 12.2m 속도상한 5.0m/s (풋프린트 단폭 18.8m)
[offboard_node-2] [INFO] [1785264065.780872259] [offboard_node]: WP1 도달·안정 (dist=0.0m speed=0.1m/s) → VISION_SEARCH (비전 착륙 활성)
[offboard_node-2] [INFO] [1785264065.880261309] [offboard_node]: 탐색 1회차 — 고도 25m AGL 반경 6.1→30m 링간격 12.2m 속도상한 5.0m/s (풋프린트 단폭 18.8m)
[offboard_node-2] [INFO] [1785264065.880989276] [offboard_node]: WP1 도달·안정 (dist=0.0m speed=0.1m/s) → VISION_SEARCH (비전 착륙 활성)
[offboard_node-2] [INFO] [1785264065.980374390] [offboard_node]: 탐색 1회차 — 고도 25m AGL 반경 6.1→30m 링간격 12.2m 속도상한 5.0m/s (풋프린트 단폭 18.8m)
[offboard_node-2] [INFO] [1785264065.981172862] [offboard_node]: WP1 도달·안정 (dist=0.0m speed=0.0m/s) → VISION_SEARCH (비전 착륙 활성)
[offboard_node-2] [INFO] [1785264066.080161014] [offboard_node]: WP1 홀드 dist=0.0m speed=0.0m/s stable=1865/10
[offboard_node-2] [INFO] [1785264066.081037211] [offboard_node]: 탐색 1회차 — 고도 25m AGL 반경 6.1→30m 링간격 12.2m 속도상한 5.0m/s (풋프린트 단폭 18.8m)
[offboard_node-2] [INFO] [1785264066.081727076] [offboard_node]: WP1 도달·안정 (dist=0.0m speed=0.0m/s) → VISION_SEARCH (비전 착륙 활성)
[offboard_node-2] [INFO] [1785264066.180062293] [offboard_node]: 탐색 1회차 — 고도 25m AGL 반경 6.1→30m 링간격 12.2m 속도상한 5.0m/s (풋프린트 단폭 18.8m)
[offboard_node-2] [INFO] [1785264066.180738571] [offboard_node]: WP1 도달·안정 (dist=0.0m speed=0.0m/s) → VISION_SEARCH (비전 착륙 활성)
[offboard_node-2] [INFO] [1785264066.280110466] [offboard_node]: 탐색 1회차 — 고도 25m AGL 반경 6.1→30m 링간격 12.2m 속도상한 5.0m/s (풋프린트 단폭 18.8m)
[offboard_node-2] [INFO] [1785264066.281397511] [offboard_node]: WP1 도달·안정 (dist=0.0m speed=0.0m/s) → VISION_SEARCH (비전 착륙 활성)
[offboard_node-2] [INFO] [1785264066.380098503] [offboard_node]: 탐색 1회차 — 고도 25m AGL 반경 6.1→30m 링간격 12.2m 속도상한 5.0m/s (풋프린트 단폭 18.8m)
[offboard_node-2] [INFO] [1785264066.380762229] [offboard_node]: WP1 도달·안정 (dist=0.0m speed=0.0m/s) → VISION_SEARCH (비전 착륙 활성)
[telemetry_node-1] [INFO] [1785264066.393239107] [telemetry_node]: pos_ned=[ 3.00031860e+02 -1.38229330e-03  4.99913826e+01]  yaw=0.091  armed=True  vtol=3  batt=15.30V/50%
[offboard_node-2] [INFO] [1785264066.480048788] [offboard_node]: 탐색 1회차 — 고도 25m AGL 반경 6.1→30m 링간격 12.2m 속도상한 5.0m/s (풋프린트 단폭 18.8m)
[offboard_node-2] [INFO] [1785264066.480846315] [offboard_node]: WP1 도달·안정 (dist=0.0m speed=0.0m/s) → VISION_SEARCH (비전 착륙 활성)
[offboard_node-2] [INFO] [1785264066.580147563] [offboard_node]: 탐색 1회차 — 고도 25m AGL 반경 6.1→30m 링간격 12.2m 속도상한 5.0m/s (풋프린트 단폭 18.8m)
[offboard_node-2] [INFO] [1785264066.580767320] [offboard_node]: WP1 도달·안정 (dist=0.0m speed=0.0m/s) → VISION_SEARCH (비전 착륙 활성)
[offboard_node-2] [INFO] [1785264066.680096530] [offboard_node]: 탐색 1회차 — 고도 25m AGL 반경 6.1→30m 링간격 12.2m 속도상한 5.0m/s (풋프린트 단폭 18.8m)
[offboard_node-2] [INFO] [1785264066.680943562] [offboard_node]: WP1 도달·안정 (dist=0.0m speed=0.0m/s) → VISION_SEARCH (비전 착륙 활성)
[offboard_node-2] [INFO] [1785264066.780264885] [offboard_node]: 탐색 1회차 — 고도 25m AGL 반경 6.1→30m 링간격 12.2m 속도상한 5.0m/s (풋프린트 단폭 18.8m)
[offboard_node-2] [INFO] [1785264066.780914705] [offboard_node]: WP1 도달·안정 (dist=0.0m speed=0.0m/s) → VISION_SEARCH (비전 착륙 활성)
[offboard_node-2] [INFO] [1785264066.880086282] [offboard_node]: 탐색 1회차 — 고도 25m AGL 반경 6.1→30m 링간격 12.2m 속도상한 5.0m/s (풋프린트 단폭 18.8m)
[offboard_node-2] [INFO] [1785264066.880748608] [offboard_node]: WP1 도달·안정 (dist=0.0m speed=0.0m/s) → VISION_SEARCH (비전 착륙 활성)
[offboard_node-2] [INFO] [1785264066.980096222] [offboard_node]: 탐색 1회차 — 고도 25m AGL 반경 6.1→30m 링간격 12.2m 속도상한 5.0m/s (풋프린트 단폭 18.8m)
[offboard_node-2] [INFO] [1785264066.980680446] [offboard_node]: WP1 도달·안정 (dist=0.0m speed=0.0m/s) → VISION_SEARCH (비전 착륙 활성)
[offboard_node-2] [INFO] [1785264067.080316017] [offboard_node]: 탐색 1회차 — 고도 25m AGL 반경 6.1→30m 링간격 12.2m 속도상한 5.0m/s (풋프린트 단폭 18.8m)
[offboard_node-2] [INFO] [1785264067.080969622] [offboard_node]: WP1 도달·안정 (dist=0.0m speed=0.0m/s) → VISION_SEARCH (비전 착륙 활성)
[offboard_node-2] [INFO] [1785264067.180194577] [offboard_node]: 탐색 1회차 — 고도 25m AGL 반경 6.1→30m 링간격 12.2m 속도상한 5.0m/s (풋프린트 단폭 18.8m)
[offboard_node-2] [INFO] [1785264067.180763729] [offboard_node]: WP1 도달·안정 (dist=0.0m speed=0.0m/s) → VISION_SEARCH (비전 착륙 활성)
[offboard_node-2] [INFO] [1785264067.280315621] [offboard_node]: 탐색 1회차 — 고도 25m AGL 반경 6.1→30m 링간격 12.2m 속도상한 5.0m/s (풋프린트 단폭 18.8m)
[offboard_node-2] [INFO] [1785264067.280940923] [offboard_node]: WP1 도달·안정 (dist=0.0m speed=0.0m/s) → VISION_SEARCH (비전 착륙 활성)
[offboard_node-2] [INFO] [1785264067.380034773] [offboard_node]: 탐색 1회차 — 고도 25m AGL 반경 6.1→30m 링간격 12.2m 속도상한 5.0m/s (풋프린트 단폭 18.8m)
[offboard_node-2] [INFO] [1785264067.380782207] [offboard_node]: WP1 도달·안정 (dist=0.0m speed=0.0m/s) → VISION_SEARCH (비전 착륙 활성)
[offboard_node-2] [INFO] [1785264067.480181966] [offboard_node]: 탐색 1회차 — 고도 25m AGL 반경 6.1→30m 링간격 12.2m 속도상한 5.0m/s (풋프린트 단폭 18.8m)
[offboard_node-2] [INFO] [1785264067.480661931] [offboard_node]: WP1 도달·안정 (dist=0.0m speed=0.0m/s) → VISION_SEARCH (비전 착륙 활성)
[offboard_node-2] [INFO] [1785264067.580050772] [offboard_node]: 탐색 1회차 — 고도 25m AGL 반경 6.1→30m 링간격 12.2m 속도상한 5.0m/s (풋프린트 단폭 18.8m)
[offboard_node-2] [INFO] [1785264067.580522924] [offboard_node]: WP1 도달·안정 (dist=0.0m speed=0.0m/s) → VISION_SEARCH (비전 착륙 활성)
[offboard_node-2] [INFO] [1785264067.680221794] [offboard_node]: 탐색 1회차 — 고도 25m AGL 반경 6.1→30m 링간격 12.2m 속도상한 5.0m/s (풋프린트 단폭 18.8m)
[offboard_node-2] [INFO] [1785264067.680774992] [offboard_node]: WP1 도달·안정 (dist=0.0m speed=0.0m/s) → VISION_SEARCH (비전 착륙 활성)
[offboard_node-2] [INFO] [1785264067.780308375] [offboard_node]: 탐색 1회차 — 고도 25m AGL 반경 6.1→30m 링간격 12.2m 속도상한 5.0m/s (풋프린트 단폭 18.8m)
[offboard_node-2] [INFO] [1785264067.780867190] [offboard_node]: WP1 도달·안정 (dist=0.0m speed=0.0m/s) → VISION_SEARCH (비전 착륙 활성)
[offboard_node-2] [INFO] [1785264067.879877359] [offboard_node]: 탐색 1회차 — 고도 25m AGL 반경 6.1→30m 링간격 12.2m 속도상한 5.0m/s (풋프린트 단폭 18.8m)
[offboard_node-2] [INFO] [1785264067.880551574] [offboard_node]: WP1 도달·안정 (dist=0.0m speed=0.0m/s) → VISION_SEARCH (비전 착륙 활성)
[offboard_node-2] [INFO] [1785264067.980308036] [offboard_node]: 탐색 1회차 — 고도 25m AGL 반경 6.1→30m 링간격 12.2m 속도상한 5.0m/s (풋프린트 단폭 18.8m)
[offboard_node-2] [INFO] [1785264067.981365480] [offboard_node]: WP1 도달·안정 (dist=0.0m speed=0.0m/s) → VISION_SEARCH (비전 착륙 활성)
[offboard_node-2] [INFO] [1785264068.080122678] [offboard_node]: WP1 홀드 dist=0.0m speed=0.0m/s stable=1885/10
[offboard_node-2] [INFO] [1785264068.080892565] [offboard_node]: 탐색 1회차 — 고도 25m AGL 반경 6.1→30m 링간격 12.2m 속도상한 5.0m/s (풋프린트 단폭 18.8m)
[offboard_node-2] [INFO] [1785264068.081258420] [offboard_node]: WP1 도달·안정 (dist=0.0m speed=0.0m/s) → VISION_SEARCH (비전 착륙 활성)
[offboard_node-2] [INFO] [1785264068.180391905] [offboard_node]: 탐색 1회차 — 고도 25m AGL 반경 6.1→30m 링간격 12.2m 속도상한 5.0m/s (풋프린트 단폭 18.8m)
[offboard_node-2] [INFO] [1785264068.180985760] [offboard_node]: WP1 도달·안정 (dist=0.0m speed=0.0m/s) → VISION_SEARCH (비전 착륙 활성)
[offboard_node-2] [INFO] [1785264068.280079448] [offboard_node]: 탐색 1회차 — 고도 25m AGL 반경 6.1→30m 링간격 12.2m 속도상한 5.0m/s (풋프린트 단폭 18.8m)
[offboard_node-2] [INFO] [1785264068.281230485] [offboard_node]: WP1 도달·안정 (dist=0.0m speed=0.0m/s) → VISION_SEARCH (비전 착륙 활성)
[offboard_node-2] [INFO] [1785264068.380075906] [offboard_node]: 탐색 1회차 — 고도 25m AGL 반경 6.1→30m 링간격 12.2m 속도상한 5.0m/s (풋프린트 단폭 18.8m)
[offboard_node-2] [INFO] [1785264068.380613148] [offboard_node]: WP1 도달·안정 (dist=0.0m speed=0.0m/s) → VISION_SEARCH (비전 착륙 활성)
[telemetry_node-1] [INFO] [1785264068.393370261] [telemetry_node]: pos_ned=[3.00029816e+02 1.10046975e-02 4.99892998e+01]  yaw=0.091  armed=True  vtol=3  batt=15.30V/50%
[offboard_node-2] [INFO] [1785264068.480082340] [offboard_node]: 탐색 1회차 — 고도 25m AGL 반경 6.1→30m 링간격 12.2m 속도상한 5.0m/s (풋프린트 단폭 18.8m)
[offboard_node-2] [INFO] [1785264068.481010377] [offboard_node]: WP1 도달·안정 (dist=0.0m speed=0.0m/s) → VISION_SEARCH (비전 착륙 활성)
[offboard_node-2] [INFO] [1785264068.579925931] [offboard_node]: 탐색 1회차 — 고도 25m AGL 반경 6.1→30m 링간격 12.2m 속도상한 5.0m/s (풋프린트 단폭 18.8m)
[offboard_node-2] [INFO] [1785264068.580488812] [offboard_node]: WP1 도달·안정 (dist=0.0m speed=0.0m/s) → VISION_SEARCH (비전 착륙 활성)
[offboard_node-2] [INFO] [1785264068.680355785] [offboard_node]: 탐색 1회차 — 고도 25m AGL 반경 6.1→30m 링간격 12.2m 속도상한 5.0m/s (풋프린트 단폭 18.8m)
[offboard_node-2] [INFO] [1785264068.680969580] [offboard_node]: WP1 도달·안정 (dist=0.0m speed=0.0m/s) → VISION_SEARCH (비전 착륙 활성)
[offboard_node-2] [INFO] [1785264068.780200017] [offboard_node]: 탐색 1회차 — 고도 25m AGL 반경 6.1→30m 링간격 12.2m 속도상한 5.0m/s (풋프린트 단폭 18.8m)
[offboard_node-2] [INFO] [1785264068.780868881] [offboard_node]: WP1 도달·안정 (dist=0.0m speed=0.0m/s) → VISION_SEARCH (비전 착륙 활성)
[offboard_node-2] [INFO] [1785264068.880072335] [offboard_node]: 탐색 1회차 — 고도 25m AGL 반경 6.1→30m 링간격 12.2m 속도상한 5.0m/s (풋프린트 단폭 18.8m)
[offboard_node-2] [INFO] [1785264068.880688528] [offboard_node]: WP1 도달·안정 (dist=0.1m speed=0.0m/s) → VISION_SEARCH (비전 착륙 활성)
[offboard_node-2] [INFO] [1785264068.980106205] [offboard_node]: 탐색 1회차 — 고도 25m AGL 반경 6.1→30m 링간격 12.2m 속도상한 5.0m/s (풋프린트 단폭 18.8m)
[offboard_node-2] [INFO] [1785264068.980634497] [offboard_node]: WP1 도달·안정 (dist=0.1m speed=0.0m/s) → VISION_SEARCH (비전 착륙 활성)
[offboard_node-2] [INFO] [1785264069.080091074] [offboard_node]: 탐색 1회차 — 고도 25m AGL 반경 6.1→30m 링간격 12.2m 속도상한 5.0m/s (풋프린트 단폭 18.8m)
[offboard_node-2] [INFO] [1785264069.080655154] [offboard_node]: WP1 도달·안정 (dist=0.1m speed=0.0m/s) → VISION_SEARCH (비전 착륙 활성)
[offboard_node-2] [INFO] [1785264069.180886463] [offboard_node]: 탐색 1회차 — 고도 25m AGL 반경 6.1→30m 링간격 12.2m 속도상한 5.0m/s (풋프린트 단폭 18.8m)
[offboard_node-2] [INFO] [1785264069.181626585] [offboard_node]: WP1 도달·안정 (dist=0.1m speed=0.0m/s) → VISION_SEARCH (비전 착륙 활성)
[offboard_node-2] [INFO] [1785264069.281133001] [offboard_node]: 탐색 1회차 — 고도 25m AGL 반경 6.1→30m 링간격 12.2m 속도상한 5.0m/s (풋프린트 단폭 18.8m)
[offboard_node-2] [INFO] [1785264069.282528696] [offboard_node]: WP1 도달·안정 (dist=0.1m speed=0.0m/s) → VISION_SEARCH (비전 착륙 활성)
[offboard_node-2] [INFO] [1785264069.380946772] [offboard_node]: 탐색 1회차 — 고도 25m AGL 반경 6.1→30m 링간격 12.2m 속도상한 5.0m/s (풋프린트 단폭 18.8m)
[offboard_node-2] [INFO] [1785264069.381857362] [offboard_node]: WP1 도달·안정 (dist=0.1m speed=0.1m/s) → VISION_SEARCH (비전 착륙 활성)
[offboard_node-2] [INFO] [1785264069.482265658] [offboard_node]: 탐색 1회차 — 고도 25m AGL 반경 6.1→30m 링간격 12.2m 속도상한 5.0m/s (풋프린트 단폭 18.8m)
[offboard_node-2] [INFO] [1785264069.483070952] [offboard_node]: WP1 도달·안정 (dist=0.0m speed=0.1m/s) → VISION_SEARCH (비전 착륙 활성)
[offboard_node-2] [INFO] [1785264069.580390930] [offboard_node]: 탐색 1회차 — 고도 25m AGL 반경 6.1→30m 링간격 12.2m 속도상한 5.0m/s (풋프린트 단폭 18.8m)
[offboard_node-2] [INFO] [1785264069.581154343] [offboard_node]: WP1 도달·안정 (dist=0.0m speed=0.1m/s) → VISION_SEARCH (비전 착륙 활성)
[offboard_node-2] [INFO] [1785264069.680539657] [offboard_node]: 탐색 1회차 — 고도 25m AGL 반경 6.1→30m 링간격 12.2m 속도상한 5.0m/s (풋프린트 단폭 18.8m)
[offboard_node-2] [INFO] [1785264069.681315653] [offboard_node]: WP1 도달·안정 (dist=0.0m speed=0.1m/s) → VISION_SEARCH (비전 착륙 활성)
[offboard_node-2] [INFO] [1785264069.780432098] [offboard_node]: 탐색 1회차 — 고도 25m AGL 반경 6.1→30m 링간격 12.2m 속도상한 5.0m/s (풋프린트 단폭 18.8m)
[offboard_node-2] [INFO] [1785264069.780907967] [offboard_node]: WP1 도달·안정 (dist=0.0m speed=0.1m/s) → VISION_SEARCH (비전 착륙 활성)
[offboard_node-2] [INFO] [1785264069.881019373] [offboard_node]: 탐색 1회차 — 고도 25m AGL 반경 6.1→30m 링간격 12.2m 속도상한 5.0m/s (풋프린트 단폭 18.8m)
[offboard_node-2] [INFO] [1785264069.881870458] [offboard_node]: WP1 도달·안정 (dist=0.0m speed=0.1m/s) → VISION_SEARCH (비전 착륙 활성)
[offboard_node-2] [INFO] [1785264069.980920097] [offboard_node]: 탐색 1회차 — 고도 25m AGL 반경 6.1→30m 링간격 12.2m 속도상한 5.0m/s (풋프린트 단폭 18.8m)
[offboard_node-2] [INFO] [1785264069.981751557] [offboard_node]: WP1 도달·안정 (dist=0.0m speed=0.1m/s) → VISION_SEARCH (비전 착륙 활성)
[offboard_node-2] [INFO] [1785264070.080554780] [offboard_node]: WP1 홀드 dist=0.0m speed=0.0m/s stable=1905/10
[offboard_node-2] [INFO] [1785264070.081341197] [offboard_node]: 탐색 1회차 — 고도 25m AGL 반경 6.1→30m 링간격 12.2m 속도상한 5.0m/s (풋프린트 단폭 18.8m)
[offboard_node-2] [INFO] [1785264070.081820101] [offboard_node]: WP1 도달·안정 (dist=0.0m speed=0.0m/s) → VISION_SEARCH (비전 착륙 활성)
[offboard_node-2] [INFO] [1785264070.180977390] [offboard_node]: 탐색 1회차 — 고도 25m AGL 반경 6.1→30m 링간격 12.2m 속도상한 5.0m/s (풋프린트 단폭 18.8m)
[offboard_node-2] [INFO] [1785264070.182130801] [offboard_node]: WP1 도달·안정 (dist=0.0m speed=0.0m/s) → VISION_SEARCH (비전 착륙 활성)
[offboard_node-2] [INFO] [1785264070.296472608] [offboard_node]: 탐색 1회차 — 고도 25m AGL 반경 6.1→30m 링간격 12.2m 속도상한 5.0m/s (풋프린트 단폭 18.8m)
[offboard_node-2] [INFO] [1785264070.298563593] [offboard_node]: WP1 도달·안정 (dist=0.0m speed=0.0m/s) → VISION_SEARCH (비전 착륙 활성)
[offboard_node-2] [INFO] [1785264070.381268969] [offboard_node]: 탐색 1회차 — 고도 25m AGL 반경 6.1→30m 링간격 12.2m 속도상한 5.0m/s (풋프린트 단폭 18.8m)
[offboard_node-2] [INFO] [1785264070.382130378] [offboard_node]: WP1 도달·안정 (dist=0.0m speed=0.0m/s) → VISION_SEARCH (비전 착륙 활성)
[telemetry_node-1] [INFO] [1785264070.394115246] [telemetry_node]: pos_ned=[ 3.00019043e+02 -2.66823582e-02  5.00032539e+01]  yaw=0.092  armed=True  vtol=3  batt=15.30V/50%
[offboard_node-2] [INFO] [1785264070.480775580] [offboard_node]: 탐색 1회차 — 고도 25m AGL 반경 6.1→30m 링간격 12.2m 속도상한 5.0m/s (풋프린트 단폭 18.8m)
[offboard_node-2] [INFO] [1785264070.481534552] [offboard_node]: WP1 도달·안정 (dist=0.0m speed=0.0m/s) → VISION_SEARCH (비전 착륙 활성)
[offboard_node-2] [INFO] [1785264070.580533300] [offboard_node]: 탐색 1회차 — 고도 25m AGL 반경 6.1→30m 링간격 12.2m 속도상한 5.0m/s (풋프린트 단폭 18.8m)
[offboard_node-2] [INFO] [1785264070.581079946] [offboard_node]: WP1 도달·안정 (dist=0.0m speed=0.0m/s) → VISION_SEARCH (비전 착륙 활성)
[offboard_node-2] [INFO] [1785264070.680977180] [offboard_node]: 탐색 1회차 — 고도 25m AGL 반경 6.1→30m 링간격 12.2m 속도상한 5.0m/s (풋프린트 단폭 18.8m)
[offboard_node-2] [INFO] [1785264070.683436728] [offboard_node]: WP1 도달·안정 (dist=0.0m speed=0.0m/s) → VISION_SEARCH (비전 착륙 활성)
[offboard_node-2] [INFO] [1785264070.780445203] [offboard_node]: 탐색 1회차 — 고도 25m AGL 반경 6.1→30m 링간격 12.2m 속도상한 5.0m/s (풋프린트 단폭 18.8m)
[offboard_node-2] [INFO] [1785264070.781032939] [offboard_node]: WP1 도달·안정 (dist=0.0m speed=0.0m/s) → VISION_SEARCH (비전 착륙 활성)
[offboard_node-2] [INFO] [1785264070.887074487] [offboard_node]: 탐색 1회차 — 고도 25m AGL 반경 6.1→30m 링간격 12.2m 속도상한 5.0m/s (풋프린트 단폭 18.8m)
[offboard_node-2] [INFO] [1785264070.888259864] [offboard_node]: WP1 도달·안정 (dist=0.0m speed=0.0m/s) → VISION_SEARCH (비전 착륙 활성)
[offboard_node-2] [INFO] [1785264070.980732149] [offboard_node]: 탐색 1회차 — 고도 25m AGL 반경 6.1→30m 링간격 12.2m 속도상한 5.0m/s (풋프린트 단폭 18.8m)
[offboard_node-2] [INFO] [1785264070.981526218] [offboard_node]: WP1 도달·안정 (dist=0.0m speed=0.0m/s) → VISION_SEARCH (비전 착륙 활성)
[offboard_node-2] [INFO] [1785264071.081763629] [offboard_node]: 탐색 1회차 — 고도 25m AGL 반경 6.1→30m 링간격 12.2m 속도상한 5.0m/s (풋프린트 단폭 18.8m)
[offboard_node-2] [INFO] [1785264071.082963555] [offboard_node]: WP1 도달·안정 (dist=0.0m speed=0.0m/s) → VISION_SEARCH (비전 착륙 활성)
[offboard_node-2] [INFO] [1785264071.180933525] [offboard_node]: 탐색 1회차 — 고도 25m AGL 반경 6.1→30m 링간격 12.2m 속도상한 5.0m/s (풋프린트 단폭 18.8m)
[offboard_node-2] [INFO] [1785264071.182985871] [offboard_node]: WP1 도달·안정 (dist=0.0m speed=0.0m/s) → VISION_SEARCH (비전 착륙 활성)
[offboard_node-2] [INFO] [1785264071.280266490] [offboard_node]: 탐색 1회차 — 고도 25m AGL 반경 6.1→30m 링간격 12.2m 속도상한 5.0m/s (풋프린트 단폭 18.8m)
[offboard_node-2] [INFO] [1785264071.281539435] [offboard_node]: WP1 도달·안정 (dist=0.0m speed=0.0m/s) → VISION_SEARCH (비전 착륙 활성)
[offboard_node-2] [INFO] [1785264071.380677879] [offboard_node]: 탐색 1회차 — 고도 25m AGL 반경 6.1→30m 링간격 12.2m 속도상한 5.0m/s (풋프린트 단폭 18.8m)
[offboard_node-2] [INFO] [1785264071.382694191] [offboard_node]: WP1 도달·안정 (dist=0.0m speed=0.0m/s) → VISION_SEARCH (비전 착륙 활성)
[offboard_node-2] [INFO] [1785264071.481102643] [offboard_node]: 탐색 1회차 — 고도 25m AGL 반경 6.1→30m 링간격 12.2m 속도상한 5.0m/s (풋프린트 단폭 18.8m)
[offboard_node-2] [INFO] [1785264071.482021304] [offboard_node]: WP1 도달·안정 (dist=0.0m speed=0.1m/s) → VISION_SEARCH (비전 착륙 활성)
[offboard_node-2] [INFO] [1785264071.580903174] [offboard_node]: 탐색 1회차 — 고도 25m AGL 반경 6.1→30m 링간격 12.2m 속도상한 5.0m/s (풋프린트 단폭 18.8m)
[offboard_node-2] [INFO] [1785264071.581895796] [offboard_node]: WP1 도달·안정 (dist=0.0m speed=0.1m/s) → VISION_SEARCH (비전 착륙 활성)
[offboard_node-2] [INFO] [1785264071.680337221] [offboard_node]: 탐색 1회차 — 고도 25m AGL 반경 6.1→30m 링간격 12.2m 속도상한 5.0m/s (풋프린트 단폭 18.8m)
[offboard_node-2] [INFO] [1785264071.681232583] [offboard_node]: WP1 도달·안정 (dist=0.0m speed=0.0m/s) → VISION_SEARCH (비전 착륙 활성)
[offboard_node-2] [INFO] [1785264071.780367338] [offboard_node]: 탐색 1회차 — 고도 25m AGL 반경 6.1→30m 링간격 12.2m 속도상한 5.0m/s (풋프린트 단폭 18.8m)
[offboard_node-2] [INFO] [1785264071.781317766] [offboard_node]: WP1 도달·안정 (dist=0.0m speed=0.0m/s) → VISION_SEARCH (비전 착륙 활성)
[offboard_node-2] [INFO] [1785264071.881204435] [offboard_node]: 탐색 1회차 — 고도 25m AGL 반경 6.1→30m 링간격 12.2m 속도상한 5.0m/s (풋프린트 단폭 18.8m)
[offboard_node-2] [INFO] [1785264071.882205162] [offboard_node]: WP1 도달·안정 (dist=0.0m speed=0.0m/s) → VISION_SEARCH (비전 착륙 활성)
[offboard_node-2] [INFO] [1785264071.981086378] [offboard_node]: 탐색 1회차 — 고도 25m AGL 반경 6.1→30m 링간격 12.2m 속도상한 5.0m/s (풋프린트 단폭 18.8m)
[offboard_node-2] [INFO] [1785264071.982412821] [offboard_node]: WP1 도달·안정 (dist=0.0m speed=0.0m/s) → VISION_SEARCH (비전 착륙 활성)
[offboard_node-2] [INFO] [1785264072.080317691] [offboard_node]: WP1 홀드 dist=0.0m speed=0.0m/s stable=1925/10
[offboard_node-2] [INFO] [1785264072.081382247] [offboard_node]: 탐색 1회차 — 고도 25m AGL 반경 6.1→30m 링간격 12.2m 속도상한 5.0m/s (풋프린트 단폭 18.8m)
[offboard_node-2] [INFO] [1785264072.082118119] [offboard_node]: WP1 도달·안정 (dist=0.0m speed=0.0m/s) → VISION_SEARCH (비전 착륙 활성)
[offboard_node-2] [INFO] [1785264072.180423623] [offboard_node]: 탐색 1회차 — 고도 25m AGL 반경 6.1→30m 링간격 12.2m 속도상한 5.0m/s (풋프린트 단폭 18.8m)
[offboard_node-2] [INFO] [1785264072.181349555] [offboard_node]: WP1 도달·안정 (dist=0.0m speed=0.0m/s) → VISION_SEARCH (비전 착륙 활성)
[offboard_node-2] [INFO] [1785264072.280539805] [offboard_node]: 탐색 1회차 — 고도 25m AGL 반경 6.1→30m 링간격 12.2m 속도상한 5.0m/s (풋프린트 단폭 18.8m)
[offboard_node-2] [INFO] [1785264072.281555043] [offboard_node]: WP1 도달·안정 (dist=0.0m speed=0.0m/s) → VISION_SEARCH (비전 착륙 활성)
[offboard_node-2] [INFO] [1785264072.380316740] [offboard_node]: 탐색 1회차 — 고도 25m AGL 반경 6.1→30m 링간격 12.2m 속도상한 5.0m/s (풋프린트 단폭 18.8m)
[offboard_node-2] [INFO] [1785264072.381279865] [offboard_node]: WP1 도달·안정 (dist=0.0m speed=0.0m/s) → VISION_SEARCH (비전 착륙 활성)
[telemetry_node-1] [INFO] [1785264072.394598896] [telemetry_node]: pos_ned=[ 3.00003937e+02 -8.50461610e-03  5.00184669e+01]  yaw=0.091  armed=True  vtol=3  batt=15.30V/50%
[offboard_node-2] [INFO] [1785264072.480728385] [offboard_node]: 탐색 1회차 — 고도 25m AGL 반경 6.1→30m 링간격 12.2m 속도상한 5.0m/s (풋프린트 단폭 18.8m)
[offboard_node-2] [INFO] [1785264072.481638537] [offboard_node]: WP1 도달·안정 (dist=0.0m speed=0.0m/s) → VISION_SEARCH (비전 착륙 활성)
[offboard_node-2] [INFO] [1785264072.581438009] [offboard_node]: 탐색 1회차 — 고도 25m AGL 반경 6.1→30m 링간격 12.2m 속도상한 5.0m/s (풋프린트 단폭 18.8m)
[offboard_node-2] [INFO] [1785264072.582355804] [offboard_node]: WP1 도달·안정 (dist=0.0m speed=0.0m/s) → VISION_SEARCH (비전 착륙 활성)
[offboard_node-2] [INFO] [1785264072.680432323] [offboard_node]: 탐색 1회차 — 고도 25m AGL 반경 6.1→30m 링간격 12.2m 속도상한 5.0m/s (풋프린트 단폭 18.8m)
[offboard_node-2] [INFO] [1785264072.681470925] [offboard_node]: WP1 도달·안정 (dist=0.0m speed=0.0m/s) → VISION_SEARCH (비전 착륙 활성)
[offboard_node-2] [INFO] [1785264072.791097878] [offboard_node]: 탐색 1회차 — 고도 25m AGL 반경 6.1→30m 링간격 12.2m 속도상한 5.0m/s (풋프린트 단폭 18.8m)
[offboard_node-2] [INFO] [1785264072.793004798] [offboard_node]: WP1 도달·안정 (dist=0.0m speed=0.0m/s) → VISION_SEARCH (비전 착륙 활성)
[offboard_node-2] [INFO] [1785264072.880345008] [offboard_node]: 탐색 1회차 — 고도 25m AGL 반경 6.1→30m 링간격 12.2m 속도상한 5.0m/s (풋프린트 단폭 18.8m)
[offboard_node-2] [INFO] [1785264072.881079444] [offboard_node]: WP1 도달·안정 (dist=0.0m speed=0.0m/s) → VISION_SEARCH (비전 착륙 활성)
[offboard_node-2] [INFO] [1785264072.980950380] [offboard_node]: 탐색 1회차 — 고도 25m AGL 반경 6.1→30m 링간격 12.2m 속도상한 5.0m/s (풋프린트 단폭 18.8m)
[offboard_node-2] [INFO] [1785264072.982151097] [offboard_node]: WP1 도달·안정 (dist=0.0m speed=0.0m/s) → VISION_SEARCH (비전 착륙 활성)
[offboard_node-2] [INFO] [1785264073.080488551] [offboard_node]: 탐색 1회차 — 고도 25m AGL 반경 6.1→30m 링간격 12.2m 속도상한 5.0m/s (풋프린트 단폭 18.8m)
[offboard_node-2] [INFO] [1785264073.081409650] [offboard_node]: WP1 도달·안정 (dist=0.0m speed=0.0m/s) → VISION_SEARCH (비전 착륙 활성)
[offboard_node-2] [INFO] [1785264073.180470872] [offboard_node]: 탐색 1회차 — 고도 25m AGL 반경 6.1→30m 링간격 12.2m 속도상한 5.0m/s (풋프린트 단폭 18.8m)
[offboard_node-2] [INFO] [1785264073.181331918] [offboard_node]: WP1 도달·안정 (dist=0.0m speed=0.0m/s) → VISION_SEARCH (비전 착륙 활성)
[offboard_node-2] [INFO] [1785264073.280410603] [offboard_node]: 탐색 1회차 — 고도 25m AGL 반경 6.1→30m 링간격 12.2m 속도상한 5.0m/s (풋프린트 단폭 18.8m)
[offboard_node-2] [INFO] [1785264073.281223651] [offboard_node]: WP1 도달·안정 (dist=0.0m speed=0.0m/s) → VISION_SEARCH (비전 착륙 활성)
[offboard_node-2] [INFO] [1785264073.380087412] [offboard_node]: 탐색 1회차 — 고도 25m AGL 반경 6.1→30m 링간격 12.2m 속도상한 5.0m/s (풋프린트 단폭 18.8m)
[offboard_node-2] [INFO] [1785264073.380663771] [offboard_node]: WP1 도달·안정 (dist=0.0m speed=0.0m/s) → VISION_SEARCH (비전 착륙 활성)
[offboard_node-2] [INFO] [1785264073.480082055] [offboard_node]: 탐색 1회차 — 고도 25m AGL 반경 6.1→30m 링간격 12.2m 속도상한 5.0m/s (풋프린트 단폭 18.8m)
[offboard_node-2] [INFO] [1785264073.480777626] [offboard_node]: WP1 도달·안정 (dist=0.0m speed=0.0m/s) → VISION_SEARCH (비전 착륙 활성)
[offboard_node-2] [INFO] [1785264073.579983864] [offboard_node]: 탐색 1회차 — 고도 25m AGL 반경 6.1→30m 링간격 12.2m 속도상한 5.0m/s (풋프린트 단폭 18.8m)
[offboard_node-2] [INFO] [1785264073.580553390] [offboard_node]: WP1 도달·안정 (dist=0.0m speed=0.0m/s) → VISION_SEARCH (비전 착륙 활성)
[offboard_node-2] [INFO] [1785264073.680960771] [offboard_node]: 탐색 1회차 — 고도 25m AGL 반경 6.1→30m 링간격 12.2m 속도상한 5.0m/s (풋프린트 단폭 18.8m)
[offboard_node-2] [INFO] [1785264073.682414424] [offboard_node]: WP1 도달·안정 (dist=0.0m speed=0.0m/s) → VISION_SEARCH (비전 착륙 활성)
[offboard_node-2] [INFO] [1785264073.780239340] [offboard_node]: 탐색 1회차 — 고도 25m AGL 반경 6.1→30m 링간격 12.2m 속도상한 5.0m/s (풋프린트 단폭 18.8m)
[offboard_node-2] [INFO] [1785264073.780790661] [offboard_node]: WP1 도달·안정 (dist=0.0m speed=0.0m/s) → VISION_SEARCH (비전 착륙 활성)
[offboard_node-2] [INFO] [1785264073.880535288] [offboard_node]: 탐색 1회차 — 고도 25m AGL 반경 6.1→30m 링간격 12.2m 속도상한 5.0m/s (풋프린트 단폭 18.8m)
[offboard_node-2] [INFO] [1785264073.881345967] [offboard_node]: WP1 도달·안정 (dist=0.0m speed=0.0m/s) → VISION_SEARCH (비전 착륙 활성)
[offboard_node-2] [INFO] [1785264073.980252717] [offboard_node]: 탐색 1회차 — 고도 25m AGL 반경 6.1→30m 링간격 12.2m 속도상한 5.0m/s (풋프린트 단폭 18.8m)
[offboard_node-2] [INFO] [1785264073.981185862] [offboard_node]: WP1 도달·안정 (dist=0.0m speed=0.0m/s) → VISION_SEARCH (비전 착륙 활성)
[offboard_node-2] [INFO] [1785264074.080107455] [offboard_node]: WP1 홀드 dist=0.0m speed=0.0m/s stable=1945/10
[offboard_node-2] [INFO] [1785264074.080631626] [offboard_node]: 탐색 1회차 — 고도 25m AGL 반경 6.1→30m 링간격 12.2m 속도상한 5.0m/s (풋프린트 단폭 18.8m)
[offboard_node-2] [INFO] [1785264074.081776530] [offboard_node]: WP1 도달·안정 (dist=0.0m speed=0.0m/s) → VISION_SEARCH (비전 착륙 활성)
[offboard_node-2] [INFO] [1785264074.180034873] [offboard_node]: 탐색 1회차 — 고도 25m AGL 반경 6.1→30m 링간격 12.2m 속도상한 5.0m/s (풋프린트 단폭 18.8m)
[offboard_node-2] [INFO] [1785264074.180457689] [offboard_node]: WP1 도달·안정 (dist=0.0m speed=0.0m/s) → VISION_SEARCH (비전 착륙 활성)
[offboard_node-2] [INFO] [1785264074.280069925] [offboard_node]: 탐색 1회차 — 고도 25m AGL 반경 6.1→30m 링간격 12.2m 속도상한 5.0m/s (풋프린트 단폭 18.8m)
[offboard_node-2] [INFO] [1785264074.280508494] [offboard_node]: WP1 도달·안정 (dist=0.0m speed=0.0m/s) → VISION_SEARCH (비전 착륙 활성)
[offboard_node-2] [INFO] [1785264074.380204076] [offboard_node]: 탐색 1회차 — 고도 25m AGL 반경 6.1→30m 링간격 12.2m 속도상한 5.0m/s (풋프린트 단폭 18.8m)
[offboard_node-2] [INFO] [1785264074.380811927] [offboard_node]: WP1 도달·안정 (dist=0.0m speed=0.0m/s) → VISION_SEARCH (비전 착륙 활성)
[telemetry_node-1] [INFO] [1785264074.393274802] [telemetry_node]: pos_ned=[ 3.00039703e+02 -1.53284625e-03  5.00311775e+01]  yaw=0.091  armed=True  vtol=3  batt=15.30V/50%
[offboard_node-2] [INFO] [1785264074.480105686] [offboard_node]: 탐색 1회차 — 고도 25m AGL 반경 6.1→30m 링간격 12.2m 속도상한 5.0m/s (풋프린트 단폭 18.8m)
[offboard_node-2] [INFO] [1785264074.480763366] [offboard_node]: WP1 도달·안정 (dist=0.0m speed=0.0m/s) → VISION_SEARCH (비전 착륙 활성)
[offboard_node-2] [INFO] [1785264074.579913650] [offboard_node]: 탐색 1회차 — 고도 25m AGL 반경 6.1→30m 링간격 12.2m 속도상한 5.0m/s (풋프린트 단폭 18.8m)
[offboard_node-2] [INFO] [1785264074.580386737] [offboard_node]: WP1 도달·안정 (dist=0.0m speed=0.0m/s) → VISION_SEARCH (비전 착륙 활성)
[offboard_node-2] [INFO] [1785264074.680812460] [offboard_node]: 탐색 1회차 — 고도 25m AGL 반경 6.1→30m 링간격 12.2m 속도상한 5.0m/s (풋프린트 단폭 18.8m)
[offboard_node-2] [INFO] [1785264074.681480385] [offboard_node]: WP1 도달·안정 (dist=0.0m speed=0.0m/s) → VISION_SEARCH (비전 착륙 활성)
[offboard_node-2] [INFO] [1785264074.780133075] [offboard_node]: 탐색 1회차 — 고도 25m AGL 반경 6.1→30m 링간격 12.2m 속도상한 5.0m/s (풋프린트 단폭 18.8m)
[offboard_node-2] [INFO] [1785264074.780802696] [offboard_node]: WP1 도달·안정 (dist=0.0m speed=0.0m/s) → VISION_SEARCH (비전 착륙 활성)
[offboard_node-2] [INFO] [1785264074.880098034] [offboard_node]: 탐색 1회차 — 고도 25m AGL 반경 6.1→30m 링간격 12.2m 속도상한 5.0m/s (풋프린트 단폭 18.8m)
[offboard_node-2] [INFO] [1785264074.880680048] [offboard_node]: WP1 도달·안정 (dist=0.0m speed=0.1m/s) → VISION_SEARCH (비전 착륙 활성)
[offboard_node-2] [INFO] [1785264074.980165671] [offboard_node]: 탐색 1회차 — 고도 25m AGL 반경 6.1→30m 링간격 12.2m 속도상한 5.0m/s (풋프린트 단폭 18.8m)
[offboard_node-2] [INFO] [1785264074.980591504] [offboard_node]: WP1 도달·안정 (dist=0.0m speed=0.1m/s) → VISION_SEARCH (비전 착륙 활성)
[offboard_node-2] [INFO] [1785264075.080370467] [offboard_node]: 탐색 1회차 — 고도 25m AGL 반경 6.1→30m 링간격 12.2m 속도상한 5.0m/s (풋프린트 단폭 18.8m)
[offboard_node-2] [INFO] [1785264075.081034326] [offboard_node]: WP1 도달·안정 (dist=0.0m speed=0.1m/s) → VISION_SEARCH (비전 착륙 활성)
[offboard_node-2] [INFO] [1785264075.180554449] [offboard_node]: 탐색 1회차 — 고도 25m AGL 반경 6.1→30m 링간격 12.2m 속도상한 5.0m/s (풋프린트 단폭 18.8m)
[offboard_node-2] [INFO] [1785264075.181356550] [offboard_node]: WP1 도달·안정 (dist=0.0m speed=0.1m/s) → VISION_SEARCH (비전 착륙 활성)
[offboard_node-2] [INFO] [1785264075.280058194] [offboard_node]: 탐색 1회차 — 고도 25m AGL 반경 6.1→30m 링간격 12.2m 속도상한 5.0m/s (풋프린트 단폭 18.8m)
[offboard_node-2] [INFO] [1785264075.280490565] [offboard_node]: WP1 도달·안정 (dist=0.0m speed=0.0m/s) → VISION_SEARCH (비전 착륙 활성)
[offboard_node-2] [INFO] [1785264075.380052919] [offboard_node]: 탐색 1회차 — 고도 25m AGL 반경 6.1→30m 링간격 12.2m 속도상한 5.0m/s (풋프린트 단폭 18.8m)
[offboard_node-2] [INFO] [1785264075.380585896] [offboard_node]: WP1 도달·안정 (dist=0.0m speed=0.0m/s) → VISION_SEARCH (비전 착륙 활성)
[offboard_node-2] [INFO] [1785264075.480042617] [offboard_node]: 탐색 1회차 — 고도 25m AGL 반경 6.1→30m 링간격 12.2m 속도상한 5.0m/s (풋프린트 단폭 18.8m)
[offboard_node-2] [INFO] [1785264075.480572790] [offboard_node]: WP1 도달·안정 (dist=0.0m speed=0.0m/s) → VISION_SEARCH (비전 착륙 활성)
[offboard_node-2] [INFO] [1785264075.580264399] [offboard_node]: 탐색 1회차 — 고도 25m AGL 반경 6.1→30m 링간격 12.2m 속도상한 5.0m/s (풋프린트 단폭 18.8m)
[offboard_node-2] [INFO] [1785264075.580850829] [offboard_node]: WP1 도달·안정 (dist=0.0m speed=0.0m/s) → VISION_SEARCH (비전 착륙 활성)
[offboard_node-2] [INFO] [1785264075.680235604] [offboard_node]: 탐색 1회차 — 고도 25m AGL 반경 6.1→30m 링간격 12.2m 속도상한 5.0m/s (풋프린트 단폭 18.8m)
[offboard_node-2] [INFO] [1785264075.686348007] [offboard_node]: WP1 도달·안정 (dist=0.0m speed=0.0m/s) → VISION_SEARCH (비전 착륙 활성)
[offboard_node-2] [INFO] [1785264075.780731074] [offboard_node]: 탐색 1회차 — 고도 25m AGL 반경 6.1→30m 링간격 12.2m 속도상한 5.0m/s (풋프린트 단폭 18.8m)
[offboard_node-2] [INFO] [1785264075.781914439] [offboard_node]: WP1 도달·안정 (dist=0.0m speed=0.0m/s) → VISION_SEARCH (비전 착륙 활성)
[offboard_node-2] [INFO] [1785264075.880195121] [offboard_node]: 탐색 1회차 — 고도 25m AGL 반경 6.1→30m 링간격 12.2m 속도상한 5.0m/s (풋프린트 단폭 18.8m)
[offboard_node-2] [INFO] [1785264075.880833668] [offboard_node]: WP1 도달·안정 (dist=0.0m speed=0.1m/s) → VISION_SEARCH (비전 착륙 활성)
[offboard_node-2] [INFO] [1785264075.980318559] [offboard_node]: 탐색 1회차 — 고도 25m AGL 반경 6.1→30m 링간격 12.2m 속도상한 5.0m/s (풋프린트 단폭 18.8m)
[offboard_node-2] [INFO] [1785264075.981016457] [offboard_node]: WP1 도달·안정 (dist=0.0m speed=0.1m/s) → VISION_SEARCH (비전 착륙 활성)
[offboard_node-2] [INFO] [1785264076.080063801] [offboard_node]: WP1 홀드 dist=0.0m speed=0.1m/s stable=1965/10
[offboard_node-2] [INFO] [1785264076.080683120] [offboard_node]: 탐색 1회차 — 고도 25m AGL 반경 6.1→30m 링간격 12.2m 속도상한 5.0m/s (풋프린트 단폭 18.8m)
[offboard_node-2] [INFO] [1785264076.081242204] [offboard_node]: WP1 도달·안정 (dist=0.0m speed=0.1m/s) → VISION_SEARCH (비전 착륙 활성)
[offboard_node-2] [INFO] [1785264076.180129767] [offboard_node]: 탐색 1회차 — 고도 25m AGL 반경 6.1→30m 링간격 12.2m 속도상한 5.0m/s (풋프린트 단폭 18.8m)
[offboard_node-2] [INFO] [1785264076.180675762] [offboard_node]: WP1 도달·안정 (dist=0.0m speed=0.1m/s) → VISION_SEARCH (비전 착륙 활성)
[offboard_node-2] [INFO] [1785264076.280057290] [offboard_node]: 탐색 1회차 — 고도 25m AGL 반경 6.1→30m 링간격 12.2m 속도상한 5.0m/s (풋프린트 단폭 18.8m)
[offboard_node-2] [INFO] [1785264076.280673374] [offboard_node]: WP1 도달·안정 (dist=0.0m speed=0.0m/s) → VISION_SEARCH (비전 착륙 활성)
[offboard_node-2] [INFO] [1785264076.380102542] [offboard_node]: 탐색 1회차 — 고도 25m AGL 반경 6.1→30m 링간격 12.2m 속도상한 5.0m/s (풋프린트 단폭 18.8m)
[offboard_node-2] [INFO] [1785264076.380764389] [offboard_node]: WP1 도달·안정 (dist=0.0m speed=0.0m/s) → VISION_SEARCH (비전 착륙 활성)
[telemetry_node-1] [INFO] [1785264076.393261878] [telemetry_node]: pos_ned=[3.00020966e+02 3.56637128e-03 5.00187454e+01]  yaw=0.091  armed=True  vtol=3  batt=15.30V/50%
[offboard_node-2] [INFO] [1785264076.480773086] [offboard_node]: 탐색 1회차 — 고도 25m AGL 반경 6.1→30m 링간격 12.2m 속도상한 5.0m/s (풋프린트 단폭 18.8m)
[offboard_node-2] [INFO] [1785264076.482322129] [offboard_node]: WP1 도달·안정 (dist=0.0m speed=0.0m/s) → VISION_SEARCH (비전 착륙 활성)
[offboard_node-2] [INFO] [1785264076.580290325] [offboard_node]: 탐색 1회차 — 고도 25m AGL 반경 6.1→30m 링간격 12.2m 속도상한 5.0m/s (풋프린트 단폭 18.8m)
[offboard_node-2] [INFO] [1785264076.580952482] [offboard_node]: WP1 도달·안정 (dist=0.0m speed=0.0m/s) → VISION_SEARCH (비전 착륙 활성)
[offboard_node-2] [INFO] [1785264076.680446772] [offboard_node]: 탐색 1회차 — 고도 25m AGL 반경 6.1→30m 링간격 12.2m 속도상한 5.0m/s (풋프린트 단폭 18.8m)
[offboard_node-2] [INFO] [1785264076.681321407] [offboard_node]: WP1 도달·안정 (dist=0.0m speed=0.0m/s) → VISION_SEARCH (비전 착륙 활성)
[offboard_node-2] [INFO] [1785264076.780218150] [offboard_node]: 탐색 1회차 — 고도 25m AGL 반경 6.1→30m 링간격 12.2m 속도상한 5.0m/s (풋프린트 단폭 18.8m)
[offboard_node-2] [INFO] [1785264076.780830300] [offboard_node]: WP1 도달·안정 (dist=0.0m speed=0.0m/s) → VISION_SEARCH (비전 착륙 활성)
[offboard_node-2] [INFO] [1785264076.880832784] [offboard_node]: 탐색 1회차 — 고도 25m AGL 반경 6.1→30m 링간격 12.2m 속도상한 5.0m/s (풋프린트 단폭 18.8m)
[offboard_node-2] [INFO] [1785264076.881889713] [offboard_node]: WP1 도달·안정 (dist=0.0m speed=0.0m/s) → VISION_SEARCH (비전 착륙 활성)
[offboard_node-2] [INFO] [1785264076.979980855] [offboard_node]: 탐색 1회차 — 고도 25m AGL 반경 6.1→30m 링간격 12.2m 속도상한 5.0m/s (풋프린트 단폭 18.8m)
[offboard_node-2] [INFO] [1785264076.980428061] [offboard_node]: WP1 도달·안정 (dist=0.0m speed=0.1m/s) → VISION_SEARCH (비전 착륙 활성)
[offboard_node-2] [INFO] [1785264077.080425480] [offboard_node]: 탐색 1회차 — 고도 25m AGL 반경 6.1→30m 링간격 12.2m 속도상한 5.0m/s (풋프린트 단폭 18.8m)
[offboard_node-2] [INFO] [1785264077.081078483] [offboard_node]: WP1 도달·안정 (dist=0.0m speed=0.1m/s) → VISION_SEARCH (비전 착륙 활성)
[offboard_node-2] [INFO] [1785264077.180570814] [offboard_node]: 탐색 1회차 — 고도 25m AGL 반경 6.1→30m 링간격 12.2m 속도상한 5.0m/s (풋프린트 단폭 18.8m)
[offboard_node-2] [INFO] [1785264077.181524305] [offboard_node]: WP1 도달·안정 (dist=0.0m speed=0.0m/s) → VISION_SEARCH (비전 착륙 활성)
[offboard_node-2] [INFO] [1785264077.280289858] [offboard_node]: 탐색 1회차 — 고도 25m AGL 반경 6.1→30m 링간격 12.2m 속도상한 5.0m/s (풋프린트 단폭 18.8m)
[offboard_node-2] [INFO] [1785264077.280830743] [offboard_node]: WP1 도달·안정 (dist=0.0m speed=0.0m/s) → VISION_SEARCH (비전 착륙 활성)
[offboard_node-2] [INFO] [1785264077.380249961] [offboard_node]: 탐색 1회차 — 고도 25m AGL 반경 6.1→30m 링간격 12.2m 속도상한 5.0m/s (풋프린트 단폭 18.8m)
[offboard_node-2] [INFO] [1785264077.381004790] [offboard_node]: WP1 도달·안정 (dist=0.0m speed=0.0m/s) → VISION_SEARCH (비전 착륙 활성)
[offboard_node-2] [INFO] [1785264077.480105266] [offboard_node]: 탐색 1회차 — 고도 25m AGL 반경 6.1→30m 링간격 12.2m 속도상한 5.0m/s (풋프린트 단폭 18.8m)
[offboard_node-2] [INFO] [1785264077.480578095] [offboard_node]: WP1 도달·안정 (dist=0.0m speed=0.0m/s) → VISION_SEARCH (비전 착륙 활성)
[offboard_node-2] [INFO] [1785264077.580092156] [offboard_node]: 탐색 1회차 — 고도 25m AGL 반경 6.1→30m 링간격 12.2m 속도상한 5.0m/s (풋프린트 단폭 18.8m)
[offboard_node-2] [INFO] [1785264077.581213919] [offboard_node]: WP1 도달·안정 (dist=0.0m speed=0.0m/s) → VISION_SEARCH (비전 착륙 활성)
[offboard_node-2] [INFO] [1785264077.680118437] [offboard_node]: 탐색 1회차 — 고도 25m AGL 반경 6.1→30m 링간격 12.2m 속도상한 5.0m/s (풋프린트 단폭 18.8m)
[offboard_node-2] [INFO] [1785264077.680575141] [offboard_node]: WP1 도달·안정 (dist=0.0m speed=0.0m/s) → VISION_SEARCH (비전 착륙 활성)
[offboard_node-2] [INFO] [1785264077.779947208] [offboard_node]: 탐색 1회차 — 고도 25m AGL 반경 6.1→30m 링간격 12.2m 속도상한 5.0m/s (풋프린트 단폭 18.8m)
[offboard_node-2] [INFO] [1785264077.780618624] [offboard_node]: WP1 도달·안정 (dist=0.0m speed=0.0m/s) → VISION_SEARCH (비전 착륙 활성)
[offboard_node-2] [INFO] [1785264077.880576362] [offboard_node]: 탐색 1회차 — 고도 25m AGL 반경 6.1→30m 링간격 12.2m 속도상한 5.0m/s (풋프린트 단폭 18.8m)
[offboard_node-2] [INFO] [1785264077.881296999] [offboard_node]: WP1 도달·안정 (dist=0.0m speed=0.1m/s) → VISION_SEARCH (비전 착륙 활성)
[offboard_node-2] [INFO] [1785264077.980516380] [offboard_node]: 탐색 1회차 — 고도 25m AGL 반경 6.1→30m 링간격 12.2m 속도상한 5.0m/s (풋프린트 단폭 18.8m)
[offboard_node-2] [INFO] [1785264077.981200839] [offboard_node]: WP1 도달·안정 (dist=0.0m speed=0.1m/s) → VISION_SEARCH (비전 착륙 활성)
[offboard_node-2] [INFO] [1785264078.080687250] [offboard_node]: WP1 홀드 dist=0.0m speed=0.1m/s stable=1985/10
[offboard_node-2] [INFO] [1785264078.081609510] [offboard_node]: 탐색 1회차 — 고도 25m AGL 반경 6.1→30m 링간격 12.2m 속도상한 5.0m/s (풋프린트 단폭 18.8m)
[offboard_node-2] [INFO] [1785264078.082423747] [offboard_node]: WP1 도달·안정 (dist=0.0m speed=0.1m/s) → VISION_SEARCH (비전 착륙 활성)
[offboard_node-2] [INFO] [1785264078.182350351] [offboard_node]: 탐색 1회차 — 고도 25m AGL 반경 6.1→30m 링간격 12.2m 속도상한 5.0m/s (풋프린트 단폭 18.8m)
[offboard_node-2] [INFO] [1785264078.183333137] [offboard_node]: WP1 도달·안정 (dist=0.0m speed=0.1m/s) → VISION_SEARCH (비전 착륙 활성)
[offboard_node-2] [INFO] [1785264078.281100093] [offboard_node]: 탐색 1회차 — 고도 25m AGL 반경 6.1→30m 링간격 12.2m 속도상한 5.0m/s (풋프린트 단폭 18.8m)
[offboard_node-2] [INFO] [1785264078.282633552] [offboard_node]: WP1 도달·안정 (dist=0.0m speed=0.0m/s) → VISION_SEARCH (비전 착륙 활성)
[offboard_node-2] [INFO] [1785264078.380721983] [offboard_node]: 탐색 1회차 — 고도 25m AGL 반경 6.1→30m 링간격 12.2m 속도상한 5.0m/s (풋프린트 단폭 18.8m)
[offboard_node-2] [INFO] [1785264078.381604833] [offboard_node]: WP1 도달·안정 (dist=0.0m speed=0.0m/s) → VISION_SEARCH (비전 착륙 활성)
[telemetry_node-1] [INFO] [1785264078.393700023] [telemetry_node]: pos_ned=[ 3.00011871e+02 -4.07110108e-03  4.99743271e+01]  yaw=0.090  armed=True  vtol=3  batt=15.30V/50%
[offboard_node-2] [INFO] [1785264078.480650405] [offboard_node]: 탐색 1회차 — 고도 25m AGL 반경 6.1→30m 링간격 12.2m 속도상한 5.0m/s (풋프린트 단폭 18.8m)
[offboard_node-2] [INFO] [1785264078.481706735] [offboard_node]: WP1 도달·안정 (dist=0.0m speed=0.0m/s) → VISION_SEARCH (비전 착륙 활성)
[offboard_node-2] [INFO] [1785264078.581176622] [offboard_node]: 탐색 1회차 — 고도 25m AGL 반경 6.1→30m 링간격 12.2m 속도상한 5.0m/s (풋프린트 단폭 18.8m)
[offboard_node-2] [INFO] [1785264078.582315973] [offboard_node]: WP1 도달·안정 (dist=0.0m speed=0.0m/s) → VISION_SEARCH (비전 착륙 활성)
[offboard_node-2] [INFO] [1785264078.680550026] [offboard_node]: 탐색 1회차 — 고도 25m AGL 반경 6.1→30m 링간격 12.2m 속도상한 5.0m/s (풋프린트 단폭 18.8m)
[offboard_node-2] [INFO] [1785264078.683802884] [offboard_node]: WP1 도달·안정 (dist=0.0m speed=0.0m/s) → VISION_SEARCH (비전 착륙 활성)
[offboard_node-2] [INFO] [1785264078.782580934] [offboard_node]: 탐색 1회차 — 고도 25m AGL 반경 6.1→30m 링간격 12.2m 속도상한 5.0m/s (풋프린트 단폭 18.8m)
[offboard_node-2] [INFO] [1785264078.783436176] [offboard_node]: WP1 도달·안정 (dist=0.0m speed=0.0m/s) → VISION_SEARCH (비전 착륙 활성)
[offboard_node-2] [INFO] [1785264078.880950425] [offboard_node]: 탐색 1회차 — 고도 25m AGL 반경 6.1→30m 링간격 12.2m 속도상한 5.0m/s (풋프린트 단폭 18.8m)
[offboard_node-2] [INFO] [1785264078.882521553] [offboard_node]: WP1 도달·안정 (dist=0.0m speed=0.0m/s) → VISION_SEARCH (비전 착륙 활성)
[offboard_node-2] [INFO] [1785264078.980122957] [offboard_node]: 탐색 1회차 — 고도 25m AGL 반경 6.1→30m 링간격 12.2m 속도상한 5.0m/s (풋프린트 단폭 18.8m)
[offboard_node-2] [INFO] [1785264078.980599797] [offboard_node]: WP1 도달·안정 (dist=0.0m speed=0.0m/s) → VISION_SEARCH (비전 착륙 활성)
[offboard_node-2] [INFO] [1785264079.080758830] [offboard_node]: 탐색 1회차 — 고도 25m AGL 반경 6.1→30m 링간격 12.2m 속도상한 5.0m/s (풋프린트 단폭 18.8m)
[offboard_node-2] [INFO] [1785264079.082485265] [offboard_node]: WP1 도달·안정 (dist=0.0m speed=0.0m/s) → VISION_SEARCH (비전 착륙 활성)
[offboard_node-2] [INFO] [1785264079.180744504] [offboard_node]: 탐색 1회차 — 고도 25m AGL 반경 6.1→30m 링간격 12.2m 속도상한 5.0m/s (풋프린트 단폭 18.8m)
[offboard_node-2] [INFO] [1785264079.181544562] [offboard_node]: WP1 도달·안정 (dist=0.0m speed=0.0m/s) → VISION_SEARCH (비전 착륙 활성)
[offboard_node-2] [INFO] [1785264079.281116842] [offboard_node]: 탐색 1회차 — 고도 25m AGL 반경 6.1→30m 링간격 12.2m 속도상한 5.0m/s (풋프린트 단폭 18.8m)
[offboard_node-2] [INFO] [1785264079.282021881] [offboard_node]: WP1 도달·안정 (dist=0.0m speed=0.0m/s) → VISION_SEARCH (비전 착륙 활성)
[offboard_node-2] [INFO] [1785264079.380903441] [offboard_node]: 탐색 1회차 — 고도 25m AGL 반경 6.1→30m 링간격 12.2m 속도상한 5.0m/s (풋프린트 단폭 18.8m)
[offboard_node-2] [INFO] [1785264079.381753449] [offboard_node]: WP1 도달·안정 (dist=0.0m speed=0.0m/s) → VISION_SEARCH (비전 착륙 활성)
[offboard_node-2] [INFO] [1785264079.480847916] [offboard_node]: 탐색 1회차 — 고도 25m AGL 반경 6.1→30m 링간격 12.2m 속도상한 5.0m/s (풋프린트 단폭 18.8m)
[offboard_node-2] [INFO] [1785264079.481647553] [offboard_node]: WP1 도달·안정 (dist=0.0m speed=0.0m/s) → VISION_SEARCH (비전 착륙 활성)
[offboard_node-2] [INFO] [1785264079.580429421] [offboard_node]: 탐색 1회차 — 고도 25m AGL 반경 6.1→30m 링간격 12.2m 속도상한 5.0m/s (풋프린트 단폭 18.8m)
[offboard_node-2] [INFO] [1785264079.580890770] [offboard_node]: WP1 도달·안정 (dist=0.0m speed=0.0m/s) → VISION_SEARCH (비전 착륙 활성)
[offboard_node-2] [INFO] [1785264079.680586300] [offboard_node]: 탐색 1회차 — 고도 25m AGL 반경 6.1→30m 링간격 12.2m 속도상한 5.0m/s (풋프린트 단폭 18.8m)
[offboard_node-2] [INFO] [1785264079.681252254] [offboard_node]: WP1 도달·안정 (dist=0.0m speed=0.0m/s) → VISION_SEARCH (비전 착륙 활성)
[offboard_node-2] [INFO] [1785264079.781800113] [offboard_node]: 탐색 1회차 — 고도 25m AGL 반경 6.1→30m 링간격 12.2m 속도상한 5.0m/s (풋프린트 단폭 18.8m)
[offboard_node-2] [INFO] [1785264079.782721373] [offboard_node]: WP1 도달·안정 (dist=0.0m speed=0.0m/s) → VISION_SEARCH (비전 착륙 활성)
[offboard_node-2] [INFO] [1785264079.880961808] [offboard_node]: 탐색 1회차 — 고도 25m AGL 반경 6.1→30m 링간격 12.2m 속도상한 5.0m/s (풋프린트 단폭 18.8m)
[offboard_node-2] [INFO] [1785264079.881594007] [offboard_node]: WP1 도달·안정 (dist=0.0m speed=0.0m/s) → VISION_SEARCH (비전 착륙 활성)
[offboard_node-2] [INFO] [1785264079.980966646] [offboard_node]: 탐색 1회차 — 고도 25m AGL 반경 6.1→30m 링간격 12.2m 속도상한 5.0m/s (풋프린트 단폭 18.8m)
[offboard_node-2] [INFO] [1785264079.981917490] [offboard_node]: WP1 도달·안정 (dist=0.0m speed=0.0m/s) → VISION_SEARCH (비전 착륙 활성)
[offboard_node-2] [INFO] [1785264080.082432440] [offboard_node]: WP1 홀드 dist=0.0m speed=0.0m/s stable=2005/10
[offboard_node-2] [INFO] [1785264080.083206125] [offboard_node]: 탐색 1회차 — 고도 25m AGL 반경 6.1→30m 링간격 12.2m 속도상한 5.0m/s (풋프린트 단폭 18.8m)
[offboard_node-2] [INFO] [1785264080.083662139] [offboard_node]: WP1 도달·안정 (dist=0.0m speed=0.0m/s) → VISION_SEARCH (비전 착륙 활성)
[offboard_node-2] [INFO] [1785264080.180235831] [offboard_node]: 탐색 1회차 — 고도 25m AGL 반경 6.1→30m 링간격 12.2m 속도상한 5.0m/s (풋프린트 단폭 18.8m)
[offboard_node-2] [INFO] [1785264080.180762681] [offboard_node]: WP1 도달·안정 (dist=0.0m speed=0.0m/s) → VISION_SEARCH (비전 착륙 활성)
[offboard_node-2] [INFO] [1785264080.280031534] [offboard_node]: 탐색 1회차 — 고도 25m AGL 반경 6.1→30m 링간격 12.2m 속도상한 5.0m/s (풋프린트 단폭 18.8m)
[offboard_node-2] [INFO] [1785264080.280583073] [offboard_node]: WP1 도달·안정 (dist=0.0m speed=0.0m/s) → VISION_SEARCH (비전 착륙 활성)
[offboard_node-2] [INFO] [1785264080.380890320] [offboard_node]: 탐색 1회차 — 고도 25m AGL 반경 6.1→30m 링간격 12.2m 속도상한 5.0m/s (풋프린트 단폭 18.8m)
[offboard_node-2] [INFO] [1785264080.381736978] [offboard_node]: WP1 도달·안정 (dist=0.0m speed=0.0m/s) → VISION_SEARCH (비전 착륙 활성)
[telemetry_node-1] [INFO] [1785264080.393418694] [telemetry_node]: pos_ned=[ 2.99998383e+02 -1.36096086e-02  4.99360886e+01]  yaw=0.090  armed=True  vtol=3  batt=15.30V/50%
[offboard_node-2] [INFO] [1785264080.480665986] [offboard_node]: 탐색 1회차 — 고도 25m AGL 반경 6.1→30m 링간격 12.2m 속도상한 5.0m/s (풋프린트 단폭 18.8m)
[offboard_node-2] [INFO] [1785264080.481332480] [offboard_node]: WP1 도달·안정 (dist=0.0m speed=0.0m/s) → VISION_SEARCH (비전 착륙 활성)
[offboard_node-2] [INFO] [1785264080.580452031] [offboard_node]: 탐색 1회차 — 고도 25m AGL 반경 6.1→30m 링간격 12.2m 속도상한 5.0m/s (풋프린트 단폭 18.8m)
[offboard_node-2] [INFO] [1785264080.581404628] [offboard_node]: WP1 도달·안정 (dist=0.0m speed=0.0m/s) → VISION_SEARCH (비전 착륙 활성)
[offboard_node-2] [INFO] [1785264080.680545449] [offboard_node]: 탐색 1회차 — 고도 25m AGL 반경 6.1→30m 링간격 12.2m 속도상한 5.0m/s (풋프린트 단폭 18.8m)
[offboard_node-2] [INFO] [1785264080.681181518] [offboard_node]: WP1 도달·안정 (dist=0.0m speed=0.0m/s) → VISION_SEARCH (비전 착륙 활성)
[offboard_node-2] [INFO] [1785264080.780355139] [offboard_node]: 탐색 1회차 — 고도 25m AGL 반경 6.1→30m 링간격 12.2m 속도상한 5.0m/s (풋프린트 단폭 18.8m)
[offboard_node-2] [INFO] [1785264080.780898599] [offboard_node]: WP1 도달·안정 (dist=0.0m speed=0.0m/s) → VISION_SEARCH (비전 착륙 활성)
[offboard_node-2] [INFO] [1785264080.880947617] [offboard_node]: 탐색 1회차 — 고도 25m AGL 반경 6.1→30m 링간격 12.2m 속도상한 5.0m/s (풋프린트 단폭 18.8m)
[offboard_node-2] [INFO] [1785264080.881458248] [offboard_node]: WP1 도달·안정 (dist=0.0m speed=0.0m/s) → VISION_SEARCH (비전 착륙 활성)
[offboard_node-2] [INFO] [1785264080.980391552] [offboard_node]: 탐색 1회차 — 고도 25m AGL 반경 6.1→30m 링간격 12.2m 속도상한 5.0m/s (풋프린트 단폭 18.8m)
[offboard_node-2] [INFO] [1785264080.980842422] [offboard_node]: WP1 도달·안정 (dist=0.0m speed=0.0m/s) → VISION_SEARCH (비전 착륙 활성)
[offboard_node-2] [INFO] [1785264081.080180635] [offboard_node]: 탐색 1회차 — 고도 25m AGL 반경 6.1→30m 링간격 12.2m 속도상한 5.0m/s (풋프린트 단폭 18.8m)
[offboard_node-2] [INFO] [1785264081.080781851] [offboard_node]: WP1 도달·안정 (dist=0.0m speed=0.0m/s) → VISION_SEARCH (비전 착륙 활성)
[offboard_node-2] [INFO] [1785264081.180696039] [offboard_node]: 탐색 1회차 — 고도 25m AGL 반경 6.1→30m 링간격 12.2m 속도상한 5.0m/s (풋프린트 단폭 18.8m)
[offboard_node-2] [INFO] [1785264081.181358636] [offboard_node]: WP1 도달·안정 (dist=0.0m speed=0.0m/s) → VISION_SEARCH (비전 착륙 활성)
[offboard_node-2] [INFO] [1785264081.280676474] [offboard_node]: 탐색 1회차 — 고도 25m AGL 반경 6.1→30m 링간격 12.2m 속도상한 5.0m/s (풋프린트 단폭 18.8m)
[offboard_node-2] [INFO] [1785264081.282259319] [offboard_node]: WP1 도달·안정 (dist=0.0m speed=0.0m/s) → VISION_SEARCH (비전 착륙 활성)
[offboard_node-2] [INFO] [1785264081.380839017] [offboard_node]: 탐색 1회차 — 고도 25m AGL 반경 6.1→30m 링간격 12.2m 속도상한 5.0m/s (풋프린트 단폭 18.8m)
[offboard_node-2] [INFO] [1785264081.382052365] [offboard_node]: WP1 도달·안정 (dist=0.0m speed=0.0m/s) → VISION_SEARCH (비전 착륙 활성)
[offboard_node-2] [INFO] [1785264081.480326113] [offboard_node]: 탐색 1회차 — 고도 25m AGL 반경 6.1→30m 링간격 12.2m 속도상한 5.0m/s (풋프린트 단폭 18.8m)
[offboard_node-2] [INFO] [1785264081.480970992] [offboard_node]: WP1 도달·안정 (dist=0.0m speed=0.0m/s) → VISION_SEARCH (비전 착륙 활성)
[offboard_node-2] [INFO] [1785264081.580067919] [offboard_node]: 탐색 1회차 — 고도 25m AGL 반경 6.1→30m 링간격 12.2m 속도상한 5.0m/s (풋프린트 단폭 18.8m)
[offboard_node-2] [INFO] [1785264081.580782500] [offboard_node]: WP1 도달·안정 (dist=0.0m speed=0.0m/s) → VISION_SEARCH (비전 착륙 활성)
[offboard_node-2] [INFO] [1785264081.681191255] [offboard_node]: 탐색 1회차 — 고도 25m AGL 반경 6.1→30m 링간격 12.2m 속도상한 5.0m/s (풋프린트 단폭 18.8m)
[offboard_node-2] [INFO] [1785264081.682044419] [offboard_node]: WP1 도달·안정 (dist=0.0m speed=0.0m/s) → VISION_SEARCH (비전 착륙 활성)
[offboard_node-2] [INFO] [1785264081.780369781] [offboard_node]: 탐색 1회차 — 고도 25m AGL 반경 6.1→30m 링간격 12.2m 속도상한 5.0m/s (풋프린트 단폭 18.8m)
[offboard_node-2] [INFO] [1785264081.781083612] [offboard_node]: WP1 도달·안정 (dist=0.0m speed=0.0m/s) → VISION_SEARCH (비전 착륙 활성)
[offboard_node-2] [INFO] [1785264081.880185663] [offboard_node]: 탐색 1회차 — 고도 25m AGL 반경 6.1→30m 링간격 12.2m 속도상한 5.0m/s (풋프린트 단폭 18.8m)
[offboard_node-2] [INFO] [1785264081.880743409] [offboard_node]: WP1 도달·안정 (dist=0.0m speed=0.0m/s) → VISION_SEARCH (비전 착륙 활성)
[offboard_node-2] [INFO] [1785264081.980690986] [offboard_node]: 탐색 1회차 — 고도 25m AGL 반경 6.1→30m 링간격 12.2m 속도상한 5.0m/s (풋프린트 단폭 18.8m)
[offboard_node-2] [INFO] [1785264081.981410533] [offboard_node]: WP1 도달·안정 (dist=0.0m speed=0.0m/s) → VISION_SEARCH (비전 착륙 활성)
[offboard_node-2] [INFO] [1785264082.080346604] [offboard_node]: WP1 홀드 dist=0.0m speed=0.0m/s stable=2025/10
[offboard_node-2] [INFO] [1785264082.081074816] [offboard_node]: 탐색 1회차 — 고도 25m AGL 반경 6.1→30m 링간격 12.2m 속도상한 5.0m/s (풋프린트 단폭 18.8m)
[offboard_node-2] [INFO] [1785264082.081519110] [offboard_node]: WP1 도달·안정 (dist=0.0m speed=0.0m/s) → VISION_SEARCH (비전 착륙 활성)
[offboard_node-2] [INFO] [1785264082.180603023] [offboard_node]: 탐색 1회차 — 고도 25m AGL 반경 6.1→30m 링간격 12.2m 속도상한 5.0m/s (풋프린트 단폭 18.8m)
[offboard_node-2] [INFO] [1785264082.181451200] [offboard_node]: WP1 도달·안정 (dist=0.0m speed=0.0m/s) → VISION_SEARCH (비전 착륙 활성)
[offboard_node-2] [INFO] [1785264082.280381222] [offboard_node]: 탐색 1회차 — 고도 25m AGL 반경 6.1→30m 링간격 12.2m 속도상한 5.0m/s (풋프린트 단폭 18.8m)
[offboard_node-2] [INFO] [1785264082.280992412] [offboard_node]: WP1 도달·안정 (dist=0.0m speed=0.0m/s) → VISION_SEARCH (비전 착륙 활성)
[offboard_node-2] [INFO] [1785264082.380354803] [offboard_node]: 탐색 1회차 — 고도 25m AGL 반경 6.1→30m 링간격 12.2m 속도상한 5.0m/s (풋프린트 단폭 18.8m)
[offboard_node-2] [INFO] [1785264082.381003540] [offboard_node]: WP1 도달·안정 (dist=0.0m speed=0.0m/s) → VISION_SEARCH (비전 착륙 활성)
[telemetry_node-1] [INFO] [1785264082.393256696] [telemetry_node]: pos_ned=[ 2.99999481e+02 -3.01646329e-02  4.98953323e+01]  yaw=0.090  armed=True  vtol=3  batt=15.30V/50%
[offboard_node-2] [INFO] [1785264082.480869545] [offboard_node]: 탐색 1회차 — 고도 25m AGL 반경 6.1→30m 링간격 12.2m 속도상한 5.0m/s (풋프린트 단폭 18.8m)
[offboard_node-2] [INFO] [1785264082.481591548] [offboard_node]: WP1 도달·안정 (dist=0.0m speed=0.0m/s) → VISION_SEARCH (비전 착륙 활성)
[offboard_node-2] [INFO] [1785264082.580302207] [offboard_node]: 탐색 1회차 — 고도 25m AGL 반경 6.1→30m 링간격 12.2m 속도상한 5.0m/s (풋프린트 단폭 18.8m)
[offboard_node-2] [INFO] [1785264082.580821331] [offboard_node]: WP1 도달·안정 (dist=0.0m speed=0.0m/s) → VISION_SEARCH (비전 착륙 활성)
[offboard_node-2] [INFO] [1785264082.681810537] [offboard_node]: 탐색 1회차 — 고도 25m AGL 반경 6.1→30m 링간격 12.2m 속도상한 5.0m/s (풋프린트 단폭 18.8m)
[offboard_node-2] [INFO] [1785264082.682617515] [offboard_node]: WP1 도달·안정 (dist=0.0m speed=0.0m/s) → VISION_SEARCH (비전 착륙 활성)
[offboard_node-2] [INFO] [1785264082.780584352] [offboard_node]: 탐색 1회차 — 고도 25m AGL 반경 6.1→30m 링간격 12.2m 속도상한 5.0m/s (풋프린트 단폭 18.8m)
[offboard_node-2] [INFO] [1785264082.781152478] [offboard_node]: WP1 도달·안정 (dist=0.0m speed=0.0m/s) → VISION_SEARCH (비전 착륙 활성)
[offboard_node-2] [INFO] [1785264082.880794351] [offboard_node]: 탐색 1회차 — 고도 25m AGL 반경 6.1→30m 링간격 12.2m 속도상한 5.0m/s (풋프린트 단폭 18.8m)
[offboard_node-2] [INFO] [1785264082.881629015] [offboard_node]: WP1 도달·안정 (dist=0.0m speed=0.0m/s) → VISION_SEARCH (비전 착륙 활성)
[offboard_node-2] [INFO] [1785264082.980362481] [offboard_node]: 탐색 1회차 — 고도 25m AGL 반경 6.1→30m 링간격 12.2m 속도상한 5.0m/s (풋프린트 단폭 18.8m)
[offboard_node-2] [INFO] [1785264082.981058053] [offboard_node]: WP1 도달·안정 (dist=0.0m speed=0.0m/s) → VISION_SEARCH (비전 착륙 활성)
[offboard_node-2] [INFO] [1785264083.080220155] [offboard_node]: 탐색 1회차 — 고도 25m AGL 반경 6.1→30m 링간격 12.2m 속도상한 5.0m/s (풋프린트 단폭 18.8m)
[offboard_node-2] [INFO] [1785264083.080813674] [offboard_node]: WP1 도달·안정 (dist=0.0m speed=0.0m/s) → VISION_SEARCH (비전 착륙 활성)
[offboard_node-2] [INFO] [1785264083.181157922] [offboard_node]: 탐색 1회차 — 고도 25m AGL 반경 6.1→30m 링간격 12.2m 속도상한 5.0m/s (풋프린트 단폭 18.8m)
[offboard_node-2] [INFO] [1785264083.181922750] [offboard_node]: WP1 도달·안정 (dist=0.0m speed=0.0m/s) → VISION_SEARCH (비전 착륙 활성)
[offboard_node-2] [INFO] [1785264083.280966914] [offboard_node]: 탐색 1회차 — 고도 25m AGL 반경 6.1→30m 링간격 12.2m 속도상한 5.0m/s (풋프린트 단폭 18.8m)
[offboard_node-2] [INFO] [1785264083.281922281] [offboard_node]: WP1 도달·안정 (dist=0.0m speed=0.0m/s) → VISION_SEARCH (비전 착륙 활성)
[offboard_node-2] [INFO] [1785264083.380637448] [offboard_node]: 탐색 1회차 — 고도 25m AGL 반경 6.1→30m 링간격 12.2m 속도상한 5.0m/s (풋프린트 단폭 18.8m)
[offboard_node-2] [INFO] [1785264083.381312853] [offboard_node]: WP1 도달·안정 (dist=0.0m speed=0.0m/s) → VISION_SEARCH (비전 착륙 활성)
[offboard_node-2] [INFO] [1785264083.480778928] [offboard_node]: 탐색 1회차 — 고도 25m AGL 반경 6.1→30m 링간격 12.2m 속도상한 5.0m/s (풋프린트 단폭 18.8m)
[offboard_node-2] [INFO] [1785264083.481769080] [offboard_node]: WP1 도달·안정 (dist=0.0m speed=0.0m/s) → VISION_SEARCH (비전 착륙 활성)
[offboard_node-2] [INFO] [1785264083.582046063] [offboard_node]: 탐색 1회차 — 고도 25m AGL 반경 6.1→30m 링간격 12.2m 속도상한 5.0m/s (풋프린트 단폭 18.8m)
[offboard_node-2] [INFO] [1785264083.583687666] [offboard_node]: WP1 도달·안정 (dist=0.0m speed=0.0m/s) → VISION_SEARCH (비전 착륙 활성)
[offboard_node-2] [INFO] [1785264083.681833768] [offboard_node]: 탐색 1회차 — 고도 25m AGL 반경 6.1→30m 링간격 12.2m 속도상한 5.0m/s (풋프린트 단폭 18.8m)
[offboard_node-2] [INFO] [1785264083.682753267] [offboard_node]: WP1 도달·안정 (dist=0.0m speed=0.0m/s) → VISION_SEARCH (비전 착륙 활성)
[offboard_node-2] [INFO] [1785264083.780980834] [offboard_node]: 탐색 1회차 — 고도 25m AGL 반경 6.1→30m 링간격 12.2m 속도상한 5.0m/s (풋프린트 단폭 18.8m)
[offboard_node-2] [INFO] [1785264083.781667204] [offboard_node]: WP1 도달·안정 (dist=0.0m speed=0.0m/s) → VISION_SEARCH (비전 착륙 활성)
[offboard_node-2] [INFO] [1785264083.881656869] [offboard_node]: 탐색 1회차 — 고도 25m AGL 반경 6.1→30m 링간격 12.2m 속도상한 5.0m/s (풋프린트 단폭 18.8m)
[offboard_node-2] [INFO] [1785264083.883327252] [offboard_node]: WP1 도달·안정 (dist=0.0m speed=0.0m/s) → VISION_SEARCH (비전 착륙 활성)
[offboard_node-2] [INFO] [1785264083.980942344] [offboard_node]: 탐색 1회차 — 고도 25m AGL 반경 6.1→30m 링간격 12.2m 속도상한 5.0m/s (풋프린트 단폭 18.8m)
[offboard_node-2] [INFO] [1785264083.981871160] [offboard_node]: WP1 도달·안정 (dist=0.0m speed=0.0m/s) → VISION_SEARCH (비전 착륙 활성)
[offboard_node-2] [INFO] [1785264084.081088943] [offboard_node]: WP1 홀드 dist=0.0m speed=0.0m/s stable=2045/10
[offboard_node-2] [INFO] [1785264084.081915230] [offboard_node]: 탐색 1회차 — 고도 25m AGL 반경 6.1→30m 링간격 12.2m 속도상한 5.0m/s (풋프린트 단폭 18.8m)
[offboard_node-2] [INFO] [1785264084.082541712] [offboard_node]: WP1 도달·안정 (dist=0.0m speed=0.0m/s) → VISION_SEARCH (비전 착륙 활성)
[offboard_node-2] [INFO] [1785264084.180678771] [offboard_node]: 탐색 1회차 — 고도 25m AGL 반경 6.1→30m 링간격 12.2m 속도상한 5.0m/s (풋프린트 단폭 18.8m)
[offboard_node-2] [INFO] [1785264084.181546910] [offboard_node]: WP1 도달·안정 (dist=0.0m speed=0.0m/s) → VISION_SEARCH (비전 착륙 활성)
[offboard_node-2] [INFO] [1785264084.280766253] [offboard_node]: 탐색 1회차 — 고도 25m AGL 반경 6.1→30m 링간격 12.2m 속도상한 5.0m/s (풋프린트 단폭 18.8m)
[offboard_node-2] [INFO] [1785264084.281456875] [offboard_node]: WP1 도달·안정 (dist=0.0m speed=0.0m/s) → VISION_SEARCH (비전 착륙 활성)
[offboard_node-2] [INFO] [1785264084.380576229] [offboard_node]: 탐색 1회차 — 고도 25m AGL 반경 6.1→30m 링간격 12.2m 속도상한 5.0m/s (풋프린트 단폭 18.8m)
[offboard_node-2] [INFO] [1785264084.381099066] [offboard_node]: WP1 도달·안정 (dist=0.0m speed=0.0m/s) → VISION_SEARCH (비전 착륙 활성)
[telemetry_node-1] [INFO] [1785264084.393722778] [telemetry_node]: pos_ned=[ 3.00003448e+02 -3.88719887e-02  4.98801308e+01]  yaw=0.090  armed=True  vtol=3  batt=15.30V/50%
[offboard_node-2] [INFO] [1785264084.482302519] [offboard_node]: 탐색 1회차 — 고도 25m AGL 반경 6.1→30m 링간격 12.2m 속도상한 5.0m/s (풋프린트 단폭 18.8m)
[offboard_node-2] [INFO] [1785264084.483224650] [offboard_node]: WP1 도달·안정 (dist=0.0m speed=0.0m/s) → VISION_SEARCH (비전 착륙 활성)
[offboard_node-2] [INFO] [1785264084.581003579] [offboard_node]: 탐색 1회차 — 고도 25m AGL 반경 6.1→30m 링간격 12.2m 속도상한 5.0m/s (풋프린트 단폭 18.8m)
[offboard_node-2] [INFO] [1785264084.581892185] [offboard_node]: WP1 도달·안정 (dist=0.0m speed=0.0m/s) → VISION_SEARCH (비전 착륙 활성)
[offboard_node-2] [INFO] [1785264084.681356787] [offboard_node]: 탐색 1회차 — 고도 25m AGL 반경 6.1→30m 링간격 12.2m 속도상한 5.0m/s (풋프린트 단폭 18.8m)
[offboard_node-2] [INFO] [1785264084.682332401] [offboard_node]: WP1 도달·안정 (dist=0.0m speed=0.0m/s) → VISION_SEARCH (비전 착륙 활성)
[offboard_node-2] [INFO] [1785264084.780683418] [offboard_node]: 탐색 1회차 — 고도 25m AGL 반경 6.1→30m 링간격 12.2m 속도상한 5.0m/s (풋프린트 단폭 18.8m)
[offboard_node-2] [INFO] [1785264084.782707667] [offboard_node]: WP1 도달·안정 (dist=0.0m speed=0.0m/s) → VISION_SEARCH (비전 착륙 활성)
[offboard_node-2] [INFO] [1785264084.881937638] [offboard_node]: 탐색 1회차 — 고도 25m AGL 반경 6.1→30m 링간격 12.2m 속도상한 5.0m/s (풋프린트 단폭 18.8m)
[offboard_node-2] [INFO] [1785264084.882845324] [offboard_node]: WP1 도달·안정 (dist=0.0m speed=0.0m/s) → VISION_SEARCH (비전 착륙 활성)
[offboard_node-2] [INFO] [1785264084.981646509] [offboard_node]: 탐색 1회차 — 고도 25m AGL 반경 6.1→30m 링간격 12.2m 속도상한 5.0m/s (풋프린트 단폭 18.8m)
[offboard_node-2] [INFO] [1785264084.982255382] [offboard_node]: WP1 도달·안정 (dist=0.0m speed=0.0m/s) → VISION_SEARCH (비전 착륙 활성)
[offboard_node-2] [INFO] [1785264085.081197323] [offboard_node]: 탐색 1회차 — 고도 25m AGL 반경 6.1→30m 링간격 12.2m 속도상한 5.0m/s (풋프린트 단폭 18.8m)
[offboard_node-2] [INFO] [1785264085.082936804] [offboard_node]: WP1 도달·안정 (dist=0.0m speed=0.0m/s) → VISION_SEARCH (비전 착륙 활성)
[offboard_node-2] [INFO] [1785264085.181014256] [offboard_node]: 탐색 1회차 — 고도 25m AGL 반경 6.1→30m 링간격 12.2m 속도상한 5.0m/s (풋프린트 단폭 18.8m)
[offboard_node-2] [INFO] [1785264085.181854326] [offboard_node]: WP1 도달·안정 (dist=0.0m speed=0.0m/s) → VISION_SEARCH (비전 착륙 활성)
[offboard_node-2] [INFO] [1785264085.281357411] [offboard_node]: 탐색 1회차 — 고도 25m AGL 반경 6.1→30m 링간격 12.2m 속도상한 5.0m/s (풋프린트 단폭 18.8m)
[offboard_node-2] [INFO] [1785264085.282324444] [offboard_node]: WP1 도달·안정 (dist=0.0m speed=0.0m/s) → VISION_SEARCH (비전 착륙 활성)
[offboard_node-2] [INFO] [1785264085.381244991] [offboard_node]: 탐색 1회차 — 고도 25m AGL 반경 6.1→30m 링간격 12.2m 속도상한 5.0m/s (풋프린트 단폭 18.8m)
[offboard_node-2] [INFO] [1785264085.382095919] [offboard_node]: WP1 도달·안정 (dist=0.0m speed=0.0m/s) → VISION_SEARCH (비전 착륙 활성)
[offboard_node-2] [INFO] [1785264085.481470420] [offboard_node]: 탐색 1회차 — 고도 25m AGL 반경 6.1→30m 링간격 12.2m 속도상한 5.0m/s (풋프린트 단폭 18.8m)
[offboard_node-2] [INFO] [1785264085.482495167] [offboard_node]: WP1 도달·안정 (dist=0.0m speed=0.0m/s) → VISION_SEARCH (비전 착륙 활성)
[offboard_node-2] [INFO] [1785264085.581243193] [offboard_node]: 탐색 1회차 — 고도 25m AGL 반경 6.1→30m 링간격 12.2m 속도상한 5.0m/s (풋프린트 단폭 18.8m)
[offboard_node-2] [INFO] [1785264085.582180002] [offboard_node]: WP1 도달·안정 (dist=0.0m speed=0.0m/s) → VISION_SEARCH (비전 착륙 활성)
[offboard_node-2] [INFO] [1785264085.680956157] [offboard_node]: 탐색 1회차 — 고도 25m AGL 반경 6.1→30m 링간격 12.2m 속도상한 5.0m/s (풋프린트 단폭 18.8m)
[offboard_node-2] [INFO] [1785264085.681522894] [offboard_node]: WP1 도달·안정 (dist=0.0m speed=0.0m/s) → VISION_SEARCH (비전 착륙 활성)
[offboard_node-2] [INFO] [1785264085.782277714] [offboard_node]: 탐색 1회차 — 고도 25m AGL 반경 6.1→30m 링간격 12.2m 속도상한 5.0m/s (풋프린트 단폭 18.8m)
[offboard_node-2] [INFO] [1785264085.783177408] [offboard_node]: WP1 도달·안정 (dist=0.0m speed=0.0m/s) → VISION_SEARCH (비전 착륙 활성)
[offboard_node-2] [INFO] [1785264085.880723515] [offboard_node]: 탐색 1회차 — 고도 25m AGL 반경 6.1→30m 링간격 12.2m 속도상한 5.0m/s (풋프린트 단폭 18.8m)
[offboard_node-2] [INFO] [1785264085.881390980] [offboard_node]: WP1 도달·안정 (dist=0.0m speed=0.0m/s) → VISION_SEARCH (비전 착륙 활성)
[offboard_node-2] [INFO] [1785264085.981149526] [offboard_node]: 탐색 1회차 — 고도 25m AGL 반경 6.1→30m 링간격 12.2m 속도상한 5.0m/s (풋프린트 단폭 18.8m)
[offboard_node-2] [INFO] [1785264085.982092338] [offboard_node]: WP1 도달·안정 (dist=0.0m speed=0.0m/s) → VISION_SEARCH (비전 착륙 활성)
[offboard_node-2] [INFO] [1785264086.081453454] [offboard_node]: WP1 홀드 dist=0.0m speed=0.0m/s stable=2065/10
[offboard_node-2] [INFO] [1785264086.082612108] [offboard_node]: 탐색 1회차 — 고도 25m AGL 반경 6.1→30m 링간격 12.2m 속도상한 5.0m/s (풋프린트 단폭 18.8m)
[offboard_node-2] [INFO] [1785264086.083811832] [offboard_node]: WP1 도달·안정 (dist=0.0m speed=0.0m/s) → VISION_SEARCH (비전 착륙 활성)
[offboard_node-2] [INFO] [1785264086.180866914] [offboard_node]: 탐색 1회차 — 고도 25m AGL 반경 6.1→30m 링간격 12.2m 속도상한 5.0m/s (풋프린트 단폭 18.8m)
[offboard_node-2] [INFO] [1785264086.181607118] [offboard_node]: WP1 도달·안정 (dist=0.0m speed=0.0m/s) → VISION_SEARCH (비전 착륙 활성)
[offboard_node-2] [INFO] [1785264086.280585092] [offboard_node]: 탐색 1회차 — 고도 25m AGL 반경 6.1→30m 링간격 12.2m 속도상한 5.0m/s (풋프린트 단폭 18.8m)
[offboard_node-2] [INFO] [1785264086.281158329] [offboard_node]: WP1 도달·안정 (dist=0.0m speed=0.0m/s) → VISION_SEARCH (비전 착륙 활성)
[offboard_node-2] [INFO] [1785264086.380502785] [offboard_node]: 탐색 1회차 — 고도 25m AGL 반경 6.1→30m 링간격 12.2m 속도상한 5.0m/s (풋프린트 단폭 18.8m)
[offboard_node-2] [INFO] [1785264086.381285847] [offboard_node]: WP1 도달·안정 (dist=0.0m speed=0.0m/s) → VISION_SEARCH (비전 착륙 활성)
[telemetry_node-1] [INFO] [1785264086.393372786] [telemetry_node]: pos_ned=[ 3.00006287e+02 -3.26598249e-02  4.98569069e+01]  yaw=0.090  armed=True  vtol=3  batt=15.30V/50%
[offboard_node-2] [INFO] [1785264086.480553561] [offboard_node]: 탐색 1회차 — 고도 25m AGL 반경 6.1→30m 링간격 12.2m 속도상한 5.0m/s (풋프린트 단폭 18.8m)
[offboard_node-2] [INFO] [1785264086.481071056] [offboard_node]: WP1 도달·안정 (dist=0.0m speed=0.0m/s) → VISION_SEARCH (비전 착륙 활성)
[offboard_node-2] [INFO] [1785264086.580467587] [offboard_node]: 탐색 1회차 — 고도 25m AGL 반경 6.1→30m 링간격 12.2m 속도상한 5.0m/s (풋프린트 단폭 18.8m)
[offboard_node-2] [INFO] [1785264086.581213162] [offboard_node]: WP1 도달·안정 (dist=0.0m speed=0.0m/s) → VISION_SEARCH (비전 착륙 활성)
[offboard_node-2] [INFO] [1785264086.680324253] [offboard_node]: 탐색 1회차 — 고도 25m AGL 반경 6.1→30m 링간격 12.2m 속도상한 5.0m/s (풋프린트 단폭 18.8m)
[offboard_node-2] [INFO] [1785264086.680809434] [offboard_node]: WP1 도달·안정 (dist=0.0m speed=0.0m/s) → VISION_SEARCH (비전 착륙 활성)
[offboard_node-2] [INFO] [1785264086.780421148] [offboard_node]: 탐색 1회차 — 고도 25m AGL 반경 6.1→30m 링간격 12.2m 속도상한 5.0m/s (풋프린트 단폭 18.8m)
[offboard_node-2] [INFO] [1785264086.780998919] [offboard_node]: WP1 도달·안정 (dist=0.0m speed=0.0m/s) → VISION_SEARCH (비전 착륙 활성)
[offboard_node-2] [INFO] [1785264086.880250015] [offboard_node]: 탐색 1회차 — 고도 25m AGL 반경 6.1→30m 링간격 12.2m 속도상한 5.0m/s (풋프린트 단폭 18.8m)
[offboard_node-2] [INFO] [1785264086.880773106] [offboard_node]: WP1 도달·안정 (dist=0.0m speed=0.0m/s) → VISION_SEARCH (비전 착륙 활성)
[offboard_node-2] [INFO] [1785264086.980597237] [offboard_node]: 탐색 1회차 — 고도 25m AGL 반경 6.1→30m 링간격 12.2m 속도상한 5.0m/s (풋프린트 단폭 18.8m)
[offboard_node-2] [INFO] [1785264086.981346591] [offboard_node]: WP1 도달·안정 (dist=0.0m speed=0.0m/s) → VISION_SEARCH (비전 착륙 활성)
[offboard_node-2] [INFO] [1785264087.080697862] [offboard_node]: 탐색 1회차 — 고도 25m AGL 반경 6.1→30m 링간격 12.2m 속도상한 5.0m/s (풋프린트 단폭 18.8m)
[offboard_node-2] [INFO] [1785264087.081636557] [offboard_node]: WP1 도달·안정 (dist=0.0m speed=0.0m/s) → VISION_SEARCH (비전 착륙 활성)
[offboard_node-2] [INFO] [1785264087.180858066] [offboard_node]: 탐색 1회차 — 고도 25m AGL 반경 6.1→30m 링간격 12.2m 속도상한 5.0m/s (풋프린트 단폭 18.8m)
[offboard_node-2] [INFO] [1785264087.181615239] [offboard_node]: WP1 도달·안정 (dist=0.0m speed=0.0m/s) → VISION_SEARCH (비전 착륙 활성)
[offboard_node-2] [INFO] [1785264087.280317470] [offboard_node]: 탐색 1회차 — 고도 25m AGL 반경 6.1→30m 링간격 12.2m 속도상한 5.0m/s (풋프린트 단폭 18.8m)
[offboard_node-2] [INFO] [1785264087.280902196] [offboard_node]: WP1 도달·안정 (dist=0.0m speed=0.0m/s) → VISION_SEARCH (비전 착륙 활성)
[offboard_node-2] [INFO] [1785264087.380713273] [offboard_node]: 탐색 1회차 — 고도 25m AGL 반경 6.1→30m 링간격 12.2m 속도상한 5.0m/s (풋프린트 단폭 18.8m)
[offboard_node-2] [INFO] [1785264087.381317343] [offboard_node]: WP1 도달·안정 (dist=0.0m speed=0.0m/s) → VISION_SEARCH (비전 착륙 활성)
[offboard_node-2] [INFO] [1785264087.480660256] [offboard_node]: 탐색 1회차 — 고도 25m AGL 반경 6.1→30m 링간격 12.2m 속도상한 5.0m/s (풋프린트 단폭 18.8m)
[offboard_node-2] [INFO] [1785264087.481364457] [offboard_node]: WP1 도달·안정 (dist=0.0m speed=0.0m/s) → VISION_SEARCH (비전 착륙 활성)
[offboard_node-2] [INFO] [1785264087.580349453] [offboard_node]: 탐색 1회차 — 고도 25m AGL 반경 6.1→30m 링간격 12.2m 속도상한 5.0m/s (풋프린트 단폭 18.8m)
[offboard_node-2] [INFO] [1785264087.580851459] [offboard_node]: WP1 도달·안정 (dist=0.0m speed=0.0m/s) → VISION_SEARCH (비전 착륙 활성)
[offboard_node-2] [INFO] [1785264087.680742644] [offboard_node]: 탐색 1회차 — 고도 25m AGL 반경 6.1→30m 링간격 12.2m 속도상한 5.0m/s (풋프린트 단폭 18.8m)
[offboard_node-2] [INFO] [1785264087.682082028] [offboard_node]: WP1 도달·안정 (dist=0.0m speed=0.0m/s) → VISION_SEARCH (비전 착륙 활성)
[offboard_node-2] [INFO] [1785264087.780141404] [offboard_node]: 탐색 1회차 — 고도 25m AGL 반경 6.1→30m 링간격 12.2m 속도상한 5.0m/s (풋프린트 단폭 18.8m)
[offboard_node-2] [INFO] [1785264087.780814930] [offboard_node]: WP1 도달·안정 (dist=0.0m speed=0.0m/s) → VISION_SEARCH (비전 착륙 활성)
[offboard_node-2] [INFO] [1785264087.880902154] [offboard_node]: 탐색 1회차 — 고도 25m AGL 반경 6.1→30m 링간격 12.2m 속도상한 5.0m/s (풋프린트 단폭 18.8m)
[offboard_node-2] [INFO] [1785264087.882251695] [offboard_node]: WP1 도달·안정 (dist=0.0m speed=0.0m/s) → VISION_SEARCH (비전 착륙 활성)
[offboard_node-2] [INFO] [1785264087.980723735] [offboard_node]: 탐색 1회차 — 고도 25m AGL 반경 6.1→30m 링간격 12.2m 속도상한 5.0m/s (풋프린트 단폭 18.8m)
[offboard_node-2] [INFO] [1785264087.981541479] [offboard_node]: WP1 도달·안정 (dist=0.0m speed=0.1m/s) → VISION_SEARCH (비전 착륙 활성)
[offboard_node-2] [INFO] [1785264088.080401455] [offboard_node]: WP1 홀드 dist=0.0m speed=0.1m/s stable=2085/10
[offboard_node-2] [INFO] [1785264088.081166797] [offboard_node]: 탐색 1회차 — 고도 25m AGL 반경 6.1→30m 링간격 12.2m 속도상한 5.0m/s (풋프린트 단폭 18.8m)
[offboard_node-2] [INFO] [1785264088.081816346] [offboard_node]: WP1 도달·안정 (dist=0.0m speed=0.1m/s) → VISION_SEARCH (비전 착륙 활성)
[offboard_node-2] [INFO] [1785264088.180328613] [offboard_node]: 탐색 1회차 — 고도 25m AGL 반경 6.1→30m 링간격 12.2m 속도상한 5.0m/s (풋프린트 단폭 18.8m)
[offboard_node-2] [INFO] [1785264088.181001354] [offboard_node]: WP1 도달·안정 (dist=0.0m speed=0.0m/s) → VISION_SEARCH (비전 착륙 활성)
[offboard_node-2] [INFO] [1785264088.280801903] [offboard_node]: 탐색 1회차 — 고도 25m AGL 반경 6.1→30m 링간격 12.2m 속도상한 5.0m/s (풋프린트 단폭 18.8m)
[offboard_node-2] [INFO] [1785264088.281325863] [offboard_node]: WP1 도달·안정 (dist=0.0m speed=0.0m/s) → VISION_SEARCH (비전 착륙 활성)
[offboard_node-2] [INFO] [1785264088.380716430] [offboard_node]: 탐색 1회차 — 고도 25m AGL 반경 6.1→30m 링간격 12.2m 속도상한 5.0m/s (풋프린트 단폭 18.8m)
[offboard_node-2] [INFO] [1785264088.381406485] [offboard_node]: WP1 도달·안정 (dist=0.0m speed=0.0m/s) → VISION_SEARCH (비전 착륙 활성)
[telemetry_node-1] [INFO] [1785264088.393736374] [telemetry_node]: pos_ned=[ 2.99993164e+02 -5.45351906e-03  4.98356972e+01]  yaw=0.090  armed=True  vtol=3  batt=15.30V/50%
[offboard_node-2] [INFO] [1785264088.480566203] [offboard_node]: 탐색 1회차 — 고도 25m AGL 반경 6.1→30m 링간격 12.2m 속도상한 5.0m/s (풋프린트 단폭 18.8m)
[offboard_node-2] [INFO] [1785264088.481215251] [offboard_node]: WP1 도달·안정 (dist=0.0m speed=0.0m/s) → VISION_SEARCH (비전 착륙 활성)
[offboard_node-2] [INFO] [1785264088.580404154] [offboard_node]: 탐색 1회차 — 고도 25m AGL 반경 6.1→30m 링간격 12.2m 속도상한 5.0m/s (풋프린트 단폭 18.8m)
[offboard_node-2] [INFO] [1785264088.580876584] [offboard_node]: WP1 도달·안정 (dist=0.0m speed=0.0m/s) → VISION_SEARCH (비전 착륙 활성)
[offboard_node-2] [INFO] [1785264088.680764590] [offboard_node]: 탐색 1회차 — 고도 25m AGL 반경 6.1→30m 링간격 12.2m 속도상한 5.0m/s (풋프린트 단폭 18.8m)
[offboard_node-2] [INFO] [1785264088.681551647] [offboard_node]: WP1 도달·안정 (dist=0.0m speed=0.0m/s) → VISION_SEARCH (비전 착륙 활성)
[offboard_node-2] [INFO] [1785264088.780910518] [offboard_node]: 탐색 1회차 — 고도 25m AGL 반경 6.1→30m 링간격 12.2m 속도상한 5.0m/s (풋프린트 단폭 18.8m)
[offboard_node-2] [INFO] [1785264088.781668653] [offboard_node]: WP1 도달·안정 (dist=0.0m speed=0.0m/s) → VISION_SEARCH (비전 착륙 활성)
[telemetry_node-1] [INFO] [1785264090.463053432] [telemetry_node]: pos_ned=[2.99992004e+02 5.78495860e-03 4.98345146e+01]  yaw=0.090  armed=True  vtol=3  batt=15.30V/50%
[offboard_node-2] [INFO] [1785264090.465446262] [offboard_node]: 탐색 1회차 — 고도 25m AGL 반경 6.1→30m 링간격 12.2m 속도상한 5.0m/s (풋프린트 단폭 18.8m)
[offboard_node-2] [INFO] [1785264090.465959507] [offboard_node]: WP1 도달·안정 (dist=0.0m speed=0.0m/s) → VISION_SEARCH (비전 착륙 활성)
[offboard_node-2] [WARN] [1785264090.466921319] [offboard_node]: altitude 메시지 지연 age=1.6s > 1.0s — 래치/캐시 의심, 수렴 표본에서 제외
[offboard_node-2] [INFO] [1785264090.481541073] [offboard_node]: 탐색 1회차 — 고도 25m AGL 반경 6.1→30m 링간격 12.2m 속도상한 5.0m/s (풋프린트 단폭 18.8m)
[offboard_node-2] [INFO] [1785264090.482348502] [offboard_node]: WP1 도달·안정 (dist=0.0m speed=0.0m/s) → VISION_SEARCH (비전 착륙 활성)
[offboard_node-2] [INFO] [1785264090.580717235] [offboard_node]: 탐색 1회차 — 고도 25m AGL 반경 6.1→30m 링간격 12.2m 속도상한 5.0m/s (풋프린트 단폭 18.8m)
[offboard_node-2] [INFO] [1785264090.581379858] [offboard_node]: WP1 도달·안정 (dist=0.0m speed=0.0m/s) → VISION_SEARCH (비전 착륙 활성)
[offboard_node-2] [INFO] [1785264090.682115143] [offboard_node]: 탐색 1회차 — 고도 25m AGL 반경 6.1→30m 링간격 12.2m 속도상한 5.0m/s (풋프린트 단폭 18.8m)
[offboard_node-2] [INFO] [1785264090.683103920] [offboard_node]: WP1 도달·안정 (dist=0.0m speed=0.0m/s) → VISION_SEARCH (비전 착륙 활성)
[offboard_node-2] [INFO] [1785264090.780471583] [offboard_node]: 탐색 1회차 — 고도 25m AGL 반경 6.1→30m 링간격 12.2m 속도상한 5.0m/s (풋프린트 단폭 18.8m)
[offboard_node-2] [INFO] [1785264090.781125540] [offboard_node]: WP1 도달·안정 (dist=0.0m speed=0.0m/s) → VISION_SEARCH (비전 착륙 활성)
[offboard_node-2] [INFO] [1785264090.880404284] [offboard_node]: 탐색 1회차 — 고도 25m AGL 반경 6.1→30m 링간격 12.2m 속도상한 5.0m/s (풋프린트 단폭 18.8m)
[offboard_node-2] [INFO] [1785264090.881050997] [offboard_node]: WP1 도달·안정 (dist=0.0m speed=0.0m/s) → VISION_SEARCH (비전 착륙 활성)
[offboard_node-2] [INFO] [1785264090.981086501] [offboard_node]: 탐색 1회차 — 고도 25m AGL 반경 6.1→30m 링간격 12.2m 속도상한 5.0m/s (풋프린트 단폭 18.8m)
[offboard_node-2] [INFO] [1785264090.981871307] [offboard_node]: WP1 도달·안정 (dist=0.0m speed=0.0m/s) → VISION_SEARCH (비전 착륙 활성)
[offboard_node-2] [INFO] [1785264091.082275606] [offboard_node]: 탐색 1회차 — 고도 25m AGL 반경 6.1→30m 링간격 12.2m 속도상한 5.0m/s (풋프린트 단폭 18.8m)
[offboard_node-2] [INFO] [1785264091.083119420] [offboard_node]: WP1 도달·안정 (dist=0.0m speed=0.0m/s) → VISION_SEARCH (비전 착륙 활성)
[offboard_node-2] [INFO] [1785264091.180627317] [offboard_node]: 탐색 1회차 — 고도 25m AGL 반경 6.1→30m 링간격 12.2m 속도상한 5.0m/s (풋프린트 단폭 18.8m)
[offboard_node-2] [INFO] [1785264091.181402849] [offboard_node]: WP1 도달·안정 (dist=0.0m speed=0.0m/s) → VISION_SEARCH (비전 착륙 활성)
[offboard_node-2] [INFO] [1785264091.281609847] [offboard_node]: 탐색 1회차 — 고도 25m AGL 반경 6.1→30m 링간격 12.2m 속도상한 5.0m/s (풋프린트 단폭 18.8m)
[offboard_node-2] [INFO] [1785264091.282337729] [offboard_node]: WP1 도달·안정 (dist=0.0m speed=0.0m/s) → VISION_SEARCH (비전 착륙 활성)
[offboard_node-2] [INFO] [1785264091.381339403] [offboard_node]: 탐색 1회차 — 고도 25m AGL 반경 6.1→30m 링간격 12.2m 속도상한 5.0m/s (풋프린트 단폭 18.8m)
[offboard_node-2] [INFO] [1785264091.382208855] [offboard_node]: WP1 도달·안정 (dist=0.0m speed=0.0m/s) → VISION_SEARCH (비전 착륙 활성)
[offboard_node-2] [INFO] [1785264091.480927617] [offboard_node]: 탐색 1회차 — 고도 25m AGL 반경 6.1→30m 링간격 12.2m 속도상한 5.0m/s (풋프린트 단폭 18.8m)
[offboard_node-2] [INFO] [1785264091.481727636] [offboard_node]: WP1 도달·안정 (dist=0.0m speed=0.0m/s) → VISION_SEARCH (비전 착륙 활성)
[offboard_node-2] [INFO] [1785264091.580862986] [offboard_node]: WP1 홀드 dist=0.0m speed=0.0m/s stable=2105/10
[offboard_node-2] [INFO] [1785264091.581508510] [offboard_node]: 탐색 1회차 — 고도 25m AGL 반경 6.1→30m 링간격 12.2m 속도상한 5.0m/s (풋프린트 단폭 18.8m)
[offboard_node-2] [INFO] [1785264091.581924563] [offboard_node]: WP1 도달·안정 (dist=0.0m speed=0.0m/s) → VISION_SEARCH (비전 착륙 활성)
[offboard_node-2] [INFO] [1785264091.681265100] [offboard_node]: 탐색 1회차 — 고도 25m AGL 반경 6.1→30m 링간격 12.2m 속도상한 5.0m/s (풋프린트 단폭 18.8m)
[offboard_node-2] [INFO] [1785264091.682142604] [offboard_node]: WP1 도달·안정 (dist=0.0m speed=0.0m/s) → VISION_SEARCH (비전 착륙 활성)
[offboard_node-2] [INFO] [1785264091.780783437] [offboard_node]: 탐색 1회차 — 고도 25m AGL 반경 6.1→30m 링간격 12.2m 속도상한 5.0m/s (풋프린트 단폭 18.8m)
[offboard_node-2] [INFO] [1785264091.781338511] [offboard_node]: WP1 도달·안정 (dist=0.0m speed=0.0m/s) → VISION_SEARCH (비전 착륙 활성)
[offboard_node-2] [INFO] [1785264091.880593775] [offboard_node]: 탐색 1회차 — 고도 25m AGL 반경 6.1→30m 링간격 12.2m 속도상한 5.0m/s (풋프린트 단폭 18.8m)
[offboard_node-2] [INFO] [1785264091.881211044] [offboard_node]: WP1 도달·안정 (dist=0.0m speed=0.0m/s) → VISION_SEARCH (비전 착륙 활성)
[offboard_node-2] [INFO] [1785264091.981153906] [offboard_node]: 탐색 1회차 — 고도 25m AGL 반경 6.1→30m 링간격 12.2m 속도상한 5.0m/s (풋프린트 단폭 18.8m)
[offboard_node-2] [INFO] [1785264091.981976500] [offboard_node]: WP1 도달·안정 (dist=0.0m speed=0.0m/s) → VISION_SEARCH (비전 착륙 활성)
[offboard_node-2] [INFO] [1785264092.080814941] [offboard_node]: 탐색 1회차 — 고도 25m AGL 반경 6.1→30m 링간격 12.2m 속도상한 5.0m/s (풋프린트 단폭 18.8m)
[offboard_node-2] [INFO] [1785264092.081483417] [offboard_node]: WP1 도달·안정 (dist=0.0m speed=0.0m/s) → VISION_SEARCH (비전 착륙 활성)
[offboard_node-2] [INFO] [1785264092.180858749] [offboard_node]: 탐색 1회차 — 고도 25m AGL 반경 6.1→30m 링간격 12.2m 속도상한 5.0m/s (풋프린트 단폭 18.8m)
[offboard_node-2] [INFO] [1785264092.181511738] [offboard_node]: WP1 도달·안정 (dist=0.0m speed=0.0m/s) → VISION_SEARCH (비전 착륙 활성)
[offboard_node-2] [INFO] [1785264092.280617295] [offboard_node]: 탐색 1회차 — 고도 25m AGL 반경 6.1→30m 링간격 12.2m 속도상한 5.0m/s (풋프린트 단폭 18.8m)
[offboard_node-2] [INFO] [1785264092.281295449] [offboard_node]: WP1 도달·안정 (dist=0.0m speed=0.0m/s) → VISION_SEARCH (비전 착륙 활성)
[offboard_node-2] [INFO] [1785264092.381785908] [offboard_node]: 탐색 1회차 — 고도 25m AGL 반경 6.1→30m 링간격 12.2m 속도상한 5.0m/s (풋프린트 단폭 18.8m)
[offboard_node-2] [INFO] [1785264092.383549542] [offboard_node]: WP1 도달·안정 (dist=0.0m speed=0.0m/s) → VISION_SEARCH (비전 착륙 활성)
[telemetry_node-1] [INFO] [1785264092.393841712] [telemetry_node]: pos_ned=[ 2.99985474e+02 -1.40950037e-02  4.98223801e+01]  yaw=0.089  armed=True  vtol=3  batt=15.30V/50%
[offboard_node-2] [INFO] [1785264092.480821225] [offboard_node]: 탐색 1회차 — 고도 25m AGL 반경 6.1→30m 링간격 12.2m 속도상한 5.0m/s (풋프린트 단폭 18.8m)
[offboard_node-2] [INFO] [1785264092.482737123] [offboard_node]: WP1 도달·안정 (dist=0.0m speed=0.0m/s) → VISION_SEARCH (비전 착륙 활성)
[offboard_node-2] [INFO] [1785264092.580517877] [offboard_node]: 탐색 1회차 — 고도 25m AGL 반경 6.1→30m 링간격 12.2m 속도상한 5.0m/s (풋프린트 단폭 18.8m)
[offboard_node-2] [INFO] [1785264092.581101154] [offboard_node]: WP1 도달·안정 (dist=0.0m speed=0.0m/s) → VISION_SEARCH (비전 착륙 활성)
[offboard_node-2] [INFO] [1785264092.680911972] [offboard_node]: 탐색 1회차 — 고도 25m AGL 반경 6.1→30m 링간격 12.2m 속도상한 5.0m/s (풋프린트 단폭 18.8m)
[offboard_node-2] [INFO] [1785264092.681518026] [offboard_node]: WP1 도달·안정 (dist=0.0m speed=0.0m/s) → VISION_SEARCH (비전 착륙 활성)
[offboard_node-2] [INFO] [1785264092.781275763] [offboard_node]: 탐색 1회차 — 고도 25m AGL 반경 6.1→30m 링간격 12.2m 속도상한 5.0m/s (풋프린트 단폭 18.8m)
[offboard_node-2] [INFO] [1785264092.782186090] [offboard_node]: WP1 도달·안정 (dist=0.0m speed=0.0m/s) → VISION_SEARCH (비전 착륙 활성)
[offboard_node-2] [INFO] [1785264092.881376076] [offboard_node]: 탐색 1회차 — 고도 25m AGL 반경 6.1→30m 링간격 12.2m 속도상한 5.0m/s (풋프린트 단폭 18.8m)
[offboard_node-2] [INFO] [1785264092.884625154] [offboard_node]: WP1 도달·안정 (dist=0.0m speed=0.0m/s) → VISION_SEARCH (비전 착륙 활성)
[offboard_node-2] [INFO] [1785264092.980675353] [offboard_node]: 탐색 1회차 — 고도 25m AGL 반경 6.1→30m 링간격 12.2m 속도상한 5.0m/s (풋프린트 단폭 18.8m)
[offboard_node-2] [INFO] [1785264092.981347818] [offboard_node]: WP1 도달·안정 (dist=0.0m speed=0.0m/s) → VISION_SEARCH (비전 착륙 활성)
[offboard_node-2] [INFO] [1785264093.081004868] [offboard_node]: 탐색 1회차 — 고도 25m AGL 반경 6.1→30m 링간격 12.2m 속도상한 5.0m/s (풋프린트 단폭 18.8m)
[offboard_node-2] [INFO] [1785264093.081802472] [offboard_node]: WP1 도달·안정 (dist=0.0m speed=0.0m/s) → VISION_SEARCH (비전 착륙 활성)
[offboard_node-2] [INFO] [1785264093.180986844] [offboard_node]: 탐색 1회차 — 고도 25m AGL 반경 6.1→30m 링간격 12.2m 속도상한 5.0m/s (풋프린트 단폭 18.8m)
[offboard_node-2] [INFO] [1785264093.182053222] [offboard_node]: WP1 도달·안정 (dist=0.0m speed=0.0m/s) → VISION_SEARCH (비전 착륙 활성)
[offboard_node-2] [INFO] [1785264093.280443182] [offboard_node]: 탐색 1회차 — 고도 25m AGL 반경 6.1→30m 링간격 12.2m 속도상한 5.0m/s (풋프린트 단폭 18.8m)
[offboard_node-2] [INFO] [1785264093.281057940] [offboard_node]: WP1 도달·안정 (dist=0.0m speed=0.0m/s) → VISION_SEARCH (비전 착륙 활성)
[offboard_node-2] [INFO] [1785264093.380318420] [offboard_node]: 탐색 1회차 — 고도 25m AGL 반경 6.1→30m 링간격 12.2m 속도상한 5.0m/s (풋프린트 단폭 18.8m)
[offboard_node-2] [INFO] [1785264093.380944172] [offboard_node]: WP1 도달·안정 (dist=0.0m speed=0.0m/s) → VISION_SEARCH (비전 착륙 활성)
[offboard_node-2] [INFO] [1785264093.480424761] [offboard_node]: 탐색 1회차 — 고도 25m AGL 반경 6.1→30m 링간격 12.2m 속도상한 5.0m/s (풋프린트 단폭 18.8m)
[offboard_node-2] [INFO] [1785264093.481025089] [offboard_node]: WP1 도달·안정 (dist=0.0m speed=0.0m/s) → VISION_SEARCH (비전 착륙 활성)
[offboard_node-2] [INFO] [1785264093.580575335] [offboard_node]: WP1 홀드 dist=0.0m speed=0.0m/s stable=2125/10
[offboard_node-2] [INFO] [1785264093.581333356] [offboard_node]: 탐색 1회차 — 고도 25m AGL 반경 6.1→30m 링간격 12.2m 속도상한 5.0m/s (풋프린트 단폭 18.8m)
[offboard_node-2] [INFO] [1785264093.581993905] [offboard_node]: WP1 도달·안정 (dist=0.0m speed=0.0m/s) → VISION_SEARCH (비전 착륙 활성)
[offboard_node-2] [INFO] [1785264093.681576920] [offboard_node]: 탐색 1회차 — 고도 25m AGL 반경 6.1→30m 링간격 12.2m 속도상한 5.0m/s (풋프린트 단폭 18.8m)
[offboard_node-2] [INFO] [1785264093.682291224] [offboard_node]: WP1 도달·안정 (dist=0.0m speed=0.0m/s) → VISION_SEARCH (비전 착륙 활성)
[offboard_node-2] [INFO] [1785264093.780580733] [offboard_node]: 탐색 1회차 — 고도 25m AGL 반경 6.1→30m 링간격 12.2m 속도상한 5.0m/s (풋프린트 단폭 18.8m)
[offboard_node-2] [INFO] [1785264093.781368755] [offboard_node]: WP1 도달·안정 (dist=0.0m speed=0.0m/s) → VISION_SEARCH (비전 착륙 활성)
[offboard_node-2] [INFO] [1785264093.880449992] [offboard_node]: 탐색 1회차 — 고도 25m AGL 반경 6.1→30m 링간격 12.2m 속도상한 5.0m/s (풋프린트 단폭 18.8m)
[offboard_node-2] [INFO] [1785264093.881048459] [offboard_node]: WP1 도달·안정 (dist=0.0m speed=0.0m/s) → VISION_SEARCH (비전 착륙 활성)
[offboard_node-2] [INFO] [1785264093.980385287] [offboard_node]: 탐색 1회차 — 고도 25m AGL 반경 6.1→30m 링간격 12.2m 속도상한 5.0m/s (풋프린트 단폭 18.8m)
[offboard_node-2] [INFO] [1785264093.981122022] [offboard_node]: WP1 도달·안정 (dist=0.0m speed=0.0m/s) → VISION_SEARCH (비전 착륙 활성)
[offboard_node-2] [INFO] [1785264094.080658188] [offboard_node]: 탐색 1회차 — 고도 25m AGL 반경 6.1→30m 링간격 12.2m 속도상한 5.0m/s (풋프린트 단폭 18.8m)
[offboard_node-2] [INFO] [1785264094.081282093] [offboard_node]: WP1 도달·안정 (dist=0.0m speed=0.0m/s) → VISION_SEARCH (비전 착륙 활성)
[offboard_node-2] [INFO] [1785264094.180398802] [offboard_node]: 탐색 1회차 — 고도 25m AGL 반경 6.1→30m 링간격 12.2m 속도상한 5.0m/s (풋프린트 단폭 18.8m)
[offboard_node-2] [INFO] [1785264094.180913546] [offboard_node]: WP1 도달·안정 (dist=0.0m speed=0.0m/s) → VISION_SEARCH (비전 착륙 활성)
[offboard_node-2] [INFO] [1785264094.281317322] [offboard_node]: 탐색 1회차 — 고도 25m AGL 반경 6.1→30m 링간격 12.2m 속도상한 5.0m/s (풋프린트 단폭 18.8m)
[offboard_node-2] [INFO] [1785264094.282260759] [offboard_node]: WP1 도달·안정 (dist=0.0m speed=0.0m/s) → VISION_SEARCH (비전 착륙 활성)
[offboard_node-2] [INFO] [1785264094.380178642] [offboard_node]: 탐색 1회차 — 고도 25m AGL 반경 6.1→30m 링간격 12.2m 속도상한 5.0m/s (풋프린트 단폭 18.8m)
[offboard_node-2] [INFO] [1785264094.380799772] [offboard_node]: WP1 도달·안정 (dist=0.0m speed=0.0m/s) → VISION_SEARCH (비전 착륙 활성)
[telemetry_node-1] [INFO] [1785264094.393148331] [telemetry_node]: pos_ned=[3.00010345e+02 1.05870366e-02 4.98091011e+01]  yaw=0.089  armed=True  vtol=3  batt=15.30V/50%
[offboard_node-2] [INFO] [1785264094.480389228] [offboard_node]: 탐색 1회차 — 고도 25m AGL 반경 6.1→30m 링간격 12.2m 속도상한 5.0m/s (풋프린트 단폭 18.8m)
[offboard_node-2] [INFO] [1785264094.480852103] [offboard_node]: WP1 도달·안정 (dist=0.0m speed=0.0m/s) → VISION_SEARCH (비전 착륙 활성)
[offboard_node-2] [INFO] [1785264094.580675992] [offboard_node]: 탐색 1회차 — 고도 25m AGL 반경 6.1→30m 링간격 12.2m 속도상한 5.0m/s (풋프린트 단폭 18.8m)
[offboard_node-2] [INFO] [1785264094.582189411] [offboard_node]: WP1 도달·안정 (dist=0.0m speed=0.0m/s) → VISION_SEARCH (비전 착륙 활성)
[offboard_node-2] [INFO] [1785264094.680882494] [offboard_node]: 탐색 1회차 — 고도 25m AGL 반경 6.1→30m 링간격 12.2m 속도상한 5.0m/s (풋프린트 단폭 18.8m)
[offboard_node-2] [INFO] [1785264094.681488478] [offboard_node]: WP1 도달·안정 (dist=0.0m speed=0.0m/s) → VISION_SEARCH (비전 착륙 활성)
[offboard_node-2] [INFO] [1785264094.780410144] [offboard_node]: 탐색 1회차 — 고도 25m AGL 반경 6.1→30m 링간격 12.2m 속도상한 5.0m/s (풋프린트 단폭 18.8m)
[offboard_node-2] [INFO] [1785264094.781001440] [offboard_node]: WP1 도달·안정 (dist=0.0m speed=0.0m/s) → VISION_SEARCH (비전 착륙 활성)
[offboard_node-2] [INFO] [1785264094.880437348] [offboard_node]: 탐색 1회차 — 고도 25m AGL 반경 6.1→30m 링간격 12.2m 속도상한 5.0m/s (풋프린트 단폭 18.8m)
[offboard_node-2] [INFO] [1785264094.881072412] [offboard_node]: WP1 도달·안정 (dist=0.0m speed=0.0m/s) → VISION_SEARCH (비전 착륙 활성)
[offboard_node-2] [INFO] [1785264094.980714475] [offboard_node]: 탐색 1회차 — 고도 25m AGL 반경 6.1→30m 링간격 12.2m 속도상한 5.0m/s (풋프린트 단폭 18.8m)
[offboard_node-2] [INFO] [1785264094.981289556] [offboard_node]: WP1 도달·안정 (dist=0.0m speed=0.0m/s) → VISION_SEARCH (비전 착륙 활성)
[offboard_node-2] [INFO] [1785264095.080824043] [offboard_node]: 탐색 1회차 — 고도 25m AGL 반경 6.1→30m 링간격 12.2m 속도상한 5.0m/s (풋프린트 단폭 18.8m)
[offboard_node-2] [INFO] [1785264095.081949552] [offboard_node]: WP1 도달·안정 (dist=0.0m speed=0.0m/s) → VISION_SEARCH (비전 착륙 활성)
[offboard_node-2] [INFO] [1785264095.180414788] [offboard_node]: 탐색 1회차 — 고도 25m AGL 반경 6.1→30m 링간격 12.2m 속도상한 5.0m/s (풋프린트 단폭 18.8m)
[offboard_node-2] [INFO] [1785264095.180905398] [offboard_node]: WP1 도달·안정 (dist=0.0m speed=0.0m/s) → VISION_SEARCH (비전 착륙 활성)
[offboard_node-2] [INFO] [1785264095.280680237] [offboard_node]: 탐색 1회차 — 고도 25m AGL 반경 6.1→30m 링간격 12.2m 속도상한 5.0m/s (풋프린트 단폭 18.8m)
[offboard_node-2] [INFO] [1785264095.281249825] [offboard_node]: WP1 도달·안정 (dist=0.0m speed=0.0m/s) → VISION_SEARCH (비전 착륙 활성)
[offboard_node-2] [INFO] [1785264095.380709613] [offboard_node]: 탐색 1회차 — 고도 25m AGL 반경 6.1→30m 링간격 12.2m 속도상한 5.0m/s (풋프린트 단폭 18.8m)
[offboard_node-2] [INFO] [1785264095.381488831] [offboard_node]: WP1 도달·안정 (dist=0.0m speed=0.0m/s) → VISION_SEARCH (비전 착륙 활성)
[offboard_node-2] [INFO] [1785264095.480733450] [offboard_node]: 탐색 1회차 — 고도 25m AGL 반경 6.1→30m 링간격 12.2m 속도상한 5.0m/s (풋프린트 단폭 18.8m)
[offboard_node-2] [INFO] [1785264095.481325824] [offboard_node]: WP1 도달·안정 (dist=0.0m speed=0.0m/s) → VISION_SEARCH (비전 착륙 활성)
[offboard_node-2] [INFO] [1785264095.580233004] [offboard_node]: WP1 홀드 dist=0.0m speed=0.0m/s stable=2145/10
[offboard_node-2] [INFO] [1785264095.580927469] [offboard_node]: 탐색 1회차 — 고도 25m AGL 반경 6.1→30m 링간격 12.2m 속도상한 5.0m/s (풋프린트 단폭 18.8m)
[offboard_node-2] [INFO] [1785264095.581466556] [offboard_node]: WP1 도달·안정 (dist=0.0m speed=0.0m/s) → VISION_SEARCH (비전 착륙 활성)
[offboard_node-2] [INFO] [1785264095.680524547] [offboard_node]: 탐색 1회차 — 고도 25m AGL 반경 6.1→30m 링간격 12.2m 속도상한 5.0m/s (풋프린트 단폭 18.8m)
[offboard_node-2] [INFO] [1785264095.681230410] [offboard_node]: WP1 도달·안정 (dist=0.0m speed=0.0m/s) → VISION_SEARCH (비전 착륙 활성)
[offboard_node-2] [INFO] [1785264095.780704105] [offboard_node]: 탐색 1회차 — 고도 25m AGL 반경 6.1→30m 링간격 12.2m 속도상한 5.0m/s (풋프린트 단폭 18.8m)
[offboard_node-2] [INFO] [1785264095.781462231] [offboard_node]: WP1 도달·안정 (dist=0.0m speed=0.1m/s) → VISION_SEARCH (비전 착륙 활성)
[offboard_node-2] [INFO] [1785264095.880440118] [offboard_node]: 탐색 1회차 — 고도 25m AGL 반경 6.1→30m 링간격 12.2m 속도상한 5.0m/s (풋프린트 단폭 18.8m)
[offboard_node-2] [INFO] [1785264095.881067414] [offboard_node]: WP1 도달·안정 (dist=0.0m speed=0.1m/s) → VISION_SEARCH (비전 착륙 활성)
[offboard_node-2] [INFO] [1785264095.980466577] [offboard_node]: 탐색 1회차 — 고도 25m AGL 반경 6.1→30m 링간격 12.2m 속도상한 5.0m/s (풋프린트 단폭 18.8m)
[offboard_node-2] [INFO] [1785264095.981172290] [offboard_node]: WP1 도달·안정 (dist=0.0m speed=0.1m/s) → VISION_SEARCH (비전 착륙 활성)
[offboard_node-2] [INFO] [1785264096.082034307] [offboard_node]: 탐색 1회차 — 고도 25m AGL 반경 6.1→30m 링간격 12.2m 속도상한 5.0m/s (풋프린트 단폭 18.8m)
[offboard_node-2] [INFO] [1785264096.083080690] [offboard_node]: WP1 도달·안정 (dist=0.0m speed=0.1m/s) → VISION_SEARCH (비전 착륙 활성)
[offboard_node-2] [INFO] [1785264096.180488129] [offboard_node]: 탐색 1회차 — 고도 25m AGL 반경 6.1→30m 링간격 12.2m 속도상한 5.0m/s (풋프린트 단폭 18.8m)
[offboard_node-2] [INFO] [1785264096.181087892] [offboard_node]: WP1 도달·안정 (dist=0.0m speed=0.1m/s) → VISION_SEARCH (비전 착륙 활성)
[offboard_node-2] [INFO] [1785264096.280597464] [offboard_node]: 탐색 1회차 — 고도 25m AGL 반경 6.1→30m 링간격 12.2m 속도상한 5.0m/s (풋프린트 단폭 18.8m)
[offboard_node-2] [INFO] [1785264096.281485133] [offboard_node]: WP1 도달·안정 (dist=0.0m speed=0.1m/s) → VISION_SEARCH (비전 착륙 활성)
[offboard_node-2] [INFO] [1785264096.380318660] [offboard_node]: 탐색 1회차 — 고도 25m AGL 반경 6.1→30m 링간격 12.2m 속도상한 5.0m/s (풋프린트 단폭 18.8m)
[offboard_node-2] [INFO] [1785264096.380820173] [offboard_node]: WP1 도달·안정 (dist=0.0m speed=0.0m/s) → VISION_SEARCH (비전 착륙 활성)
[telemetry_node-1] [INFO] [1785264096.393536192] [telemetry_node]: pos_ned=[2.99969391e+02 1.36976829e-02 4.97952118e+01]  yaw=0.089  armed=True  vtol=3  batt=15.30V/50%
[offboard_node-2] [INFO] [1785264096.480288583] [offboard_node]: 탐색 1회차 — 고도 25m AGL 반경 6.1→30m 링간격 12.2m 속도상한 5.0m/s (풋프린트 단폭 18.8m)
[offboard_node-2] [INFO] [1785264096.480884391] [offboard_node]: WP1 도달·안정 (dist=0.0m speed=0.0m/s) → VISION_SEARCH (비전 착륙 활성)
[offboard_node-2] [INFO] [1785264096.580562519] [offboard_node]: 탐색 1회차 — 고도 25m AGL 반경 6.1→30m 링간격 12.2m 속도상한 5.0m/s (풋프린트 단폭 18.8m)
[offboard_node-2] [INFO] [1785264096.581364190] [offboard_node]: WP1 도달·안정 (dist=0.0m speed=0.0m/s) → VISION_SEARCH (비전 착륙 활성)
[offboard_node-2] [INFO] [1785264096.680941828] [offboard_node]: 탐색 1회차 — 고도 25m AGL 반경 6.1→30m 링간격 12.2m 속도상한 5.0m/s (풋프린트 단폭 18.8m)
[offboard_node-2] [INFO] [1785264096.682107916] [offboard_node]: WP1 도달·안정 (dist=0.0m speed=0.0m/s) → VISION_SEARCH (비전 착륙 활성)
[offboard_node-2] [INFO] [1785264096.781167730] [offboard_node]: 탐색 1회차 — 고도 25m AGL 반경 6.1→30m 링간격 12.2m 속도상한 5.0m/s (풋프린트 단폭 18.8m)
[offboard_node-2] [INFO] [1785264096.782095118] [offboard_node]: WP1 도달·안정 (dist=0.0m speed=0.0m/s) → VISION_SEARCH (비전 착륙 활성)
[offboard_node-2] [INFO] [1785264096.880786798] [offboard_node]: 탐색 1회차 — 고도 25m AGL 반경 6.1→30m 링간격 12.2m 속도상한 5.0m/s (풋프린트 단폭 18.8m)
[offboard_node-2] [INFO] [1785264096.882165466] [offboard_node]: WP1 도달·안정 (dist=0.0m speed=0.0m/s) → VISION_SEARCH (비전 착륙 활성)
[offboard_node-2] [INFO] [1785264096.980464844] [offboard_node]: 탐색 1회차 — 고도 25m AGL 반경 6.1→30m 링간격 12.2m 속도상한 5.0m/s (풋프린트 단폭 18.8m)
[offboard_node-2] [INFO] [1785264096.981521978] [offboard_node]: WP1 도달·안정 (dist=0.0m speed=0.0m/s) → VISION_SEARCH (비전 착륙 활성)
[offboard_node-2] [INFO] [1785264097.080920388] [offboard_node]: 탐색 1회차 — 고도 25m AGL 반경 6.1→30m 링간격 12.2m 속도상한 5.0m/s (풋프린트 단폭 18.8m)
[offboard_node-2] [INFO] [1785264097.082594768] [offboard_node]: WP1 도달·안정 (dist=0.0m speed=0.0m/s) → VISION_SEARCH (비전 착륙 활성)
[offboard_node-2] [INFO] [1785264097.182633991] [offboard_node]: 탐색 1회차 — 고도 25m AGL 반경 6.1→30m 링간격 12.2m 속도상한 5.0m/s (풋프린트 단폭 18.8m)
[offboard_node-2] [INFO] [1785264097.184432222] [offboard_node]: WP1 도달·안정 (dist=0.0m speed=0.0m/s) → VISION_SEARCH (비전 착륙 활성)
[offboard_node-2] [INFO] [1785264097.283179250] [offboard_node]: 탐색 1회차 — 고도 25m AGL 반경 6.1→30m 링간격 12.2m 속도상한 5.0m/s (풋프린트 단폭 18.8m)
[offboard_node-2] [INFO] [1785264097.284089785] [offboard_node]: WP1 도달·안정 (dist=0.0m speed=0.0m/s) → VISION_SEARCH (비전 착륙 활성)
[offboard_node-2] [INFO] [1785264097.381356099] [offboard_node]: 탐색 1회차 — 고도 25m AGL 반경 6.1→30m 링간격 12.2m 속도상한 5.0m/s (풋프린트 단폭 18.8m)
[offboard_node-2] [INFO] [1785264097.383438707] [offboard_node]: WP1 도달·안정 (dist=0.0m speed=0.0m/s) → VISION_SEARCH (비전 착륙 활성)
[offboard_node-2] [INFO] [1785264097.481262884] [offboard_node]: 탐색 1회차 — 고도 25m AGL 반경 6.1→30m 링간격 12.2m 속도상한 5.0m/s (풋프린트 단폭 18.8m)
[offboard_node-2] [INFO] [1785264097.482288675] [offboard_node]: WP1 도달·안정 (dist=0.0m speed=0.0m/s) → VISION_SEARCH (비전 착륙 활성)
[offboard_node-2] [INFO] [1785264097.580758027] [offboard_node]: WP1 홀드 dist=0.0m speed=0.0m/s stable=2165/10
[offboard_node-2] [INFO] [1785264097.581747443] [offboard_node]: 탐색 1회차 — 고도 25m AGL 반경 6.1→30m 링간격 12.2m 속도상한 5.0m/s (풋프린트 단폭 18.8m)
[offboard_node-2] [INFO] [1785264097.582769101] [offboard_node]: WP1 도달·안정 (dist=0.0m speed=0.0m/s) → VISION_SEARCH (비전 착륙 활성)
[offboard_node-2] [INFO] [1785264097.681389296] [offboard_node]: 탐색 1회차 — 고도 25m AGL 반경 6.1→30m 링간격 12.2m 속도상한 5.0m/s (풋프린트 단폭 18.8m)
[offboard_node-2] [INFO] [1785264097.682630934] [offboard_node]: WP1 도달·안정 (dist=0.0m speed=0.0m/s) → VISION_SEARCH (비전 착륙 활성)
[offboard_node-2] [INFO] [1785264097.780565278] [offboard_node]: 탐색 1회차 — 고도 25m AGL 반경 6.1→30m 링간격 12.2m 속도상한 5.0m/s (풋프린트 단폭 18.8m)
[offboard_node-2] [INFO] [1785264097.781496825] [offboard_node]: WP1 도달·안정 (dist=0.0m speed=0.0m/s) → VISION_SEARCH (비전 착륙 활성)
[offboard_node-2] [INFO] [1785264097.881429253] [offboard_node]: 탐색 1회차 — 고도 25m AGL 반경 6.1→30m 링간격 12.2m 속도상한 5.0m/s (풋프린트 단폭 18.8m)
[offboard_node-2] [INFO] [1785264097.882339243] [offboard_node]: WP1 도달·안정 (dist=0.0m speed=0.0m/s) → VISION_SEARCH (비전 착륙 활성)
[offboard_node-2] [INFO] [1785264097.980446816] [offboard_node]: 탐색 1회차 — 고도 25m AGL 반경 6.1→30m 링간격 12.2m 속도상한 5.0m/s (풋프린트 단폭 18.8m)
[offboard_node-2] [INFO] [1785264097.981271619] [offboard_node]: WP1 도달·안정 (dist=0.0m speed=0.0m/s) → VISION_SEARCH (비전 착륙 활성)
[offboard_node-2] [INFO] [1785264098.080551648] [offboard_node]: 탐색 1회차 — 고도 25m AGL 반경 6.1→30m 링간격 12.2m 속도상한 5.0m/s (풋프린트 단폭 18.8m)
[offboard_node-2] [INFO] [1785264098.081333120] [offboard_node]: WP1 도달·안정 (dist=0.0m speed=0.0m/s) → VISION_SEARCH (비전 착륙 활성)
[offboard_node-2] [INFO] [1785264098.180069066] [offboard_node]: 탐색 1회차 — 고도 25m AGL 반경 6.1→30m 링간격 12.2m 속도상한 5.0m/s (풋프린트 단폭 18.8m)
[offboard_node-2] [INFO] [1785264098.180658429] [offboard_node]: WP1 도달·안정 (dist=0.0m speed=0.0m/s) → VISION_SEARCH (비전 착륙 활성)
[offboard_node-2] [INFO] [1785264098.280156800] [offboard_node]: 탐색 1회차 — 고도 25m AGL 반경 6.1→30m 링간격 12.2m 속도상한 5.0m/s (풋프린트 단폭 18.8m)
[offboard_node-2] [INFO] [1785264098.280614823] [offboard_node]: WP1 도달·안정 (dist=0.0m speed=0.0m/s) → VISION_SEARCH (비전 착륙 활성)
[offboard_node-2] [INFO] [1785264098.385563266] [offboard_node]: 탐색 1회차 — 고도 25m AGL 반경 6.1→30m 링간격 12.2m 속도상한 5.0m/s (풋프린트 단폭 18.8m)
[offboard_node-2] [INFO] [1785264098.386091830] [offboard_node]: WP1 도달·안정 (dist=0.0m speed=0.0m/s) → VISION_SEARCH (비전 착륙 활성)
[telemetry_node-1] [INFO] [1785264098.393744045] [telemetry_node]: pos_ned=[ 2.99977509e+02 -2.40790215e-03  4.97801247e+01]  yaw=0.089  armed=True  vtol=3  batt=15.30V/50%
[offboard_node-2] [INFO] [1785264098.480110242] [offboard_node]: 탐색 1회차 — 고도 25m AGL 반경 6.1→30m 링간격 12.2m 속도상한 5.0m/s (풋프린트 단폭 18.8m)
[offboard_node-2] [INFO] [1785264098.480539696] [offboard_node]: WP1 도달·안정 (dist=0.0m speed=0.0m/s) → VISION_SEARCH (비전 착륙 활성)
[offboard_node-2] [INFO] [1785264098.580234010] [offboard_node]: 탐색 1회차 — 고도 25m AGL 반경 6.1→30m 링간격 12.2m 속도상한 5.0m/s (풋프린트 단폭 18.8m)
[offboard_node-2] [INFO] [1785264098.581659252] [offboard_node]: WP1 도달·안정 (dist=0.0m speed=0.0m/s) → VISION_SEARCH (비전 착륙 활성)
[offboard_node-2] [INFO] [1785264098.682465654] [offboard_node]: 탐색 1회차 — 고도 25m AGL 반경 6.1→30m 링간격 12.2m 속도상한 5.0m/s (풋프린트 단폭 18.8m)
[offboard_node-2] [INFO] [1785264098.683493551] [offboard_node]: WP1 도달·안정 (dist=0.0m speed=0.0m/s) → VISION_SEARCH (비전 착륙 활성)
[offboard_node-2] [INFO] [1785264098.780378297] [offboard_node]: 탐색 1회차 — 고도 25m AGL 반경 6.1→30m 링간격 12.2m 속도상한 5.0m/s (풋프린트 단폭 18.8m)
[offboard_node-2] [INFO] [1785264098.780989191] [offboard_node]: WP1 도달·안정 (dist=0.0m speed=0.0m/s) → VISION_SEARCH (비전 착륙 활성)
[offboard_node-2] [INFO] [1785264098.880838180] [offboard_node]: 탐색 1회차 — 고도 25m AGL 반경 6.1→30m 링간격 12.2m 속도상한 5.0m/s (풋프린트 단폭 18.8m)
[offboard_node-2] [INFO] [1785264098.881696898] [offboard_node]: WP1 도달·안정 (dist=0.0m speed=0.0m/s) → VISION_SEARCH (비전 착륙 활성)
[offboard_node-2] [INFO] [1785264098.980317007] [offboard_node]: 탐색 1회차 — 고도 25m AGL 반경 6.1→30m 링간격 12.2m 속도상한 5.0m/s (풋프린트 단폭 18.8m)
[offboard_node-2] [INFO] [1785264098.980937785] [offboard_node]: WP1 도달·안정 (dist=0.0m speed=0.0m/s) → VISION_SEARCH (비전 착륙 활성)
[offboard_node-2] [INFO] [1785264099.080460682] [offboard_node]: 탐색 1회차 — 고도 25m AGL 반경 6.1→30m 링간격 12.2m 속도상한 5.0m/s (풋프린트 단폭 18.8m)
[offboard_node-2] [INFO] [1785264099.081035643] [offboard_node]: WP1 도달·안정 (dist=0.0m speed=0.0m/s) → VISION_SEARCH (비전 착륙 활성)
[offboard_node-2] [INFO] [1785264099.179991188] [offboard_node]: 탐색 1회차 — 고도 25m AGL 반경 6.1→30m 링간격 12.2m 속도상한 5.0m/s (풋프린트 단폭 18.8m)
[offboard_node-2] [INFO] [1785264099.180484654] [offboard_node]: WP1 도달·안정 (dist=0.0m speed=0.0m/s) → VISION_SEARCH (비전 착륙 활성)
[offboard_node-2] [INFO] [1785264099.280353224] [offboard_node]: 탐색 1회차 — 고도 25m AGL 반경 6.1→30m 링간격 12.2m 속도상한 5.0m/s (풋프린트 단폭 18.8m)
[offboard_node-2] [INFO] [1785264099.280972713] [offboard_node]: WP1 도달·안정 (dist=0.0m speed=0.0m/s) → VISION_SEARCH (비전 착륙 활성)
[offboard_node-2] [INFO] [1785264099.381113777] [offboard_node]: 탐색 1회차 — 고도 25m AGL 반경 6.1→30m 링간격 12.2m 속도상한 5.0m/s (풋프린트 단폭 18.8m)
[offboard_node-2] [INFO] [1785264099.381751697] [offboard_node]: WP1 도달·안정 (dist=0.0m speed=0.0m/s) → VISION_SEARCH (비전 착륙 활성)
[offboard_node-2] [INFO] [1785264099.480890583] [offboard_node]: 탐색 1회차 — 고도 25m AGL 반경 6.1→30m 링간격 12.2m 속도상한 5.0m/s (풋프린트 단폭 18.8m)
[offboard_node-2] [INFO] [1785264099.481787397] [offboard_node]: WP1 도달·안정 (dist=0.0m speed=0.0m/s) → VISION_SEARCH (비전 착륙 활성)
[offboard_node-2] [INFO] [1785264099.580450094] [offboard_node]: WP1 홀드 dist=0.0m speed=0.0m/s stable=2185/10
[offboard_node-2] [INFO] [1785264099.581092877] [offboard_node]: 탐색 1회차 — 고도 25m AGL 반경 6.1→30m 링간격 12.2m 속도상한 5.0m/s (풋프린트 단폭 18.8m)
[offboard_node-2] [INFO] [1785264099.581683156] [offboard_node]: WP1 도달·안정 (dist=0.0m speed=0.0m/s) → VISION_SEARCH (비전 착륙 활성)
[offboard_node-2] [INFO] [1785264099.680563515] [offboard_node]: 탐색 1회차 — 고도 25m AGL 반경 6.1→30m 링간격 12.2m 속도상한 5.0m/s (풋프린트 단폭 18.8m)
[offboard_node-2] [INFO] [1785264099.681301247] [offboard_node]: WP1 도달·안정 (dist=0.0m speed=0.0m/s) → VISION_SEARCH (비전 착륙 활성)
[offboard_node-2] [INFO] [1785264099.780124260] [offboard_node]: 탐색 1회차 — 고도 25m AGL 반경 6.1→30m 링간격 12.2m 속도상한 5.0m/s (풋프린트 단폭 18.8m)
[offboard_node-2] [INFO] [1785264099.780648016] [offboard_node]: WP1 도달·안정 (dist=0.0m speed=0.0m/s) → VISION_SEARCH (비전 착륙 활성)
[offboard_node-2] [INFO] [1785264099.880204780] [offboard_node]: 탐색 1회차 — 고도 25m AGL 반경 6.1→30m 링간격 12.2m 속도상한 5.0m/s (풋프린트 단폭 18.8m)
[offboard_node-2] [INFO] [1785264099.880762603] [offboard_node]: WP1 도달·안정 (dist=0.0m speed=0.0m/s) → VISION_SEARCH (비전 착륙 활성)
[offboard_node-2] [INFO] [1785264099.980063511] [offboard_node]: 탐색 1회차 — 고도 25m AGL 반경 6.1→30m 링간격 12.2m 속도상한 5.0m/s (풋프린트 단폭 18.8m)
[offboard_node-2] [INFO] [1785264099.980823550] [offboard_node]: WP1 도달·안정 (dist=0.0m speed=0.0m/s) → VISION_SEARCH (비전 착륙 활성)
[offboard_node-2] [INFO] [1785264100.080254777] [offboard_node]: 탐색 1회차 — 고도 25m AGL 반경 6.1→30m 링간격 12.2m 속도상한 5.0m/s (풋프린트 단폭 18.8m)
[offboard_node-2] [INFO] [1785264100.080841908] [offboard_node]: WP1 도달·안정 (dist=0.0m speed=0.0m/s) → VISION_SEARCH (비전 착륙 활성)
[offboard_node-2] [INFO] [1785264100.180085876] [offboard_node]: 탐색 1회차 — 고도 25m AGL 반경 6.1→30m 링간격 12.2m 속도상한 5.0m/s (풋프린트 단폭 18.8m)
[offboard_node-2] [INFO] [1785264100.180747833] [offboard_node]: WP1 도달·안정 (dist=0.0m speed=0.1m/s) → VISION_SEARCH (비전 착륙 활성)
[offboard_node-2] [INFO] [1785264100.280097665] [offboard_node]: 탐색 1회차 — 고도 25m AGL 반경 6.1→30m 링간격 12.2m 속도상한 5.0m/s (풋프린트 단폭 18.8m)
[offboard_node-2] [INFO] [1785264100.280651525] [offboard_node]: WP1 도달·안정 (dist=0.0m speed=0.1m/s) → VISION_SEARCH (비전 착륙 활성)
[offboard_node-2] [INFO] [1785264100.379955143] [offboard_node]: 탐색 1회차 — 고도 25m AGL 반경 6.1→30m 링간격 12.2m 속도상한 5.0m/s (풋프린트 단폭 18.8m)
[offboard_node-2] [INFO] [1785264100.380413588] [offboard_node]: WP1 도달·안정 (dist=0.0m speed=0.1m/s) → VISION_SEARCH (비전 착륙 활성)
[telemetry_node-1] [INFO] [1785264100.393180108] [telemetry_node]: pos_ned=[3.00004486e+02 5.19781746e-03 4.97701797e+01]  yaw=0.089  armed=True  vtol=3  batt=15.30V/50%
[offboard_node-2] [INFO] [1785264100.479978467] [offboard_node]: 탐색 1회차 — 고도 25m AGL 반경 6.1→30m 링간격 12.2m 속도상한 5.0m/s (풋프린트 단폭 18.8m)
[offboard_node-2] [INFO] [1785264100.480380023] [offboard_node]: WP1 도달·안정 (dist=0.0m speed=0.1m/s) → VISION_SEARCH (비전 착륙 활성)
[offboard_node-2] [INFO] [1785264100.580001242] [offboard_node]: 탐색 1회차 — 고도 25m AGL 반경 6.1→30m 링간격 12.2m 속도상한 5.0m/s (풋프린트 단폭 18.8m)
[offboard_node-2] [INFO] [1785264100.580515579] [offboard_node]: WP1 도달·안정 (dist=0.0m speed=0.0m/s) → VISION_SEARCH (비전 착륙 활성)
[offboard_node-2] [INFO] [1785264100.680576054] [offboard_node]: 탐색 1회차 — 고도 25m AGL 반경 6.1→30m 링간격 12.2m 속도상한 5.0m/s (풋프린트 단폭 18.8m)
[offboard_node-2] [INFO] [1785264100.681392654] [offboard_node]: WP1 도달·안정 (dist=0.0m speed=0.0m/s) → VISION_SEARCH (비전 착륙 활성)
[offboard_node-2] [INFO] [1785264100.780557260] [offboard_node]: 탐색 1회차 — 고도 25m AGL 반경 6.1→30m 링간격 12.2m 속도상한 5.0m/s (풋프린트 단폭 18.8m)
[offboard_node-2] [INFO] [1785264100.782212415] [offboard_node]: WP1 도달·안정 (dist=0.0m speed=0.0m/s) → VISION_SEARCH (비전 착륙 활성)
[offboard_node-2] [INFO] [1785264100.880045304] [offboard_node]: 탐색 1회차 — 고도 25m AGL 반경 6.1→30m 링간격 12.2m 속도상한 5.0m/s (풋프린트 단폭 18.8m)
[offboard_node-2] [INFO] [1785264100.880579048] [offboard_node]: WP1 도달·안정 (dist=0.0m speed=0.0m/s) → VISION_SEARCH (비전 착륙 활성)
[offboard_node-2] [INFO] [1785264100.979884252] [offboard_node]: 탐색 1회차 — 고도 25m AGL 반경 6.1→30m 링간격 12.2m 속도상한 5.0m/s (풋프린트 단폭 18.8m)
[offboard_node-2] [INFO] [1785264100.980293364] [offboard_node]: WP1 도달·안정 (dist=0.0m speed=0.0m/s) → VISION_SEARCH (비전 착륙 활성)
[offboard_node-2] [INFO] [1785264101.081001139] [offboard_node]: 탐색 1회차 — 고도 25m AGL 반경 6.1→30m 링간격 12.2m 속도상한 5.0m/s (풋프린트 단폭 18.8m)
[offboard_node-2] [INFO] [1785264101.082307223] [offboard_node]: WP1 도달·안정 (dist=0.0m speed=0.0m/s) → VISION_SEARCH (비전 착륙 활성)
[offboard_node-2] [INFO] [1785264101.180123306] [offboard_node]: 탐색 1회차 — 고도 25m AGL 반경 6.1→30m 링간격 12.2m 속도상한 5.0m/s (풋프린트 단폭 18.8m)
[offboard_node-2] [INFO] [1785264101.180550516] [offboard_node]: WP1 도달·안정 (dist=0.0m speed=0.0m/s) → VISION_SEARCH (비전 착륙 활성)
[offboard_node-2] [INFO] [1785264101.281105583] [offboard_node]: 탐색 1회차 — 고도 25m AGL 반경 6.1→30m 링간격 12.2m 속도상한 5.0m/s (풋프린트 단폭 18.8m)
[offboard_node-2] [INFO] [1785264101.282075176] [offboard_node]: WP1 도달·안정 (dist=0.0m speed=0.0m/s) → VISION_SEARCH (비전 착륙 활성)
[offboard_node-2] [INFO] [1785264101.381206732] [offboard_node]: 탐색 1회차 — 고도 25m AGL 반경 6.1→30m 링간격 12.2m 속도상한 5.0m/s (풋프린트 단폭 18.8m)
[offboard_node-2] [INFO] [1785264101.382077857] [offboard_node]: WP1 도달·안정 (dist=0.0m speed=0.0m/s) → VISION_SEARCH (비전 착륙 활성)
[offboard_node-2] [INFO] [1785264101.480783638] [offboard_node]: 탐색 1회차 — 고도 25m AGL 반경 6.1→30m 링간격 12.2m 속도상한 5.0m/s (풋프린트 단폭 18.8m)
[offboard_node-2] [INFO] [1785264101.481513798] [offboard_node]: WP1 도달·안정 (dist=0.0m speed=0.0m/s) → VISION_SEARCH (비전 착륙 활성)
[offboard_node-2] [INFO] [1785264101.579904359] [offboard_node]: WP1 홀드 dist=0.0m speed=0.0m/s stable=2205/10
[offboard_node-2] [INFO] [1785264101.580403580] [offboard_node]: 탐색 1회차 — 고도 25m AGL 반경 6.1→30m 링간격 12.2m 속도상한 5.0m/s (풋프린트 단폭 18.8m)
[offboard_node-2] [INFO] [1785264101.580762192] [offboard_node]: WP1 도달·안정 (dist=0.0m speed=0.0m/s) → VISION_SEARCH (비전 착륙 활성)
[offboard_node-2] [INFO] [1785264101.680160433] [offboard_node]: 탐색 1회차 — 고도 25m AGL 반경 6.1→30m 링간격 12.2m 속도상한 5.0m/s (풋프린트 단폭 18.8m)
[offboard_node-2] [INFO] [1785264101.680834171] [offboard_node]: WP1 도달·안정 (dist=0.0m speed=0.0m/s) → VISION_SEARCH (비전 착륙 활성)
[offboard_node-2] [INFO] [1785264101.780906195] [offboard_node]: 탐색 1회차 — 고도 25m AGL 반경 6.1→30m 링간격 12.2m 속도상한 5.0m/s (풋프린트 단폭 18.8m)
[offboard_node-2] [INFO] [1785264101.781589524] [offboard_node]: WP1 도달·안정 (dist=0.0m speed=0.0m/s) → VISION_SEARCH (비전 착륙 활성)
[offboard_node-2] [INFO] [1785264101.881158399] [offboard_node]: 탐색 1회차 — 고도 25m AGL 반경 6.1→30m 링간격 12.2m 속도상한 5.0m/s (풋프린트 단폭 18.8m)
[offboard_node-2] [INFO] [1785264101.882103130] [offboard_node]: WP1 도달·안정 (dist=0.0m speed=0.1m/s) → VISION_SEARCH (비전 착륙 활성)
[offboard_node-2] [INFO] [1785264101.980605660] [offboard_node]: 탐색 1회차 — 고도 25m AGL 반경 6.1→30m 링간격 12.2m 속도상한 5.0m/s (풋프린트 단폭 18.8m)
[offboard_node-2] [INFO] [1785264101.981254185] [offboard_node]: WP1 도달·안정 (dist=0.0m speed=0.1m/s) → VISION_SEARCH (비전 착륙 활성)
[offboard_node-2] [INFO] [1785264102.080024374] [offboard_node]: 탐색 1회차 — 고도 25m AGL 반경 6.1→30m 링간격 12.2m 속도상한 5.0m/s (풋프린트 단폭 18.8m)
[offboard_node-2] [INFO] [1785264102.080555900] [offboard_node]: WP1 도달·안정 (dist=0.0m speed=0.1m/s) → VISION_SEARCH (비전 착륙 활성)
[offboard_node-2] [INFO] [1785264102.180890356] [offboard_node]: 탐색 1회차 — 고도 25m AGL 반경 6.1→30m 링간격 12.2m 속도상한 5.0m/s (풋프린트 단폭 18.8m)
[offboard_node-2] [INFO] [1785264102.181635416] [offboard_node]: WP1 도달·안정 (dist=0.0m speed=0.1m/s) → VISION_SEARCH (비전 착륙 활성)
[offboard_node-2] [INFO] [1785264102.280703453] [offboard_node]: 탐색 1회차 — 고도 25m AGL 반경 6.1→30m 링간격 12.2m 속도상한 5.0m/s (풋프린트 단폭 18.8m)
[offboard_node-2] [INFO] [1785264102.281555683] [offboard_node]: WP1 도달·안정 (dist=0.0m speed=0.1m/s) → VISION_SEARCH (비전 착륙 활성)
[offboard_node-2] [INFO] [1785264102.380401390] [offboard_node]: 탐색 1회차 — 고도 25m AGL 반경 6.1→30m 링간격 12.2m 속도상한 5.0m/s (풋프린트 단폭 18.8m)
[offboard_node-2] [INFO] [1785264102.380807684] [offboard_node]: WP1 도달·안정 (dist=0.0m speed=0.1m/s) → VISION_SEARCH (비전 착륙 활성)
[telemetry_node-1] [INFO] [1785264102.393206957] [telemetry_node]: pos_ned=[3.00001007e+02 1.34807844e-02 4.97624931e+01]  yaw=0.089  armed=True  vtol=3  batt=15.30V/50%
[offboard_node-2] [INFO] [1785264102.481151677] [offboard_node]: 탐색 1회차 — 고도 25m AGL 반경 6.1→30m 링간격 12.2m 속도상한 5.0m/s (풋프린트 단폭 18.8m)
[offboard_node-2] [INFO] [1785264102.481797780] [offboard_node]: WP1 도달·안정 (dist=0.0m speed=0.0m/s) → VISION_SEARCH (비전 착륙 활성)
[offboard_node-2] [INFO] [1785264102.580527447] [offboard_node]: 탐색 1회차 — 고도 25m AGL 반경 6.1→30m 링간격 12.2m 속도상한 5.0m/s (풋프린트 단폭 18.8m)
[offboard_node-2] [INFO] [1785264102.581212865] [offboard_node]: WP1 도달·안정 (dist=0.0m speed=0.0m/s) → VISION_SEARCH (비전 착륙 활성)
[offboard_node-2] [INFO] [1785264102.680496000] [offboard_node]: 탐색 1회차 — 고도 25m AGL 반경 6.1→30m 링간격 12.2m 속도상한 5.0m/s (풋프린트 단폭 18.8m)
[offboard_node-2] [INFO] [1785264102.681011041] [offboard_node]: WP1 도달·안정 (dist=0.0m speed=0.0m/s) → VISION_SEARCH (비전 착륙 활성)
[offboard_node-2] [INFO] [1785264102.780251334] [offboard_node]: 탐색 1회차 — 고도 25m AGL 반경 6.1→30m 링간격 12.2m 속도상한 5.0m/s (풋프린트 단폭 18.8m)
[offboard_node-2] [INFO] [1785264102.780819221] [offboard_node]: WP1 도달·안정 (dist=0.0m speed=0.0m/s) → VISION_SEARCH (비전 착륙 활성)
[offboard_node-2] [INFO] [1785264102.880842608] [offboard_node]: 탐색 1회차 — 고도 25m AGL 반경 6.1→30m 링간격 12.2m 속도상한 5.0m/s (풋프린트 단폭 18.8m)
[offboard_node-2] [INFO] [1785264102.881577177] [offboard_node]: WP1 도달·안정 (dist=0.0m speed=0.0m/s) → VISION_SEARCH (비전 착륙 활성)
[offboard_node-2] [INFO] [1785264102.980573384] [offboard_node]: 탐색 1회차 — 고도 25m AGL 반경 6.1→30m 링간격 12.2m 속도상한 5.0m/s (풋프린트 단폭 18.8m)
[offboard_node-2] [INFO] [1785264102.981197855] [offboard_node]: WP1 도달·안정 (dist=0.0m speed=0.0m/s) → VISION_SEARCH (비전 착륙 활성)
[offboard_node-2] [INFO] [1785264103.080184977] [offboard_node]: 탐색 1회차 — 고도 25m AGL 반경 6.1→30m 링간격 12.2m 속도상한 5.0m/s (풋프린트 단폭 18.8m)
[offboard_node-2] [INFO] [1785264103.080757772] [offboard_node]: WP1 도달·안정 (dist=0.0m speed=0.0m/s) → VISION_SEARCH (비전 착륙 활성)
[offboard_node-2] [INFO] [1785264103.180585069] [offboard_node]: 탐색 1회차 — 고도 25m AGL 반경 6.1→30m 링간격 12.2m 속도상한 5.0m/s (풋프린트 단폭 18.8m)
[offboard_node-2] [INFO] [1785264103.181276205] [offboard_node]: WP1 도달·안정 (dist=0.0m speed=0.0m/s) → VISION_SEARCH (비전 착륙 활성)
[offboard_node-2] [INFO] [1785264103.280901418] [offboard_node]: 탐색 1회차 — 고도 25m AGL 반경 6.1→30m 링간격 12.2m 속도상한 5.0m/s (풋프린트 단폭 18.8m)
[offboard_node-2] [INFO] [1785264103.281606947] [offboard_node]: WP1 도달·안정 (dist=0.0m speed=0.0m/s) → VISION_SEARCH (비전 착륙 활성)
[offboard_node-2] [INFO] [1785264103.381420102] [offboard_node]: 탐색 1회차 — 고도 25m AGL 반경 6.1→30m 링간격 12.2m 속도상한 5.0m/s (풋프린트 단폭 18.8m)
[offboard_node-2] [INFO] [1785264103.382119628] [offboard_node]: WP1 도달·안정 (dist=0.0m speed=0.0m/s) → VISION_SEARCH (비전 착륙 활성)
[offboard_node-2] [INFO] [1785264103.480504875] [offboard_node]: 탐색 1회차 — 고도 25m AGL 반경 6.1→30m 링간격 12.2m 속도상한 5.0m/s (풋프린트 단폭 18.8m)
[offboard_node-2] [INFO] [1785264103.481220409] [offboard_node]: WP1 도달·안정 (dist=0.0m speed=0.0m/s) → VISION_SEARCH (비전 착륙 활성)
[offboard_node-2] [INFO] [1785264103.581315175] [offboard_node]: WP1 홀드 dist=0.0m speed=0.0m/s stable=2225/10
[offboard_node-2] [INFO] [1785264103.582385583] [offboard_node]: 탐색 1회차 — 고도 25m AGL 반경 6.1→30m 링간격 12.2m 속도상한 5.0m/s (풋프린트 단폭 18.8m)
[offboard_node-2] [INFO] [1785264103.583343504] [offboard_node]: WP1 도달·안정 (dist=0.0m speed=0.0m/s) → VISION_SEARCH (비전 착륙 활성)
[offboard_node-2] [INFO] [1785264103.681252625] [offboard_node]: 탐색 1회차 — 고도 25m AGL 반경 6.1→30m 링간격 12.2m 속도상한 5.0m/s (풋프린트 단폭 18.8m)
[offboard_node-2] [INFO] [1785264103.682287300] [offboard_node]: WP1 도달·안정 (dist=0.0m speed=0.0m/s) → VISION_SEARCH (비전 착륙 활성)
[offboard_node-2] [INFO] [1785264103.781117770] [offboard_node]: 탐색 1회차 — 고도 25m AGL 반경 6.1→30m 링간격 12.2m 속도상한 5.0m/s (풋프린트 단폭 18.8m)
[offboard_node-2] [INFO] [1785264103.782011570] [offboard_node]: WP1 도달·안정 (dist=0.0m speed=0.0m/s) → VISION_SEARCH (비전 착륙 활성)
[offboard_node-2] [INFO] [1785264103.881102770] [offboard_node]: 탐색 1회차 — 고도 25m AGL 반경 6.1→30m 링간격 12.2m 속도상한 5.0m/s (풋프린트 단폭 18.8m)
[offboard_node-2] [INFO] [1785264103.882811251] [offboard_node]: WP1 도달·안정 (dist=0.0m speed=0.0m/s) → VISION_SEARCH (비전 착륙 활성)
[offboard_node-2] [INFO] [1785264103.980360322] [offboard_node]: 탐색 1회차 — 고도 25m AGL 반경 6.1→30m 링간격 12.2m 속도상한 5.0m/s (풋프린트 단폭 18.8m)
[offboard_node-2] [INFO] [1785264103.980901326] [offboard_node]: WP1 도달·안정 (dist=0.0m speed=0.0m/s) → VISION_SEARCH (비전 착륙 활성)
[offboard_node-2] [INFO] [1785264104.080748588] [offboard_node]: 탐색 1회차 — 고도 25m AGL 반경 6.1→30m 링간격 12.2m 속도상한 5.0m/s (풋프린트 단폭 18.8m)
[offboard_node-2] [INFO] [1785264104.081413700] [offboard_node]: WP1 도달·안정 (dist=0.0m speed=0.0m/s) → VISION_SEARCH (비전 착륙 활성)
[offboard_node-2] [INFO] [1785264104.180951538] [offboard_node]: 탐색 1회차 — 고도 25m AGL 반경 6.1→30m 링간격 12.2m 속도상한 5.0m/s (풋프린트 단폭 18.8m)
[offboard_node-2] [INFO] [1785264104.181924189] [offboard_node]: WP1 도달·안정 (dist=0.0m speed=0.0m/s) → VISION_SEARCH (비전 착륙 활성)
[offboard_node-2] [INFO] [1785264104.281004603] [offboard_node]: 탐색 1회차 — 고도 25m AGL 반경 6.1→30m 링간격 12.2m 속도상한 5.0m/s (풋프린트 단폭 18.8m)
[offboard_node-2] [INFO] [1785264104.281661604] [offboard_node]: WP1 도달·안정 (dist=0.0m speed=0.0m/s) → VISION_SEARCH (비전 착륙 활성)
[offboard_node-2] [INFO] [1785264104.380156963] [offboard_node]: 탐색 1회차 — 고도 25m AGL 반경 6.1→30m 링간격 12.2m 속도상한 5.0m/s (풋프린트 단폭 18.8m)
[offboard_node-2] [INFO] [1785264104.380902429] [offboard_node]: WP1 도달·안정 (dist=0.0m speed=0.0m/s) → VISION_SEARCH (비전 착륙 활성)
[telemetry_node-1] [INFO] [1785264104.393504161] [telemetry_node]: pos_ned=[2.99985077e+02 6.72720885e-03 4.97576790e+01]  yaw=0.088  armed=True  vtol=3  batt=15.30V/50%
[offboard_node-2] [INFO] [1785264104.480278181] [offboard_node]: 탐색 1회차 — 고도 25m AGL 반경 6.1→30m 링간격 12.2m 속도상한 5.0m/s (풋프린트 단폭 18.8m)
[offboard_node-2] [INFO] [1785264104.481002202] [offboard_node]: WP1 도달·안정 (dist=0.0m speed=0.0m/s) → VISION_SEARCH (비전 착륙 활성)
[offboard_node-2] [INFO] [1785264104.580213471] [offboard_node]: 탐색 1회차 — 고도 25m AGL 반경 6.1→30m 링간격 12.2m 속도상한 5.0m/s (풋프린트 단폭 18.8m)
[offboard_node-2] [INFO] [1785264104.580695272] [offboard_node]: WP1 도달·안정 (dist=0.0m speed=0.0m/s) → VISION_SEARCH (비전 착륙 활성)
[offboard_node-2] [INFO] [1785264104.680469209] [offboard_node]: 탐색 1회차 — 고도 25m AGL 반경 6.1→30m 링간격 12.2m 속도상한 5.0m/s (풋프린트 단폭 18.8m)
[offboard_node-2] [INFO] [1785264104.681364593] [offboard_node]: WP1 도달·안정 (dist=0.0m speed=0.0m/s) → VISION_SEARCH (비전 착륙 활성)
[offboard_node-2] [INFO] [1785264104.780514615] [offboard_node]: 탐색 1회차 — 고도 25m AGL 반경 6.1→30m 링간격 12.2m 속도상한 5.0m/s (풋프린트 단폭 18.8m)
[offboard_node-2] [INFO] [1785264104.781386085] [offboard_node]: WP1 도달·안정 (dist=0.0m speed=0.0m/s) → VISION_SEARCH (비전 착륙 활성)
[offboard_node-2] [INFO] [1785264104.880356051] [offboard_node]: 탐색 1회차 — 고도 25m AGL 반경 6.1→30m 링간격 12.2m 속도상한 5.0m/s (풋프린트 단폭 18.8m)
[offboard_node-2] [INFO] [1785264104.881044361] [offboard_node]: WP1 도달·안정 (dist=0.0m speed=0.0m/s) → VISION_SEARCH (비전 착륙 활성)
[offboard_node-2] [INFO] [1785264104.980186402] [offboard_node]: 탐색 1회차 — 고도 25m AGL 반경 6.1→30m 링간격 12.2m 속도상한 5.0m/s (풋프린트 단폭 18.8m)
[offboard_node-2] [INFO] [1785264104.981106840] [offboard_node]: WP1 도달·안정 (dist=0.0m speed=0.0m/s) → VISION_SEARCH (비전 착륙 활성)
[offboard_node-2] [INFO] [1785264105.080084933] [offboard_node]: 탐색 1회차 — 고도 25m AGL 반경 6.1→30m 링간격 12.2m 속도상한 5.0m/s (풋프린트 단폭 18.8m)
[offboard_node-2] [INFO] [1785264105.080505369] [offboard_node]: WP1 도달·안정 (dist=0.0m speed=0.0m/s) → VISION_SEARCH (비전 착륙 활성)
[offboard_node-2] [INFO] [1785264105.180028457] [offboard_node]: 탐색 1회차 — 고도 25m AGL 반경 6.1→30m 링간격 12.2m 속도상한 5.0m/s (풋프린트 단폭 18.8m)
[offboard_node-2] [INFO] [1785264105.180456096] [offboard_node]: WP1 도달·안정 (dist=0.0m speed=0.0m/s) → VISION_SEARCH (비전 착륙 활성)
[offboard_node-2] [INFO] [1785264105.280348025] [offboard_node]: 탐색 1회차 — 고도 25m AGL 반경 6.1→30m 링간격 12.2m 속도상한 5.0m/s (풋프린트 단폭 18.8m)
[offboard_node-2] [INFO] [1785264105.280958740] [offboard_node]: WP1 도달·안정 (dist=0.0m speed=0.0m/s) → VISION_SEARCH (비전 착륙 활성)
[offboard_node-2] [INFO] [1785264105.380147903] [offboard_node]: 탐색 1회차 — 고도 25m AGL 반경 6.1→30m 링간격 12.2m 속도상한 5.0m/s (풋프린트 단폭 18.8m)
[offboard_node-2] [INFO] [1785264105.380901441] [offboard_node]: WP1 도달·안정 (dist=0.0m speed=0.0m/s) → VISION_SEARCH (비전 착륙 활성)
[offboard_node-2] [INFO] [1785264105.480063455] [offboard_node]: 탐색 1회차 — 고도 25m AGL 반경 6.1→30m 링간격 12.2m 속도상한 5.0m/s (풋프린트 단폭 18.8m)
[offboard_node-2] [INFO] [1785264105.480451652] [offboard_node]: WP1 도달·안정 (dist=0.0m speed=0.0m/s) → VISION_SEARCH (비전 착륙 활성)
[offboard_node-2] [INFO] [1785264105.580076820] [offboard_node]: WP1 홀드 dist=0.0m speed=0.0m/s stable=2245/10
[offboard_node-2] [INFO] [1785264105.580632517] [offboard_node]: 탐색 1회차 — 고도 25m AGL 반경 6.1→30m 링간격 12.2m 속도상한 5.0m/s (풋프린트 단폭 18.8m)
[offboard_node-2] [INFO] [1785264105.580956413] [offboard_node]: WP1 도달·안정 (dist=0.0m speed=0.0m/s) → VISION_SEARCH (비전 착륙 활성)
[offboard_node-2] [INFO] [1785264105.679922432] [offboard_node]: 탐색 1회차 — 고도 25m AGL 반경 6.1→30m 링간격 12.2m 속도상한 5.0m/s (풋프린트 단폭 18.8m)
[offboard_node-2] [INFO] [1785264105.680386717] [offboard_node]: WP1 도달·안정 (dist=0.0m speed=0.0m/s) → VISION_SEARCH (비전 착륙 활성)
[offboard_node-2] [INFO] [1785264105.780472575] [offboard_node]: 탐색 1회차 — 고도 25m AGL 반경 6.1→30m 링간격 12.2m 속도상한 5.0m/s (풋프린트 단폭 18.8m)
[offboard_node-2] [INFO] [1785264105.781150532] [offboard_node]: WP1 도달·안정 (dist=0.0m speed=0.0m/s) → VISION_SEARCH (비전 착륙 활성)
[offboard_node-2] [INFO] [1785264105.880177802] [offboard_node]: 탐색 1회차 — 고도 25m AGL 반경 6.1→30m 링간격 12.2m 속도상한 5.0m/s (풋프린트 단폭 18.8m)
[offboard_node-2] [INFO] [1785264105.880615747] [offboard_node]: WP1 도달·안정 (dist=0.0m speed=0.0m/s) → VISION_SEARCH (비전 착륙 활성)
[offboard_node-2] [INFO] [1785264105.980189011] [offboard_node]: 탐색 1회차 — 고도 25m AGL 반경 6.1→30m 링간격 12.2m 속도상한 5.0m/s (풋프린트 단폭 18.8m)
[offboard_node-2] [INFO] [1785264105.980612234] [offboard_node]: WP1 도달·안정 (dist=0.0m speed=0.0m/s) → VISION_SEARCH (비전 착륙 활성)
[offboard_node-2] [INFO] [1785264106.080147911] [offboard_node]: 탐색 1회차 — 고도 25m AGL 반경 6.1→30m 링간격 12.2m 속도상한 5.0m/s (풋프린트 단폭 18.8m)
[offboard_node-2] [INFO] [1785264106.080665521] [offboard_node]: WP1 도달·안정 (dist=0.0m speed=0.0m/s) → VISION_SEARCH (비전 착륙 활성)
[offboard_node-2] [INFO] [1785264106.180361235] [offboard_node]: 탐색 1회차 — 고도 25m AGL 반경 6.1→30m 링간격 12.2m 속도상한 5.0m/s (풋프린트 단폭 18.8m)
[offboard_node-2] [INFO] [1785264106.180865711] [offboard_node]: WP1 도달·안정 (dist=0.0m speed=0.0m/s) → VISION_SEARCH (비전 착륙 활성)
[offboard_node-2] [INFO] [1785264106.280552308] [offboard_node]: 탐색 1회차 — 고도 25m AGL 반경 6.1→30m 링간격 12.2m 속도상한 5.0m/s (풋프린트 단폭 18.8m)
[offboard_node-2] [INFO] [1785264106.281261849] [offboard_node]: WP1 도달·안정 (dist=0.0m speed=0.0m/s) → VISION_SEARCH (비전 착륙 활성)
[offboard_node-2] [INFO] [1785264106.380270893] [offboard_node]: 탐색 1회차 — 고도 25m AGL 반경 6.1→30m 링간격 12.2m 속도상한 5.0m/s (풋프린트 단폭 18.8m)
[offboard_node-2] [INFO] [1785264106.380977632] [offboard_node]: WP1 도달·안정 (dist=0.0m speed=0.0m/s) → VISION_SEARCH (비전 착륙 활성)
[telemetry_node-1] [INFO] [1785264106.393748971] [telemetry_node]: pos_ned=[ 3.00009705e+02 -1.81875639e-02  4.97133789e+01]  yaw=0.088  armed=True  vtol=3  batt=15.30V/50%
[offboard_node-2] [INFO] [1785264106.480530581] [offboard_node]: 탐색 1회차 — 고도 25m AGL 반경 6.1→30m 링간격 12.2m 속도상한 5.0m/s (풋프린트 단폭 18.8m)
[offboard_node-2] [INFO] [1785264106.481217531] [offboard_node]: WP1 도달·안정 (dist=0.0m speed=0.0m/s) → VISION_SEARCH (비전 착륙 활성)
[offboard_node-2] [INFO] [1785264106.580284496] [offboard_node]: 탐색 1회차 — 고도 25m AGL 반경 6.1→30m 링간격 12.2m 속도상한 5.0m/s (풋프린트 단폭 18.8m)
[offboard_node-2] [INFO] [1785264106.580911117] [offboard_node]: WP1 도달·안정 (dist=0.0m speed=0.0m/s) → VISION_SEARCH (비전 착륙 활성)
[offboard_node-2] [INFO] [1785264106.680239373] [offboard_node]: 탐색 1회차 — 고도 25m AGL 반경 6.1→30m 링간격 12.2m 속도상한 5.0m/s (풋프린트 단폭 18.8m)
[offboard_node-2] [INFO] [1785264106.680994309] [offboard_node]: WP1 도달·안정 (dist=0.0m speed=0.0m/s) → VISION_SEARCH (비전 착륙 활성)
[offboard_node-2] [INFO] [1785264106.780630386] [offboard_node]: 탐색 1회차 — 고도 25m AGL 반경 6.1→30m 링간격 12.2m 속도상한 5.0m/s (풋프린트 단폭 18.8m)
[offboard_node-2] [INFO] [1785264106.781414635] [offboard_node]: WP1 도달·안정 (dist=0.0m speed=0.0m/s) → VISION_SEARCH (비전 착륙 활성)
[offboard_node-2] [INFO] [1785264106.880687749] [offboard_node]: 탐색 1회차 — 고도 25m AGL 반경 6.1→30m 링간격 12.2m 속도상한 5.0m/s (풋프린트 단폭 18.8m)
[offboard_node-2] [INFO] [1785264106.881445307] [offboard_node]: WP1 도달·안정 (dist=0.0m speed=0.0m/s) → VISION_SEARCH (비전 착륙 활성)
[offboard_node-2] [INFO] [1785264106.979974940] [offboard_node]: 탐색 1회차 — 고도 25m AGL 반경 6.1→30m 링간격 12.2m 속도상한 5.0m/s (풋프린트 단폭 18.8m)
[offboard_node-2] [INFO] [1785264106.980597224] [offboard_node]: WP1 도달·안정 (dist=0.0m speed=0.0m/s) → VISION_SEARCH (비전 착륙 활성)
[offboard_node-2] [INFO] [1785264107.080044515] [offboard_node]: 탐색 1회차 — 고도 25m AGL 반경 6.1→30m 링간격 12.2m 속도상한 5.0m/s (풋프린트 단폭 18.8m)
[offboard_node-2] [INFO] [1785264107.080574096] [offboard_node]: WP1 도달·안정 (dist=0.0m speed=0.0m/s) → VISION_SEARCH (비전 착륙 활성)
[offboard_node-2] [INFO] [1785264107.180051305] [offboard_node]: 탐색 1회차 — 고도 25m AGL 반경 6.1→30m 링간격 12.2m 속도상한 5.0m/s (풋프린트 단폭 18.8m)
[offboard_node-2] [INFO] [1785264107.180495103] [offboard_node]: WP1 도달·안정 (dist=0.0m speed=0.0m/s) → VISION_SEARCH (비전 착륙 활성)
[offboard_node-2] [INFO] [1785264107.280042037] [offboard_node]: 탐색 1회차 — 고도 25m AGL 반경 6.1→30m 링간격 12.2m 속도상한 5.0m/s (풋프린트 단폭 18.8m)
[offboard_node-2] [INFO] [1785264107.280621974] [offboard_node]: WP1 도달·안정 (dist=0.0m speed=0.0m/s) → VISION_SEARCH (비전 착륙 활성)
[offboard_node-2] [INFO] [1785264107.380066380] [offboard_node]: 탐색 1회차 — 고도 25m AGL 반경 6.1→30m 링간격 12.2m 속도상한 5.0m/s (풋프린트 단폭 18.8m)
[offboard_node-2] [INFO] [1785264107.380526118] [offboard_node]: WP1 도달·안정 (dist=0.0m speed=0.0m/s) → VISION_SEARCH (비전 착륙 활성)
[offboard_node-2] [INFO] [1785264107.480415316] [offboard_node]: 탐색 1회차 — 고도 25m AGL 반경 6.1→30m 링간격 12.2m 속도상한 5.0m/s (풋프린트 단폭 18.8m)
[offboard_node-2] [INFO] [1785264107.480938685] [offboard_node]: WP1 도달·안정 (dist=0.0m speed=0.0m/s) → VISION_SEARCH (비전 착륙 활성)
[offboard_node-2] [INFO] [1785264107.580108069] [offboard_node]: WP1 홀드 dist=0.0m speed=0.0m/s stable=2265/10
[offboard_node-2] [INFO] [1785264107.580774974] [offboard_node]: 탐색 1회차 — 고도 25m AGL 반경 6.1→30m 링간격 12.2m 속도상한 5.0m/s (풋프린트 단폭 18.8m)
[offboard_node-2] [INFO] [1785264107.581307740] [offboard_node]: WP1 도달·안정 (dist=0.0m speed=0.0m/s) → VISION_SEARCH (비전 착륙 활성)
[offboard_node-2] [INFO] [1785264107.680088090] [offboard_node]: 탐색 1회차 — 고도 25m AGL 반경 6.1→30m 링간격 12.2m 속도상한 5.0m/s (풋프린트 단폭 18.8m)
[offboard_node-2] [INFO] [1785264107.680538371] [offboard_node]: WP1 도달·안정 (dist=0.0m speed=0.0m/s) → VISION_SEARCH (비전 착륙 활성)
[offboard_node-2] [INFO] [1785264107.780470400] [offboard_node]: 탐색 1회차 — 고도 25m AGL 반경 6.1→30m 링간격 12.2m 속도상한 5.0m/s (풋프린트 단폭 18.8m)
[offboard_node-2] [INFO] [1785264107.781132551] [offboard_node]: WP1 도달·안정 (dist=0.0m speed=0.0m/s) → VISION_SEARCH (비전 착륙 활성)
[offboard_node-2] [INFO] [1785264107.880109462] [offboard_node]: 탐색 1회차 — 고도 25m AGL 반경 6.1→30m 링간격 12.2m 속도상한 5.0m/s (풋프린트 단폭 18.8m)
[offboard_node-2] [INFO] [1785264107.880771059] [offboard_node]: WP1 도달·안정 (dist=0.0m speed=0.0m/s) → VISION_SEARCH (비전 착륙 활성)
[offboard_node-2] [INFO] [1785264107.980084077] [offboard_node]: 탐색 1회차 — 고도 25m AGL 반경 6.1→30m 링간격 12.2m 속도상한 5.0m/s (풋프린트 단폭 18.8m)
[offboard_node-2] [INFO] [1785264107.980646387] [offboard_node]: WP1 도달·안정 (dist=0.0m speed=0.0m/s) → VISION_SEARCH (비전 착륙 활성)
[offboard_node-2] [INFO] [1785264108.080325761] [offboard_node]: 탐색 1회차 — 고도 25m AGL 반경 6.1→30m 링간격 12.2m 속도상한 5.0m/s (풋프린트 단폭 18.8m)
[offboard_node-2] [INFO] [1785264108.080940542] [offboard_node]: WP1 도달·안정 (dist=0.0m speed=0.0m/s) → VISION_SEARCH (비전 착륙 활성)
[offboard_node-2] [INFO] [1785264108.180128451] [offboard_node]: 탐색 1회차 — 고도 25m AGL 반경 6.1→30m 링간격 12.2m 속도상한 5.0m/s (풋프린트 단폭 18.8m)
[offboard_node-2] [INFO] [1785264108.180595969] [offboard_node]: WP1 도달·안정 (dist=0.0m speed=0.0m/s) → VISION_SEARCH (비전 착륙 활성)
[offboard_node-2] [INFO] [1785264108.280381085] [offboard_node]: 탐색 1회차 — 고도 25m AGL 반경 6.1→30m 링간격 12.2m 속도상한 5.0m/s (풋프린트 단폭 18.8m)
[offboard_node-2] [INFO] [1785264108.280933316] [offboard_node]: WP1 도달·안정 (dist=0.0m speed=0.0m/s) → VISION_SEARCH (비전 착륙 활성)
[offboard_node-2] [INFO] [1785264108.380132664] [offboard_node]: 탐색 1회차 — 고도 25m AGL 반경 6.1→30m 링간격 12.2m 속도상한 5.0m/s (풋프린트 단폭 18.8m)
[offboard_node-2] [INFO] [1785264108.380563379] [offboard_node]: WP1 도달·안정 (dist=0.0m speed=0.0m/s) → VISION_SEARCH (비전 착륙 활성)
[telemetry_node-1] [INFO] [1785264108.393590650] [telemetry_node]: pos_ned=[ 3.00011261e+02 -5.50168613e-03  4.97239990e+01]  yaw=0.088  armed=True  vtol=3  batt=15.30V/50%
[offboard_node-2] [INFO] [1785264108.480445445] [offboard_node]: 탐색 1회차 — 고도 25m AGL 반경 6.1→30m 링간격 12.2m 속도상한 5.0m/s (풋프린트 단폭 18.8m)
[offboard_node-2] [INFO] [1785264108.481117072] [offboard_node]: WP1 도달·안정 (dist=0.0m speed=0.0m/s) → VISION_SEARCH (비전 착륙 활성)
[offboard_node-2] [INFO] [1785264108.580249851] [offboard_node]: 탐색 1회차 — 고도 25m AGL 반경 6.1→30m 링간격 12.2m 속도상한 5.0m/s (풋프린트 단폭 18.8m)
[offboard_node-2] [INFO] [1785264108.580781471] [offboard_node]: WP1 도달·안정 (dist=0.0m speed=0.0m/s) → VISION_SEARCH (비전 착륙 활성)
[offboard_node-2] [INFO] [1785264108.680299811] [offboard_node]: 탐색 1회차 — 고도 25m AGL 반경 6.1→30m 링간격 12.2m 속도상한 5.0m/s (풋프린트 단폭 18.8m)
[offboard_node-2] [INFO] [1785264108.682101970] [offboard_node]: WP1 도달·안정 (dist=0.0m speed=0.0m/s) → VISION_SEARCH (비전 착륙 활성)
[offboard_node-2] [INFO] [1785264108.780394579] [offboard_node]: 탐색 1회차 — 고도 25m AGL 반경 6.1→30m 링간격 12.2m 속도상한 5.0m/s (풋프린트 단폭 18.8m)
[offboard_node-2] [INFO] [1785264108.781108765] [offboard_node]: WP1 도달·안정 (dist=0.0m speed=0.0m/s) → VISION_SEARCH (비전 착륙 활성)
[offboard_node-2] [INFO] [1785264108.880200700] [offboard_node]: 탐색 1회차 — 고도 25m AGL 반경 6.1→30m 링간격 12.2m 속도상한 5.0m/s (풋프린트 단폭 18.8m)
[offboard_node-2] [INFO] [1785264108.881010941] [offboard_node]: WP1 도달·안정 (dist=0.0m speed=0.0m/s) → VISION_SEARCH (비전 착륙 활성)
[offboard_node-2] [INFO] [1785264108.980665498] [offboard_node]: 탐색 1회차 — 고도 25m AGL 반경 6.1→30m 링간격 12.2m 속도상한 5.0m/s (풋프린트 단폭 18.8m)
[offboard_node-2] [INFO] [1785264108.981516269] [offboard_node]: WP1 도달·안정 (dist=0.0m speed=0.0m/s) → VISION_SEARCH (비전 착륙 활성)
[offboard_node-2] [INFO] [1785264109.080116314] [offboard_node]: 탐색 1회차 — 고도 25m AGL 반경 6.1→30m 링간격 12.2m 속도상한 5.0m/s (풋프린트 단폭 18.8m)
[offboard_node-2] [INFO] [1785264109.080806630] [offboard_node]: WP1 도달·안정 (dist=0.0m speed=0.0m/s) → VISION_SEARCH (비전 착륙 활성)
[offboard_node-2] [INFO] [1785264109.180126663] [offboard_node]: 탐색 1회차 — 고도 25m AGL 반경 6.1→30m 링간격 12.2m 속도상한 5.0m/s (풋프린트 단폭 18.8m)
[offboard_node-2] [INFO] [1785264109.180749249] [offboard_node]: WP1 도달·안정 (dist=0.0m speed=0.0m/s) → VISION_SEARCH (비전 착륙 활성)
[offboard_node-2] [INFO] [1785264109.280145011] [offboard_node]: 탐색 1회차 — 고도 25m AGL 반경 6.1→30m 링간격 12.2m 속도상한 5.0m/s (풋프린트 단폭 18.8m)
[offboard_node-2] [INFO] [1785264109.280775673] [offboard_node]: WP1 도달·안정 (dist=0.0m speed=0.0m/s) → VISION_SEARCH (비전 착륙 활성)
[offboard_node-2] [INFO] [1785264109.380395898] [offboard_node]: 탐색 1회차 — 고도 25m AGL 반경 6.1→30m 링간격 12.2m 속도상한 5.0m/s (풋프린트 단폭 18.8m)
[offboard_node-2] [INFO] [1785264109.381171624] [offboard_node]: WP1 도달·안정 (dist=0.0m speed=0.0m/s) → VISION_SEARCH (비전 착륙 활성)
[offboard_node-2] [INFO] [1785264109.480199458] [offboard_node]: 탐색 1회차 — 고도 25m AGL 반경 6.1→30m 링간격 12.2m 속도상한 5.0m/s (풋프린트 단폭 18.8m)
[offboard_node-2] [INFO] [1785264109.480912923] [offboard_node]: WP1 도달·안정 (dist=0.0m speed=0.0m/s) → VISION_SEARCH (비전 착륙 활성)
[offboard_node-2] [INFO] [1785264109.580355443] [offboard_node]: WP1 홀드 dist=0.0m speed=0.0m/s stable=2285/10
[offboard_node-2] [INFO] [1785264109.581152257] [offboard_node]: 탐색 1회차 — 고도 25m AGL 반경 6.1→30m 링간격 12.2m 속도상한 5.0m/s (풋프린트 단폭 18.8m)
[offboard_node-2] [INFO] [1785264109.582236166] [offboard_node]: WP1 도달·안정 (dist=0.0m speed=0.0m/s) → VISION_SEARCH (비전 착륙 활성)
[offboard_node-2] [INFO] [1785264109.680854274] [offboard_node]: 탐색 1회차 — 고도 25m AGL 반경 6.1→30m 링간격 12.2m 속도상한 5.0m/s (풋프린트 단폭 18.8m)
[offboard_node-2] [INFO] [1785264109.681679258] [offboard_node]: WP1 도달·안정 (dist=0.0m speed=0.0m/s) → VISION_SEARCH (비전 착륙 활성)
[offboard_node-2] [INFO] [1785264109.781074396] [offboard_node]: 탐색 1회차 — 고도 25m AGL 반경 6.1→30m 링간격 12.2m 속도상한 5.0m/s (풋프린트 단폭 18.8m)
[offboard_node-2] [INFO] [1785264109.781835213] [offboard_node]: WP1 도달·안정 (dist=0.0m speed=0.0m/s) → VISION_SEARCH (비전 착륙 활성)
[offboard_node-2] [INFO] [1785264109.881079726] [offboard_node]: 탐색 1회차 — 고도 25m AGL 반경 6.1→30m 링간격 12.2m 속도상한 5.0m/s (풋프린트 단폭 18.8m)
[offboard_node-2] [INFO] [1785264109.881702774] [offboard_node]: WP1 도달·안정 (dist=0.0m speed=0.0m/s) → VISION_SEARCH (비전 착륙 활성)
[offboard_node-2] [INFO] [1785264109.980672595] [offboard_node]: 탐색 1회차 — 고도 25m AGL 반경 6.1→30m 링간격 12.2m 속도상한 5.0m/s (풋프린트 단폭 18.8m)
[offboard_node-2] [INFO] [1785264109.981215633] [offboard_node]: WP1 도달·안정 (dist=0.0m speed=0.0m/s) → VISION_SEARCH (비전 착륙 활성)
[offboard_node-2] [INFO] [1785264110.081294989] [offboard_node]: 탐색 1회차 — 고도 25m AGL 반경 6.1→30m 링간격 12.2m 속도상한 5.0m/s (풋프린트 단폭 18.8m)
[offboard_node-2] [INFO] [1785264110.082035812] [offboard_node]: WP1 도달·안정 (dist=0.0m speed=0.0m/s) → VISION_SEARCH (비전 착륙 활성)
[offboard_node-2] [INFO] [1785264110.181163844] [offboard_node]: 탐색 1회차 — 고도 25m AGL 반경 6.1→30m 링간격 12.2m 속도상한 5.0m/s (풋프린트 단폭 18.8m)
[offboard_node-2] [INFO] [1785264110.181633403] [offboard_node]: WP1 도달·안정 (dist=0.0m speed=0.0m/s) → VISION_SEARCH (비전 착륙 활성)
[offboard_node-2] [INFO] [1785264110.280682105] [offboard_node]: 탐색 1회차 — 고도 25m AGL 반경 6.1→30m 링간격 12.2m 속도상한 5.0m/s (풋프린트 단폭 18.8m)
[offboard_node-2] [INFO] [1785264110.281440085] [offboard_node]: WP1 도달·안정 (dist=0.0m speed=0.0m/s) → VISION_SEARCH (비전 착륙 활성)
[offboard_node-2] [INFO] [1785264110.382217530] [offboard_node]: 탐색 1회차 — 고도 25m AGL 반경 6.1→30m 링간격 12.2m 속도상한 5.0m/s (풋프린트 단폭 18.8m)
[offboard_node-2] [INFO] [1785264110.384678903] [offboard_node]: WP1 도달·안정 (dist=0.0m speed=0.0m/s) → VISION_SEARCH (비전 착륙 활성)
[telemetry_node-1] [INFO] [1785264110.393900112] [telemetry_node]: pos_ned=[ 3.00010010e+02 -1.33260433e-02  4.97359009e+01]  yaw=0.087  armed=True  vtol=3  batt=15.30V/50%
[offboard_node-2] [INFO] [1785264110.480560023] [offboard_node]: 탐색 1회차 — 고도 25m AGL 반경 6.1→30m 링간격 12.2m 속도상한 5.0m/s (풋프린트 단폭 18.8m)
[offboard_node-2] [INFO] [1785264110.481203397] [offboard_node]: WP1 도달·안정 (dist=0.0m speed=0.0m/s) → VISION_SEARCH (비전 착륙 활성)
[offboard_node-2] [INFO] [1785264110.581163787] [offboard_node]: 탐색 1회차 — 고도 25m AGL 반경 6.1→30m 링간격 12.2m 속도상한 5.0m/s (풋프린트 단폭 18.8m)
[offboard_node-2] [INFO] [1785264110.582022821] [offboard_node]: WP1 도달·안정 (dist=0.0m speed=0.0m/s) → VISION_SEARCH (비전 착륙 활성)
[offboard_node-2] [INFO] [1785264110.684521412] [offboard_node]: 탐색 1회차 — 고도 25m AGL 반경 6.1→30m 링간격 12.2m 속도상한 5.0m/s (풋프린트 단폭 18.8m)
[offboard_node-2] [INFO] [1785264110.687189462] [offboard_node]: WP1 도달·안정 (dist=0.0m speed=0.0m/s) → VISION_SEARCH (비전 착륙 활성)
[offboard_node-2] [INFO] [1785264110.781722153] [offboard_node]: 탐색 1회차 — 고도 25m AGL 반경 6.1→30m 링간격 12.2m 속도상한 5.0m/s (풋프린트 단폭 18.8m)
[offboard_node-2] [INFO] [1785264110.783786155] [offboard_node]: WP1 도달·안정 (dist=0.0m speed=0.0m/s) → VISION_SEARCH (비전 착륙 활성)
[offboard_node-2] [INFO] [1785264110.881293062] [offboard_node]: 탐색 1회차 — 고도 25m AGL 반경 6.1→30m 링간격 12.2m 속도상한 5.0m/s (풋프린트 단폭 18.8m)
[offboard_node-2] [INFO] [1785264110.882160012] [offboard_node]: WP1 도달·안정 (dist=0.0m speed=0.0m/s) → VISION_SEARCH (비전 착륙 활성)
[offboard_node-2] [INFO] [1785264110.980666978] [offboard_node]: 탐색 1회차 — 고도 25m AGL 반경 6.1→30m 링간격 12.2m 속도상한 5.0m/s (풋프린트 단폭 18.8m)
[offboard_node-2] [INFO] [1785264110.982672769] [offboard_node]: WP1 도달·안정 (dist=0.0m speed=0.0m/s) → VISION_SEARCH (비전 착륙 활성)
[offboard_node-2] [INFO] [1785264111.080351532] [offboard_node]: 탐색 1회차 — 고도 25m AGL 반경 6.1→30m 링간격 12.2m 속도상한 5.0m/s (풋프린트 단폭 18.8m)
[offboard_node-2] [INFO] [1785264111.080968744] [offboard_node]: WP1 도달·안정 (dist=0.0m speed=0.0m/s) → VISION_SEARCH (비전 착륙 활성)
[offboard_node-2] [INFO] [1785264111.180370576] [offboard_node]: 탐색 1회차 — 고도 25m AGL 반경 6.1→30m 링간격 12.2m 속도상한 5.0m/s (풋프린트 단폭 18.8m)
[offboard_node-2] [INFO] [1785264111.180916827] [offboard_node]: WP1 도달·안정 (dist=0.0m speed=0.0m/s) → VISION_SEARCH (비전 착륙 활성)
[offboard_node-2] [INFO] [1785264111.280825956] [offboard_node]: 탐색 1회차 — 고도 25m AGL 반경 6.1→30m 링간격 12.2m 속도상한 5.0m/s (풋프린트 단폭 18.8m)
[offboard_node-2] [INFO] [1785264111.281611606] [offboard_node]: WP1 도달·안정 (dist=0.0m speed=0.0m/s) → VISION_SEARCH (비전 착륙 활성)
[offboard_node-2] [INFO] [1785264111.380352005] [offboard_node]: 탐색 1회차 — 고도 25m AGL 반경 6.1→30m 링간격 12.2m 속도상한 5.0m/s (풋프린트 단폭 18.8m)
[offboard_node-2] [INFO] [1785264111.380964849] [offboard_node]: WP1 도달·안정 (dist=0.0m speed=0.0m/s) → VISION_SEARCH (비전 착륙 활성)
[offboard_node-2] [INFO] [1785264111.479807126] [offboard_node]: 탐색 1회차 — 고도 25m AGL 반경 6.1→30m 링간격 12.2m 속도상한 5.0m/s (풋프린트 단폭 18.8m)
[offboard_node-2] [INFO] [1785264111.480214984] [offboard_node]: WP1 도달·안정 (dist=0.0m speed=0.0m/s) → VISION_SEARCH (비전 착륙 활성)
[offboard_node-2] [INFO] [1785264111.580631086] [offboard_node]: WP1 홀드 dist=0.0m speed=0.0m/s stable=2305/10
[offboard_node-2] [INFO] [1785264111.581330001] [offboard_node]: 탐색 1회차 — 고도 25m AGL 반경 6.1→30m 링간격 12.2m 속도상한 5.0m/s (풋프린트 단폭 18.8m)
[offboard_node-2] [INFO] [1785264111.581801321] [offboard_node]: WP1 도달·안정 (dist=0.0m speed=0.0m/s) → VISION_SEARCH (비전 착륙 활성)
[offboard_node-2] [INFO] [1785264111.680002094] [offboard_node]: 탐색 1회차 — 고도 25m AGL 반경 6.1→30m 링간격 12.2m 속도상한 5.0m/s (풋프린트 단폭 18.8m)
[offboard_node-2] [INFO] [1785264111.680553809] [offboard_node]: WP1 도달·안정 (dist=0.0m speed=0.0m/s) → VISION_SEARCH (비전 착륙 활성)
[offboard_node-2] [INFO] [1785264111.780495987] [offboard_node]: 탐색 1회차 — 고도 25m AGL 반경 6.1→30m 링간격 12.2m 속도상한 5.0m/s (풋프린트 단폭 18.8m)
[offboard_node-2] [INFO] [1785264111.781075888] [offboard_node]: WP1 도달·안정 (dist=0.0m speed=0.0m/s) → VISION_SEARCH (비전 착륙 활성)
[offboard_node-2] [INFO] [1785264111.880725625] [offboard_node]: 탐색 1회차 — 고도 25m AGL 반경 6.1→30m 링간격 12.2m 속도상한 5.0m/s (풋프린트 단폭 18.8m)
[offboard_node-2] [INFO] [1785264111.881376506] [offboard_node]: WP1 도달·안정 (dist=0.0m speed=0.1m/s) → VISION_SEARCH (비전 착륙 활성)
[offboard_node-2] [INFO] [1785264112.002329425] [offboard_node]: 탐색 1회차 — 고도 25m AGL 반경 6.1→30m 링간격 12.2m 속도상한 5.0m/s (풋프린트 단폭 18.8m)
[offboard_node-2] [INFO] [1785264112.011458730] [offboard_node]: WP1 도달·안정 (dist=0.0m speed=0.1m/s) → VISION_SEARCH (비전 착륙 활성)
[offboard_node-2] [INFO] [1785264112.092750107] [offboard_node]: 탐색 1회차 — 고도 25m AGL 반경 6.1→30m 링간격 12.2m 속도상한 5.0m/s (풋프린트 단폭 18.8m)
[offboard_node-2] [INFO] [1785264112.095587584] [offboard_node]: WP1 도달·안정 (dist=0.0m speed=0.1m/s) → VISION_SEARCH (비전 착륙 활성)
[offboard_node-2] [INFO] [1785264112.183565428] [offboard_node]: 탐색 1회차 — 고도 25m AGL 반경 6.1→30m 링간격 12.2m 속도상한 5.0m/s (풋프린트 단폭 18.8m)
[offboard_node-2] [INFO] [1785264112.186699837] [offboard_node]: WP1 도달·안정 (dist=0.0m speed=0.1m/s) → VISION_SEARCH (비전 착륙 활성)
[offboard_node-2] [INFO] [1785264112.289356182] [offboard_node]: 탐색 1회차 — 고도 25m AGL 반경 6.1→30m 링간격 12.2m 속도상한 5.0m/s (풋프린트 단폭 18.8m)
[offboard_node-2] [INFO] [1785264112.291156963] [offboard_node]: WP1 도달·안정 (dist=0.0m speed=0.1m/s) → VISION_SEARCH (비전 착륙 활성)
[offboard_node-2] [INFO] [1785264112.381824008] [offboard_node]: 탐색 1회차 — 고도 25m AGL 반경 6.1→30m 링간격 12.2m 속도상한 5.0m/s (풋프린트 단폭 18.8m)
[offboard_node-2] [INFO] [1785264112.383717127] [offboard_node]: WP1 도달·안정 (dist=0.0m speed=0.0m/s) → VISION_SEARCH (비전 착륙 활성)
[telemetry_node-1] [INFO] [1785264112.394512746] [telemetry_node]: pos_ned=[ 3.00010284e+02 -1.88663993e-02  4.97599106e+01]  yaw=0.087  armed=True  vtol=3  batt=15.30V/50%
[offboard_node-2] [INFO] [1785264112.481127929] [offboard_node]: 탐색 1회차 — 고도 25m AGL 반경 6.1→30m 링간격 12.2m 속도상한 5.0m/s (풋프린트 단폭 18.8m)
[offboard_node-2] [INFO] [1785264112.482546097] [offboard_node]: WP1 도달·안정 (dist=0.0m speed=0.0m/s) → VISION_SEARCH (비전 착륙 활성)
[offboard_node-2] [INFO] [1785264112.583319851] [offboard_node]: 탐색 1회차 — 고도 25m AGL 반경 6.1→30m 링간격 12.2m 속도상한 5.0m/s (풋프린트 단폭 18.8m)
[offboard_node-2] [INFO] [1785264112.584653855] [offboard_node]: WP1 도달·안정 (dist=0.0m speed=0.0m/s) → VISION_SEARCH (비전 착륙 활성)
[offboard_node-2] [INFO] [1785264112.682054673] [offboard_node]: 탐색 1회차 — 고도 25m AGL 반경 6.1→30m 링간격 12.2m 속도상한 5.0m/s (풋프린트 단폭 18.8m)
[offboard_node-2] [INFO] [1785264112.684016062] [offboard_node]: WP1 도달·안정 (dist=0.0m speed=0.0m/s) → VISION_SEARCH (비전 착륙 활성)
[offboard_node-2] [INFO] [1785264112.781621794] [offboard_node]: 탐색 1회차 — 고도 25m AGL 반경 6.1→30m 링간격 12.2m 속도상한 5.0m/s (풋프린트 단폭 18.8m)
[offboard_node-2] [INFO] [1785264112.782989207] [offboard_node]: WP1 도달·안정 (dist=0.0m speed=0.0m/s) → VISION_SEARCH (비전 착륙 활성)
[offboard_node-2] [INFO] [1785264112.880724254] [offboard_node]: 탐색 1회차 — 고도 25m AGL 반경 6.1→30m 링간격 12.2m 속도상한 5.0m/s (풋프린트 단폭 18.8m)
[offboard_node-2] [INFO] [1785264112.881652013] [offboard_node]: WP1 도달·안정 (dist=0.0m speed=0.0m/s) → VISION_SEARCH (비전 착륙 활성)
[offboard_node-2] [INFO] [1785264112.980274020] [offboard_node]: 탐색 1회차 — 고도 25m AGL 반경 6.1→30m 링간격 12.2m 속도상한 5.0m/s (풋프린트 단폭 18.8m)
[offboard_node-2] [INFO] [1785264112.981127589] [offboard_node]: WP1 도달·안정 (dist=0.0m speed=0.0m/s) → VISION_SEARCH (비전 착륙 활성)
[offboard_node-2] [INFO] [1785264113.080366102] [offboard_node]: 탐색 1회차 — 고도 25m AGL 반경 6.1→30m 링간격 12.2m 속도상한 5.0m/s (풋프린트 단폭 18.8m)
[offboard_node-2] [INFO] [1785264113.081074547] [offboard_node]: WP1 도달·안정 (dist=0.0m speed=0.0m/s) → VISION_SEARCH (비전 착륙 활성)
[offboard_node-2] [INFO] [1785264113.180188648] [offboard_node]: 탐색 1회차 — 고도 25m AGL 반경 6.1→30m 링간격 12.2m 속도상한 5.0m/s (풋프린트 단폭 18.8m)
[offboard_node-2] [INFO] [1785264113.180789590] [offboard_node]: WP1 도달·안정 (dist=0.0m speed=0.0m/s) → VISION_SEARCH (비전 착륙 활성)
[offboard_node-2] [INFO] [1785264113.280241623] [offboard_node]: 탐색 1회차 — 고도 25m AGL 반경 6.1→30m 링간격 12.2m 속도상한 5.0m/s (풋프린트 단폭 18.8m)
[offboard_node-2] [INFO] [1785264113.281159514] [offboard_node]: WP1 도달·안정 (dist=0.0m speed=0.0m/s) → VISION_SEARCH (비전 착륙 활성)
[offboard_node-2] [INFO] [1785264113.380107568] [offboard_node]: 탐색 1회차 — 고도 25m AGL 반경 6.1→30m 링간격 12.2m 속도상한 5.0m/s (풋프린트 단폭 18.8m)
[offboard_node-2] [INFO] [1785264113.380839682] [offboard_node]: WP1 도달·안정 (dist=0.0m speed=0.0m/s) → VISION_SEARCH (비전 착륙 활성)
[offboard_node-2] [INFO] [1785264113.480134117] [offboard_node]: 탐색 1회차 — 고도 25m AGL 반경 6.1→30m 링간격 12.2m 속도상한 5.0m/s (풋프린트 단폭 18.8m)
[offboard_node-2] [INFO] [1785264113.480724091] [offboard_node]: WP1 도달·안정 (dist=0.0m speed=0.0m/s) → VISION_SEARCH (비전 착륙 활성)
[offboard_node-2] [INFO] [1785264113.580105027] [offboard_node]: WP1 홀드 dist=0.0m speed=0.0m/s stable=2325/10
[offboard_node-2] [INFO] [1785264113.580805644] [offboard_node]: 탐색 1회차 — 고도 25m AGL 반경 6.1→30m 링간격 12.2m 속도상한 5.0m/s (풋프린트 단폭 18.8m)
[offboard_node-2] [INFO] [1785264113.581386933] [offboard_node]: WP1 도달·안정 (dist=0.0m speed=0.0m/s) → VISION_SEARCH (비전 착륙 활성)
[offboard_node-2] [INFO] [1785264113.680275647] [offboard_node]: 탐색 1회차 — 고도 25m AGL 반경 6.1→30m 링간격 12.2m 속도상한 5.0m/s (풋프린트 단폭 18.8m)
[offboard_node-2] [INFO] [1785264113.680917653] [offboard_node]: WP1 도달·안정 (dist=0.0m speed=0.0m/s) → VISION_SEARCH (비전 착륙 활성)
[offboard_node-2] [INFO] [1785264113.780316079] [offboard_node]: 탐색 1회차 — 고도 25m AGL 반경 6.1→30m 링간격 12.2m 속도상한 5.0m/s (풋프린트 단폭 18.8m)
[offboard_node-2] [INFO] [1785264113.781088449] [offboard_node]: WP1 도달·안정 (dist=0.0m speed=0.0m/s) → VISION_SEARCH (비전 착륙 활성)
[offboard_node-2] [INFO] [1785264113.880255411] [offboard_node]: 탐색 1회차 — 고도 25m AGL 반경 6.1→30m 링간격 12.2m 속도상한 5.0m/s (풋프린트 단폭 18.8m)
[offboard_node-2] [INFO] [1785264113.880868901] [offboard_node]: WP1 도달·안정 (dist=0.0m speed=0.0m/s) → VISION_SEARCH (비전 착륙 활성)
[offboard_node-2] [INFO] [1785264113.980202931] [offboard_node]: 탐색 1회차 — 고도 25m AGL 반경 6.1→30m 링간격 12.2m 속도상한 5.0m/s (풋프린트 단폭 18.8m)
[offboard_node-2] [INFO] [1785264113.980653430] [offboard_node]: WP1 도달·안정 (dist=0.0m speed=0.0m/s) → VISION_SEARCH (비전 착륙 활성)
[offboard_node-2] [INFO] [1785264114.080602431] [offboard_node]: 탐색 1회차 — 고도 25m AGL 반경 6.1→30m 링간격 12.2m 속도상한 5.0m/s (풋프린트 단폭 18.8m)
[offboard_node-2] [INFO] [1785264114.081228957] [offboard_node]: WP1 도달·안정 (dist=0.0m speed=0.0m/s) → VISION_SEARCH (비전 착륙 활성)
[offboard_node-2] [INFO] [1785264114.180577937] [offboard_node]: 탐색 1회차 — 고도 25m AGL 반경 6.1→30m 링간격 12.2m 속도상한 5.0m/s (풋프린트 단폭 18.8m)
[offboard_node-2] [INFO] [1785264114.181316458] [offboard_node]: WP1 도달·안정 (dist=0.0m speed=0.0m/s) → VISION_SEARCH (비전 착륙 활성)
[offboard_node-2] [INFO] [1785264114.280174580] [offboard_node]: 탐색 1회차 — 고도 25m AGL 반경 6.1→30m 링간격 12.2m 속도상한 5.0m/s (풋프린트 단폭 18.8m)
[offboard_node-2] [INFO] [1785264114.280984410] [offboard_node]: WP1 도달·안정 (dist=0.0m speed=0.0m/s) → VISION_SEARCH (비전 착륙 활성)
[offboard_node-2] [INFO] [1785264114.380011097] [offboard_node]: 탐색 1회차 — 고도 25m AGL 반경 6.1→30m 링간격 12.2m 속도상한 5.0m/s (풋프린트 단폭 18.8m)
[offboard_node-2] [INFO] [1785264114.380416271] [offboard_node]: WP1 도달·안정 (dist=0.0m speed=0.0m/s) → VISION_SEARCH (비전 착륙 활성)
[telemetry_node-1] [INFO] [1785264114.393342666] [telemetry_node]: pos_ned=[ 2.99975891e+02 -1.57349054e-02  4.97910995e+01]  yaw=0.086  armed=True  vtol=3  batt=15.30V/50%
[offboard_node-2] [INFO] [1785264114.480096601] [offboard_node]: 탐색 1회차 — 고도 25m AGL 반경 6.1→30m 링간격 12.2m 속도상한 5.0m/s (풋프린트 단폭 18.8m)
[offboard_node-2] [INFO] [1785264114.480630562] [offboard_node]: WP1 도달·안정 (dist=0.0m speed=0.0m/s) → VISION_SEARCH (비전 착륙 활성)
[offboard_node-2] [INFO] [1785264114.580113784] [offboard_node]: 탐색 1회차 — 고도 25m AGL 반경 6.1→30m 링간격 12.2m 속도상한 5.0m/s (풋프린트 단폭 18.8m)
[offboard_node-2] [INFO] [1785264114.580691420] [offboard_node]: WP1 도달·안정 (dist=0.0m speed=0.0m/s) → VISION_SEARCH (비전 착륙 활성)
[offboard_node-2] [INFO] [1785264114.682136084] [offboard_node]: 탐색 1회차 — 고도 25m AGL 반경 6.1→30m 링간격 12.2m 속도상한 5.0m/s (풋프린트 단폭 18.8m)
[offboard_node-2] [INFO] [1785264114.682814530] [offboard_node]: WP1 도달·안정 (dist=0.0m speed=0.0m/s) → VISION_SEARCH (비전 착륙 활성)
[offboard_node-2] [INFO] [1785264114.784825533] [offboard_node]: 탐색 1회차 — 고도 25m AGL 반경 6.1→30m 링간격 12.2m 속도상한 5.0m/s (풋프린트 단폭 18.8m)
[offboard_node-2] [INFO] [1785264114.785854220] [offboard_node]: WP1 도달·안정 (dist=0.0m speed=0.0m/s) → VISION_SEARCH (비전 착륙 활성)
[offboard_node-2] [INFO] [1785264114.881066008] [offboard_node]: 탐색 1회차 — 고도 25m AGL 반경 6.1→30m 링간격 12.2m 속도상한 5.0m/s (풋프린트 단폭 18.8m)
[offboard_node-2] [INFO] [1785264114.882924570] [offboard_node]: WP1 도달·안정 (dist=0.0m speed=0.0m/s) → VISION_SEARCH (비전 착륙 활성)
[offboard_node-2] [INFO] [1785264114.982551103] [offboard_node]: 탐색 1회차 — 고도 25m AGL 반경 6.1→30m 링간격 12.2m 속도상한 5.0m/s (풋프린트 단폭 18.8m)
[offboard_node-2] [INFO] [1785264114.983313969] [offboard_node]: WP1 도달·안정 (dist=0.0m speed=0.0m/s) → VISION_SEARCH (비전 착륙 활성)
[offboard_node-2] [INFO] [1785264115.080869308] [offboard_node]: 탐색 1회차 — 고도 25m AGL 반경 6.1→30m 링간격 12.2m 속도상한 5.0m/s (풋프린트 단폭 18.8m)
[offboard_node-2] [INFO] [1785264115.082194948] [offboard_node]: WP1 도달·안정 (dist=0.0m speed=0.0m/s) → VISION_SEARCH (비전 착륙 활성)
[offboard_node-2] [INFO] [1785264115.181121344] [offboard_node]: 탐색 1회차 — 고도 25m AGL 반경 6.1→30m 링간격 12.2m 속도상한 5.0m/s (풋프린트 단폭 18.8m)
[offboard_node-2] [INFO] [1785264115.181948674] [offboard_node]: WP1 도달·안정 (dist=0.0m speed=0.0m/s) → VISION_SEARCH (비전 착륙 활성)
[offboard_node-2] [INFO] [1785264115.286112284] [offboard_node]: 탐색 1회차 — 고도 25m AGL 반경 6.1→30m 링간격 12.2m 속도상한 5.0m/s (풋프린트 단폭 18.8m)
[offboard_node-2] [INFO] [1785264115.287039938] [offboard_node]: WP1 도달·안정 (dist=0.0m speed=0.0m/s) → VISION_SEARCH (비전 착륙 활성)
[offboard_node-2] [INFO] [1785264115.382000398] [offboard_node]: 탐색 1회차 — 고도 25m AGL 반경 6.1→30m 링간격 12.2m 속도상한 5.0m/s (풋프린트 단폭 18.8m)
[offboard_node-2] [INFO] [1785264115.383006935] [offboard_node]: WP1 도달·안정 (dist=0.0m speed=0.0m/s) → VISION_SEARCH (비전 착륙 활성)
[offboard_node-2] [INFO] [1785264115.481407395] [offboard_node]: 탐색 1회차 — 고도 25m AGL 반경 6.1→30m 링간격 12.2m 속도상한 5.0m/s (풋프린트 단폭 18.8m)
[offboard_node-2] [INFO] [1785264115.482627371] [offboard_node]: WP1 도달·안정 (dist=0.0m speed=0.0m/s) → VISION_SEARCH (비전 착륙 활성)
[offboard_node-2] [INFO] [1785264115.582333858] [offboard_node]: WP1 홀드 dist=0.0m speed=0.0m/s stable=2345/10
[offboard_node-2] [INFO] [1785264115.583337806] [offboard_node]: 탐색 1회차 — 고도 25m AGL 반경 6.1→30m 링간격 12.2m 속도상한 5.0m/s (풋프린트 단폭 18.8m)
[offboard_node-2] [INFO] [1785264115.584631334] [offboard_node]: WP1 도달·안정 (dist=0.0m speed=0.0m/s) → VISION_SEARCH (비전 착륙 활성)
[offboard_node-2] [INFO] [1785264115.681274492] [offboard_node]: 탐색 1회차 — 고도 25m AGL 반경 6.1→30m 링간격 12.2m 속도상한 5.0m/s (풋프린트 단폭 18.8m)
[offboard_node-2] [INFO] [1785264115.682232791] [offboard_node]: WP1 도달·안정 (dist=0.0m speed=0.0m/s) → VISION_SEARCH (비전 착륙 활성)
[offboard_node-2] [INFO] [1785264115.781038185] [offboard_node]: 탐색 1회차 — 고도 25m AGL 반경 6.1→30m 링간격 12.2m 속도상한 5.0m/s (풋프린트 단폭 18.8m)
[offboard_node-2] [INFO] [1785264115.781866657] [offboard_node]: WP1 도달·안정 (dist=0.0m speed=0.0m/s) → VISION_SEARCH (비전 착륙 활성)
[offboard_node-2] [INFO] [1785264115.881199921] [offboard_node]: 탐색 1회차 — 고도 25m AGL 반경 6.1→30m 링간격 12.2m 속도상한 5.0m/s (풋프린트 단폭 18.8m)
[offboard_node-2] [INFO] [1785264115.881926363] [offboard_node]: WP1 도달·안정 (dist=0.0m speed=0.0m/s) → VISION_SEARCH (비전 착륙 활성)
[offboard_node-2] [INFO] [1785264115.981263516] [offboard_node]: 탐색 1회차 — 고도 25m AGL 반경 6.1→30m 링간격 12.2m 속도상한 5.0m/s (풋프린트 단폭 18.8m)
[offboard_node-2] [INFO] [1785264115.982129926] [offboard_node]: WP1 도달·안정 (dist=0.0m speed=0.0m/s) → VISION_SEARCH (비전 착륙 활성)
[offboard_node-2] [INFO] [1785264116.081482963] [offboard_node]: 탐색 1회차 — 고도 25m AGL 반경 6.1→30m 링간격 12.2m 속도상한 5.0m/s (풋프린트 단폭 18.8m)
[offboard_node-2] [INFO] [1785264116.082438400] [offboard_node]: WP1 도달·안정 (dist=0.0m speed=0.0m/s) → VISION_SEARCH (비전 착륙 활성)
[offboard_node-2] [INFO] [1785264116.182133249] [offboard_node]: 탐색 1회차 — 고도 25m AGL 반경 6.1→30m 링간격 12.2m 속도상한 5.0m/s (풋프린트 단폭 18.8m)
[offboard_node-2] [INFO] [1785264116.183422347] [offboard_node]: WP1 도달·안정 (dist=0.0m speed=0.0m/s) → VISION_SEARCH (비전 착륙 활성)
[offboard_node-2] [INFO] [1785264116.280708628] [offboard_node]: 탐색 1회차 — 고도 25m AGL 반경 6.1→30m 링간격 12.2m 속도상한 5.0m/s (풋프린트 단폭 18.8m)
[offboard_node-2] [INFO] [1785264116.281542887] [offboard_node]: WP1 도달·안정 (dist=0.0m speed=0.0m/s) → VISION_SEARCH (비전 착륙 활성)
[offboard_node-2] [INFO] [1785264116.381895960] [offboard_node]: 탐색 1회차 — 고도 25m AGL 반경 6.1→30m 링간격 12.2m 속도상한 5.0m/s (풋프린트 단폭 18.8m)
[offboard_node-2] [INFO] [1785264116.382574633] [offboard_node]: WP1 도달·안정 (dist=0.0m speed=0.0m/s) → VISION_SEARCH (비전 착륙 활성)
[telemetry_node-1] [INFO] [1785264116.395739782] [telemetry_node]: pos_ned=[ 2.99975128e+02 -4.44559613e-03  4.98211861e+01]  yaw=0.086  armed=True  vtol=3  batt=15.30V/50%
[offboard_node-2] [INFO] [1785264116.481056986] [offboard_node]: 탐색 1회차 — 고도 25m AGL 반경 6.1→30m 링간격 12.2m 속도상한 5.0m/s (풋프린트 단폭 18.8m)
[offboard_node-2] [INFO] [1785264116.482735261] [offboard_node]: WP1 도달·안정 (dist=0.0m speed=0.0m/s) → VISION_SEARCH (비전 착륙 활성)
[offboard_node-2] [INFO] [1785264116.582054029] [offboard_node]: 탐색 1회차 — 고도 25m AGL 반경 6.1→30m 링간격 12.2m 속도상한 5.0m/s (풋프린트 단폭 18.8m)
[offboard_node-2] [INFO] [1785264116.583007928] [offboard_node]: WP1 도달·안정 (dist=0.0m speed=0.0m/s) → VISION_SEARCH (비전 착륙 활성)
[offboard_node-2] [INFO] [1785264116.681071371] [offboard_node]: 탐색 1회차 — 고도 25m AGL 반경 6.1→30m 링간격 12.2m 속도상한 5.0m/s (풋프린트 단폭 18.8m)
[offboard_node-2] [INFO] [1785264116.682070982] [offboard_node]: WP1 도달·안정 (dist=0.0m speed=0.0m/s) → VISION_SEARCH (비전 착륙 활성)
[offboard_node-2] [INFO] [1785264116.780298063] [offboard_node]: 탐색 1회차 — 고도 25m AGL 반경 6.1→30m 링간격 12.2m 속도상한 5.0m/s (풋프린트 단폭 18.8m)
[offboard_node-2] [INFO] [1785264116.780854162] [offboard_node]: WP1 도달·안정 (dist=0.0m speed=0.0m/s) → VISION_SEARCH (비전 착륙 활성)
[offboard_node-2] [INFO] [1785264116.881125108] [offboard_node]: 탐색 1회차 — 고도 25m AGL 반경 6.1→30m 링간격 12.2m 속도상한 5.0m/s (풋프린트 단폭 18.8m)
[offboard_node-2] [INFO] [1785264116.883585173] [offboard_node]: WP1 도달·안정 (dist=0.0m speed=0.0m/s) → VISION_SEARCH (비전 착륙 활성)
[offboard_node-2] [INFO] [1785264116.980356116] [offboard_node]: 탐색 1회차 — 고도 25m AGL 반경 6.1→30m 링간격 12.2m 속도상한 5.0m/s (풋프린트 단폭 18.8m)
[offboard_node-2] [INFO] [1785264116.981360100] [offboard_node]: WP1 도달·안정 (dist=0.0m speed=0.0m/s) → VISION_SEARCH (비전 착륙 활성)
[offboard_node-2] [INFO] [1785264117.081010156] [offboard_node]: 탐색 1회차 — 고도 25m AGL 반경 6.1→30m 링간격 12.2m 속도상한 5.0m/s (풋프린트 단폭 18.8m)
[offboard_node-2] [INFO] [1785264117.081858072] [offboard_node]: WP1 도달·안정 (dist=0.0m speed=0.0m/s) → VISION_SEARCH (비전 착륙 활성)
[offboard_node-2] [INFO] [1785264117.180802975] [offboard_node]: 탐색 1회차 — 고도 25m AGL 반경 6.1→30m 링간격 12.2m 속도상한 5.0m/s (풋프린트 단폭 18.8m)
[offboard_node-2] [INFO] [1785264117.183876668] [offboard_node]: WP1 도달·안정 (dist=0.0m speed=0.0m/s) → VISION_SEARCH (비전 착륙 활성)
[offboard_node-2] [INFO] [1785264117.280575166] [offboard_node]: 탐색 1회차 — 고도 25m AGL 반경 6.1→30m 링간격 12.2m 속도상한 5.0m/s (풋프린트 단폭 18.8m)
[offboard_node-2] [INFO] [1785264117.281408850] [offboard_node]: WP1 도달·안정 (dist=0.0m speed=0.0m/s) → VISION_SEARCH (비전 착륙 활성)
[offboard_node-2] [INFO] [1785264117.381122222] [offboard_node]: 탐색 1회차 — 고도 25m AGL 반경 6.1→30m 링간격 12.2m 속도상한 5.0m/s (풋프린트 단폭 18.8m)
[offboard_node-2] [INFO] [1785264117.382077965] [offboard_node]: WP1 도달·안정 (dist=0.0m speed=0.0m/s) → VISION_SEARCH (비전 착륙 활성)
[offboard_node-2] [INFO] [1785264117.480394335] [offboard_node]: 탐색 1회차 — 고도 25m AGL 반경 6.1→30m 링간격 12.2m 속도상한 5.0m/s (풋프린트 단폭 18.8m)
[offboard_node-2] [INFO] [1785264117.481489105] [offboard_node]: WP1 도달·안정 (dist=0.0m speed=0.0m/s) → VISION_SEARCH (비전 착륙 활성)
[offboard_node-2] [INFO] [1785264117.580738733] [offboard_node]: WP1 홀드 dist=0.0m speed=0.0m/s stable=2365/10
[offboard_node-2] [INFO] [1785264117.581636616] [offboard_node]: 탐색 1회차 — 고도 25m AGL 반경 6.1→30m 링간격 12.2m 속도상한 5.0m/s (풋프린트 단폭 18.8m)
[offboard_node-2] [INFO] [1785264117.582338691] [offboard_node]: WP1 도달·안정 (dist=0.0m speed=0.0m/s) → VISION_SEARCH (비전 착륙 활성)
[offboard_node-2] [INFO] [1785264117.680455572] [offboard_node]: 탐색 1회차 — 고도 25m AGL 반경 6.1→30m 링간격 12.2m 속도상한 5.0m/s (풋프린트 단폭 18.8m)
[offboard_node-2] [INFO] [1785264117.681555888] [offboard_node]: WP1 도달·안정 (dist=0.0m speed=0.0m/s) → VISION_SEARCH (비전 착륙 활성)
[offboard_node-2] [INFO] [1785264117.780273871] [offboard_node]: 탐색 1회차 — 고도 25m AGL 반경 6.1→30m 링간격 12.2m 속도상한 5.0m/s (풋프린트 단폭 18.8m)
[offboard_node-2] [INFO] [1785264117.781106781] [offboard_node]: WP1 도달·안정 (dist=0.0m speed=0.0m/s) → VISION_SEARCH (비전 착륙 활성)
[offboard_node-2] [INFO] [1785264117.880514182] [offboard_node]: 탐색 1회차 — 고도 25m AGL 반경 6.1→30m 링간격 12.2m 속도상한 5.0m/s (풋프린트 단폭 18.8m)
[offboard_node-2] [INFO] [1785264117.881285542] [offboard_node]: WP1 도달·안정 (dist=0.0m speed=0.0m/s) → VISION_SEARCH (비전 착륙 활성)
[offboard_node-2] [INFO] [1785264117.980433610] [offboard_node]: 탐색 1회차 — 고도 25m AGL 반경 6.1→30m 링간격 12.2m 속도상한 5.0m/s (풋프린트 단폭 18.8m)
[offboard_node-2] [INFO] [1785264117.981369505] [offboard_node]: WP1 도달·안정 (dist=0.0m speed=0.0m/s) → VISION_SEARCH (비전 착륙 활성)
[offboard_node-2] [INFO] [1785264118.080751134] [offboard_node]: 탐색 1회차 — 고도 25m AGL 반경 6.1→30m 링간격 12.2m 속도상한 5.0m/s (풋프린트 단폭 18.8m)
[offboard_node-2] [INFO] [1785264118.082588610] [offboard_node]: WP1 도달·안정 (dist=0.0m speed=0.0m/s) → VISION_SEARCH (비전 착륙 활성)
[offboard_node-2] [INFO] [1785264118.180613119] [offboard_node]: 탐색 1회차 — 고도 25m AGL 반경 6.1→30m 링간격 12.2m 속도상한 5.0m/s (풋프린트 단폭 18.8m)
[offboard_node-2] [INFO] [1785264118.181572463] [offboard_node]: WP1 도달·안정 (dist=0.0m speed=0.0m/s) → VISION_SEARCH (비전 착륙 활성)
[offboard_node-2] [INFO] [1785264118.280587649] [offboard_node]: 탐색 1회차 — 고도 25m AGL 반경 6.1→30m 링간격 12.2m 속도상한 5.0m/s (풋프린트 단폭 18.8m)
[offboard_node-2] [INFO] [1785264118.281620850] [offboard_node]: WP1 도달·안정 (dist=0.0m speed=0.0m/s) → VISION_SEARCH (비전 착륙 활성)
[offboard_node-2] [INFO] [1785264118.380765024] [offboard_node]: 탐색 1회차 — 고도 25m AGL 반경 6.1→30m 링간격 12.2m 속도상한 5.0m/s (풋프린트 단폭 18.8m)
[offboard_node-2] [INFO] [1785264118.382102218] [offboard_node]: WP1 도달·안정 (dist=0.0m speed=0.0m/s) → VISION_SEARCH (비전 착륙 활성)
[telemetry_node-1] [INFO] [1785264118.393843478] [telemetry_node]: pos_ned=[ 2.99990387e+02 -1.64669019e-03  4.98586388e+01]  yaw=0.085  armed=True  vtol=3  batt=15.30V/50%
[offboard_node-2] [INFO] [1785264118.480550105] [offboard_node]: 탐색 1회차 — 고도 25m AGL 반경 6.1→30m 링간격 12.2m 속도상한 5.0m/s (풋프린트 단폭 18.8m)
[offboard_node-2] [INFO] [1785264118.481804460] [offboard_node]: WP1 도달·안정 (dist=0.0m speed=0.0m/s) → VISION_SEARCH (비전 착륙 활성)
[offboard_node-2] [INFO] [1785264118.581428210] [offboard_node]: 탐색 1회차 — 고도 25m AGL 반경 6.1→30m 링간격 12.2m 속도상한 5.0m/s (풋프린트 단폭 18.8m)
[offboard_node-2] [INFO] [1785264118.582512456] [offboard_node]: WP1 도달·안정 (dist=0.0m speed=0.0m/s) → VISION_SEARCH (비전 착륙 활성)
[offboard_node-2] [INFO] [1785264118.680570759] [offboard_node]: 탐색 1회차 — 고도 25m AGL 반경 6.1→30m 링간격 12.2m 속도상한 5.0m/s (풋프린트 단폭 18.8m)
[offboard_node-2] [INFO] [1785264118.681869445] [offboard_node]: WP1 도달·안정 (dist=0.0m speed=0.0m/s) → VISION_SEARCH (비전 착륙 활성)
[offboard_node-2] [INFO] [1785264118.780387293] [offboard_node]: 탐색 1회차 — 고도 25m AGL 반경 6.1→30m 링간격 12.2m 속도상한 5.0m/s (풋프린트 단폭 18.8m)
[offboard_node-2] [INFO] [1785264118.782100516] [offboard_node]: WP1 도달·안정 (dist=0.0m speed=0.0m/s) → VISION_SEARCH (비전 착륙 활성)
[offboard_node-2] [INFO] [1785264118.880628951] [offboard_node]: 탐색 1회차 — 고도 25m AGL 반경 6.1→30m 링간격 12.2m 속도상한 5.0m/s (풋프린트 단폭 18.8m)
[offboard_node-2] [INFO] [1785264118.881284559] [offboard_node]: WP1 도달·안정 (dist=0.0m speed=0.0m/s) → VISION_SEARCH (비전 착륙 활성)
[offboard_node-2] [INFO] [1785264118.980963491] [offboard_node]: 탐색 1회차 — 고도 25m AGL 반경 6.1→30m 링간격 12.2m 속도상한 5.0m/s (풋프린트 단폭 18.8m)
[offboard_node-2] [INFO] [1785264118.982751098] [offboard_node]: WP1 도달·안정 (dist=0.0m speed=0.0m/s) → VISION_SEARCH (비전 착륙 활성)
[offboard_node-2] [INFO] [1785264119.080629814] [offboard_node]: 탐색 1회차 — 고도 25m AGL 반경 6.1→30m 링간격 12.2m 속도상한 5.0m/s (풋프린트 단폭 18.8m)
[offboard_node-2] [INFO] [1785264119.081744141] [offboard_node]: WP1 도달·안정 (dist=0.0m speed=0.0m/s) → VISION_SEARCH (비전 착륙 활성)
[offboard_node-2] [INFO] [1785264119.180280513] [offboard_node]: 탐색 1회차 — 고도 25m AGL 반경 6.1→30m 링간격 12.2m 속도상한 5.0m/s (풋프린트 단폭 18.8m)
[offboard_node-2] [INFO] [1785264119.180940322] [offboard_node]: WP1 도달·안정 (dist=0.0m speed=0.0m/s) → VISION_SEARCH (비전 착륙 활성)
[offboard_node-2] [INFO] [1785264119.280517728] [offboard_node]: 탐색 1회차 — 고도 25m AGL 반경 6.1→30m 링간격 12.2m 속도상한 5.0m/s (풋프린트 단폭 18.8m)
[offboard_node-2] [INFO] [1785264119.281224780] [offboard_node]: WP1 도달·안정 (dist=0.0m speed=0.0m/s) → VISION_SEARCH (비전 착륙 활성)
[offboard_node-2] [INFO] [1785264119.382128690] [offboard_node]: 탐색 1회차 — 고도 25m AGL 반경 6.1→30m 링간격 12.2m 속도상한 5.0m/s (풋프린트 단폭 18.8m)
[offboard_node-2] [INFO] [1785264119.382868385] [offboard_node]: WP1 도달·안정 (dist=0.0m speed=0.0m/s) → VISION_SEARCH (비전 착륙 활성)
[offboard_node-2] [INFO] [1785264119.481150162] [offboard_node]: 탐색 1회차 — 고도 25m AGL 반경 6.1→30m 링간격 12.2m 속도상한 5.0m/s (풋프린트 단폭 18.8m)
[offboard_node-2] [INFO] [1785264119.482121726] [offboard_node]: WP1 도달·안정 (dist=0.0m speed=0.0m/s) → VISION_SEARCH (비전 착륙 활성)
[offboard_node-2] [INFO] [1785264119.581189217] [offboard_node]: WP1 홀드 dist=0.0m speed=0.0m/s stable=2385/10
[offboard_node-2] [INFO] [1785264119.582122215] [offboard_node]: 탐색 1회차 — 고도 25m AGL 반경 6.1→30m 링간격 12.2m 속도상한 5.0m/s (풋프린트 단폭 18.8m)
[offboard_node-2] [INFO] [1785264119.582972558] [offboard_node]: WP1 도달·안정 (dist=0.0m speed=0.0m/s) → VISION_SEARCH (비전 착륙 활성)
[offboard_node-2] [INFO] [1785264119.680905604] [offboard_node]: 탐색 1회차 — 고도 25m AGL 반경 6.1→30m 링간격 12.2m 속도상한 5.0m/s (풋프린트 단폭 18.8m)
[offboard_node-2] [INFO] [1785264119.681767178] [offboard_node]: WP1 도달·안정 (dist=0.0m speed=0.0m/s) → VISION_SEARCH (비전 착륙 활성)
[offboard_node-2] [INFO] [1785264119.781768600] [offboard_node]: 탐색 1회차 — 고도 25m AGL 반경 6.1→30m 링간격 12.2m 속도상한 5.0m/s (풋프린트 단폭 18.8m)
[offboard_node-2] [INFO] [1785264119.783670141] [offboard_node]: WP1 도달·안정 (dist=0.0m speed=0.0m/s) → VISION_SEARCH (비전 착륙 활성)
[offboard_node-2] [INFO] [1785264119.883008249] [offboard_node]: 탐색 1회차 — 고도 25m AGL 반경 6.1→30m 링간격 12.2m 속도상한 5.0m/s (풋프린트 단폭 18.8m)
[offboard_node-2] [INFO] [1785264119.884444928] [offboard_node]: WP1 도달·안정 (dist=0.0m speed=0.0m/s) → VISION_SEARCH (비전 착륙 활성)
[offboard_node-2] [INFO] [1785264119.984449721] [offboard_node]: 탐색 1회차 — 고도 25m AGL 반경 6.1→30m 링간격 12.2m 속도상한 5.0m/s (풋프린트 단폭 18.8m)
[offboard_node-2] [INFO] [1785264119.985878434] [offboard_node]: WP1 도달·안정 (dist=0.0m speed=0.0m/s) → VISION_SEARCH (비전 착륙 활성)
[offboard_node-2] [INFO] [1785264120.085107057] [offboard_node]: 탐색 1회차 — 고도 25m AGL 반경 6.1→30m 링간격 12.2m 속도상한 5.0m/s (풋프린트 단폭 18.8m)
[offboard_node-2] [INFO] [1785264120.086302641] [offboard_node]: WP1 도달·안정 (dist=0.0m speed=0.0m/s) → VISION_SEARCH (비전 착륙 활성)
[offboard_node-2] [INFO] [1785264120.182260301] [offboard_node]: 탐색 1회차 — 고도 25m AGL 반경 6.1→30m 링간격 12.2m 속도상한 5.0m/s (풋프린트 단폭 18.8m)
[offboard_node-2] [INFO] [1785264120.184988057] [offboard_node]: WP1 도달·안정 (dist=0.0m speed=0.0m/s) → VISION_SEARCH (비전 착륙 활성)
[offboard_node-2] [INFO] [1785264120.292656717] [offboard_node]: 탐색 1회차 — 고도 25m AGL 반경 6.1→30m 링간격 12.2m 속도상한 5.0m/s (풋프린트 단폭 18.8m)
[offboard_node-2] [INFO] [1785264120.294000856] [offboard_node]: WP1 도달·안정 (dist=0.0m speed=0.0m/s) → VISION_SEARCH (비전 착륙 활성)
[offboard_node-2] [INFO] [1785264120.381524003] [offboard_node]: 탐색 1회차 — 고도 25m AGL 반경 6.1→30m 링간격 12.2m 속도상한 5.0m/s (풋프린트 단폭 18.8m)
[offboard_node-2] [INFO] [1785264120.384173649] [offboard_node]: WP1 도달·안정 (dist=0.0m speed=0.0m/s) → VISION_SEARCH (비전 착륙 활성)
[telemetry_node-1] [INFO] [1785264120.394643547] [telemetry_node]: pos_ned=[ 2.99996582e+02 -2.88059544e-02  4.98968163e+01]  yaw=0.085  armed=True  vtol=3  batt=15.30V/50%
[offboard_node-2] [INFO] [1785264120.482075590] [offboard_node]: 탐색 1회차 — 고도 25m AGL 반경 6.1→30m 링간격 12.2m 속도상한 5.0m/s (풋프린트 단폭 18.8m)
[offboard_node-2] [INFO] [1785264120.483142301] [offboard_node]: WP1 도달·안정 (dist=0.0m speed=0.0m/s) → VISION_SEARCH (비전 착륙 활성)
[offboard_node-2] [INFO] [1785264120.581040782] [offboard_node]: 탐색 1회차 — 고도 25m AGL 반경 6.1→30m 링간격 12.2m 속도상한 5.0m/s (풋프린트 단폭 18.8m)
[offboard_node-2] [INFO] [1785264120.582261277] [offboard_node]: WP1 도달·안정 (dist=0.0m speed=0.0m/s) → VISION_SEARCH (비전 착륙 활성)
[offboard_node-2] [INFO] [1785264120.680728582] [offboard_node]: 탐색 1회차 — 고도 25m AGL 반경 6.1→30m 링간격 12.2m 속도상한 5.0m/s (풋프린트 단폭 18.8m)
[offboard_node-2] [INFO] [1785264120.682288965] [offboard_node]: WP1 도달·안정 (dist=0.0m speed=0.0m/s) → VISION_SEARCH (비전 착륙 활성)
[offboard_node-2] [INFO] [1785264120.780959291] [offboard_node]: 탐색 1회차 — 고도 25m AGL 반경 6.1→30m 링간격 12.2m 속도상한 5.0m/s (풋프린트 단폭 18.8m)
[offboard_node-2] [INFO] [1785264120.782080340] [offboard_node]: WP1 도달·안정 (dist=0.0m speed=0.0m/s) → VISION_SEARCH (비전 착륙 활성)
[offboard_node-2] [INFO] [1785264120.881553148] [offboard_node]: 탐색 1회차 — 고도 25m AGL 반경 6.1→30m 링간격 12.2m 속도상한 5.0m/s (풋프린트 단폭 18.8m)
[offboard_node-2] [INFO] [1785264120.882971094] [offboard_node]: WP1 도달·안정 (dist=0.0m speed=0.0m/s) → VISION_SEARCH (비전 착륙 활성)
[offboard_node-2] [INFO] [1785264120.983897643] [offboard_node]: 탐색 1회차 — 고도 25m AGL 반경 6.1→30m 링간격 12.2m 속도상한 5.0m/s (풋프린트 단폭 18.8m)
[offboard_node-2] [INFO] [1785264120.985474462] [offboard_node]: WP1 도달·안정 (dist=0.0m speed=0.0m/s) → VISION_SEARCH (비전 착륙 활성)
[offboard_node-2] [INFO] [1785264121.092882550] [offboard_node]: 탐색 1회차 — 고도 25m AGL 반경 6.1→30m 링간격 12.2m 속도상한 5.0m/s (풋프린트 단폭 18.8m)
[offboard_node-2] [INFO] [1785264121.094133656] [offboard_node]: WP1 도달·안정 (dist=0.0m speed=0.0m/s) → VISION_SEARCH (비전 착륙 활성)
[offboard_node-2] [INFO] [1785264121.191254361] [offboard_node]: 탐색 1회차 — 고도 25m AGL 반경 6.1→30m 링간격 12.2m 속도상한 5.0m/s (풋프린트 단폭 18.8m)
[offboard_node-2] [INFO] [1785264121.194264951] [offboard_node]: WP1 도달·안정 (dist=0.0m speed=0.1m/s) → VISION_SEARCH (비전 착륙 활성)
[offboard_node-2] [INFO] [1785264121.281604701] [offboard_node]: 탐색 1회차 — 고도 25m AGL 반경 6.1→30m 링간격 12.2m 속도상한 5.0m/s (풋프린트 단폭 18.8m)
[offboard_node-2] [INFO] [1785264121.284218289] [offboard_node]: WP1 도달·안정 (dist=0.0m speed=0.1m/s) → VISION_SEARCH (비전 착륙 활성)
[offboard_node-2] [INFO] [1785264121.382849530] [offboard_node]: 탐색 1회차 — 고도 25m AGL 반경 6.1→30m 링간격 12.2m 속도상한 5.0m/s (풋프린트 단폭 18.8m)
[offboard_node-2] [INFO] [1785264121.384503804] [offboard_node]: WP1 도달·안정 (dist=0.0m speed=0.1m/s) → VISION_SEARCH (비전 착륙 활성)
[offboard_node-2] [INFO] [1785264121.481925770] [offboard_node]: 탐색 1회차 — 고도 25m AGL 반경 6.1→30m 링간격 12.2m 속도상한 5.0m/s (풋프린트 단폭 18.8m)
[offboard_node-2] [INFO] [1785264121.493159722] [offboard_node]: WP1 도달·안정 (dist=0.0m speed=0.1m/s) → VISION_SEARCH (비전 착륙 활성)
[offboard_node-2] [INFO] [1785264121.582379286] [offboard_node]: WP1 홀드 dist=0.0m speed=0.1m/s stable=2405/10
[offboard_node-2] [INFO] [1785264121.583524307] [offboard_node]: 탐색 1회차 — 고도 25m AGL 반경 6.1→30m 링간격 12.2m 속도상한 5.0m/s (풋프린트 단폭 18.8m)
[offboard_node-2] [INFO] [1785264121.584409675] [offboard_node]: WP1 도달·안정 (dist=0.0m speed=0.1m/s) → VISION_SEARCH (비전 착륙 활성)
[offboard_node-2] [INFO] [1785264121.689068947] [offboard_node]: 탐색 1회차 — 고도 25m AGL 반경 6.1→30m 링간격 12.2m 속도상한 5.0m/s (풋프린트 단폭 18.8m)
[offboard_node-2] [INFO] [1785264121.690651885] [offboard_node]: WP1 도달·안정 (dist=0.0m speed=0.1m/s) → VISION_SEARCH (비전 착륙 활성)
[offboard_node-2] [INFO] [1785264121.807531305] [offboard_node]: 탐색 1회차 — 고도 25m AGL 반경 6.1→30m 링간격 12.2m 속도상한 5.0m/s (풋프린트 단폭 18.8m)
[offboard_node-2] [INFO] [1785264121.811061348] [offboard_node]: WP1 도달·안정 (dist=0.0m speed=0.0m/s) → VISION_SEARCH (비전 착륙 활성)
[offboard_node-2] [INFO] [1785264121.882581018] [offboard_node]: 탐색 1회차 — 고도 25m AGL 반경 6.1→30m 링간격 12.2m 속도상한 5.0m/s (풋프린트 단폭 18.8m)
[offboard_node-2] [INFO] [1785264121.884088679] [offboard_node]: WP1 도달·안정 (dist=0.0m speed=0.0m/s) → VISION_SEARCH (비전 착륙 활성)
[offboard_node-2] [INFO] [1785264121.988837047] [offboard_node]: 탐색 1회차 — 고도 25m AGL 반경 6.1→30m 링간격 12.2m 속도상한 5.0m/s (풋프린트 단폭 18.8m)
[offboard_node-2] [INFO] [1785264121.991206281] [offboard_node]: WP1 도달·안정 (dist=0.0m speed=0.0m/s) → VISION_SEARCH (비전 착륙 활성)
[offboard_node-2] [INFO] [1785264122.105544785] [offboard_node]: 탐색 1회차 — 고도 25m AGL 반경 6.1→30m 링간격 12.2m 속도상한 5.0m/s (풋프린트 단폭 18.8m)
[offboard_node-2] [INFO] [1785264122.111284742] [offboard_node]: WP1 도달·안정 (dist=0.0m speed=0.0m/s) → VISION_SEARCH (비전 착륙 활성)
[offboard_node-2] [INFO] [1785264122.184883726] [offboard_node]: 탐색 1회차 — 고도 25m AGL 반경 6.1→30m 링간격 12.2m 속도상한 5.0m/s (풋프린트 단폭 18.8m)
[offboard_node-2] [INFO] [1785264122.186001861] [offboard_node]: WP1 도달·안정 (dist=0.0m speed=0.0m/s) → VISION_SEARCH (비전 착륙 활성)
[offboard_node-2] [INFO] [1785264122.281803340] [offboard_node]: 탐색 1회차 — 고도 25m AGL 반경 6.1→30m 링간격 12.2m 속도상한 5.0m/s (풋프린트 단폭 18.8m)
[offboard_node-2] [INFO] [1785264122.294825527] [offboard_node]: WP1 도달·안정 (dist=0.0m speed=0.0m/s) → VISION_SEARCH (비전 착륙 활성)
[offboard_node-2] [INFO] [1785264122.386334299] [offboard_node]: 탐색 1회차 — 고도 25m AGL 반경 6.1→30m 링간격 12.2m 속도상한 5.0m/s (풋프린트 단폭 18.8m)
[offboard_node-2] [INFO] [1785264122.388754537] [offboard_node]: WP1 도달·안정 (dist=0.0m speed=0.0m/s) → VISION_SEARCH (비전 착륙 활성)
[telemetry_node-1] [INFO] [1785264122.397140249] [telemetry_node]: pos_ned=[ 3.00004852e+02 -1.80397294e-02  4.99466400e+01]  yaw=0.084  armed=True  vtol=3  batt=15.30V/50%
[offboard_node-2] [INFO] [1785264122.481878831] [offboard_node]: 탐색 1회차 — 고도 25m AGL 반경 6.1→30m 링간격 12.2m 속도상한 5.0m/s (풋프린트 단폭 18.8m)
[offboard_node-2] [INFO] [1785264122.483529433] [offboard_node]: WP1 도달·안정 (dist=0.0m speed=0.0m/s) → VISION_SEARCH (비전 착륙 활성)
[offboard_node-2] [INFO] [1785264122.587719579] [offboard_node]: 탐색 1회차 — 고도 25m AGL 반경 6.1→30m 링간격 12.2m 속도상한 5.0m/s (풋프린트 단폭 18.8m)
[offboard_node-2] [INFO] [1785264122.600349432] [offboard_node]: WP1 도달·안정 (dist=0.0m speed=0.0m/s) → VISION_SEARCH (비전 착륙 활성)
[offboard_node-2] [INFO] [1785264122.693045665] [offboard_node]: 탐색 1회차 — 고도 25m AGL 반경 6.1→30m 링간격 12.2m 속도상한 5.0m/s (풋프린트 단폭 18.8m)
[offboard_node-2] [INFO] [1785264122.694569826] [offboard_node]: WP1 도달·안정 (dist=0.0m speed=0.0m/s) → VISION_SEARCH (비전 착륙 활성)
[offboard_node-2] [INFO] [1785264122.801863726] [offboard_node]: 탐색 1회차 — 고도 25m AGL 반경 6.1→30m 링간격 12.2m 속도상한 5.0m/s (풋프린트 단폭 18.8m)
[offboard_node-2] [INFO] [1785264122.806974588] [offboard_node]: WP1 도달·안정 (dist=0.0m speed=0.0m/s) → VISION_SEARCH (비전 착륙 활성)
[offboard_node-2] [INFO] [1785264122.886326120] [offboard_node]: 탐색 1회차 — 고도 25m AGL 반경 6.1→30m 링간격 12.2m 속도상한 5.0m/s (풋프린트 단폭 18.8m)
[offboard_node-2] [INFO] [1785264122.889594966] [offboard_node]: WP1 도달·안정 (dist=0.0m speed=0.0m/s) → VISION_SEARCH (비전 착륙 활성)
[offboard_node-2] [INFO] [1785264122.982548150] [offboard_node]: 탐색 1회차 — 고도 25m AGL 반경 6.1→30m 링간격 12.2m 속도상한 5.0m/s (풋프린트 단폭 18.8m)
[offboard_node-2] [INFO] [1785264122.984116769] [offboard_node]: WP1 도달·안정 (dist=0.0m speed=0.0m/s) → VISION_SEARCH (비전 착륙 활성)
[offboard_node-2] [INFO] [1785264124.850596770] [offboard_node]: 탐색 1회차 — 고도 25m AGL 반경 6.1→30m 링간격 12.2m 속도상한 5.0m/s (풋프린트 단폭 18.8m)
[offboard_node-2] [INFO] [1785264124.851887513] [offboard_node]: WP1 도달·안정 (dist=0.0m speed=0.0m/s) → VISION_SEARCH (비전 착륙 활성)
[telemetry_node-1] [INFO] [1785264124.852623462] [telemetry_node]: pos_ned=[ 3.00005493e+02 -1.86900832e-02  4.99653511e+01]  yaw=0.084  armed=True  vtol=3  batt=15.30V/50%
[offboard_node-2] [INFO] [1785264124.882717148] [offboard_node]: 탐색 1회차 — 고도 25m AGL 반경 6.1→30m 링간격 12.2m 속도상한 5.0m/s (풋프린트 단폭 18.8m)
[offboard_node-2] [INFO] [1785264124.883830160] [offboard_node]: WP1 도달·안정 (dist=0.0m speed=0.0m/s) → VISION_SEARCH (비전 착륙 활성)
[offboard_node-2] [INFO] [1785264125.000106027] [offboard_node]: 탐색 1회차 — 고도 25m AGL 반경 6.1→30m 링간격 12.2m 속도상한 5.0m/s (풋프린트 단폭 18.8m)
[offboard_node-2] [INFO] [1785264125.011661385] [offboard_node]: WP1 도달·안정 (dist=0.0m speed=0.0m/s) → VISION_SEARCH (비전 착륙 활성)
[offboard_node-2] [INFO] [1785264125.093917348] [offboard_node]: 탐색 1회차 — 고도 25m AGL 반경 6.1→30m 링간격 12.2m 속도상한 5.0m/s (풋프린트 단폭 18.8m)
[offboard_node-2] [INFO] [1785264125.095439828] [offboard_node]: WP1 도달·안정 (dist=0.0m speed=0.0m/s) → VISION_SEARCH (비전 착륙 활성)
[offboard_node-2] [INFO] [1785264125.184782179] [offboard_node]: 탐색 1회차 — 고도 25m AGL 반경 6.1→30m 링간격 12.2m 속도상한 5.0m/s (풋프린트 단폭 18.8m)
[offboard_node-2] [INFO] [1785264125.186310317] [offboard_node]: WP1 도달·안정 (dist=0.0m speed=0.0m/s) → VISION_SEARCH (비전 착륙 활성)
[offboard_node-2] [INFO] [1785264125.281641362] [offboard_node]: WP1 홀드 dist=0.0m speed=0.0m/s stable=2425/10
[offboard_node-2] [INFO] [1785264125.286805011] [offboard_node]: 탐색 1회차 — 고도 25m AGL 반경 6.1→30m 링간격 12.2m 속도상한 5.0m/s (풋프린트 단폭 18.8m)
[offboard_node-2] [INFO] [1785264125.293829324] [offboard_node]: WP1 도달·안정 (dist=0.0m speed=0.0m/s) → VISION_SEARCH (비전 착륙 활성)
[offboard_node-2] [INFO] [1785264125.386585562] [offboard_node]: 탐색 1회차 — 고도 25m AGL 반경 6.1→30m 링간격 12.2m 속도상한 5.0m/s (풋프린트 단폭 18.8m)
[offboard_node-2] [INFO] [1785264125.389013459] [offboard_node]: WP1 도달·안정 (dist=0.0m speed=0.0m/s) → VISION_SEARCH (비전 착륙 활성)
[offboard_node-2] [INFO] [1785264125.482822203] [offboard_node]: 탐색 1회차 — 고도 25m AGL 반경 6.1→30m 링간격 12.2m 속도상한 5.0m/s (풋프린트 단폭 18.8m)
[offboard_node-2] [INFO] [1785264125.484009561] [offboard_node]: WP1 도달·안정 (dist=0.0m speed=0.0m/s) → VISION_SEARCH (비전 착륙 활성)
[offboard_node-2] [INFO] [1785264125.584155508] [offboard_node]: 탐색 1회차 — 고도 25m AGL 반경 6.1→30m 링간격 12.2m 속도상한 5.0m/s (풋프린트 단폭 18.8m)
[offboard_node-2] [INFO] [1785264125.585388334] [offboard_node]: WP1 도달·안정 (dist=0.0m speed=0.0m/s) → VISION_SEARCH (비전 착륙 활성)
[offboard_node-2] [INFO] [1785264125.684327476] [offboard_node]: 탐색 1회차 — 고도 25m AGL 반경 6.1→30m 링간격 12.2m 속도상한 5.0m/s (풋프린트 단폭 18.8m)
[offboard_node-2] [INFO] [1785264125.685303744] [offboard_node]: WP1 도달·안정 (dist=0.0m speed=0.0m/s) → VISION_SEARCH (비전 착륙 활성)
[offboard_node-2] [INFO] [1785264125.782369677] [offboard_node]: 탐색 1회차 — 고도 25m AGL 반경 6.1→30m 링간격 12.2m 속도상한 5.0m/s (풋프린트 단폭 18.8m)
[offboard_node-2] [INFO] [1785264125.783390083] [offboard_node]: WP1 도달·안정 (dist=0.0m speed=0.0m/s) → VISION_SEARCH (비전 착륙 활성)
[offboard_node-2] [INFO] [1785264125.891004126] [offboard_node]: 탐색 1회차 — 고도 25m AGL 반경 6.1→30m 링간격 12.2m 속도상한 5.0m/s (풋프린트 단폭 18.8m)
[offboard_node-2] [INFO] [1785264125.895205726] [offboard_node]: WP1 도달·안정 (dist=0.0m speed=0.0m/s) → VISION_SEARCH (비전 착륙 활성)
[offboard_node-2] [INFO] [1785264125.981524463] [offboard_node]: 탐색 1회차 — 고도 25m AGL 반경 6.1→30m 링간격 12.2m 속도상한 5.0m/s (풋프린트 단폭 18.8m)
[offboard_node-2] [INFO] [1785264125.983076727] [offboard_node]: WP1 도달·안정 (dist=0.0m speed=0.0m/s) → VISION_SEARCH (비전 착륙 활성)
[offboard_node-2] [INFO] [1785264126.081964668] [offboard_node]: 탐색 1회차 — 고도 25m AGL 반경 6.1→30m 링간격 12.2m 속도상한 5.0m/s (풋프린트 단폭 18.8m)
[offboard_node-2] [INFO] [1785264126.082906008] [offboard_node]: WP1 도달·안정 (dist=0.0m speed=0.0m/s) → VISION_SEARCH (비전 착륙 활성)
[offboard_node-2] [INFO] [1785264126.181509325] [offboard_node]: 탐색 1회차 — 고도 25m AGL 반경 6.1→30m 링간격 12.2m 속도상한 5.0m/s (풋프린트 단폭 18.8m)
[offboard_node-2] [INFO] [1785264126.182713109] [offboard_node]: WP1 도달·안정 (dist=0.0m speed=0.0m/s) → VISION_SEARCH (비전 착륙 활성)
[offboard_node-2] [INFO] [1785264126.281488304] [offboard_node]: 탐색 1회차 — 고도 25m AGL 반경 6.1→30m 링간격 12.2m 속도상한 5.0m/s (풋프린트 단폭 18.8m)
[offboard_node-2] [INFO] [1785264126.282495370] [offboard_node]: WP1 도달·안정 (dist=0.0m speed=0.0m/s) → VISION_SEARCH (비전 착륙 활성)
[offboard_node-2] [INFO] [1785264126.381420600] [offboard_node]: 탐색 1회차 — 고도 25m AGL 반경 6.1→30m 링간격 12.2m 속도상한 5.0m/s (풋프린트 단폭 18.8m)
[offboard_node-2] [INFO] [1785264126.382605683] [offboard_node]: WP1 도달·안정 (dist=0.0m speed=0.0m/s) → VISION_SEARCH (비전 착륙 활성)
[telemetry_node-1] [INFO] [1785264126.398862292] [telemetry_node]: pos_ned=[ 2.99974152e+02 -1.99569869e-04  4.98348389e+01]  yaw=0.084  armed=True  vtol=3  batt=15.30V/50%
[offboard_node-2] [INFO] [1785264126.481945314] [offboard_node]: 탐색 1회차 — 고도 25m AGL 반경 6.1→30m 링간격 12.2m 속도상한 5.0m/s (풋프린트 단폭 18.8m)
[offboard_node-2] [INFO] [1785264126.483404396] [offboard_node]: WP1 도달·안정 (dist=0.0m speed=0.0m/s) → VISION_SEARCH (비전 착륙 활성)
[offboard_node-2] [INFO] [1785264126.581423594] [offboard_node]: 탐색 1회차 — 고도 25m AGL 반경 6.1→30m 링간격 12.2m 속도상한 5.0m/s (풋프린트 단폭 18.8m)
[offboard_node-2] [INFO] [1785264126.582638890] [offboard_node]: WP1 도달·안정 (dist=0.0m speed=0.0m/s) → VISION_SEARCH (비전 착륙 활성)
[offboard_node-2] [INFO] [1785264126.681348811] [offboard_node]: 탐색 1회차 — 고도 25m AGL 반경 6.1→30m 링간격 12.2m 속도상한 5.0m/s (풋프린트 단폭 18.8m)
[offboard_node-2] [INFO] [1785264126.682942835] [offboard_node]: WP1 도달·안정 (dist=0.0m speed=0.0m/s) → VISION_SEARCH (비전 착륙 활성)
[offboard_node-2] [INFO] [1785264126.781644461] [offboard_node]: 탐색 1회차 — 고도 25m AGL 반경 6.1→30m 링간격 12.2m 속도상한 5.0m/s (풋프린트 단폭 18.8m)
[offboard_node-2] [INFO] [1785264126.784037120] [offboard_node]: WP1 도달·안정 (dist=0.0m speed=0.0m/s) → VISION_SEARCH (비전 착륙 활성)
[offboard_node-2] [INFO] [1785264126.881294170] [offboard_node]: 탐색 1회차 — 고도 25m AGL 반경 6.1→30m 링간격 12.2m 속도상한 5.0m/s (풋프린트 단폭 18.8m)
[offboard_node-2] [INFO] [1785264126.882455152] [offboard_node]: WP1 도달·안정 (dist=0.0m speed=0.0m/s) → VISION_SEARCH (비전 착륙 활성)
[offboard_node-2] [INFO] [1785264126.984536521] [offboard_node]: 탐색 1회차 — 고도 25m AGL 반경 6.1→30m 링간격 12.2m 속도상한 5.0m/s (풋프린트 단폭 18.8m)
[offboard_node-2] [INFO] [1785264126.987723517] [offboard_node]: WP1 도달·안정 (dist=0.0m speed=0.0m/s) → VISION_SEARCH (비전 착륙 활성)
[offboard_node-2] [INFO] [1785264127.081881592] [offboard_node]: 탐색 1회차 — 고도 25m AGL 반경 6.1→30m 링간격 12.2m 속도상한 5.0m/s (풋프린트 단폭 18.8m)
[offboard_node-2] [INFO] [1785264127.082838738] [offboard_node]: WP1 도달·안정 (dist=0.0m speed=0.0m/s) → VISION_SEARCH (비전 착륙 활성)
[offboard_node-2] [INFO] [1785264127.182808619] [offboard_node]: 탐색 1회차 — 고도 25m AGL 반경 6.1→30m 링간격 12.2m 속도상한 5.0m/s (풋프린트 단폭 18.8m)
[offboard_node-2] [INFO] [1785264127.183879879] [offboard_node]: WP1 도달·안정 (dist=0.0m speed=0.0m/s) → VISION_SEARCH (비전 착륙 활성)
[offboard_node-2] [INFO] [1785264127.281373875] [offboard_node]: WP1 홀드 dist=0.0m speed=0.0m/s stable=2445/10
[offboard_node-2] [INFO] [1785264127.283625013] [offboard_node]: 탐색 1회차 — 고도 25m AGL 반경 6.1→30m 링간격 12.2m 속도상한 5.0m/s (풋프린트 단폭 18.8m)
[offboard_node-2] [INFO] [1785264127.285660256] [offboard_node]: WP1 도달·안정 (dist=0.0m speed=0.0m/s) → VISION_SEARCH (비전 착륙 활성)
[offboard_node-2] [INFO] [1785264127.381436711] [offboard_node]: 탐색 1회차 — 고도 25m AGL 반경 6.1→30m 링간격 12.2m 속도상한 5.0m/s (풋프린트 단폭 18.8m)
[offboard_node-2] [INFO] [1785264127.383556005] [offboard_node]: WP1 도달·안정 (dist=0.0m speed=0.0m/s) → VISION_SEARCH (비전 착륙 활성)
[offboard_node-2] [INFO] [1785264127.480895263] [offboard_node]: 탐색 1회차 — 고도 25m AGL 반경 6.1→30m 링간격 12.2m 속도상한 5.0m/s (풋프린트 단폭 18.8m)
[offboard_node-2] [INFO] [1785264127.482430022] [offboard_node]: WP1 도달·안정 (dist=0.0m speed=0.0m/s) → VISION_SEARCH (비전 착륙 활성)
[offboard_node-2] [INFO] [1785264127.581168174] [offboard_node]: 탐색 1회차 — 고도 25m AGL 반경 6.1→30m 링간격 12.2m 속도상한 5.0m/s (풋프린트 단폭 18.8m)
[offboard_node-2] [INFO] [1785264127.582055736] [offboard_node]: WP1 도달·안정 (dist=0.0m speed=0.0m/s) → VISION_SEARCH (비전 착륙 활성)
[offboard_node-2] [INFO] [1785264127.681142970] [offboard_node]: 탐색 1회차 — 고도 25m AGL 반경 6.1→30m 링간격 12.2m 속도상한 5.0m/s (풋프린트 단폭 18.8m)
[offboard_node-2] [INFO] [1785264127.682322194] [offboard_node]: WP1 도달·안정 (dist=0.0m speed=0.0m/s) → VISION_SEARCH (비전 착륙 활성)
[offboard_node-2] [INFO] [1785264127.780830383] [offboard_node]: 탐색 1회차 — 고도 25m AGL 반경 6.1→30m 링간격 12.2m 속도상한 5.0m/s (풋프린트 단폭 18.8m)
[offboard_node-2] [INFO] [1785264127.781664438] [offboard_node]: WP1 도달·안정 (dist=0.0m speed=0.0m/s) → VISION_SEARCH (비전 착륙 활성)
[offboard_node-2] [INFO] [1785264127.880913503] [offboard_node]: 탐색 1회차 — 고도 25m AGL 반경 6.1→30m 링간격 12.2m 속도상한 5.0m/s (풋프린트 단폭 18.8m)
[offboard_node-2] [INFO] [1785264127.881761838] [offboard_node]: WP1 도달·안정 (dist=0.0m speed=0.0m/s) → VISION_SEARCH (비전 착륙 활성)
[offboard_node-2] [INFO] [1785264127.981306738] [offboard_node]: 탐색 1회차 — 고도 25m AGL 반경 6.1→30m 링간격 12.2m 속도상한 5.0m/s (풋프린트 단폭 18.8m)
[offboard_node-2] [INFO] [1785264127.982213068] [offboard_node]: WP1 도달·안정 (dist=0.0m speed=0.0m/s) → VISION_SEARCH (비전 착륙 활성)
[offboard_node-2] [INFO] [1785264128.081557228] [offboard_node]: 탐색 1회차 — 고도 25m AGL 반경 6.1→30m 링간격 12.2m 속도상한 5.0m/s (풋프린트 단폭 18.8m)
[offboard_node-2] [INFO] [1785264128.082708635] [offboard_node]: WP1 도달·안정 (dist=0.0m speed=0.0m/s) → VISION_SEARCH (비전 착륙 활성)
[offboard_node-2] [INFO] [1785264128.180771596] [offboard_node]: 탐색 1회차 — 고도 25m AGL 반경 6.1→30m 링간격 12.2m 속도상한 5.0m/s (풋프린트 단폭 18.8m)
[offboard_node-2] [INFO] [1785264128.181656101] [offboard_node]: WP1 도달·안정 (dist=0.0m speed=0.0m/s) → VISION_SEARCH (비전 착륙 활성)
[offboard_node-2] [INFO] [1785264128.281110563] [offboard_node]: 탐색 1회차 — 고도 25m AGL 반경 6.1→30m 링간격 12.2m 속도상한 5.0m/s (풋프린트 단폭 18.8m)
[offboard_node-2] [INFO] [1785264128.282012599] [offboard_node]: WP1 도달·안정 (dist=0.0m speed=0.0m/s) → VISION_SEARCH (비전 착륙 활성)
[offboard_node-2] [INFO] [1785264128.381176690] [offboard_node]: 탐색 1회차 — 고도 25m AGL 반경 6.1→30m 링간격 12.2m 속도상한 5.0m/s (풋프린트 단폭 18.8m)
[offboard_node-2] [INFO] [1785264128.382045866] [offboard_node]: WP1 도달·안정 (dist=0.0m speed=0.0m/s) → VISION_SEARCH (비전 착륙 활성)
[telemetry_node-1] [INFO] [1785264128.394289360] [telemetry_node]: pos_ned=[2.99954529e+02 3.68874543e-03 4.96817665e+01]  yaw=0.084  armed=True  vtol=3  batt=15.30V/50%
[offboard_node-2] [INFO] [1785264128.481274498] [offboard_node]: 탐색 1회차 — 고도 25m AGL 반경 6.1→30m 링간격 12.2m 속도상한 5.0m/s (풋프린트 단폭 18.8m)
[offboard_node-2] [INFO] [1785264128.482090569] [offboard_node]: WP1 도달·안정 (dist=0.0m speed=0.0m/s) → VISION_SEARCH (비전 착륙 활성)
[offboard_node-2] [INFO] [1785264128.581448602] [offboard_node]: 탐색 1회차 — 고도 25m AGL 반경 6.1→30m 링간격 12.2m 속도상한 5.0m/s (풋프린트 단폭 18.8m)
[offboard_node-2] [INFO] [1785264128.583368726] [offboard_node]: WP1 도달·안정 (dist=0.0m speed=0.0m/s) → VISION_SEARCH (비전 착륙 활성)
[offboard_node-2] [INFO] [1785264128.681014265] [offboard_node]: 탐색 1회차 — 고도 25m AGL 반경 6.1→30m 링간격 12.2m 속도상한 5.0m/s (풋프린트 단폭 18.8m)
[offboard_node-2] [INFO] [1785264128.681988900] [offboard_node]: WP1 도달·안정 (dist=0.0m speed=0.1m/s) → VISION_SEARCH (비전 착륙 활성)
[offboard_node-2] [INFO] [1785264128.781665101] [offboard_node]: 탐색 1회차 — 고도 25m AGL 반경 6.1→30m 링간격 12.2m 속도상한 5.0m/s (풋프린트 단폭 18.8m)
[offboard_node-2] [INFO] [1785264128.783105596] [offboard_node]: WP1 도달·안정 (dist=0.0m speed=0.1m/s) → VISION_SEARCH (비전 착륙 활성)
[offboard_node-2] [INFO] [1785264128.881241836] [offboard_node]: 탐색 1회차 — 고도 25m AGL 반경 6.1→30m 링간격 12.2m 속도상한 5.0m/s (풋프린트 단폭 18.8m)
[offboard_node-2] [INFO] [1785264128.882626654] [offboard_node]: WP1 도달·안정 (dist=0.0m speed=0.1m/s) → VISION_SEARCH (비전 착륙 활성)
[offboard_node-2] [INFO] [1785264128.981665648] [offboard_node]: 탐색 1회차 — 고도 25m AGL 반경 6.1→30m 링간격 12.2m 속도상한 5.0m/s (풋프린트 단폭 18.8m)
[offboard_node-2] [INFO] [1785264128.982644464] [offboard_node]: WP1 도달·안정 (dist=0.0m speed=0.1m/s) → VISION_SEARCH (비전 착륙 활성)
[offboard_node-2] [INFO] [1785264129.088296546] [offboard_node]: 탐색 1회차 — 고도 25m AGL 반경 6.1→30m 링간격 12.2m 속도상한 5.0m/s (풋프린트 단폭 18.8m)
[offboard_node-2] [INFO] [1785264129.089434204] [offboard_node]: WP1 도달·안정 (dist=0.0m speed=0.1m/s) → VISION_SEARCH (비전 착륙 활성)
[offboard_node-2] [INFO] [1785264129.182427035] [offboard_node]: 탐색 1회차 — 고도 25m AGL 반경 6.1→30m 링간격 12.2m 속도상한 5.0m/s (풋프린트 단폭 18.8m)
[offboard_node-2] [INFO] [1785264129.185066265] [offboard_node]: WP1 도달·안정 (dist=0.0m speed=0.1m/s) → VISION_SEARCH (비전 착륙 활성)
[offboard_node-2] [INFO] [1785264129.296243801] [offboard_node]: WP1 홀드 dist=0.0m speed=0.1m/s stable=2465/10
[offboard_node-2] [INFO] [1785264129.297793787] [offboard_node]: 탐색 1회차 — 고도 25m AGL 반경 6.1→30m 링간격 12.2m 속도상한 5.0m/s (풋프린트 단폭 18.8m)
[offboard_node-2] [INFO] [1785264129.298897905] [offboard_node]: WP1 도달·안정 (dist=0.0m speed=0.1m/s) → VISION_SEARCH (비전 착륙 활성)
[offboard_node-2] [INFO] [1785264129.381645734] [offboard_node]: 탐색 1회차 — 고도 25m AGL 반경 6.1→30m 링간격 12.2m 속도상한 5.0m/s (풋프린트 단폭 18.8m)
[offboard_node-2] [INFO] [1785264129.393912224] [offboard_node]: WP1 도달·안정 (dist=0.0m speed=0.1m/s) → VISION_SEARCH (비전 착륙 활성)
[offboard_node-2] [INFO] [1785264129.492005812] [offboard_node]: 탐색 1회차 — 고도 25m AGL 반경 6.1→30m 링간격 12.2m 속도상한 5.0m/s (풋프린트 단폭 18.8m)
[offboard_node-2] [INFO] [1785264129.493143136] [offboard_node]: WP1 도달·안정 (dist=0.0m speed=0.1m/s) → VISION_SEARCH (비전 착륙 활성)
[offboard_node-2] [INFO] [1785264129.581324661] [offboard_node]: 탐색 1회차 — 고도 25m AGL 반경 6.1→30m 링간격 12.2m 속도상한 5.0m/s (풋프린트 단폭 18.8m)
[offboard_node-2] [INFO] [1785264129.586395814] [offboard_node]: WP1 도달·안정 (dist=0.0m speed=0.0m/s) → VISION_SEARCH (비전 착륙 활성)
[offboard_node-2] [INFO] [1785264129.681022713] [offboard_node]: 탐색 1회차 — 고도 25m AGL 반경 6.1→30m 링간격 12.2m 속도상한 5.0m/s (풋프린트 단폭 18.8m)
[offboard_node-2] [INFO] [1785264129.744315825] [offboard_node]: WP1 도달·안정 (dist=0.0m speed=0.0m/s) → VISION_SEARCH (비전 착륙 활성)
[offboard_node-2] [INFO] [1785264129.781339294] [offboard_node]: 탐색 1회차 — 고도 25m AGL 반경 6.1→30m 링간격 12.2m 속도상한 5.0m/s (풋프린트 단폭 18.8m)
[offboard_node-2] [INFO] [1785264129.782655433] [offboard_node]: WP1 도달·안정 (dist=0.0m speed=0.0m/s) → VISION_SEARCH (비전 착륙 활성)
[offboard_node-2] [INFO] [1785264129.881781719] [offboard_node]: 탐색 1회차 — 고도 25m AGL 반경 6.1→30m 링간격 12.2m 속도상한 5.0m/s (풋프린트 단폭 18.8m)
[offboard_node-2] [INFO] [1785264129.882946798] [offboard_node]: WP1 도달·안정 (dist=0.0m speed=0.0m/s) → VISION_SEARCH (비전 착륙 활성)
[offboard_node-2] [INFO] [1785264129.983440847] [offboard_node]: 탐색 1회차 — 고도 25m AGL 반경 6.1→30m 링간격 12.2m 속도상한 5.0m/s (풋프린트 단폭 18.8m)
[offboard_node-2] [INFO] [1785264129.985376867] [offboard_node]: WP1 도달·안정 (dist=0.0m speed=0.0m/s) → VISION_SEARCH (비전 착륙 활성)
[offboard_node-2] [INFO] [1785264130.082784648] [offboard_node]: 탐색 1회차 — 고도 25m AGL 반경 6.1→30m 링간격 12.2m 속도상한 5.0m/s (풋프린트 단폭 18.8m)
[offboard_node-2] [INFO] [1785264130.088322043] [offboard_node]: WP1 도달·안정 (dist=0.0m speed=0.0m/s) → VISION_SEARCH (비전 착륙 활성)
[offboard_node-2] [INFO] [1785264130.182374129] [offboard_node]: 탐색 1회차 — 고도 25m AGL 반경 6.1→30m 링간격 12.2m 속도상한 5.0m/s (풋프린트 단폭 18.8m)
[offboard_node-2] [INFO] [1785264130.183611711] [offboard_node]: WP1 도달·안정 (dist=0.0m speed=0.0m/s) → VISION_SEARCH (비전 착륙 활성)
[offboard_node-2] [INFO] [1785264130.282834995] [offboard_node]: 탐색 1회차 — 고도 25m AGL 반경 6.1→30m 링간격 12.2m 속도상한 5.0m/s (풋프린트 단폭 18.8m)
[offboard_node-2] [INFO] [1785264130.284035371] [offboard_node]: WP1 도달·안정 (dist=0.0m speed=0.0m/s) → VISION_SEARCH (비전 착륙 활성)
[offboard_node-2] [INFO] [1785264130.381811475] [offboard_node]: 탐색 1회차 — 고도 25m AGL 반경 6.1→30m 링간격 12.2m 속도상한 5.0m/s (풋프린트 단폭 18.8m)
[offboard_node-2] [INFO] [1785264130.383012686] [offboard_node]: WP1 도달·안정 (dist=0.0m speed=0.0m/s) → VISION_SEARCH (비전 착륙 활성)
[telemetry_node-1] [INFO] [1785264130.394694238] [telemetry_node]: pos_ned=[ 2.99997711e+02 -1.03766741e-02  4.96997719e+01]  yaw=0.083  armed=True  vtol=3  batt=15.30V/50%
[offboard_node-2] [INFO] [1785264130.482182703] [offboard_node]: 탐색 1회차 — 고도 25m AGL 반경 6.1→30m 링간격 12.2m 속도상한 5.0m/s (풋프린트 단폭 18.8m)
[offboard_node-2] [INFO] [1785264130.483174613] [offboard_node]: WP1 도달·안정 (dist=0.0m speed=0.0m/s) → VISION_SEARCH (비전 착륙 활성)
[offboard_node-2] [INFO] [1785264130.582189944] [offboard_node]: 탐색 1회차 — 고도 25m AGL 반경 6.1→30m 링간격 12.2m 속도상한 5.0m/s (풋프린트 단폭 18.8m)
[offboard_node-2] [INFO] [1785264130.583370243] [offboard_node]: WP1 도달·안정 (dist=0.0m speed=0.0m/s) → VISION_SEARCH (비전 착륙 활성)
[offboard_node-2] [INFO] [1785264130.681128682] [offboard_node]: 탐색 1회차 — 고도 25m AGL 반경 6.1→30m 링간격 12.2m 속도상한 5.0m/s (풋프린트 단폭 18.8m)
[offboard_node-2] [INFO] [1785264130.682277761] [offboard_node]: WP1 도달·안정 (dist=0.0m speed=0.0m/s) → VISION_SEARCH (비전 착륙 활성)
[offboard_node-2] [INFO] [1785264130.781894832] [offboard_node]: 탐색 1회차 — 고도 25m AGL 반경 6.1→30m 링간격 12.2m 속도상한 5.0m/s (풋프린트 단폭 18.8m)
[offboard_node-2] [INFO] [1785264130.782818481] [offboard_node]: WP1 도달·안정 (dist=0.0m speed=0.0m/s) → VISION_SEARCH (비전 착륙 활성)
[offboard_node-2] [INFO] [1785264130.881625455] [offboard_node]: 탐색 1회차 — 고도 25m AGL 반경 6.1→30m 링간격 12.2m 속도상한 5.0m/s (풋프린트 단폭 18.8m)
[offboard_node-2] [INFO] [1785264130.884116556] [offboard_node]: WP1 도달·안정 (dist=0.0m speed=0.0m/s) → VISION_SEARCH (비전 착륙 활성)
[offboard_node-2] [INFO] [1785264130.981535587] [offboard_node]: 탐색 1회차 — 고도 25m AGL 반경 6.1→30m 링간격 12.2m 속도상한 5.0m/s (풋프린트 단폭 18.8m)
[offboard_node-2] [INFO] [1785264130.982408149] [offboard_node]: WP1 도달·안정 (dist=0.0m speed=0.0m/s) → VISION_SEARCH (비전 착륙 활성)
[offboard_node-2] [INFO] [1785264131.081086153] [offboard_node]: 탐색 1회차 — 고도 25m AGL 반경 6.1→30m 링간격 12.2m 속도상한 5.0m/s (풋프린트 단폭 18.8m)
[offboard_node-2] [INFO] [1785264131.082018703] [offboard_node]: WP1 도달·안정 (dist=0.0m speed=0.0m/s) → VISION_SEARCH (비전 착륙 활성)
[offboard_node-2] [INFO] [1785264131.181234202] [offboard_node]: 탐색 1회차 — 고도 25m AGL 반경 6.1→30m 링간격 12.2m 속도상한 5.0m/s (풋프린트 단폭 18.8m)
[offboard_node-2] [INFO] [1785264131.181971125] [offboard_node]: WP1 도달·안정 (dist=0.0m speed=0.0m/s) → VISION_SEARCH (비전 착륙 활성)
[offboard_node-2] [INFO] [1785264131.280820031] [offboard_node]: WP1 홀드 dist=0.0m speed=0.0m/s stable=2485/10
[offboard_node-2] [INFO] [1785264131.281546845] [offboard_node]: 탐색 1회차 — 고도 25m AGL 반경 6.1→30m 링간격 12.2m 속도상한 5.0m/s (풋프린트 단폭 18.8m)
[offboard_node-2] [INFO] [1785264131.282169965] [offboard_node]: WP1 도달·안정 (dist=0.0m speed=0.0m/s) → VISION_SEARCH (비전 착륙 활성)
[offboard_node-2] [INFO] [1785264131.381067785] [offboard_node]: 탐색 1회차 — 고도 25m AGL 반경 6.1→30m 링간격 12.2m 속도상한 5.0m/s (풋프린트 단폭 18.8m)
[offboard_node-2] [INFO] [1785264131.381859690] [offboard_node]: WP1 도달·안정 (dist=0.0m speed=0.0m/s) → VISION_SEARCH (비전 착륙 활성)
[offboard_node-2] [INFO] [1785264131.481055465] [offboard_node]: 탐색 1회차 — 고도 25m AGL 반경 6.1→30m 링간격 12.2m 속도상한 5.0m/s (풋프린트 단폭 18.8m)
[offboard_node-2] [INFO] [1785264131.481659108] [offboard_node]: WP1 도달·안정 (dist=0.0m speed=0.0m/s) → VISION_SEARCH (비전 착륙 활성)
[offboard_node-2] [INFO] [1785264131.582238370] [offboard_node]: 탐색 1회차 — 고도 25m AGL 반경 6.1→30m 링간격 12.2m 속도상한 5.0m/s (풋프린트 단폭 18.8m)
[offboard_node-2] [INFO] [1785264131.583445528] [offboard_node]: WP1 도달·안정 (dist=0.0m speed=0.0m/s) → VISION_SEARCH (비전 착륙 활성)
[offboard_node-2] [INFO] [1785264131.688584586] [offboard_node]: 탐색 1회차 — 고도 25m AGL 반경 6.1→30m 링간격 12.2m 속도상한 5.0m/s (풋프린트 단폭 18.8m)
[offboard_node-2] [INFO] [1785264131.693432604] [offboard_node]: WP1 도달·안정 (dist=0.0m speed=0.0m/s) → VISION_SEARCH (비전 착륙 활성)
[offboard_node-2] [INFO] [1785264131.786373089] [offboard_node]: 탐색 1회차 — 고도 25m AGL 반경 6.1→30m 링간격 12.2m 속도상한 5.0m/s (풋프린트 단폭 18.8m)
[offboard_node-2] [INFO] [1785264131.787487474] [offboard_node]: WP1 도달·안정 (dist=0.0m speed=0.0m/s) → VISION_SEARCH (비전 착륙 활성)
[offboard_node-2] [INFO] [1785264131.881819135] [offboard_node]: 탐색 1회차 — 고도 25m AGL 반경 6.1→30m 링간격 12.2m 속도상한 5.0m/s (풋프린트 단폭 18.8m)
[offboard_node-2] [INFO] [1785264131.885290686] [offboard_node]: WP1 도달·안정 (dist=0.0m speed=0.0m/s) → VISION_SEARCH (비전 착륙 활성)
[offboard_node-2] [INFO] [1785264131.981063093] [offboard_node]: 탐색 1회차 — 고도 25m AGL 반경 6.1→30m 링간격 12.2m 속도상한 5.0m/s (풋프린트 단폭 18.8m)
[offboard_node-2] [INFO] [1785264131.981964109] [offboard_node]: WP1 도달·안정 (dist=0.0m speed=0.0m/s) → VISION_SEARCH (비전 착륙 활성)
[offboard_node-2] [INFO] [1785264132.087907828] [offboard_node]: 탐색 1회차 — 고도 25m AGL 반경 6.1→30m 링간격 12.2m 속도상한 5.0m/s (풋프린트 단폭 18.8m)
[offboard_node-2] [INFO] [1785264132.091177763] [offboard_node]: WP1 도달·안정 (dist=0.0m speed=0.0m/s) → VISION_SEARCH (비전 착륙 활성)
[offboard_node-2] [INFO] [1785264132.181087571] [offboard_node]: 탐색 1회차 — 고도 25m AGL 반경 6.1→30m 링간격 12.2m 속도상한 5.0m/s (풋프린트 단폭 18.8m)
[offboard_node-2] [INFO] [1785264132.181944332] [offboard_node]: WP1 도달·안정 (dist=0.0m speed=0.0m/s) → VISION_SEARCH (비전 착륙 활성)
[offboard_node-2] [INFO] [1785264132.281056734] [offboard_node]: 탐색 1회차 — 고도 25m AGL 반경 6.1→30m 링간격 12.2m 속도상한 5.0m/s (풋프린트 단폭 18.8m)
[offboard_node-2] [INFO] [1785264132.282316119] [offboard_node]: WP1 도달·안정 (dist=0.0m speed=0.0m/s) → VISION_SEARCH (비전 착륙 활성)
[offboard_node-2] [INFO] [1785264132.381306511] [offboard_node]: 탐색 1회차 — 고도 25m AGL 반경 6.1→30m 링간격 12.2m 속도상한 5.0m/s (풋프린트 단폭 18.8m)
[offboard_node-2] [INFO] [1785264132.388423794] [offboard_node]: WP1 도달·안정 (dist=0.0m speed=0.0m/s) → VISION_SEARCH (비전 착륙 활성)
[telemetry_node-1] [INFO] [1785264132.394259659] [telemetry_node]: pos_ned=[ 3.00003632e+02 -2.61430368e-02  4.97780342e+01]  yaw=0.082  armed=True  vtol=3  batt=15.30V/50%
[offboard_node-2] [INFO] [1785264132.484325361] [offboard_node]: 탐색 1회차 — 고도 25m AGL 반경 6.1→30m 링간격 12.2m 속도상한 5.0m/s (풋프린트 단폭 18.8m)
[offboard_node-2] [INFO] [1785264132.486564524] [offboard_node]: WP1 도달·안정 (dist=0.0m speed=0.0m/s) → VISION_SEARCH (비전 착륙 활성)
[offboard_node-2] [INFO] [1785264132.582362869] [offboard_node]: 탐색 1회차 — 고도 25m AGL 반경 6.1→30m 링간격 12.2m 속도상한 5.0m/s (풋프린트 단폭 18.8m)
[offboard_node-2] [INFO] [1785264132.583367776] [offboard_node]: WP1 도달·안정 (dist=0.0m speed=0.0m/s) → VISION_SEARCH (비전 착륙 활성)
[offboard_node-2] [INFO] [1785264132.689130157] [offboard_node]: 탐색 1회차 — 고도 25m AGL 반경 6.1→30m 링간격 12.2m 속도상한 5.0m/s (풋프린트 단폭 18.8m)
[offboard_node-2] [INFO] [1785264132.691599823] [offboard_node]: WP1 도달·안정 (dist=0.0m speed=0.0m/s) → VISION_SEARCH (비전 착륙 활성)
[offboard_node-2] [INFO] [1785264132.784058488] [offboard_node]: 탐색 1회차 — 고도 25m AGL 반경 6.1→30m 링간격 12.2m 속도상한 5.0m/s (풋프린트 단폭 18.8m)
[offboard_node-2] [INFO] [1785264132.785025060] [offboard_node]: WP1 도달·안정 (dist=0.0m speed=0.0m/s) → VISION_SEARCH (비전 착륙 활성)
[offboard_node-2] [INFO] [1785264132.884744332] [offboard_node]: 탐색 1회차 — 고도 25m AGL 반경 6.1→30m 링간격 12.2m 속도상한 5.0m/s (풋프린트 단폭 18.8m)
[offboard_node-2] [INFO] [1785264132.889993676] [offboard_node]: WP1 도달·안정 (dist=0.0m speed=0.0m/s) → VISION_SEARCH (비전 착륙 활성)
[offboard_node-2] [INFO] [1785264132.981303965] [offboard_node]: 탐색 1회차 — 고도 25m AGL 반경 6.1→30m 링간격 12.2m 속도상한 5.0m/s (풋프린트 단폭 18.8m)
[offboard_node-2] [INFO] [1785264132.982192916] [offboard_node]: WP1 도달·안정 (dist=0.0m speed=0.0m/s) → VISION_SEARCH (비전 착륙 활성)
[offboard_node-2] [INFO] [1785264133.080952122] [offboard_node]: 탐색 1회차 — 고도 25m AGL 반경 6.1→30m 링간격 12.2m 속도상한 5.0m/s (풋프린트 단폭 18.8m)
[offboard_node-2] [INFO] [1785264133.083263442] [offboard_node]: WP1 도달·안정 (dist=0.0m speed=0.0m/s) → VISION_SEARCH (비전 착륙 활성)
[offboard_node-2] [INFO] [1785264133.185097998] [offboard_node]: 탐색 1회차 — 고도 25m AGL 반경 6.1→30m 링간격 12.2m 속도상한 5.0m/s (풋프린트 단폭 18.8m)
[offboard_node-2] [INFO] [1785264133.195351135] [offboard_node]: WP1 도달·안정 (dist=0.0m speed=0.0m/s) → VISION_SEARCH (비전 착륙 활성)
[offboard_node-2] [INFO] [1785264133.281989797] [offboard_node]: WP1 홀드 dist=0.0m speed=0.0m/s stable=2505/10
[offboard_node-2] [INFO] [1785264133.286212716] [offboard_node]: 탐색 1회차 — 고도 25m AGL 반경 6.1→30m 링간격 12.2m 속도상한 5.0m/s (풋프린트 단폭 18.8m)
[offboard_node-2] [INFO] [1785264133.289574236] [offboard_node]: WP1 도달·안정 (dist=0.0m speed=0.0m/s) → VISION_SEARCH (비전 착륙 활성)
[offboard_node-2] [INFO] [1785264133.383534930] [offboard_node]: 탐색 1회차 — 고도 25m AGL 반경 6.1→30m 링간격 12.2m 속도상한 5.0m/s (풋프린트 단폭 18.8m)
[offboard_node-2] [INFO] [1785264133.384384062] [offboard_node]: WP1 도달·안정 (dist=0.0m speed=0.0m/s) → VISION_SEARCH (비전 착륙 활성)
[offboard_node-2] [INFO] [1785264133.481606815] [offboard_node]: 탐색 1회차 — 고도 25m AGL 반경 6.1→30m 링간격 12.2m 속도상한 5.0m/s (풋프린트 단폭 18.8m)
[offboard_node-2] [INFO] [1785264133.483273720] [offboard_node]: WP1 도달·안정 (dist=0.0m speed=0.0m/s) → VISION_SEARCH (비전 착륙 활성)
[offboard_node-2] [INFO] [1785264133.581637422] [offboard_node]: 탐색 1회차 — 고도 25m AGL 반경 6.1→30m 링간격 12.2m 속도상한 5.0m/s (풋프린트 단폭 18.8m)
[offboard_node-2] [INFO] [1785264133.582773000] [offboard_node]: WP1 도달·안정 (dist=0.0m speed=0.0m/s) → VISION_SEARCH (비전 착륙 활성)
[offboard_node-2] [INFO] [1785264133.681312641] [offboard_node]: 탐색 1회차 — 고도 25m AGL 반경 6.1→30m 링간격 12.2m 속도상한 5.0m/s (풋프린트 단폭 18.8m)
[offboard_node-2] [INFO] [1785264133.684530124] [offboard_node]: WP1 도달·안정 (dist=0.0m speed=0.0m/s) → VISION_SEARCH (비전 착륙 활성)
[offboard_node-2] [INFO] [1785264133.781456938] [offboard_node]: 탐색 1회차 — 고도 25m AGL 반경 6.1→30m 링간격 12.2m 속도상한 5.0m/s (풋프린트 단폭 18.8m)
[offboard_node-2] [INFO] [1785264133.782300981] [offboard_node]: WP1 도달·안정 (dist=0.0m speed=0.0m/s) → VISION_SEARCH (비전 착륙 활성)
[offboard_node-2] [INFO] [1785264133.882371387] [offboard_node]: 탐색 1회차 — 고도 25m AGL 반경 6.1→30m 링간격 12.2m 속도상한 5.0m/s (풋프린트 단폭 18.8m)
[offboard_node-2] [INFO] [1785264133.883186075] [offboard_node]: WP1 도달·안정 (dist=0.0m speed=0.0m/s) → VISION_SEARCH (비전 착륙 활성)
[offboard_node-2] [INFO] [1785264133.982184329] [offboard_node]: 탐색 1회차 — 고도 25m AGL 반경 6.1→30m 링간격 12.2m 속도상한 5.0m/s (풋프린트 단폭 18.8m)
[offboard_node-2] [INFO] [1785264133.984370782] [offboard_node]: WP1 도달·안정 (dist=0.0m speed=0.0m/s) → VISION_SEARCH (비전 착륙 활성)
[offboard_node-2] [INFO] [1785264134.096057509] [offboard_node]: 탐색 1회차 — 고도 25m AGL 반경 6.1→30m 링간격 12.2m 속도상한 5.0m/s (풋프린트 단폭 18.8m)
[offboard_node-2] [INFO] [1785264134.096958007] [offboard_node]: WP1 도달·안정 (dist=0.0m speed=0.0m/s) → VISION_SEARCH (비전 착륙 활성)
[offboard_node-2] [INFO] [1785264134.184135475] [offboard_node]: 탐색 1회차 — 고도 25m AGL 반경 6.1→30m 링간격 12.2m 속도상한 5.0m/s (풋프린트 단폭 18.8m)
[offboard_node-2] [INFO] [1785264134.185948218] [offboard_node]: WP1 도달·안정 (dist=0.0m speed=0.0m/s) → VISION_SEARCH (비전 착륙 활성)
[offboard_node-2] [INFO] [1785264134.281559121] [offboard_node]: 탐색 1회차 — 고도 25m AGL 반경 6.1→30m 링간격 12.2m 속도상한 5.0m/s (풋프린트 단폭 18.8m)
[offboard_node-2] [INFO] [1785264134.283326679] [offboard_node]: WP1 도달·안정 (dist=0.0m speed=0.0m/s) → VISION_SEARCH (비전 착륙 활성)
[offboard_node-2] [INFO] [1785264134.381225582] [offboard_node]: 탐색 1회차 — 고도 25m AGL 반경 6.1→30m 링간격 12.2m 속도상한 5.0m/s (풋프린트 단폭 18.8m)
[offboard_node-2] [INFO] [1785264134.382119200] [offboard_node]: WP1 도달·안정 (dist=0.0m speed=0.0m/s) → VISION_SEARCH (비전 착륙 활성)
[telemetry_node-1] [INFO] [1785264134.394185528] [telemetry_node]: pos_ned=[ 2.99996460e+02 -3.07957400e-02  4.97585297e+01]  yaw=0.081  armed=True  vtol=3  batt=15.30V/50%
[offboard_node-2] [INFO] [1785264134.480938393] [offboard_node]: 탐색 1회차 — 고도 25m AGL 반경 6.1→30m 링간격 12.2m 속도상한 5.0m/s (풋프린트 단폭 18.8m)
[offboard_node-2] [INFO] [1785264134.488481252] [offboard_node]: WP1 도달·안정 (dist=0.0m speed=0.0m/s) → VISION_SEARCH (비전 착륙 활성)
[offboard_node-2] [INFO] [1785264134.580805579] [offboard_node]: 탐색 1회차 — 고도 25m AGL 반경 6.1→30m 링간격 12.2m 속도상한 5.0m/s (풋프린트 단폭 18.8m)
[offboard_node-2] [INFO] [1785264134.581982218] [offboard_node]: WP1 도달·안정 (dist=0.0m speed=0.0m/s) → VISION_SEARCH (비전 착륙 활성)
[offboard_node-2] [INFO] [1785264134.680550649] [offboard_node]: 탐색 1회차 — 고도 25m AGL 반경 6.1→30m 링간격 12.2m 속도상한 5.0m/s (풋프린트 단폭 18.8m)
[offboard_node-2] [INFO] [1785264134.681420905] [offboard_node]: WP1 도달·안정 (dist=0.0m speed=0.0m/s) → VISION_SEARCH (비전 착륙 활성)
[offboard_node-2] [INFO] [1785264134.789124203] [offboard_node]: 탐색 1회차 — 고도 25m AGL 반경 6.1→30m 링간격 12.2m 속도상한 5.0m/s (풋프린트 단폭 18.8m)
[offboard_node-2] [INFO] [1785264134.790631963] [offboard_node]: WP1 도달·안정 (dist=0.0m speed=0.0m/s) → VISION_SEARCH (비전 착륙 활성)
[offboard_node-2] [INFO] [1785264134.883193776] [offboard_node]: 탐색 1회차 — 고도 25m AGL 반경 6.1→30m 링간격 12.2m 속도상한 5.0m/s (풋프린트 단폭 18.8m)
[offboard_node-2] [INFO] [1785264134.884530793] [offboard_node]: WP1 도달·안정 (dist=0.0m speed=0.0m/s) → VISION_SEARCH (비전 착륙 활성)
[offboard_node-2] [INFO] [1785264134.987746513] [offboard_node]: 탐색 1회차 — 고도 25m AGL 반경 6.1→30m 링간격 12.2m 속도상한 5.0m/s (풋프린트 단폭 18.8m)
[offboard_node-2] [INFO] [1785264134.988910379] [offboard_node]: WP1 도달·안정 (dist=0.0m speed=0.0m/s) → VISION_SEARCH (비전 착륙 활성)
[offboard_node-2] [INFO] [1785264135.081873347] [offboard_node]: 탐색 1회차 — 고도 25m AGL 반경 6.1→30m 링간격 12.2m 속도상한 5.0m/s (풋프린트 단폭 18.8m)
[offboard_node-2] [INFO] [1785264135.082938202] [offboard_node]: WP1 도달·안정 (dist=0.0m speed=0.0m/s) → VISION_SEARCH (비전 착륙 활성)
[offboard_node-2] [INFO] [1785264135.185300269] [offboard_node]: 탐색 1회차 — 고도 25m AGL 반경 6.1→30m 링간격 12.2m 속도상한 5.0m/s (풋프린트 단폭 18.8m)
[offboard_node-2] [INFO] [1785264135.190528017] [offboard_node]: WP1 도달·안정 (dist=0.0m speed=0.0m/s) → VISION_SEARCH (비전 착륙 활성)
[offboard_node-2] [INFO] [1785264135.282195821] [offboard_node]: WP1 홀드 dist=0.0m speed=0.0m/s stable=2525/10
[offboard_node-2] [INFO] [1785264135.283323027] [offboard_node]: 탐색 1회차 — 고도 25m AGL 반경 6.1→30m 링간격 12.2m 속도상한 5.0m/s (풋프린트 단폭 18.8m)
[offboard_node-2] [INFO] [1785264135.284325738] [offboard_node]: WP1 도달·안정 (dist=0.0m speed=0.0m/s) → VISION_SEARCH (비전 착륙 활성)
[offboard_node-2] [INFO] [1785264135.383895227] [offboard_node]: 탐색 1회차 — 고도 25m AGL 반경 6.1→30m 링간격 12.2m 속도상한 5.0m/s (풋프린트 단폭 18.8m)
[offboard_node-2] [INFO] [1785264135.384917838] [offboard_node]: WP1 도달·안정 (dist=0.0m speed=0.0m/s) → VISION_SEARCH (비전 착륙 활성)
[offboard_node-2] [INFO] [1785264135.481510072] [offboard_node]: 탐색 1회차 — 고도 25m AGL 반경 6.1→30m 링간격 12.2m 속도상한 5.0m/s (풋프린트 단폭 18.8m)
[offboard_node-2] [INFO] [1785264135.482605585] [offboard_node]: WP1 도달·안정 (dist=0.0m speed=0.0m/s) → VISION_SEARCH (비전 착륙 활성)
[offboard_node-2] [INFO] [1785264135.581452958] [offboard_node]: 탐색 1회차 — 고도 25m AGL 반경 6.1→30m 링간격 12.2m 속도상한 5.0m/s (풋프린트 단폭 18.8m)
[offboard_node-2] [INFO] [1785264135.582819282] [offboard_node]: WP1 도달·안정 (dist=0.0m speed=0.0m/s) → VISION_SEARCH (비전 착륙 활성)
[offboard_node-2] [INFO] [1785264135.686727770] [offboard_node]: 탐색 1회차 — 고도 25m AGL 반경 6.1→30m 링간격 12.2m 속도상한 5.0m/s (풋프린트 단폭 18.8m)
[offboard_node-2] [INFO] [1785264135.689007555] [offboard_node]: WP1 도달·안정 (dist=0.0m speed=0.0m/s) → VISION_SEARCH (비전 착륙 활성)
[offboard_node-2] [INFO] [1785264135.781232671] [offboard_node]: 탐색 1회차 — 고도 25m AGL 반경 6.1→30m 링간격 12.2m 속도상한 5.0m/s (풋프린트 단폭 18.8m)
[offboard_node-2] [INFO] [1785264135.782450060] [offboard_node]: WP1 도달·안정 (dist=0.0m speed=0.0m/s) → VISION_SEARCH (비전 착륙 활성)
[offboard_node-2] [INFO] [1785264135.881209895] [offboard_node]: 탐색 1회차 — 고도 25m AGL 반경 6.1→30m 링간격 12.2m 속도상한 5.0m/s (풋프린트 단폭 18.8m)
[offboard_node-2] [INFO] [1785264135.882523335] [offboard_node]: WP1 도달·안정 (dist=0.0m speed=0.0m/s) → VISION_SEARCH (비전 착륙 활성)
[offboard_node-2] [INFO] [1785264135.985369389] [offboard_node]: 탐색 1회차 — 고도 25m AGL 반경 6.1→30m 링간격 12.2m 속도상한 5.0m/s (풋프린트 단폭 18.8m)
[offboard_node-2] [INFO] [1785264135.986582134] [offboard_node]: WP1 도달·안정 (dist=0.0m speed=0.0m/s) → VISION_SEARCH (비전 착륙 활성)
[offboard_node-2] [INFO] [1785264136.082324933] [offboard_node]: 탐색 1회차 — 고도 25m AGL 반경 6.1→30m 링간격 12.2m 속도상한 5.0m/s (풋프린트 단폭 18.8m)
[offboard_node-2] [INFO] [1785264136.085335282] [offboard_node]: WP1 도달·안정 (dist=0.0m speed=0.0m/s) → VISION_SEARCH (비전 착륙 활성)
[offboard_node-2] [INFO] [1785264136.183390556] [offboard_node]: 탐색 1회차 — 고도 25m AGL 반경 6.1→30m 링간격 12.2m 속도상한 5.0m/s (풋프린트 단폭 18.8m)
[offboard_node-2] [INFO] [1785264136.184764387] [offboard_node]: WP1 도달·안정 (dist=0.0m speed=0.0m/s) → VISION_SEARCH (비전 착륙 활성)
[offboard_node-2] [INFO] [1785264136.281909701] [offboard_node]: 탐색 1회차 — 고도 25m AGL 반경 6.1→30m 링간격 12.2m 속도상한 5.0m/s (풋프린트 단폭 18.8m)
[offboard_node-2] [INFO] [1785264136.284670181] [offboard_node]: WP1 도달·안정 (dist=0.0m speed=0.0m/s) → VISION_SEARCH (비전 착륙 활성)
[offboard_node-2] [INFO] [1785264136.381968428] [offboard_node]: 탐색 1회차 — 고도 25m AGL 반경 6.1→30m 링간격 12.2m 속도상한 5.0m/s (풋프린트 단폭 18.8m)
[offboard_node-2] [INFO] [1785264136.382921058] [offboard_node]: WP1 도달·안정 (dist=0.0m speed=0.0m/s) → VISION_SEARCH (비전 착륙 활성)
[telemetry_node-1] [INFO] [1785264136.394295237] [telemetry_node]: pos_ned=[ 3.00008270e+02 -3.02915629e-02  4.97241135e+01]  yaw=0.080  armed=True  vtol=3  batt=15.30V/50%
[offboard_node-2] [INFO] [1785264136.481180025] [offboard_node]: 탐색 1회차 — 고도 25m AGL 반경 6.1→30m 링간격 12.2m 속도상한 5.0m/s (풋프린트 단폭 18.8m)
[offboard_node-2] [INFO] [1785264136.482111369] [offboard_node]: WP1 도달·안정 (dist=0.0m speed=0.0m/s) → VISION_SEARCH (비전 착륙 활성)
[offboard_node-2] [INFO] [1785264136.583252065] [offboard_node]: 탐색 1회차 — 고도 25m AGL 반경 6.1→30m 링간격 12.2m 속도상한 5.0m/s (풋프린트 단폭 18.8m)
[offboard_node-2] [INFO] [1785264136.584535518] [offboard_node]: WP1 도달·안정 (dist=0.0m speed=0.0m/s) → VISION_SEARCH (비전 착륙 활성)
[offboard_node-2] [INFO] [1785264136.681333187] [offboard_node]: 탐색 1회차 — 고도 25m AGL 반경 6.1→30m 링간격 12.2m 속도상한 5.0m/s (풋프린트 단폭 18.8m)
[offboard_node-2] [INFO] [1785264136.682309068] [offboard_node]: WP1 도달·안정 (dist=0.0m speed=0.0m/s) → VISION_SEARCH (비전 착륙 활성)
[offboard_node-2] [INFO] [1785264136.781113106] [offboard_node]: 탐색 1회차 — 고도 25m AGL 반경 6.1→30m 링간격 12.2m 속도상한 5.0m/s (풋프린트 단폭 18.8m)
[offboard_node-2] [INFO] [1785264136.782335860] [offboard_node]: WP1 도달·안정 (dist=0.0m speed=0.0m/s) → VISION_SEARCH (비전 착륙 활성)
[offboard_node-2] [INFO] [1785264136.880654696] [offboard_node]: 탐색 1회차 — 고도 25m AGL 반경 6.1→30m 링간격 12.2m 속도상한 5.0m/s (풋프린트 단폭 18.8m)
[offboard_node-2] [INFO] [1785264136.881449128] [offboard_node]: WP1 도달·안정 (dist=0.0m speed=0.0m/s) → VISION_SEARCH (비전 착륙 활성)
[offboard_node-2] [INFO] [1785264136.981418576] [offboard_node]: 탐색 1회차 — 고도 25m AGL 반경 6.1→30m 링간격 12.2m 속도상한 5.0m/s (풋프린트 단폭 18.8m)
[offboard_node-2] [INFO] [1785264136.982267156] [offboard_node]: WP1 도달·안정 (dist=0.0m speed=0.0m/s) → VISION_SEARCH (비전 착륙 활성)
[offboard_node-2] [INFO] [1785264137.081195706] [offboard_node]: 탐색 1회차 — 고도 25m AGL 반경 6.1→30m 링간격 12.2m 속도상한 5.0m/s (풋프린트 단폭 18.8m)
[offboard_node-2] [INFO] [1785264137.082154315] [offboard_node]: WP1 도달·안정 (dist=0.0m speed=0.0m/s) → VISION_SEARCH (비전 착륙 활성)
[offboard_node-2] [INFO] [1785264137.181038295] [offboard_node]: 탐색 1회차 — 고도 25m AGL 반경 6.1→30m 링간격 12.2m 속도상한 5.0m/s (풋프린트 단폭 18.8m)
[offboard_node-2] [INFO] [1785264137.181930534] [offboard_node]: WP1 도달·안정 (dist=0.0m speed=0.0m/s) → VISION_SEARCH (비전 착륙 활성)
[offboard_node-2] [INFO] [1785264137.281263626] [offboard_node]: WP1 홀드 dist=0.0m speed=0.0m/s stable=2545/10
[offboard_node-2] [INFO] [1785264137.282253192] [offboard_node]: 탐색 1회차 — 고도 25m AGL 반경 6.1→30m 링간격 12.2m 속도상한 5.0m/s (풋프린트 단폭 18.8m)
[offboard_node-2] [INFO] [1785264137.282992764] [offboard_node]: WP1 도달·안정 (dist=0.0m speed=0.0m/s) → VISION_SEARCH (비전 착륙 활성)
[offboard_node-2] [INFO] [1785264137.380929098] [offboard_node]: 탐색 1회차 — 고도 25m AGL 반경 6.1→30m 링간격 12.2m 속도상한 5.0m/s (풋프린트 단폭 18.8m)
[offboard_node-2] [INFO] [1785264137.383264764] [offboard_node]: WP1 도달·안정 (dist=0.0m speed=0.0m/s) → VISION_SEARCH (비전 착륙 활성)
[offboard_node-2] [INFO] [1785264137.481513655] [offboard_node]: 탐색 1회차 — 고도 25m AGL 반경 6.1→30m 링간격 12.2m 속도상한 5.0m/s (풋프린트 단폭 18.8m)
[offboard_node-2] [INFO] [1785264137.482238578] [offboard_node]: WP1 도달·안정 (dist=0.0m speed=0.0m/s) → VISION_SEARCH (비전 착륙 활성)
[offboard_node-2] [INFO] [1785264137.581337430] [offboard_node]: 탐색 1회차 — 고도 25m AGL 반경 6.1→30m 링간격 12.2m 속도상한 5.0m/s (풋프린트 단폭 18.8m)
[offboard_node-2] [INFO] [1785264137.582291030] [offboard_node]: WP1 도달·안정 (dist=0.0m speed=0.0m/s) → VISION_SEARCH (비전 착륙 활성)
[offboard_node-2] [INFO] [1785264137.680899536] [offboard_node]: 탐색 1회차 — 고도 25m AGL 반경 6.1→30m 링간격 12.2m 속도상한 5.0m/s (풋프린트 단폭 18.8m)
[offboard_node-2] [INFO] [1785264137.681768183] [offboard_node]: WP1 도달·안정 (dist=0.0m speed=0.0m/s) → VISION_SEARCH (비전 착륙 활성)
[offboard_node-2] [INFO] [1785264137.781109049] [offboard_node]: 탐색 1회차 — 고도 25m AGL 반경 6.1→30m 링간격 12.2m 속도상한 5.0m/s (풋프린트 단폭 18.8m)
[offboard_node-2] [INFO] [1785264137.782093295] [offboard_node]: WP1 도달·안정 (dist=0.0m speed=0.0m/s) → VISION_SEARCH (비전 착륙 활성)
[offboard_node-2] [INFO] [1785264137.881182495] [offboard_node]: 탐색 1회차 — 고도 25m AGL 반경 6.1→30m 링간격 12.2m 속도상한 5.0m/s (풋프린트 단폭 18.8m)
[offboard_node-2] [INFO] [1785264137.882956852] [offboard_node]: WP1 도달·안정 (dist=0.0m speed=0.0m/s) → VISION_SEARCH (비전 착륙 활성)
[offboard_node-2] [INFO] [1785264137.983991837] [offboard_node]: 탐색 1회차 — 고도 25m AGL 반경 6.1→30m 링간격 12.2m 속도상한 5.0m/s (풋프린트 단폭 18.8m)
[offboard_node-2] [INFO] [1785264137.985192406] [offboard_node]: WP1 도달·안정 (dist=0.0m speed=0.0m/s) → VISION_SEARCH (비전 착륙 활성)
[offboard_node-2] [INFO] [1785264138.082883291] [offboard_node]: 탐색 1회차 — 고도 25m AGL 반경 6.1→30m 링간격 12.2m 속도상한 5.0m/s (풋프린트 단폭 18.8m)
[offboard_node-2] [INFO] [1785264138.084034612] [offboard_node]: WP1 도달·안정 (dist=0.0m speed=0.0m/s) → VISION_SEARCH (비전 착륙 활성)
[offboard_node-2] [INFO] [1785264138.186536294] [offboard_node]: 탐색 1회차 — 고도 25m AGL 반경 6.1→30m 링간격 12.2m 속도상한 5.0m/s (풋프린트 단폭 18.8m)
[offboard_node-2] [INFO] [1785264138.189235356] [offboard_node]: WP1 도달·안정 (dist=0.0m speed=0.0m/s) → VISION_SEARCH (비전 착륙 활성)
[offboard_node-2] [INFO] [1785264138.281212013] [offboard_node]: 탐색 1회차 — 고도 25m AGL 반경 6.1→30m 링간격 12.2m 속도상한 5.0m/s (풋프린트 단폭 18.8m)
[offboard_node-2] [INFO] [1785264138.283272514] [offboard_node]: WP1 도달·안정 (dist=0.0m speed=0.0m/s) → VISION_SEARCH (비전 착륙 활성)
[offboard_node-2] [INFO] [1785264138.385707760] [offboard_node]: 탐색 1회차 — 고도 25m AGL 반경 6.1→30m 링간격 12.2m 속도상한 5.0m/s (풋프린트 단폭 18.8m)
[offboard_node-2] [INFO] [1785264138.386911289] [offboard_node]: WP1 도달·안정 (dist=0.0m speed=0.0m/s) → VISION_SEARCH (비전 착륙 활성)
[telemetry_node-1] [INFO] [1785264138.395173587] [telemetry_node]: pos_ned=[ 3.00018646e+02 -2.60288697e-02  4.97290001e+01]  yaw=0.080  armed=True  vtol=3  batt=15.30V/50%
[offboard_node-2] [INFO] [1785264138.481573292] [offboard_node]: 탐색 1회차 — 고도 25m AGL 반경 6.1→30m 링간격 12.2m 속도상한 5.0m/s (풋프린트 단폭 18.8m)
[offboard_node-2] [INFO] [1785264138.484309361] [offboard_node]: WP1 도달·안정 (dist=0.0m speed=0.0m/s) → VISION_SEARCH (비전 착륙 활성)
[offboard_node-2] [INFO] [1785264138.582117489] [offboard_node]: 탐색 1회차 — 고도 25m AGL 반경 6.1→30m 링간격 12.2m 속도상한 5.0m/s (풋프린트 단폭 18.8m)
[offboard_node-2] [INFO] [1785264138.583091131] [offboard_node]: WP1 도달·안정 (dist=0.0m speed=0.0m/s) → VISION_SEARCH (비전 착륙 활성)
[offboard_node-2] [INFO] [1785264138.681872759] [offboard_node]: 탐색 1회차 — 고도 25m AGL 반경 6.1→30m 링간격 12.2m 속도상한 5.0m/s (풋프린트 단폭 18.8m)
[offboard_node-2] [INFO] [1785264138.683659631] [offboard_node]: WP1 도달·안정 (dist=0.0m speed=0.0m/s) → VISION_SEARCH (비전 착륙 활성)
[offboard_node-2] [INFO] [1785264138.783875931] [offboard_node]: 탐색 1회차 — 고도 25m AGL 반경 6.1→30m 링간격 12.2m 속도상한 5.0m/s (풋프린트 단폭 18.8m)
[offboard_node-2] [INFO] [1785264138.785135821] [offboard_node]: WP1 도달·안정 (dist=0.0m speed=0.0m/s) → VISION_SEARCH (비전 착륙 활성)
[offboard_node-2] [INFO] [1785264138.882204272] [offboard_node]: 탐색 1회차 — 고도 25m AGL 반경 6.1→30m 링간격 12.2m 속도상한 5.0m/s (풋프린트 단폭 18.8m)
[offboard_node-2] [INFO] [1785264138.884216061] [offboard_node]: WP1 도달·안정 (dist=0.0m speed=0.0m/s) → VISION_SEARCH (비전 착륙 활성)
[offboard_node-2] [INFO] [1785264138.983040227] [offboard_node]: 탐색 1회차 — 고도 25m AGL 반경 6.1→30m 링간격 12.2m 속도상한 5.0m/s (풋프린트 단폭 18.8m)
[offboard_node-2] [INFO] [1785264138.984392504] [offboard_node]: WP1 도달·안정 (dist=0.0m speed=0.0m/s) → VISION_SEARCH (비전 착륙 활성)
[offboard_node-2] [INFO] [1785264139.083972353] [offboard_node]: 탐색 1회차 — 고도 25m AGL 반경 6.1→30m 링간격 12.2m 속도상한 5.0m/s (풋프린트 단폭 18.8m)
[offboard_node-2] [INFO] [1785264139.085387116] [offboard_node]: WP1 도달·안정 (dist=0.0m speed=0.0m/s) → VISION_SEARCH (비전 착륙 활성)
[offboard_node-2] [INFO] [1785264139.181622495] [offboard_node]: 탐색 1회차 — 고도 25m AGL 반경 6.1→30m 링간격 12.2m 속도상한 5.0m/s (풋프린트 단폭 18.8m)
[offboard_node-2] [INFO] [1785264139.184283014] [offboard_node]: WP1 도달·안정 (dist=0.0m speed=0.0m/s) → VISION_SEARCH (비전 착륙 활성)
[offboard_node-2] [INFO] [1785264139.285084206] [offboard_node]: WP1 홀드 dist=0.0m speed=0.0m/s stable=2565/10
[offboard_node-2] [INFO] [1785264139.292001323] [offboard_node]: 탐색 1회차 — 고도 25m AGL 반경 6.1→30m 링간격 12.2m 속도상한 5.0m/s (풋프린트 단폭 18.8m)
[offboard_node-2] [INFO] [1785264139.298220591] [offboard_node]: WP1 도달·안정 (dist=0.0m speed=0.0m/s) → VISION_SEARCH (비전 착륙 활성)
[offboard_node-2] [INFO] [1785264139.380966336] [offboard_node]: 탐색 1회차 — 고도 25m AGL 반경 6.1→30m 링간격 12.2m 속도상한 5.0m/s (풋프린트 단폭 18.8m)
[offboard_node-2] [INFO] [1785264139.381879485] [offboard_node]: WP1 도달·안정 (dist=0.0m speed=0.0m/s) → VISION_SEARCH (비전 착륙 활성)
[offboard_node-2] [INFO] [1785264139.480458694] [offboard_node]: 탐색 1회차 — 고도 25m AGL 반경 6.1→30m 링간격 12.2m 속도상한 5.0m/s (풋프린트 단폭 18.8m)
[offboard_node-2] [INFO] [1785264139.481112543] [offboard_node]: WP1 도달·안정 (dist=0.0m speed=0.0m/s) → VISION_SEARCH (비전 착륙 활성)
[offboard_node-2] [INFO] [1785264139.596509040] [offboard_node]: 탐색 1회차 — 고도 25m AGL 반경 6.1→30m 링간격 12.2m 속도상한 5.0m/s (풋프린트 단폭 18.8m)
[offboard_node-2] [INFO] [1785264139.597511515] [offboard_node]: WP1 도달·안정 (dist=0.0m speed=0.0m/s) → VISION_SEARCH (비전 착륙 활성)
[offboard_node-2] [INFO] [1785264139.680940491] [offboard_node]: 탐색 1회차 — 고도 25m AGL 반경 6.1→30m 링간격 12.2m 속도상한 5.0m/s (풋프린트 단폭 18.8m)
[offboard_node-2] [INFO] [1785264139.681979289] [offboard_node]: WP1 도달·안정 (dist=0.0m speed=0.0m/s) → VISION_SEARCH (비전 착륙 활성)
[offboard_node-2] [INFO] [1785264139.782013228] [offboard_node]: 탐색 1회차 — 고도 25m AGL 반경 6.1→30m 링간격 12.2m 속도상한 5.0m/s (풋프린트 단폭 18.8m)
[offboard_node-2] [INFO] [1785264139.783102389] [offboard_node]: WP1 도달·안정 (dist=0.0m speed=0.0m/s) → VISION_SEARCH (비전 착륙 활성)
[offboard_node-2] [INFO] [1785264139.889921964] [offboard_node]: 탐색 1회차 — 고도 25m AGL 반경 6.1→30m 링간격 12.2m 속도상한 5.0m/s (풋프린트 단폭 18.8m)
[offboard_node-2] [INFO] [1785264139.892755772] [offboard_node]: WP1 도달·안정 (dist=0.0m speed=0.0m/s) → VISION_SEARCH (비전 착륙 활성)
[offboard_node-2] [INFO] [1785264139.982676590] [offboard_node]: 탐색 1회차 — 고도 25m AGL 반경 6.1→30m 링간격 12.2m 속도상한 5.0m/s (풋프린트 단폭 18.8m)
[offboard_node-2] [INFO] [1785264139.984139834] [offboard_node]: WP1 도달·안정 (dist=0.0m speed=0.0m/s) → VISION_SEARCH (비전 착륙 활성)
[offboard_node-2] [INFO] [1785264140.083544709] [offboard_node]: 탐색 1회차 — 고도 25m AGL 반경 6.1→30m 링간격 12.2m 속도상한 5.0m/s (풋프린트 단폭 18.8m)
[offboard_node-2] [INFO] [1785264140.084628838] [offboard_node]: WP1 도달·안정 (dist=0.0m speed=0.0m/s) → VISION_SEARCH (비전 착륙 활성)
[offboard_node-2] [INFO] [1785264140.181860573] [offboard_node]: 탐색 1회차 — 고도 25m AGL 반경 6.1→30m 링간격 12.2m 속도상한 5.0m/s (풋프린트 단폭 18.8m)
[offboard_node-2] [INFO] [1785264140.182974608] [offboard_node]: WP1 도달·안정 (dist=0.0m speed=0.0m/s) → VISION_SEARCH (비전 착륙 활성)
[offboard_node-2] [INFO] [1785264140.281588796] [offboard_node]: 탐색 1회차 — 고도 25m AGL 반경 6.1→30m 링간격 12.2m 속도상한 5.0m/s (풋프린트 단폭 18.8m)
[offboard_node-2] [INFO] [1785264140.282642363] [offboard_node]: WP1 도달·안정 (dist=0.0m speed=0.0m/s) → VISION_SEARCH (비전 착륙 활성)
[offboard_node-2] [INFO] [1785264140.389087215] [offboard_node]: 탐색 1회차 — 고도 25m AGL 반경 6.1→30m 링간격 12.2m 속도상한 5.0m/s (풋프린트 단폭 18.8m)
[offboard_node-2] [INFO] [1785264140.389949389] [offboard_node]: WP1 도달·안정 (dist=0.0m speed=0.0m/s) → VISION_SEARCH (비전 착륙 활성)
[telemetry_node-1] [INFO] [1785264140.396113841] [telemetry_node]: pos_ned=[3.00017059e+02 8.63736402e-03 4.97933235e+01]  yaw=0.080  armed=True  vtol=3  batt=15.30V/50%
[offboard_node-2] [INFO] [1785264140.481258013] [offboard_node]: 탐색 1회차 — 고도 25m AGL 반경 6.1→30m 링간격 12.2m 속도상한 5.0m/s (풋프린트 단폭 18.8m)
[offboard_node-2] [INFO] [1785264140.482380679] [offboard_node]: WP1 도달·안정 (dist=0.0m speed=0.0m/s) → VISION_SEARCH (비전 착륙 활성)
[offboard_node-2] [INFO] [1785264140.582476987] [offboard_node]: 탐색 1회차 — 고도 25m AGL 반경 6.1→30m 링간격 12.2m 속도상한 5.0m/s (풋프린트 단폭 18.8m)
[offboard_node-2] [INFO] [1785264140.584452361] [offboard_node]: WP1 도달·안정 (dist=0.0m speed=0.0m/s) → VISION_SEARCH (비전 착륙 활성)
[offboard_node-2] [INFO] [1785264140.681083249] [offboard_node]: 탐색 1회차 — 고도 25m AGL 반경 6.1→30m 링간격 12.2m 속도상한 5.0m/s (풋프린트 단폭 18.8m)
[offboard_node-2] [INFO] [1785264140.683148075] [offboard_node]: WP1 도달·안정 (dist=0.0m speed=0.0m/s) → VISION_SEARCH (비전 착륙 활성)
[offboard_node-2] [INFO] [1785264140.781558771] [offboard_node]: 탐색 1회차 — 고도 25m AGL 반경 6.1→30m 링간격 12.2m 속도상한 5.0m/s (풋프린트 단폭 18.8m)
[offboard_node-2] [INFO] [1785264140.782803837] [offboard_node]: WP1 도달·안정 (dist=0.0m speed=0.0m/s) → VISION_SEARCH (비전 착륙 활성)
[offboard_node-2] [INFO] [1785264140.880685538] [offboard_node]: 탐색 1회차 — 고도 25m AGL 반경 6.1→30m 링간격 12.2m 속도상한 5.0m/s (풋프린트 단폭 18.8m)
[offboard_node-2] [INFO] [1785264140.881501979] [offboard_node]: WP1 도달·안정 (dist=0.0m speed=0.0m/s) → VISION_SEARCH (비전 착륙 활성)
[offboard_node-2] [INFO] [1785264140.981979252] [offboard_node]: 탐색 1회차 — 고도 25m AGL 반경 6.1→30m 링간격 12.2m 속도상한 5.0m/s (풋프린트 단폭 18.8m)
[offboard_node-2] [INFO] [1785264140.983086439] [offboard_node]: WP1 도달·안정 (dist=0.0m speed=0.0m/s) → VISION_SEARCH (비전 착륙 활성)
[offboard_node-2] [INFO] [1785264141.081225761] [offboard_node]: 탐색 1회차 — 고도 25m AGL 반경 6.1→30m 링간격 12.2m 속도상한 5.0m/s (풋프린트 단폭 18.8m)
[offboard_node-2] [INFO] [1785264141.083279698] [offboard_node]: WP1 도달·안정 (dist=0.0m speed=0.0m/s) → VISION_SEARCH (비전 착륙 활성)
[offboard_node-2] [INFO] [1785264141.180997887] [offboard_node]: 탐색 1회차 — 고도 25m AGL 반경 6.1→30m 링간격 12.2m 속도상한 5.0m/s (풋프린트 단폭 18.8m)
[offboard_node-2] [INFO] [1785264141.181713473] [offboard_node]: WP1 도달·안정 (dist=0.0m speed=0.0m/s) → VISION_SEARCH (비전 착륙 활성)
[offboard_node-2] [INFO] [1785264141.281429722] [offboard_node]: WP1 홀드 dist=0.0m speed=0.0m/s stable=2585/10
[offboard_node-2] [INFO] [1785264141.282788140] [offboard_node]: 탐색 1회차 — 고도 25m AGL 반경 6.1→30m 링간격 12.2m 속도상한 5.0m/s (풋프린트 단폭 18.8m)
[offboard_node-2] [INFO] [1785264141.284699558] [offboard_node]: WP1 도달·안정 (dist=0.0m speed=0.0m/s) → VISION_SEARCH (비전 착륙 활성)
[offboard_node-2] [INFO] [1785264141.383420585] [offboard_node]: 탐색 1회차 — 고도 25m AGL 반경 6.1→30m 링간격 12.2m 속도상한 5.0m/s (풋프린트 단폭 18.8m)
[offboard_node-2] [INFO] [1785264141.384735459] [offboard_node]: WP1 도달·안정 (dist=0.0m speed=0.0m/s) → VISION_SEARCH (비전 착륙 활성)
[offboard_node-2] [INFO] [1785264141.490139766] [offboard_node]: 탐색 1회차 — 고도 25m AGL 반경 6.1→30m 링간격 12.2m 속도상한 5.0m/s (풋프린트 단폭 18.8m)
[offboard_node-2] [INFO] [1785264141.491322785] [offboard_node]: WP1 도달·안정 (dist=0.0m speed=0.0m/s) → VISION_SEARCH (비전 착륙 활성)
[offboard_node-2] [INFO] [1785264141.589354423] [offboard_node]: 탐색 1회차 — 고도 25m AGL 반경 6.1→30m 링간격 12.2m 속도상한 5.0m/s (풋프린트 단폭 18.8m)
[offboard_node-2] [INFO] [1785264141.590357331] [offboard_node]: WP1 도달·안정 (dist=0.0m speed=0.0m/s) → VISION_SEARCH (비전 착륙 활성)
[offboard_node-2] [INFO] [1785264141.696369936] [offboard_node]: 탐색 1회차 — 고도 25m AGL 반경 6.1→30m 링간격 12.2m 속도상한 5.0m/s (풋프린트 단폭 18.8m)
[offboard_node-2] [INFO] [1785264141.698377202] [offboard_node]: WP1 도달·안정 (dist=0.0m speed=0.0m/s) → VISION_SEARCH (비전 착륙 활성)
[offboard_node-2] [INFO] [1785264141.784179433] [offboard_node]: 탐색 1회차 — 고도 25m AGL 반경 6.1→30m 링간격 12.2m 속도상한 5.0m/s (풋프린트 단폭 18.8m)
[offboard_node-2] [INFO] [1785264141.793067122] [offboard_node]: WP1 도달·안정 (dist=0.0m speed=0.0m/s) → VISION_SEARCH (비전 착륙 활성)
[offboard_node-2] [INFO] [1785264141.894410752] [offboard_node]: 탐색 1회차 — 고도 25m AGL 반경 6.1→30m 링간격 12.2m 속도상한 5.0m/s (풋프린트 단폭 18.8m)
[offboard_node-2] [INFO] [1785264141.895868975] [offboard_node]: WP1 도달·안정 (dist=0.0m speed=0.0m/s) → VISION_SEARCH (비전 착륙 활성)
[offboard_node-2] [INFO] [1785264141.991803007] [offboard_node]: 탐색 1회차 — 고도 25m AGL 반경 6.1→30m 링간격 12.2m 속도상한 5.0m/s (풋프린트 단폭 18.8m)
[offboard_node-2] [INFO] [1785264141.997923609] [offboard_node]: WP1 도달·안정 (dist=0.0m speed=0.0m/s) → VISION_SEARCH (비전 착륙 활성)
[offboard_node-2] [INFO] [1785264142.086909450] [offboard_node]: 탐색 1회차 — 고도 25m AGL 반경 6.1→30m 링간격 12.2m 속도상한 5.0m/s (풋프린트 단폭 18.8m)
[offboard_node-2] [INFO] [1785264142.089585714] [offboard_node]: WP1 도달·안정 (dist=0.0m speed=0.0m/s) → VISION_SEARCH (비전 착륙 활성)
[offboard_node-2] [INFO] [1785264142.181908326] [offboard_node]: 탐색 1회차 — 고도 25m AGL 반경 6.1→30m 링간격 12.2m 속도상한 5.0m/s (풋프린트 단폭 18.8m)
[offboard_node-2] [INFO] [1785264142.192369098] [offboard_node]: WP1 도달·안정 (dist=0.0m speed=0.0m/s) → VISION_SEARCH (비전 착륙 활성)
[offboard_node-2] [INFO] [1785264142.283115273] [offboard_node]: 탐색 1회차 — 고도 25m AGL 반경 6.1→30m 링간격 12.2m 속도상한 5.0m/s (풋프린트 단폭 18.8m)
[offboard_node-2] [INFO] [1785264142.288272205] [offboard_node]: WP1 도달·안정 (dist=0.0m speed=0.0m/s) → VISION_SEARCH (비전 착륙 활성)
[offboard_node-2] [INFO] [1785264142.387216773] [offboard_node]: 탐색 1회차 — 고도 25m AGL 반경 6.1→30m 링간격 12.2m 속도상한 5.0m/s (풋프린트 단폭 18.8m)
[offboard_node-2] [INFO] [1785264142.388467548] [offboard_node]: WP1 도달·안정 (dist=0.0m speed=0.0m/s) → VISION_SEARCH (비전 착륙 활성)
[telemetry_node-1] [INFO] [1785264142.396990621] [telemetry_node]: pos_ned=[3.00005707e+02 1.49681531e-02 4.98564186e+01]  yaw=0.079  armed=True  vtol=3  batt=15.30V/50%
[offboard_node-2] [INFO] [1785264142.490433343] [offboard_node]: 탐색 1회차 — 고도 25m AGL 반경 6.1→30m 링간격 12.2m 속도상한 5.0m/s (풋프린트 단폭 18.8m)
[offboard_node-2] [INFO] [1785264142.492542301] [offboard_node]: WP1 도달·안정 (dist=0.0m speed=0.0m/s) → VISION_SEARCH (비전 착륙 활성)
[offboard_node-2] [INFO] [1785264142.582532358] [offboard_node]: 탐색 1회차 — 고도 25m AGL 반경 6.1→30m 링간격 12.2m 속도상한 5.0m/s (풋프린트 단폭 18.8m)
[offboard_node-2] [INFO] [1785264142.584186143] [offboard_node]: WP1 도달·안정 (dist=0.0m speed=0.0m/s) → VISION_SEARCH (비전 착륙 활성)
[offboard_node-2] [INFO] [1785264142.681790106] [offboard_node]: 탐색 1회차 — 고도 25m AGL 반경 6.1→30m 링간격 12.2m 속도상한 5.0m/s (풋프린트 단폭 18.8m)
[offboard_node-2] [INFO] [1785264142.683055579] [offboard_node]: WP1 도달·안정 (dist=0.0m speed=0.0m/s) → VISION_SEARCH (비전 착륙 활성)
[offboard_node-2] [INFO] [1785264142.784827503] [offboard_node]: 탐색 1회차 — 고도 25m AGL 반경 6.1→30m 링간격 12.2m 속도상한 5.0m/s (풋프린트 단폭 18.8m)
[offboard_node-2] [INFO] [1785264142.786370210] [offboard_node]: WP1 도달·안정 (dist=0.0m speed=0.0m/s) → VISION_SEARCH (비전 착륙 활성)
[offboard_node-2] [INFO] [1785264142.882405721] [offboard_node]: 탐색 1회차 — 고도 25m AGL 반경 6.1→30m 링간격 12.2m 속도상한 5.0m/s (풋프린트 단폭 18.8m)
[offboard_node-2] [INFO] [1785264142.885472047] [offboard_node]: WP1 도달·안정 (dist=0.0m speed=0.0m/s) → VISION_SEARCH (비전 착륙 활성)
[offboard_node-2] [INFO] [1785264142.983354946] [offboard_node]: 탐색 1회차 — 고도 25m AGL 반경 6.1→30m 링간격 12.2m 속도상한 5.0m/s (풋프린트 단폭 18.8m)
[offboard_node-2] [INFO] [1785264142.985673619] [offboard_node]: WP1 도달·안정 (dist=0.0m speed=0.0m/s) → VISION_SEARCH (비전 착륙 활성)
[offboard_node-2] [INFO] [1785264143.085521477] [offboard_node]: 탐색 1회차 — 고도 25m AGL 반경 6.1→30m 링간격 12.2m 속도상한 5.0m/s (풋프린트 단폭 18.8m)
[offboard_node-2] [INFO] [1785264143.088647667] [offboard_node]: WP1 도달·안정 (dist=0.0m speed=0.0m/s) → VISION_SEARCH (비전 착륙 활성)
[offboard_node-2] [INFO] [1785264143.182730757] [offboard_node]: 탐색 1회차 — 고도 25m AGL 반경 6.1→30m 링간격 12.2m 속도상한 5.0m/s (풋프린트 단폭 18.8m)
[offboard_node-2] [INFO] [1785264143.191071332] [offboard_node]: WP1 도달·안정 (dist=0.0m speed=0.0m/s) → VISION_SEARCH (비전 착륙 활성)
[offboard_node-2] [INFO] [1785264143.282453825] [offboard_node]: WP1 홀드 dist=0.0m speed=0.0m/s stable=2605/10
[offboard_node-2] [INFO] [1785264143.283726186] [offboard_node]: 탐색 1회차 — 고도 25m AGL 반경 6.1→30m 링간격 12.2m 속도상한 5.0m/s (풋프린트 단폭 18.8m)
[offboard_node-2] [INFO] [1785264143.284822333] [offboard_node]: WP1 도달·안정 (dist=0.0m speed=0.0m/s) → VISION_SEARCH (비전 착륙 활성)
[offboard_node-2] [INFO] [1785264143.381837574] [offboard_node]: 탐색 1회차 — 고도 25m AGL 반경 6.1→30m 링간격 12.2m 속도상한 5.0m/s (풋프린트 단폭 18.8m)
[offboard_node-2] [INFO] [1785264143.385388431] [offboard_node]: WP1 도달·안정 (dist=0.0m speed=0.0m/s) → VISION_SEARCH (비전 착륙 활성)
[offboard_node-2] [INFO] [1785264143.486298871] [offboard_node]: 탐색 1회차 — 고도 25m AGL 반경 6.1→30m 링간격 12.2m 속도상한 5.0m/s (풋프린트 단폭 18.8m)
[offboard_node-2] [INFO] [1785264143.487281884] [offboard_node]: WP1 도달·안정 (dist=0.0m speed=0.0m/s) → VISION_SEARCH (비전 착륙 활성)
[offboard_node-2] [INFO] [1785264143.581563388] [offboard_node]: 탐색 1회차 — 고도 25m AGL 반경 6.1→30m 링간격 12.2m 속도상한 5.0m/s (풋프린트 단폭 18.8m)
[offboard_node-2] [INFO] [1785264143.582535873] [offboard_node]: WP1 도달·안정 (dist=0.0m speed=0.0m/s) → VISION_SEARCH (비전 착륙 활성)
[offboard_node-2] [INFO] [1785264143.695337197] [offboard_node]: 탐색 1회차 — 고도 25m AGL 반경 6.1→30m 링간격 12.2m 속도상한 5.0m/s (풋프린트 단폭 18.8m)
[offboard_node-2] [INFO] [1785264143.709385522] [offboard_node]: WP1 도달·안정 (dist=0.0m speed=0.0m/s) → VISION_SEARCH (비전 착륙 활성)
[offboard_node-2] [INFO] [1785264143.782062028] [offboard_node]: 탐색 1회차 — 고도 25m AGL 반경 6.1→30m 링간격 12.2m 속도상한 5.0m/s (풋프린트 단폭 18.8m)
[offboard_node-2] [INFO] [1785264143.816798104] [offboard_node]: WP1 도달·안정 (dist=0.0m speed=0.0m/s) → VISION_SEARCH (비전 착륙 활성)
[offboard_node-2] [INFO] [1785264143.882201729] [offboard_node]: 탐색 1회차 — 고도 25m AGL 반경 6.1→30m 링간격 12.2m 속도상한 5.0m/s (풋프린트 단폭 18.8m)
[offboard_node-2] [INFO] [1785264143.883944567] [offboard_node]: WP1 도달·안정 (dist=0.0m speed=0.0m/s) → VISION_SEARCH (비전 착륙 활성)
[offboard_node-2] [INFO] [1785264143.985029660] [offboard_node]: 탐색 1회차 — 고도 25m AGL 반경 6.1→30m 링간격 12.2m 속도상한 5.0m/s (풋프린트 단폭 18.8m)
[offboard_node-2] [INFO] [1785264143.986319797] [offboard_node]: WP1 도달·안정 (dist=0.0m speed=0.0m/s) → VISION_SEARCH (비전 착륙 활성)
[offboard_node-2] [INFO] [1785264144.082453501] [offboard_node]: 탐색 1회차 — 고도 25m AGL 반경 6.1→30m 링간격 12.2m 속도상한 5.0m/s (풋프린트 단폭 18.8m)
[offboard_node-2] [INFO] [1785264144.083615603] [offboard_node]: WP1 도달·안정 (dist=0.0m speed=0.0m/s) → VISION_SEARCH (비전 착륙 활성)
[offboard_node-2] [INFO] [1785264144.182002724] [offboard_node]: 탐색 1회차 — 고도 25m AGL 반경 6.1→30m 링간격 12.2m 속도상한 5.0m/s (풋프린트 단폭 18.8m)
[offboard_node-2] [INFO] [1785264144.183168366] [offboard_node]: WP1 도달·안정 (dist=0.0m speed=0.0m/s) → VISION_SEARCH (비전 착륙 활성)
[offboard_node-2] [INFO] [1785264144.281164824] [offboard_node]: 탐색 1회차 — 고도 25m AGL 반경 6.1→30m 링간격 12.2m 속도상한 5.0m/s (풋프린트 단폭 18.8m)
[offboard_node-2] [INFO] [1785264144.282196508] [offboard_node]: WP1 도달·안정 (dist=0.0m speed=0.0m/s) → VISION_SEARCH (비전 착륙 활성)
[offboard_node-2] [INFO] [1785264144.383082073] [offboard_node]: 탐색 1회차 — 고도 25m AGL 반경 6.1→30m 링간격 12.2m 속도상한 5.0m/s (풋프린트 단폭 18.8m)
[offboard_node-2] [INFO] [1785264144.389905498] [offboard_node]: WP1 도달·안정 (dist=0.0m speed=0.0m/s) → VISION_SEARCH (비전 착륙 활성)
[telemetry_node-1] [INFO] [1785264144.396402763] [telemetry_node]: pos_ned=[3.00014923e+02 4.28714082e-02 4.98701363e+01]  yaw=0.080  armed=True  vtol=3  batt=15.30V/50%
[offboard_node-2] [INFO] [1785264144.483830048] [offboard_node]: 탐색 1회차 — 고도 25m AGL 반경 6.1→30m 링간격 12.2m 속도상한 5.0m/s (풋프린트 단폭 18.8m)
[offboard_node-2] [INFO] [1785264144.485146050] [offboard_node]: WP1 도달·안정 (dist=0.0m speed=0.0m/s) → VISION_SEARCH (비전 착륙 활성)
[offboard_node-2] [INFO] [1785264144.586129752] [offboard_node]: 탐색 1회차 — 고도 25m AGL 반경 6.1→30m 링간격 12.2m 속도상한 5.0m/s (풋프린트 단폭 18.8m)
[offboard_node-2] [INFO] [1785264144.587732226] [offboard_node]: WP1 도달·안정 (dist=0.0m speed=0.1m/s) → VISION_SEARCH (비전 착륙 활성)
[offboard_node-2] [INFO] [1785264144.681248832] [offboard_node]: 탐색 1회차 — 고도 25m AGL 반경 6.1→30m 링간격 12.2m 속도상한 5.0m/s (풋프린트 단폭 18.8m)
[offboard_node-2] [INFO] [1785264144.685795535] [offboard_node]: WP1 도달·안정 (dist=0.0m speed=0.1m/s) → VISION_SEARCH (비전 착륙 활성)
[offboard_node-2] [INFO] [1785264144.782597928] [offboard_node]: 탐색 1회차 — 고도 25m AGL 반경 6.1→30m 링간격 12.2m 속도상한 5.0m/s (풋프린트 단폭 18.8m)
[offboard_node-2] [INFO] [1785264144.784929921] [offboard_node]: WP1 도달·안정 (dist=0.0m speed=0.1m/s) → VISION_SEARCH (비전 착륙 활성)
[offboard_node-2] [INFO] [1785264144.881559734] [offboard_node]: 탐색 1회차 — 고도 25m AGL 반경 6.1→30m 링간격 12.2m 속도상한 5.0m/s (풋프린트 단폭 18.8m)
[offboard_node-2] [INFO] [1785264144.882371095] [offboard_node]: WP1 도달·안정 (dist=0.0m speed=0.1m/s) → VISION_SEARCH (비전 착륙 활성)
[offboard_node-2] [INFO] [1785264144.986834364] [offboard_node]: 탐색 1회차 — 고도 25m AGL 반경 6.1→30m 링간격 12.2m 속도상한 5.0m/s (풋프린트 단폭 18.8m)
[offboard_node-2] [INFO] [1785264144.988833815] [offboard_node]: WP1 도달·안정 (dist=0.0m speed=0.1m/s) → VISION_SEARCH (비전 착륙 활성)
[offboard_node-2] [INFO] [1785264145.080553839] [offboard_node]: 탐색 1회차 — 고도 25m AGL 반경 6.1→30m 링간격 12.2m 속도상한 5.0m/s (풋프린트 단폭 18.8m)
[offboard_node-2] [INFO] [1785264145.082510284] [offboard_node]: WP1 도달·안정 (dist=0.0m speed=0.0m/s) → VISION_SEARCH (비전 착륙 활성)
[offboard_node-2] [INFO] [1785264145.182376977] [offboard_node]: 탐색 1회차 — 고도 25m AGL 반경 6.1→30m 링간격 12.2m 속도상한 5.0m/s (풋프린트 단폭 18.8m)
[offboard_node-2] [INFO] [1785264145.185954973] [offboard_node]: WP1 도달·안정 (dist=0.0m speed=0.0m/s) → VISION_SEARCH (비전 착륙 활성)
[offboard_node-2] [INFO] [1785264145.282419621] [offboard_node]: WP1 홀드 dist=0.0m speed=0.0m/s stable=2625/10
[offboard_node-2] [INFO] [1785264145.285120598] [offboard_node]: 탐색 1회차 — 고도 25m AGL 반경 6.1→30m 링간격 12.2m 속도상한 5.0m/s (풋프린트 단폭 18.8m)
[offboard_node-2] [INFO] [1785264145.286315206] [offboard_node]: WP1 도달·안정 (dist=0.0m speed=0.0m/s) → VISION_SEARCH (비전 착륙 활성)
[offboard_node-2] [INFO] [1785264145.381564316] [offboard_node]: 탐색 1회차 — 고도 25m AGL 반경 6.1→30m 링간격 12.2m 속도상한 5.0m/s (풋프린트 단폭 18.8m)
[offboard_node-2] [INFO] [1785264145.383910737] [offboard_node]: WP1 도달·안정 (dist=0.0m speed=0.0m/s) → VISION_SEARCH (비전 착륙 활성)
[offboard_node-2] [INFO] [1785264145.481321281] [offboard_node]: 탐색 1회차 — 고도 25m AGL 반경 6.1→30m 링간격 12.2m 속도상한 5.0m/s (풋프린트 단폭 18.8m)
[offboard_node-2] [INFO] [1785264145.482339395] [offboard_node]: WP1 도달·안정 (dist=0.0m speed=0.0m/s) → VISION_SEARCH (비전 착륙 활성)
[offboard_node-2] [INFO] [1785264145.581093066] [offboard_node]: 탐색 1회차 — 고도 25m AGL 반경 6.1→30m 링간격 12.2m 속도상한 5.0m/s (풋프린트 단폭 18.8m)
[offboard_node-2] [INFO] [1785264145.581988110] [offboard_node]: WP1 도달·안정 (dist=0.0m speed=0.0m/s) → VISION_SEARCH (비전 착륙 활성)
[offboard_node-2] [INFO] [1785264145.680721226] [offboard_node]: 탐색 1회차 — 고도 25m AGL 반경 6.1→30m 링간격 12.2m 속도상한 5.0m/s (풋프린트 단폭 18.8m)
[offboard_node-2] [INFO] [1785264145.683790102] [offboard_node]: WP1 도달·안정 (dist=0.0m speed=0.0m/s) → VISION_SEARCH (비전 착륙 활성)
[offboard_node-2] [INFO] [1785264145.788487371] [offboard_node]: 탐색 1회차 — 고도 25m AGL 반경 6.1→30m 링간격 12.2m 속도상한 5.0m/s (풋프린트 단폭 18.8m)
[offboard_node-2] [INFO] [1785264145.789664288] [offboard_node]: WP1 도달·안정 (dist=0.0m speed=0.0m/s) → VISION_SEARCH (비전 착륙 활성)
[offboard_node-2] [INFO] [1785264145.882066008] [offboard_node]: 탐색 1회차 — 고도 25m AGL 반경 6.1→30m 링간격 12.2m 속도상한 5.0m/s (풋프린트 단폭 18.8m)
[offboard_node-2] [INFO] [1785264145.884668697] [offboard_node]: WP1 도달·안정 (dist=0.0m speed=0.0m/s) → VISION_SEARCH (비전 착륙 활성)
[offboard_node-2] [INFO] [1785264145.984510232] [offboard_node]: 탐색 1회차 — 고도 25m AGL 반경 6.1→30m 링간격 12.2m 속도상한 5.0m/s (풋프린트 단폭 18.8m)
[offboard_node-2] [INFO] [1785264145.985923986] [offboard_node]: WP1 도달·안정 (dist=0.0m speed=0.0m/s) → VISION_SEARCH (비전 착륙 활성)
[offboard_node-2] [INFO] [1785264146.082706143] [offboard_node]: 탐색 1회차 — 고도 25m AGL 반경 6.1→30m 링간격 12.2m 속도상한 5.0m/s (풋프린트 단폭 18.8m)
[offboard_node-2] [INFO] [1785264146.084770597] [offboard_node]: WP1 도달·안정 (dist=0.0m speed=0.0m/s) → VISION_SEARCH (비전 착륙 활성)
[offboard_node-2] [INFO] [1785264146.181732282] [offboard_node]: 탐색 1회차 — 고도 25m AGL 반경 6.1→30m 링간격 12.2m 속도상한 5.0m/s (풋프린트 단폭 18.8m)
[offboard_node-2] [INFO] [1785264146.182949484] [offboard_node]: WP1 도달·안정 (dist=0.0m speed=0.0m/s) → VISION_SEARCH (비전 착륙 활성)
[offboard_node-2] [INFO] [1785264146.281168357] [offboard_node]: 탐색 1회차 — 고도 25m AGL 반경 6.1→30m 링간격 12.2m 속도상한 5.0m/s (풋프린트 단폭 18.8m)
[offboard_node-2] [INFO] [1785264146.283289817] [offboard_node]: WP1 도달·안정 (dist=0.0m speed=0.0m/s) → VISION_SEARCH (비전 착륙 활성)
[offboard_node-2] [INFO] [1785264146.382703916] [offboard_node]: 탐색 1회차 — 고도 25m AGL 반경 6.1→30m 링간격 12.2m 속도상한 5.0m/s (풋프린트 단폭 18.8m)
[offboard_node-2] [INFO] [1785264146.383499098] [offboard_node]: WP1 도달·안정 (dist=0.0m speed=0.1m/s) → VISION_SEARCH (비전 착륙 활성)
[telemetry_node-1] [INFO] [1785264146.394265006] [telemetry_node]: pos_ned=[3.00010925e+02 9.99317970e-03 4.98893967e+01]  yaw=0.079  armed=True  vtol=3  batt=15.30V/50%
[offboard_node-2] [INFO] [1785264146.481141443] [offboard_node]: 탐색 1회차 — 고도 25m AGL 반경 6.1→30m 링간격 12.2m 속도상한 5.0m/s (풋프린트 단폭 18.8m)
[offboard_node-2] [INFO] [1785264146.481919755] [offboard_node]: WP1 도달·안정 (dist=0.0m speed=0.0m/s) → VISION_SEARCH (비전 착륙 활성)
[offboard_node-2] [INFO] [1785264146.581724361] [offboard_node]: 탐색 1회차 — 고도 25m AGL 반경 6.1→30m 링간격 12.2m 속도상한 5.0m/s (풋프린트 단폭 18.8m)
[offboard_node-2] [INFO] [1785264146.582865732] [offboard_node]: WP1 도달·안정 (dist=0.0m speed=0.0m/s) → VISION_SEARCH (비전 착륙 활성)
[offboard_node-2] [INFO] [1785264146.681859223] [offboard_node]: 탐색 1회차 — 고도 25m AGL 반경 6.1→30m 링간격 12.2m 속도상한 5.0m/s (풋프린트 단폭 18.8m)
[offboard_node-2] [INFO] [1785264146.683993472] [offboard_node]: WP1 도달·안정 (dist=0.0m speed=0.0m/s) → VISION_SEARCH (비전 착륙 활성)
[offboard_node-2] [INFO] [1785264146.781788843] [offboard_node]: 탐색 1회차 — 고도 25m AGL 반경 6.1→30m 링간격 12.2m 속도상한 5.0m/s (풋프린트 단폭 18.8m)
[offboard_node-2] [INFO] [1785264146.784129998] [offboard_node]: WP1 도달·안정 (dist=0.0m speed=0.0m/s) → VISION_SEARCH (비전 착륙 활성)
[offboard_node-2] [INFO] [1785264146.882051216] [offboard_node]: 탐색 1회차 — 고도 25m AGL 반경 6.1→30m 링간격 12.2m 속도상한 5.0m/s (풋프린트 단폭 18.8m)
[offboard_node-2] [INFO] [1785264146.883221377] [offboard_node]: WP1 도달·안정 (dist=0.0m speed=0.0m/s) → VISION_SEARCH (비전 착륙 활성)
[offboard_node-2] [INFO] [1785264146.983047469] [offboard_node]: 탐색 1회차 — 고도 25m AGL 반경 6.1→30m 링간격 12.2m 속도상한 5.0m/s (풋프린트 단폭 18.8m)
[offboard_node-2] [INFO] [1785264146.985454087] [offboard_node]: WP1 도달·안정 (dist=0.0m speed=0.0m/s) → VISION_SEARCH (비전 착륙 활성)
[offboard_node-2] [INFO] [1785264147.081414373] [offboard_node]: 탐색 1회차 — 고도 25m AGL 반경 6.1→30m 링간격 12.2m 속도상한 5.0m/s (풋프린트 단폭 18.8m)
[offboard_node-2] [INFO] [1785264147.083307772] [offboard_node]: WP1 도달·안정 (dist=0.0m speed=0.0m/s) → VISION_SEARCH (비전 착륙 활성)
[offboard_node-2] [INFO] [1785264147.181545240] [offboard_node]: 탐색 1회차 — 고도 25m AGL 반경 6.1→30m 링간격 12.2m 속도상한 5.0m/s (풋프린트 단폭 18.8m)
[offboard_node-2] [INFO] [1785264147.182510898] [offboard_node]: WP1 도달·안정 (dist=0.0m speed=0.0m/s) → VISION_SEARCH (비전 착륙 활성)
[offboard_node-2] [INFO] [1785264147.280799211] [offboard_node]: WP1 홀드 dist=0.0m speed=0.0m/s stable=2645/10
[offboard_node-2] [INFO] [1785264147.281934219] [offboard_node]: 탐색 1회차 — 고도 25m AGL 반경 6.1→30m 링간격 12.2m 속도상한 5.0m/s (풋프린트 단폭 18.8m)
[offboard_node-2] [INFO] [1785264147.282534135] [offboard_node]: WP1 도달·안정 (dist=0.0m speed=0.0m/s) → VISION_SEARCH (비전 착륙 활성)
[offboard_node-2] [INFO] [1785264147.380717881] [offboard_node]: 탐색 1회차 — 고도 25m AGL 반경 6.1→30m 링간격 12.2m 속도상한 5.0m/s (풋프린트 단폭 18.8m)
[offboard_node-2] [INFO] [1785264147.381547794] [offboard_node]: WP1 도달·안정 (dist=0.0m speed=0.0m/s) → VISION_SEARCH (비전 착륙 활성)
[offboard_node-2] [INFO] [1785264147.480754419] [offboard_node]: 탐색 1회차 — 고도 25m AGL 반경 6.1→30m 링간격 12.2m 속도상한 5.0m/s (풋프린트 단폭 18.8m)
[offboard_node-2] [INFO] [1785264147.481993026] [offboard_node]: WP1 도달·안정 (dist=0.0m speed=0.0m/s) → VISION_SEARCH (비전 착륙 활성)
[offboard_node-2] [INFO] [1785264147.581810899] [offboard_node]: 탐색 1회차 — 고도 25m AGL 반경 6.1→30m 링간격 12.2m 속도상한 5.0m/s (풋프린트 단폭 18.8m)
[offboard_node-2] [INFO] [1785264147.584363382] [offboard_node]: WP1 도달·안정 (dist=0.0m speed=0.0m/s) → VISION_SEARCH (비전 착륙 활성)
[offboard_node-2] [INFO] [1785264147.681432341] [offboard_node]: 탐색 1회차 — 고도 25m AGL 반경 6.1→30m 링간격 12.2m 속도상한 5.0m/s (풋프린트 단폭 18.8m)
[offboard_node-2] [INFO] [1785264147.683364541] [offboard_node]: WP1 도달·안정 (dist=0.0m speed=0.0m/s) → VISION_SEARCH (비전 착륙 활성)
[offboard_node-2] [INFO] [1785264147.781151515] [offboard_node]: 탐색 1회차 — 고도 25m AGL 반경 6.1→30m 링간격 12.2m 속도상한 5.0m/s (풋프린트 단폭 18.8m)
[offboard_node-2] [INFO] [1785264147.782680265] [offboard_node]: WP1 도달·안정 (dist=0.0m speed=0.0m/s) → VISION_SEARCH (비전 착륙 활성)
[offboard_node-2] [INFO] [1785264147.881111449] [offboard_node]: 탐색 1회차 — 고도 25m AGL 반경 6.1→30m 링간격 12.2m 속도상한 5.0m/s (풋프린트 단폭 18.8m)
[offboard_node-2] [INFO] [1785264147.882509033] [offboard_node]: WP1 도달·안정 (dist=0.0m speed=0.0m/s) → VISION_SEARCH (비전 착륙 활성)
[offboard_node-2] [INFO] [1785264147.981036128] [offboard_node]: 탐색 1회차 — 고도 25m AGL 반경 6.1→30m 링간격 12.2m 속도상한 5.0m/s (풋프린트 단폭 18.8m)
[offboard_node-2] [INFO] [1785264147.981915342] [offboard_node]: WP1 도달·안정 (dist=0.0m speed=0.0m/s) → VISION_SEARCH (비전 착륙 활성)
[offboard_node-2] [INFO] [1785264148.081514710] [offboard_node]: 탐색 1회차 — 고도 25m AGL 반경 6.1→30m 링간격 12.2m 속도상한 5.0m/s (풋프린트 단폭 18.8m)
[offboard_node-2] [INFO] [1785264148.084491556] [offboard_node]: WP1 도달·안정 (dist=0.0m speed=0.0m/s) → VISION_SEARCH (비전 착륙 활성)
[offboard_node-2] [INFO] [1785264148.180986763] [offboard_node]: 탐색 1회차 — 고도 25m AGL 반경 6.1→30m 링간격 12.2m 속도상한 5.0m/s (풋프린트 단폭 18.8m)
[offboard_node-2] [INFO] [1785264148.181918241] [offboard_node]: WP1 도달·안정 (dist=0.0m speed=0.0m/s) → VISION_SEARCH (비전 착륙 활성)
[offboard_node-2] [INFO] [1785264148.282171431] [offboard_node]: 탐색 1회차 — 고도 25m AGL 반경 6.1→30m 링간격 12.2m 속도상한 5.0m/s (풋프린트 단폭 18.8m)
[offboard_node-2] [INFO] [1785264148.283066934] [offboard_node]: WP1 도달·안정 (dist=0.0m speed=0.0m/s) → VISION_SEARCH (비전 착륙 활성)
[offboard_node-2] [INFO] [1785264148.380825066] [offboard_node]: 탐색 1회차 — 고도 25m AGL 반경 6.1→30m 링간격 12.2m 속도상한 5.0m/s (풋프린트 단폭 18.8m)
[offboard_node-2] [INFO] [1785264148.381851405] [offboard_node]: WP1 도달·안정 (dist=0.0m speed=0.0m/s) → VISION_SEARCH (비전 착륙 활성)
[telemetry_node-1] [INFO] [1785264148.394335633] [telemetry_node]: pos_ned=[3.00009338e+02 1.59074068e-02 4.99540977e+01]  yaw=0.078  armed=True  vtol=3  batt=15.30V/50%
[offboard_node-2] [INFO] [1785264148.481141990] [offboard_node]: 탐색 1회차 — 고도 25m AGL 반경 6.1→30m 링간격 12.2m 속도상한 5.0m/s (풋프린트 단폭 18.8m)
[offboard_node-2] [INFO] [1785264148.482180629] [offboard_node]: WP1 도달·안정 (dist=0.0m speed=0.0m/s) → VISION_SEARCH (비전 착륙 활성)
[offboard_node-2] [INFO] [1785264148.580762801] [offboard_node]: 탐색 1회차 — 고도 25m AGL 반경 6.1→30m 링간격 12.2m 속도상한 5.0m/s (풋프린트 단폭 18.8m)
[offboard_node-2] [INFO] [1785264148.581579666] [offboard_node]: WP1 도달·안정 (dist=0.0m speed=0.0m/s) → VISION_SEARCH (비전 착륙 활성)
[offboard_node-2] [INFO] [1785264148.681762891] [offboard_node]: 탐색 1회차 — 고도 25m AGL 반경 6.1→30m 링간격 12.2m 속도상한 5.0m/s (풋프린트 단폭 18.8m)
[offboard_node-2] [INFO] [1785264148.682587929] [offboard_node]: WP1 도달·안정 (dist=0.0m speed=0.0m/s) → VISION_SEARCH (비전 착륙 활성)
[offboard_node-2] [INFO] [1785264148.782017549] [offboard_node]: 탐색 1회차 — 고도 25m AGL 반경 6.1→30m 링간격 12.2m 속도상한 5.0m/s (풋프린트 단폭 18.8m)
[offboard_node-2] [INFO] [1785264148.782775014] [offboard_node]: WP1 도달·안정 (dist=0.0m speed=0.0m/s) → VISION_SEARCH (비전 착륙 활성)
[offboard_node-2] [INFO] [1785264148.881859245] [offboard_node]: 탐색 1회차 — 고도 25m AGL 반경 6.1→30m 링간격 12.2m 속도상한 5.0m/s (풋프린트 단폭 18.8m)
[offboard_node-2] [INFO] [1785264148.882756402] [offboard_node]: WP1 도달·안정 (dist=0.0m speed=0.0m/s) → VISION_SEARCH (비전 착륙 활성)
[offboard_node-2] [INFO] [1785264148.981134451] [offboard_node]: 탐색 1회차 — 고도 25m AGL 반경 6.1→30m 링간격 12.2m 속도상한 5.0m/s (풋프린트 단폭 18.8m)
[offboard_node-2] [INFO] [1785264148.982099259] [offboard_node]: WP1 도달·안정 (dist=0.0m speed=0.0m/s) → VISION_SEARCH (비전 착륙 활성)
[offboard_node-2] [INFO] [1785264149.081224949] [offboard_node]: 탐색 1회차 — 고도 25m AGL 반경 6.1→30m 링간격 12.2m 속도상한 5.0m/s (풋프린트 단폭 18.8m)
[offboard_node-2] [INFO] [1785264149.082107987] [offboard_node]: WP1 도달·안정 (dist=0.0m speed=0.0m/s) → VISION_SEARCH (비전 착륙 활성)
[offboard_node-2] [INFO] [1785264149.181594351] [offboard_node]: 탐색 1회차 — 고도 25m AGL 반경 6.1→30m 링간격 12.2m 속도상한 5.0m/s (풋프린트 단폭 18.8m)
[offboard_node-2] [INFO] [1785264149.182923397] [offboard_node]: WP1 도달·안정 (dist=0.0m speed=0.0m/s) → VISION_SEARCH (비전 착륙 활성)
[offboard_node-2] [INFO] [1785264149.281505425] [offboard_node]: WP1 홀드 dist=0.0m speed=0.0m/s stable=2665/10
[offboard_node-2] [INFO] [1785264149.282719451] [offboard_node]: 탐색 1회차 — 고도 25m AGL 반경 6.1→30m 링간격 12.2m 속도상한 5.0m/s (풋프린트 단폭 18.8m)
[offboard_node-2] [INFO] [1785264149.284531533] [offboard_node]: WP1 도달·안정 (dist=0.0m speed=0.0m/s) → VISION_SEARCH (비전 착륙 활성)
[offboard_node-2] [INFO] [1785264149.381714747] [offboard_node]: 탐색 1회차 — 고도 25m AGL 반경 6.1→30m 링간격 12.2m 속도상한 5.0m/s (풋프린트 단폭 18.8m)
[offboard_node-2] [INFO] [1785264149.382856062] [offboard_node]: WP1 도달·안정 (dist=0.0m speed=0.0m/s) → VISION_SEARCH (비전 착륙 활성)
[offboard_node-2] [INFO] [1785264149.481165443] [offboard_node]: 탐색 1회차 — 고도 25m AGL 반경 6.1→30m 링간격 12.2m 속도상한 5.0m/s (풋프린트 단폭 18.8m)
[offboard_node-2] [INFO] [1785264149.481898113] [offboard_node]: WP1 도달·안정 (dist=0.0m speed=0.0m/s) → VISION_SEARCH (비전 착륙 활성)
[offboard_node-2] [INFO] [1785264149.582223578] [offboard_node]: 탐색 1회차 — 고도 25m AGL 반경 6.1→30m 링간격 12.2m 속도상한 5.0m/s (풋프린트 단폭 18.8m)
[offboard_node-2] [INFO] [1785264149.584049536] [offboard_node]: WP1 도달·안정 (dist=0.0m speed=0.0m/s) → VISION_SEARCH (비전 착륙 활성)
[offboard_node-2] [INFO] [1785264149.681317006] [offboard_node]: 탐색 1회차 — 고도 25m AGL 반경 6.1→30m 링간격 12.2m 속도상한 5.0m/s (풋프린트 단폭 18.8m)
[offboard_node-2] [INFO] [1785264149.682183989] [offboard_node]: WP1 도달·안정 (dist=0.0m speed=0.0m/s) → VISION_SEARCH (비전 착륙 활성)
[offboard_node-2] [INFO] [1785264149.780631178] [offboard_node]: 탐색 1회차 — 고도 25m AGL 반경 6.1→30m 링간격 12.2m 속도상한 5.0m/s (풋프린트 단폭 18.8m)
[offboard_node-2] [INFO] [1785264149.781207806] [offboard_node]: WP1 도달·안정 (dist=0.0m speed=0.1m/s) → VISION_SEARCH (비전 착륙 활성)
[offboard_node-2] [INFO] [1785264149.880750846] [offboard_node]: 탐색 1회차 — 고도 25m AGL 반경 6.1→30m 링간격 12.2m 속도상한 5.0m/s (풋프린트 단폭 18.8m)
[offboard_node-2] [INFO] [1785264149.881266436] [offboard_node]: WP1 도달·안정 (dist=0.0m speed=0.1m/s) → VISION_SEARCH (비전 착륙 활성)
[offboard_node-2] [INFO] [1785264149.981081640] [offboard_node]: 탐색 1회차 — 고도 25m AGL 반경 6.1→30m 링간격 12.2m 속도상한 5.0m/s (풋프린트 단폭 18.8m)
[offboard_node-2] [INFO] [1785264149.981914057] [offboard_node]: WP1 도달·안정 (dist=0.0m speed=0.0m/s) → VISION_SEARCH (비전 착륙 활성)
[offboard_node-2] [INFO] [1785264150.080507481] [offboard_node]: 탐색 1회차 — 고도 25m AGL 반경 6.1→30m 링간격 12.2m 속도상한 5.0m/s (풋프린트 단폭 18.8m)
[offboard_node-2] [INFO] [1785264150.081170614] [offboard_node]: WP1 도달·안정 (dist=0.0m speed=0.0m/s) → VISION_SEARCH (비전 착륙 활성)
[offboard_node-2] [INFO] [1785264150.180607531] [offboard_node]: 탐색 1회차 — 고도 25m AGL 반경 6.1→30m 링간격 12.2m 속도상한 5.0m/s (풋프린트 단폭 18.8m)
[offboard_node-2] [INFO] [1785264150.181177576] [offboard_node]: WP1 도달·안정 (dist=0.0m speed=0.0m/s) → VISION_SEARCH (비전 착륙 활성)
[offboard_node-2] [INFO] [1785264150.282066125] [offboard_node]: 탐색 1회차 — 고도 25m AGL 반경 6.1→30m 링간격 12.2m 속도상한 5.0m/s (풋프린트 단폭 18.8m)
[offboard_node-2] [INFO] [1785264150.282759574] [offboard_node]: WP1 도달·안정 (dist=0.0m speed=0.0m/s) → VISION_SEARCH (비전 착륙 활성)
[offboard_node-2] [INFO] [1785264150.381414961] [offboard_node]: 탐색 1회차 — 고도 25m AGL 반경 6.1→30m 링간격 12.2m 속도상한 5.0m/s (풋프린트 단폭 18.8m)
[offboard_node-2] [INFO] [1785264150.382301558] [offboard_node]: WP1 도달·안정 (dist=0.0m speed=0.0m/s) → VISION_SEARCH (비전 착륙 활성)
[telemetry_node-1] [INFO] [1785264150.393313128] [telemetry_node]: pos_ned=[3.00024109e+02 1.20364726e-02 4.99981689e+01]  yaw=0.078  armed=True  vtol=3  batt=15.30V/50%
[offboard_node-2] [INFO] [1785264150.480855893] [offboard_node]: 탐색 1회차 — 고도 25m AGL 반경 6.1→30m 링간격 12.2m 속도상한 5.0m/s (풋프린트 단폭 18.8m)
[offboard_node-2] [INFO] [1785264150.481474787] [offboard_node]: WP1 도달·안정 (dist=0.0m speed=0.0m/s) → VISION_SEARCH (비전 착륙 활성)
[offboard_node-2] [INFO] [1785264150.581357791] [offboard_node]: 탐색 1회차 — 고도 25m AGL 반경 6.1→30m 링간격 12.2m 속도상한 5.0m/s (풋프린트 단폭 18.8m)
[offboard_node-2] [INFO] [1785264150.582082200] [offboard_node]: WP1 도달·안정 (dist=0.0m speed=0.0m/s) → VISION_SEARCH (비전 착륙 활성)
[offboard_node-2] [INFO] [1785264150.681199759] [offboard_node]: 탐색 1회차 — 고도 25m AGL 반경 6.1→30m 링간격 12.2m 속도상한 5.0m/s (풋프린트 단폭 18.8m)
[offboard_node-2] [INFO] [1785264150.682052723] [offboard_node]: WP1 도달·안정 (dist=0.0m speed=0.0m/s) → VISION_SEARCH (비전 착륙 활성)
[offboard_node-2] [INFO] [1785264150.784116166] [offboard_node]: 탐색 1회차 — 고도 25m AGL 반경 6.1→30m 링간격 12.2m 속도상한 5.0m/s (풋프린트 단폭 18.8m)
[offboard_node-2] [INFO] [1785264150.785027531] [offboard_node]: WP1 도달·안정 (dist=0.0m speed=0.0m/s) → VISION_SEARCH (비전 착륙 활성)
[offboard_node-2] [INFO] [1785264150.881943502] [offboard_node]: 탐색 1회차 — 고도 25m AGL 반경 6.1→30m 링간격 12.2m 속도상한 5.0m/s (풋프린트 단폭 18.8m)
[offboard_node-2] [INFO] [1785264150.882683537] [offboard_node]: WP1 도달·안정 (dist=0.0m speed=0.0m/s) → VISION_SEARCH (비전 착륙 활성)
[offboard_node-2] [INFO] [1785264150.982418250] [offboard_node]: 탐색 1회차 — 고도 25m AGL 반경 6.1→30m 링간격 12.2m 속도상한 5.0m/s (풋프린트 단폭 18.8m)
[offboard_node-2] [INFO] [1785264150.983296113] [offboard_node]: WP1 도달·안정 (dist=0.0m speed=0.0m/s) → VISION_SEARCH (비전 착륙 활성)
[offboard_node-2] [INFO] [1785264151.081823837] [offboard_node]: 탐색 1회차 — 고도 25m AGL 반경 6.1→30m 링간격 12.2m 속도상한 5.0m/s (풋프린트 단폭 18.8m)
[offboard_node-2] [INFO] [1785264151.083160516] [offboard_node]: WP1 도달·안정 (dist=0.0m speed=0.0m/s) → VISION_SEARCH (비전 착륙 활성)
[offboard_node-2] [INFO] [1785264151.180598180] [offboard_node]: 탐색 1회차 — 고도 25m AGL 반경 6.1→30m 링간격 12.2m 속도상한 5.0m/s (풋프린트 단폭 18.8m)
[offboard_node-2] [INFO] [1785264151.181188603] [offboard_node]: WP1 도달·안정 (dist=0.0m speed=0.0m/s) → VISION_SEARCH (비전 착륙 활성)
[offboard_node-2] [INFO] [1785264151.280929752] [offboard_node]: WP1 홀드 dist=0.0m speed=0.0m/s stable=2685/10
[offboard_node-2] [INFO] [1785264151.281893008] [offboard_node]: 탐색 1회차 — 고도 25m AGL 반경 6.1→30m 링간격 12.2m 속도상한 5.0m/s (풋프린트 단폭 18.8m)
[offboard_node-2] [INFO] [1785264151.282714983] [offboard_node]: WP1 도달·안정 (dist=0.0m speed=0.0m/s) → VISION_SEARCH (비전 착륙 활성)
[offboard_node-2] [INFO] [1785264151.381643103] [offboard_node]: 탐색 1회차 — 고도 25m AGL 반경 6.1→30m 링간격 12.2m 속도상한 5.0m/s (풋프린트 단폭 18.8m)
[offboard_node-2] [INFO] [1785264151.382469133] [offboard_node]: WP1 도달·안정 (dist=0.0m speed=0.0m/s) → VISION_SEARCH (비전 착륙 활성)
[offboard_node-2] [INFO] [1785264151.481983639] [offboard_node]: 탐색 1회차 — 고도 25m AGL 반경 6.1→30m 링간격 12.2m 속도상한 5.0m/s (풋프린트 단폭 18.8m)
[offboard_node-2] [INFO] [1785264151.483492328] [offboard_node]: WP1 도달·안정 (dist=0.0m speed=0.0m/s) → VISION_SEARCH (비전 착륙 활성)
[offboard_node-2] [INFO] [1785264151.580571331] [offboard_node]: 탐색 1회차 — 고도 25m AGL 반경 6.1→30m 링간격 12.2m 속도상한 5.0m/s (풋프린트 단폭 18.8m)
[offboard_node-2] [INFO] [1785264151.581164197] [offboard_node]: WP1 도달·안정 (dist=0.0m speed=0.0m/s) → VISION_SEARCH (비전 착륙 활성)
[offboard_node-2] [INFO] [1785264151.681273571] [offboard_node]: 탐색 1회차 — 고도 25m AGL 반경 6.1→30m 링간격 12.2m 속도상한 5.0m/s (풋프린트 단폭 18.8m)
[offboard_node-2] [INFO] [1785264151.682077809] [offboard_node]: WP1 도달·안정 (dist=0.0m speed=0.0m/s) → VISION_SEARCH (비전 착륙 활성)
[offboard_node-2] [INFO] [1785264151.782403523] [offboard_node]: 탐색 1회차 — 고도 25m AGL 반경 6.1→30m 링간격 12.2m 속도상한 5.0m/s (풋프린트 단폭 18.8m)
[offboard_node-2] [INFO] [1785264151.786726232] [offboard_node]: WP1 도달·안정 (dist=0.1m speed=0.0m/s) → VISION_SEARCH (비전 착륙 활성)
[offboard_node-2] [INFO] [1785264151.881277554] [offboard_node]: 탐색 1회차 — 고도 25m AGL 반경 6.1→30m 링간격 12.2m 속도상한 5.0m/s (풋프린트 단폭 18.8m)
[offboard_node-2] [INFO] [1785264151.882717196] [offboard_node]: WP1 도달·안정 (dist=0.1m speed=0.0m/s) → VISION_SEARCH (비전 착륙 활성)
[offboard_node-2] [INFO] [1785264151.981365707] [offboard_node]: 탐색 1회차 — 고도 25m AGL 반경 6.1→30m 링간격 12.2m 속도상한 5.0m/s (풋프린트 단폭 18.8m)
[offboard_node-2] [INFO] [1785264151.983009407] [offboard_node]: WP1 도달·안정 (dist=0.1m speed=0.0m/s) → VISION_SEARCH (비전 착륙 활성)
[offboard_node-2] [INFO] [1785264152.081393164] [offboard_node]: 탐색 1회차 — 고도 25m AGL 반경 6.1→30m 링간격 12.2m 속도상한 5.0m/s (풋프린트 단폭 18.8m)
[offboard_node-2] [INFO] [1785264152.082467390] [offboard_node]: WP1 도달·안정 (dist=0.1m speed=0.0m/s) → VISION_SEARCH (비전 착륙 활성)
[offboard_node-2] [INFO] [1785264152.182111907] [offboard_node]: 탐색 1회차 — 고도 25m AGL 반경 6.1→30m 링간격 12.2m 속도상한 5.0m/s (풋프린트 단폭 18.8m)
[offboard_node-2] [INFO] [1785264152.183531051] [offboard_node]: WP1 도달·안정 (dist=0.1m speed=0.0m/s) → VISION_SEARCH (비전 착륙 활성)
[offboard_node-2] [INFO] [1785264152.281580221] [offboard_node]: 탐색 1회차 — 고도 25m AGL 반경 6.1→30m 링간격 12.2m 속도상한 5.0m/s (풋프린트 단폭 18.8m)
[offboard_node-2] [INFO] [1785264152.282698292] [offboard_node]: WP1 도달·안정 (dist=0.1m speed=0.1m/s) → VISION_SEARCH (비전 착륙 활성)
[offboard_node-2] [INFO] [1785264152.381296256] [offboard_node]: 탐색 1회차 — 고도 25m AGL 반경 6.1→30m 링간격 12.2m 속도상한 5.0m/s (풋프린트 단폭 18.8m)
[offboard_node-2] [INFO] [1785264152.382830355] [offboard_node]: WP1 도달·안정 (dist=0.1m speed=0.1m/s) → VISION_SEARCH (비전 착륙 활성)
[telemetry_node-1] [INFO] [1785264152.394527427] [telemetry_node]: pos_ned=[3.00030121e+02 4.56445962e-02 5.00260887e+01]  yaw=0.078  armed=True  vtol=3  batt=15.30V/50%
[offboard_node-2] [INFO] [1785264152.481643845] [offboard_node]: 탐색 1회차 — 고도 25m AGL 반경 6.1→30m 링간격 12.2m 속도상한 5.0m/s (풋프린트 단폭 18.8m)
[offboard_node-2] [INFO] [1785264152.482536904] [offboard_node]: WP1 도달·안정 (dist=0.1m speed=0.1m/s) → VISION_SEARCH (비전 착륙 활성)
[offboard_node-2] [INFO] [1785264152.581065054] [offboard_node]: 탐색 1회차 — 고도 25m AGL 반경 6.1→30m 링간격 12.2m 속도상한 5.0m/s (풋프린트 단폭 18.8m)
[offboard_node-2] [INFO] [1785264152.582133898] [offboard_node]: WP1 도달·안정 (dist=0.0m speed=0.1m/s) → VISION_SEARCH (비전 착륙 활성)
[offboard_node-2] [INFO] [1785264152.681155323] [offboard_node]: 탐색 1회차 — 고도 25m AGL 반경 6.1→30m 링간격 12.2m 속도상한 5.0m/s (풋프린트 단폭 18.8m)
[offboard_node-2] [INFO] [1785264152.682155251] [offboard_node]: WP1 도달·안정 (dist=0.0m speed=0.1m/s) → VISION_SEARCH (비전 착륙 활성)
[offboard_node-2] [INFO] [1785264152.785293515] [offboard_node]: 탐색 1회차 — 고도 25m AGL 반경 6.1→30m 링간격 12.2m 속도상한 5.0m/s (풋프린트 단폭 18.8m)
[offboard_node-2] [INFO] [1785264152.786192406] [offboard_node]: WP1 도달·안정 (dist=0.0m speed=0.1m/s) → VISION_SEARCH (비전 착륙 활성)
[offboard_node-2] [INFO] [1785264152.881128150] [offboard_node]: 탐색 1회차 — 고도 25m AGL 반경 6.1→30m 링간격 12.2m 속도상한 5.0m/s (풋프린트 단폭 18.8m)
[offboard_node-2] [INFO] [1785264152.882175450] [offboard_node]: WP1 도달·안정 (dist=0.0m speed=0.1m/s) → VISION_SEARCH (비전 착륙 활성)
[offboard_node-2] [INFO] [1785264152.981076122] [offboard_node]: 탐색 1회차 — 고도 25m AGL 반경 6.1→30m 링간격 12.2m 속도상한 5.0m/s (풋프린트 단폭 18.8m)
[offboard_node-2] [INFO] [1785264152.982081981] [offboard_node]: WP1 도달·안정 (dist=0.0m speed=0.1m/s) → VISION_SEARCH (비전 착륙 활성)
[offboard_node-2] [INFO] [1785264153.081992210] [offboard_node]: 탐색 1회차 — 고도 25m AGL 반경 6.1→30m 링간격 12.2m 속도상한 5.0m/s (풋프린트 단폭 18.8m)
[offboard_node-2] [INFO] [1785264153.083177434] [offboard_node]: WP1 도달·안정 (dist=0.0m speed=0.0m/s) → VISION_SEARCH (비전 착륙 활성)
[offboard_node-2] [INFO] [1785264153.182168153] [offboard_node]: 탐색 1회차 — 고도 25m AGL 반경 6.1→30m 링간격 12.2m 속도상한 5.0m/s (풋프린트 단폭 18.8m)
[offboard_node-2] [INFO] [1785264153.183089129] [offboard_node]: WP1 도달·안정 (dist=0.0m speed=0.0m/s) → VISION_SEARCH (비전 착륙 활성)
[offboard_node-2] [INFO] [1785264153.282950402] [offboard_node]: WP1 홀드 dist=0.0m speed=0.0m/s stable=2705/10
[offboard_node-2] [INFO] [1785264153.284534582] [offboard_node]: 탐색 1회차 — 고도 25m AGL 반경 6.1→30m 링간격 12.2m 속도상한 5.0m/s (풋프린트 단폭 18.8m)
[offboard_node-2] [INFO] [1785264153.286733614] [offboard_node]: WP1 도달·안정 (dist=0.0m speed=0.0m/s) → VISION_SEARCH (비전 착륙 활성)
[offboard_node-2] [INFO] [1785264153.389160617] [offboard_node]: 탐색 1회차 — 고도 25m AGL 반경 6.1→30m 링간격 12.2m 속도상한 5.0m/s (풋프린트 단폭 18.8m)
[offboard_node-2] [INFO] [1785264153.390544527] [offboard_node]: WP1 도달·안정 (dist=0.0m speed=0.0m/s) → VISION_SEARCH (비전 착륙 활성)
[offboard_node-2] [INFO] [1785264153.491471663] [offboard_node]: 탐색 1회차 — 고도 25m AGL 반경 6.1→30m 링간격 12.2m 속도상한 5.0m/s (풋프린트 단폭 18.8m)
[offboard_node-2] [INFO] [1785264153.492766792] [offboard_node]: WP1 도달·안정 (dist=0.0m speed=0.0m/s) → VISION_SEARCH (비전 착륙 활성)
[offboard_node-2] [INFO] [1785264153.587313735] [offboard_node]: 탐색 1회차 — 고도 25m AGL 반경 6.1→30m 링간격 12.2m 속도상한 5.0m/s (풋프린트 단폭 18.8m)
[offboard_node-2] [INFO] [1785264153.596202151] [offboard_node]: WP1 도달·안정 (dist=0.0m speed=0.0m/s) → VISION_SEARCH (비전 착륙 활성)
[offboard_node-2] [INFO] [1785264153.694343247] [offboard_node]: 탐색 1회차 — 고도 25m AGL 반경 6.1→30m 링간격 12.2m 속도상한 5.0m/s (풋프린트 단폭 18.8m)
[offboard_node-2] [INFO] [1785264153.698628063] [offboard_node]: WP1 도달·안정 (dist=0.0m speed=0.0m/s) → VISION_SEARCH (비전 착륙 활성)
[offboard_node-2] [INFO] [1785264153.791539613] [offboard_node]: 탐색 1회차 — 고도 25m AGL 반경 6.1→30m 링간격 12.2m 속도상한 5.0m/s (풋프린트 단폭 18.8m)
[offboard_node-2] [INFO] [1785264153.794936341] [offboard_node]: WP1 도달·안정 (dist=0.0m speed=0.0m/s) → VISION_SEARCH (비전 착륙 활성)
[offboard_node-2] [INFO] [1785264153.882574605] [offboard_node]: 탐색 1회차 — 고도 25m AGL 반경 6.1→30m 링간격 12.2m 속도상한 5.0m/s (풋프린트 단폭 18.8m)
[offboard_node-2] [INFO] [1785264153.884358882] [offboard_node]: WP1 도달·안정 (dist=0.0m speed=0.0m/s) → VISION_SEARCH (비전 착륙 활성)
[offboard_node-2] [INFO] [1785264153.981680679] [offboard_node]: 탐색 1회차 — 고도 25m AGL 반경 6.1→30m 링간격 12.2m 속도상한 5.0m/s (풋프린트 단폭 18.8m)
[offboard_node-2] [INFO] [1785264153.982989278] [offboard_node]: WP1 도달·안정 (dist=0.0m speed=0.0m/s) → VISION_SEARCH (비전 착륙 활성)
[offboard_node-2] [INFO] [1785264154.081642648] [offboard_node]: 탐색 1회차 — 고도 25m AGL 반경 6.1→30m 링간격 12.2m 속도상한 5.0m/s (풋프린트 단폭 18.8m)
[offboard_node-2] [INFO] [1785264154.084328883] [offboard_node]: WP1 도달·안정 (dist=0.0m speed=0.0m/s) → VISION_SEARCH (비전 착륙 활성)
[offboard_node-2] [INFO] [1785264154.181581112] [offboard_node]: 탐색 1회차 — 고도 25m AGL 반경 6.1→30m 링간격 12.2m 속도상한 5.0m/s (풋프린트 단폭 18.8m)
[offboard_node-2] [INFO] [1785264154.182687451] [offboard_node]: WP1 도달·안정 (dist=0.0m speed=0.0m/s) → VISION_SEARCH (비전 착륙 활성)
[offboard_node-2] [INFO] [1785264154.282620509] [offboard_node]: 탐색 1회차 — 고도 25m AGL 반경 6.1→30m 링간격 12.2m 속도상한 5.0m/s (풋프린트 단폭 18.8m)
[offboard_node-2] [INFO] [1785264154.283899596] [offboard_node]: WP1 도달·안정 (dist=0.0m speed=0.0m/s) → VISION_SEARCH (비전 착륙 활성)
[offboard_node-2] [INFO] [1785264154.385298295] [offboard_node]: 탐색 1회차 — 고도 25m AGL 반경 6.1→30m 링간격 12.2m 속도상한 5.0m/s (풋프린트 단폭 18.8m)
[telemetry_node-1] [INFO] [1785264154.399358328] [telemetry_node]: pos_ned=[3.00024628e+02 2.75341626e-02 5.00330429e+01]  yaw=0.077  armed=True  vtol=3  batt=15.30V/50%
[offboard_node-2] [INFO] [1785264154.417433917] [offboard_node]: WP1 도달·안정 (dist=0.0m speed=0.0m/s) → VISION_SEARCH (비전 착륙 활성)
[offboard_node-2] [INFO] [1785264154.507168915] [offboard_node]: 탐색 1회차 — 고도 25m AGL 반경 6.1→30m 링간격 12.2m 속도상한 5.0m/s (풋프린트 단폭 18.8m)
[offboard_node-2] [INFO] [1785264154.523016111] [offboard_node]: WP1 도달·안정 (dist=0.0m speed=0.0m/s) → VISION_SEARCH (비전 착륙 활성)
[offboard_node-2] [INFO] [1785264154.583664131] [offboard_node]: 탐색 1회차 — 고도 25m AGL 반경 6.1→30m 링간격 12.2m 속도상한 5.0m/s (풋프린트 단폭 18.8m)
[offboard_node-2] [INFO] [1785264154.586893600] [offboard_node]: WP1 도달·안정 (dist=0.0m speed=0.0m/s) → VISION_SEARCH (비전 착륙 활성)
[offboard_node-2] [INFO] [1785264154.681668755] [offboard_node]: 탐색 1회차 — 고도 25m AGL 반경 6.1→30m 링간격 12.2m 속도상한 5.0m/s (풋프린트 단폭 18.8m)
[offboard_node-2] [INFO] [1785264154.683054628] [offboard_node]: WP1 도달·안정 (dist=0.0m speed=0.0m/s) → VISION_SEARCH (비전 착륙 활성)
[offboard_node-2] [INFO] [1785264154.782256778] [offboard_node]: 탐색 1회차 — 고도 25m AGL 반경 6.1→30m 링간격 12.2m 속도상한 5.0m/s (풋프린트 단폭 18.8m)
[offboard_node-2] [INFO] [1785264154.786059782] [offboard_node]: WP1 도달·안정 (dist=0.0m speed=0.0m/s) → VISION_SEARCH (비전 착륙 활성)
[offboard_node-2] [INFO] [1785264154.883225500] [offboard_node]: 탐색 1회차 — 고도 25m AGL 반경 6.1→30m 링간격 12.2m 속도상한 5.0m/s (풋프린트 단폭 18.8m)
[offboard_node-2] [INFO] [1785264154.890424957] [offboard_node]: WP1 도달·안정 (dist=0.0m speed=0.0m/s) → VISION_SEARCH (비전 착륙 활성)
[offboard_node-2] [INFO] [1785264154.982189550] [offboard_node]: 탐색 1회차 — 고도 25m AGL 반경 6.1→30m 링간격 12.2m 속도상한 5.0m/s (풋프린트 단폭 18.8m)
[offboard_node-2] [INFO] [1785264154.984752855] [offboard_node]: WP1 도달·안정 (dist=0.0m speed=0.0m/s) → VISION_SEARCH (비전 착륙 활성)
[offboard_node-2] [INFO] [1785264155.082176138] [offboard_node]: 탐색 1회차 — 고도 25m AGL 반경 6.1→30m 링간격 12.2m 속도상한 5.0m/s (풋프린트 단폭 18.8m)
[offboard_node-2] [INFO] [1785264155.083537413] [offboard_node]: WP1 도달·안정 (dist=0.0m speed=0.1m/s) → VISION_SEARCH (비전 착륙 활성)
[offboard_node-2] [INFO] [1785264155.182715497] [offboard_node]: 탐색 1회차 — 고도 25m AGL 반경 6.1→30m 링간격 12.2m 속도상한 5.0m/s (풋프린트 단폭 18.8m)
[offboard_node-2] [INFO] [1785264155.184037433] [offboard_node]: WP1 도달·안정 (dist=0.0m speed=0.1m/s) → VISION_SEARCH (비전 착륙 활성)
[offboard_node-2] [INFO] [1785264155.289749493] [offboard_node]: WP1 홀드 dist=0.0m speed=0.1m/s stable=2725/10
[offboard_node-2] [INFO] [1785264155.291986899] [offboard_node]: 탐색 1회차 — 고도 25m AGL 반경 6.1→30m 링간격 12.2m 속도상한 5.0m/s (풋프린트 단폭 18.8m)
[offboard_node-2] [INFO] [1785264155.297708948] [offboard_node]: WP1 도달·안정 (dist=0.0m speed=0.1m/s) → VISION_SEARCH (비전 착륙 활성)
[offboard_node-2] [INFO] [1785264155.381469284] [offboard_node]: 탐색 1회차 — 고도 25m AGL 반경 6.1→30m 링간격 12.2m 속도상한 5.0m/s (풋프린트 단폭 18.8m)
[offboard_node-2] [INFO] [1785264155.382560821] [offboard_node]: WP1 도달·안정 (dist=0.0m speed=0.0m/s) → VISION_SEARCH (비전 착륙 활성)
[offboard_node-2] [INFO] [1785264155.481608476] [offboard_node]: 탐색 1회차 — 고도 25m AGL 반경 6.1→30m 링간격 12.2m 속도상한 5.0m/s (풋프린트 단폭 18.8m)
[offboard_node-2] [INFO] [1785264155.483475947] [offboard_node]: WP1 도달·안정 (dist=0.0m speed=0.0m/s) → VISION_SEARCH (비전 착륙 활성)
[offboard_node-2] [INFO] [1785264155.581679083] [offboard_node]: 탐색 1회차 — 고도 25m AGL 반경 6.1→30m 링간격 12.2m 속도상한 5.0m/s (풋프린트 단폭 18.8m)
[offboard_node-2] [INFO] [1785264155.582765442] [offboard_node]: WP1 도달·안정 (dist=0.0m speed=0.0m/s) → VISION_SEARCH (비전 착륙 활성)
[offboard_node-2] [INFO] [1785264155.681618535] [offboard_node]: 탐색 1회차 — 고도 25m AGL 반경 6.1→30m 링간격 12.2m 속도상한 5.0m/s (풋프린트 단폭 18.8m)
[offboard_node-2] [INFO] [1785264155.682248276] [offboard_node]: WP1 도달·안정 (dist=0.0m speed=0.0m/s) → VISION_SEARCH (비전 착륙 활성)
[offboard_node-2] [INFO] [1785264155.785747320] [offboard_node]: 탐색 1회차 — 고도 25m AGL 반경 6.1→30m 링간격 12.2m 속도상한 5.0m/s (풋프린트 단폭 18.8m)
[offboard_node-2] [INFO] [1785264155.786901530] [offboard_node]: WP1 도달·안정 (dist=0.0m speed=0.0m/s) → VISION_SEARCH (비전 착륙 활성)
[offboard_node-2] [INFO] [1785264155.882067927] [offboard_node]: 탐색 1회차 — 고도 25m AGL 반경 6.1→30m 링간격 12.2m 속도상한 5.0m/s (풋프린트 단폭 18.8m)
[offboard_node-2] [INFO] [1785264155.883150988] [offboard_node]: WP1 도달·안정 (dist=0.0m speed=0.0m/s) → VISION_SEARCH (비전 착륙 활성)
[offboard_node-2] [INFO] [1785264155.982284682] [offboard_node]: 탐색 1회차 — 고도 25m AGL 반경 6.1→30m 링간격 12.2m 속도상한 5.0m/s (풋프린트 단폭 18.8m)
[offboard_node-2] [INFO] [1785264155.983743447] [offboard_node]: WP1 도달·안정 (dist=0.0m speed=0.0m/s) → VISION_SEARCH (비전 착륙 활성)
[offboard_node-2] [INFO] [1785264156.086553639] [offboard_node]: 탐색 1회차 — 고도 25m AGL 반경 6.1→30m 링간격 12.2m 속도상한 5.0m/s (풋프린트 단폭 18.8m)
[offboard_node-2] [INFO] [1785264156.088208890] [offboard_node]: WP1 도달·안정 (dist=0.0m speed=0.1m/s) → VISION_SEARCH (비전 착륙 활성)
[offboard_node-2] [INFO] [1785264156.184483513] [offboard_node]: 탐색 1회차 — 고도 25m AGL 반경 6.1→30m 링간격 12.2m 속도상한 5.0m/s (풋프린트 단폭 18.8m)
[offboard_node-2] [INFO] [1785264156.185837041] [offboard_node]: WP1 도달·안정 (dist=0.0m speed=0.1m/s) → VISION_SEARCH (비전 착륙 활성)
[offboard_node-2] [INFO] [1785264156.282261533] [offboard_node]: 탐색 1회차 — 고도 25m AGL 반경 6.1→30m 링간격 12.2m 속도상한 5.0m/s (풋프린트 단폭 18.8m)
[offboard_node-2] [INFO] [1785264156.283604176] [offboard_node]: WP1 도달·안정 (dist=0.0m speed=0.1m/s) → VISION_SEARCH (비전 착륙 활성)
[offboard_node-2] [INFO] [1785264156.385170674] [offboard_node]: 탐색 1회차 — 고도 25m AGL 반경 6.1→30m 링간격 12.2m 속도상한 5.0m/s (풋프린트 단폭 18.8m)
[offboard_node-2] [INFO] [1785264156.387525278] [offboard_node]: WP1 도달·안정 (dist=0.0m speed=0.1m/s) → VISION_SEARCH (비전 착륙 활성)
[telemetry_node-1] [INFO] [1785264156.394190893] [telemetry_node]: pos_ned=[ 2.99971008e+02 -1.23188132e-02  4.99325638e+01]  yaw=0.077  armed=True  vtol=3  batt=15.30V/50%
[offboard_node-2] [INFO] [1785264156.483716175] [offboard_node]: 탐색 1회차 — 고도 25m AGL 반경 6.1→30m 링간격 12.2m 속도상한 5.0m/s (풋프린트 단폭 18.8m)
[offboard_node-2] [INFO] [1785264156.484953267] [offboard_node]: WP1 도달·안정 (dist=0.0m speed=0.1m/s) → VISION_SEARCH (비전 착륙 활성)
[offboard_node-2] [INFO] [1785264156.581349676] [offboard_node]: 탐색 1회차 — 고도 25m AGL 반경 6.1→30m 링간격 12.2m 속도상한 5.0m/s (풋프린트 단폭 18.8m)
[offboard_node-2] [INFO] [1785264156.582213101] [offboard_node]: WP1 도달·안정 (dist=0.0m speed=0.1m/s) → VISION_SEARCH (비전 착륙 활성)
[offboard_node-2] [INFO] [1785264156.682185744] [offboard_node]: 탐색 1회차 — 고도 25m AGL 반경 6.1→30m 링간격 12.2m 속도상한 5.0m/s (풋프린트 단폭 18.8m)
[offboard_node-2] [INFO] [1785264156.682905458] [offboard_node]: WP1 도달·안정 (dist=0.0m speed=0.1m/s) → VISION_SEARCH (비전 착륙 활성)
[offboard_node-2] [INFO] [1785264156.784053257] [offboard_node]: 탐색 1회차 — 고도 25m AGL 반경 6.1→30m 링간격 12.2m 속도상한 5.0m/s (풋프린트 단폭 18.8m)
[offboard_node-2] [INFO] [1785264156.786118586] [offboard_node]: WP1 도달·안정 (dist=0.0m speed=0.1m/s) → VISION_SEARCH (비전 착륙 활성)
[offboard_node-2] [INFO] [1785264156.882336614] [offboard_node]: 탐색 1회차 — 고도 25m AGL 반경 6.1→30m 링간격 12.2m 속도상한 5.0m/s (풋프린트 단폭 18.8m)
[offboard_node-2] [INFO] [1785264156.886061777] [offboard_node]: WP1 도달·안정 (dist=0.0m speed=0.0m/s) → VISION_SEARCH (비전 착륙 활성)
[offboard_node-2] [INFO] [1785264156.983129272] [offboard_node]: 탐색 1회차 — 고도 25m AGL 반경 6.1→30m 링간격 12.2m 속도상한 5.0m/s (풋프린트 단폭 18.8m)
[offboard_node-2] [INFO] [1785264156.985234285] [offboard_node]: WP1 도달·안정 (dist=0.0m speed=0.0m/s) → VISION_SEARCH (비전 착륙 활성)
[offboard_node-2] [INFO] [1785264157.082310486] [offboard_node]: 탐색 1회차 — 고도 25m AGL 반경 6.1→30m 링간격 12.2m 속도상한 5.0m/s (풋프린트 단폭 18.8m)
[offboard_node-2] [INFO] [1785264157.083600075] [offboard_node]: WP1 도달·안정 (dist=0.0m speed=0.0m/s) → VISION_SEARCH (비전 착륙 활성)
[offboard_node-2] [INFO] [1785264157.182730275] [offboard_node]: 탐색 1회차 — 고도 25m AGL 반경 6.1→30m 링간격 12.2m 속도상한 5.0m/s (풋프린트 단폭 18.8m)
[offboard_node-2] [INFO] [1785264157.184202017] [offboard_node]: WP1 도달·안정 (dist=0.0m speed=0.0m/s) → VISION_SEARCH (비전 착륙 활성)
[offboard_node-2] [INFO] [1785264157.282951441] [offboard_node]: WP1 홀드 dist=0.0m speed=0.0m/s stable=2745/10
[offboard_node-2] [INFO] [1785264157.284772907] [offboard_node]: 탐색 1회차 — 고도 25m AGL 반경 6.1→30m 링간격 12.2m 속도상한 5.0m/s (풋프린트 단폭 18.8m)
[offboard_node-2] [INFO] [1785264157.285780314] [offboard_node]: WP1 도달·안정 (dist=0.0m speed=0.0m/s) → VISION_SEARCH (비전 착륙 활성)
[telemetry_node-1] [INFO] [1785264159.078610266] [telemetry_node]: pos_ned=[ 2.99981476e+02 -3.11906300e-02  4.98904877e+01]  yaw=0.077  armed=True  vtol=3  batt=15.30V/50%
[offboard_node-2] [INFO] [1785264159.080538894] [offboard_node]: 탐색 1회차 — 고도 25m AGL 반경 6.1→30m 링간격 12.2m 속도상한 5.0m/s (풋프린트 단폭 18.8m)
[offboard_node-2] [INFO] [1785264159.081575707] [offboard_node]: WP1 도달·안정 (dist=0.0m speed=0.0m/s) → VISION_SEARCH (비전 착륙 활성)
[offboard_node-2] [INFO] [1785264159.085103854] [offboard_node]: 탐색 1회차 — 고도 25m AGL 반경 6.1→30m 링간격 12.2m 속도상한 5.0m/s (풋프린트 단폭 18.8m)
[offboard_node-2] [INFO] [1785264159.086091908] [offboard_node]: WP1 도달·안정 (dist=0.0m speed=0.0m/s) → VISION_SEARCH (비전 착륙 활성)
[offboard_node-2] [INFO] [1785264159.182805691] [offboard_node]: 탐색 1회차 — 고도 25m AGL 반경 6.1→30m 링간격 12.2m 속도상한 5.0m/s (풋프린트 단폭 18.8m)
[offboard_node-2] [INFO] [1785264159.185391100] [offboard_node]: WP1 도달·안정 (dist=0.0m speed=0.0m/s) → VISION_SEARCH (비전 착륙 활성)
[offboard_node-2] [INFO] [1785264159.281411861] [offboard_node]: 탐색 1회차 — 고도 25m AGL 반경 6.1→30m 링간격 12.2m 속도상한 5.0m/s (풋프린트 단폭 18.8m)
[offboard_node-2] [INFO] [1785264159.283662620] [offboard_node]: WP1 도달·안정 (dist=0.0m speed=0.0m/s) → VISION_SEARCH (비전 착륙 활성)
[offboard_node-2] [INFO] [1785264159.381689647] [offboard_node]: 탐색 1회차 — 고도 25m AGL 반경 6.1→30m 링간격 12.2m 속도상한 5.0m/s (풋프린트 단폭 18.8m)
[offboard_node-2] [INFO] [1785264159.382856636] [offboard_node]: WP1 도달·안정 (dist=0.0m speed=0.0m/s) → VISION_SEARCH (비전 착륙 활성)
[offboard_node-2] [INFO] [1785264159.485803220] [offboard_node]: 탐색 1회차 — 고도 25m AGL 반경 6.1→30m 링간격 12.2m 속도상한 5.0m/s (풋프린트 단폭 18.8m)
[offboard_node-2] [INFO] [1785264159.488732302] [offboard_node]: WP1 도달·안정 (dist=0.0m speed=0.0m/s) → VISION_SEARCH (비전 착륙 활성)
[offboard_node-2] [INFO] [1785264159.582692770] [offboard_node]: 탐색 1회차 — 고도 25m AGL 반경 6.1→30m 링간격 12.2m 속도상한 5.0m/s (풋프린트 단폭 18.8m)
[offboard_node-2] [INFO] [1785264159.584491721] [offboard_node]: WP1 도달·안정 (dist=0.0m speed=0.0m/s) → VISION_SEARCH (비전 착륙 활성)
[offboard_node-2] [INFO] [1785264159.685340714] [offboard_node]: 탐색 1회차 — 고도 25m AGL 반경 6.1→30m 링간격 12.2m 속도상한 5.0m/s (풋프린트 단폭 18.8m)
[offboard_node-2] [INFO] [1785264159.687648968] [offboard_node]: WP1 도달·안정 (dist=0.0m speed=0.0m/s) → VISION_SEARCH (비전 착륙 활성)
[offboard_node-2] [INFO] [1785264159.782015061] [offboard_node]: 탐색 1회차 — 고도 25m AGL 반경 6.1→30m 링간격 12.2m 속도상한 5.0m/s (풋프린트 단폭 18.8m)
[offboard_node-2] [INFO] [1785264159.783692836] [offboard_node]: WP1 도달·안정 (dist=0.0m speed=0.0m/s) → VISION_SEARCH (비전 착륙 활성)
[offboard_node-2] [INFO] [1785264159.881128604] [offboard_node]: 탐색 1회차 — 고도 25m AGL 반경 6.1→30m 링간격 12.2m 속도상한 5.0m/s (풋프린트 단폭 18.8m)
[offboard_node-2] [INFO] [1785264159.882271796] [offboard_node]: WP1 도달·안정 (dist=0.0m speed=0.0m/s) → VISION_SEARCH (비전 착륙 활성)
[offboard_node-2] [INFO] [1785264159.981562845] [offboard_node]: 탐색 1회차 — 고도 25m AGL 반경 6.1→30m 링간격 12.2m 속도상한 5.0m/s (풋프린트 단폭 18.8m)
[offboard_node-2] [INFO] [1785264159.982576787] [offboard_node]: WP1 도달·안정 (dist=0.0m speed=0.0m/s) → VISION_SEARCH (비전 착륙 활성)
[offboard_node-2] [INFO] [1785264160.081309561] [offboard_node]: 탐색 1회차 — 고도 25m AGL 반경 6.1→30m 링간격 12.2m 속도상한 5.0m/s (풋프린트 단폭 18.8m)
[offboard_node-2] [INFO] [1785264160.082818166] [offboard_node]: WP1 도달·안정 (dist=0.0m speed=0.0m/s) → VISION_SEARCH (비전 착륙 활성)
[offboard_node-2] [INFO] [1785264160.181683027] [offboard_node]: 탐색 1회차 — 고도 25m AGL 반경 6.1→30m 링간격 12.2m 속도상한 5.0m/s (풋프린트 단폭 18.8m)
[offboard_node-2] [INFO] [1785264160.182790143] [offboard_node]: WP1 도달·안정 (dist=0.0m speed=0.1m/s) → VISION_SEARCH (비전 착륙 활성)
[offboard_node-2] [INFO] [1785264160.281594690] [offboard_node]: 탐색 1회차 — 고도 25m AGL 반경 6.1→30m 링간격 12.2m 속도상한 5.0m/s (풋프린트 단폭 18.8m)
[offboard_node-2] [INFO] [1785264160.282737955] [offboard_node]: WP1 도달·안정 (dist=0.0m speed=0.1m/s) → VISION_SEARCH (비전 착륙 활성)
[offboard_node-2] [INFO] [1785264160.385781872] [offboard_node]: 탐색 1회차 — 고도 25m AGL 반경 6.1→30m 링간격 12.2m 속도상한 5.0m/s (풋프린트 단폭 18.8m)
[offboard_node-2] [INFO] [1785264160.389114428] [offboard_node]: WP1 도달·안정 (dist=0.0m speed=0.1m/s) → VISION_SEARCH (비전 착륙 활성)
[telemetry_node-1] [INFO] [1785264160.397414780] [telemetry_node]: pos_ned=[ 2.99966461e+02 -2.65104473e-02  4.98912277e+01]  yaw=0.076  armed=True  vtol=3  batt=15.30V/50%
[offboard_node-2] [INFO] [1785264160.482228585] [offboard_node]: 탐색 1회차 — 고도 25m AGL 반경 6.1→30m 링간격 12.2m 속도상한 5.0m/s (풋프린트 단폭 18.8m)
[offboard_node-2] [INFO] [1785264160.483624408] [offboard_node]: WP1 도달·안정 (dist=0.0m speed=0.1m/s) → VISION_SEARCH (비전 착륙 활성)
[offboard_node-2] [INFO] [1785264160.582608550] [offboard_node]: 탐색 1회차 — 고도 25m AGL 반경 6.1→30m 링간격 12.2m 속도상한 5.0m/s (풋프린트 단폭 18.8m)
[offboard_node-2] [INFO] [1785264160.585046914] [offboard_node]: WP1 도달·안정 (dist=0.0m speed=0.1m/s) → VISION_SEARCH (비전 착륙 활성)
[offboard_node-2] [INFO] [1785264160.681448430] [offboard_node]: 탐색 1회차 — 고도 25m AGL 반경 6.1→30m 링간격 12.2m 속도상한 5.0m/s (풋프린트 단폭 18.8m)
[offboard_node-2] [INFO] [1785264160.682539408] [offboard_node]: WP1 도달·안정 (dist=0.0m speed=0.1m/s) → VISION_SEARCH (비전 착륙 활성)
[offboard_node-2] [INFO] [1785264160.781405937] [offboard_node]: 탐색 1회차 — 고도 25m AGL 반경 6.1→30m 링간격 12.2m 속도상한 5.0m/s (풋프린트 단폭 18.8m)
[offboard_node-2] [INFO] [1785264160.782526652] [offboard_node]: WP1 도달·안정 (dist=0.0m speed=0.0m/s) → VISION_SEARCH (비전 착륙 활성)
[offboard_node-2] [INFO] [1785264160.881564536] [offboard_node]: WP1 홀드 dist=0.0m speed=0.0m/s stable=2765/10
[offboard_node-2] [INFO] [1785264160.883304615] [offboard_node]: 탐색 1회차 — 고도 25m AGL 반경 6.1→30m 링간격 12.2m 속도상한 5.0m/s (풋프린트 단폭 18.8m)
[offboard_node-2] [INFO] [1785264160.884666546] [offboard_node]: WP1 도달·안정 (dist=0.0m speed=0.0m/s) → VISION_SEARCH (비전 착륙 활성)
[offboard_node-2] [INFO] [1785264160.981390059] [offboard_node]: 탐색 1회차 — 고도 25m AGL 반경 6.1→30m 링간격 12.2m 속도상한 5.0m/s (풋프린트 단폭 18.8m)
[offboard_node-2] [INFO] [1785264160.982475152] [offboard_node]: WP1 도달·안정 (dist=0.0m speed=0.0m/s) → VISION_SEARCH (비전 착륙 활성)
[offboard_node-2] [INFO] [1785264161.082246530] [offboard_node]: 탐색 1회차 — 고도 25m AGL 반경 6.1→30m 링간격 12.2m 속도상한 5.0m/s (풋프린트 단폭 18.8m)
[offboard_node-2] [INFO] [1785264161.083583871] [offboard_node]: WP1 도달·안정 (dist=0.0m speed=0.0m/s) → VISION_SEARCH (비전 착륙 활성)
[offboard_node-2] [INFO] [1785264161.181209520] [offboard_node]: 탐색 1회차 — 고도 25m AGL 반경 6.1→30m 링간격 12.2m 속도상한 5.0m/s (풋프린트 단폭 18.8m)
[offboard_node-2] [INFO] [1785264161.183062367] [offboard_node]: WP1 도달·안정 (dist=0.0m speed=0.0m/s) → VISION_SEARCH (비전 착륙 활성)
[offboard_node-2] [INFO] [1785264161.283067013] [offboard_node]: 탐색 1회차 — 고도 25m AGL 반경 6.1→30m 링간격 12.2m 속도상한 5.0m/s (풋프린트 단폭 18.8m)
[offboard_node-2] [INFO] [1785264161.284357829] [offboard_node]: WP1 도달·안정 (dist=0.0m speed=0.0m/s) → VISION_SEARCH (비전 착륙 활성)
[offboard_node-2] [INFO] [1785264161.382491498] [offboard_node]: 탐색 1회차 — 고도 25m AGL 반경 6.1→30m 링간격 12.2m 속도상한 5.0m/s (풋프린트 단폭 18.8m)
[offboard_node-2] [INFO] [1785264161.383998175] [offboard_node]: WP1 도달·안정 (dist=0.0m speed=0.0m/s) → VISION_SEARCH (비전 착륙 활성)
[offboard_node-2] [INFO] [1785264161.481199023] [offboard_node]: 탐색 1회차 — 고도 25m AGL 반경 6.1→30m 링간격 12.2m 속도상한 5.0m/s (풋프린트 단폭 18.8m)
[offboard_node-2] [INFO] [1785264161.482351823] [offboard_node]: WP1 도달·안정 (dist=0.0m speed=0.0m/s) → VISION_SEARCH (비전 착륙 활성)
[offboard_node-2] [INFO] [1785264161.580765157] [offboard_node]: 탐색 1회차 — 고도 25m AGL 반경 6.1→30m 링간격 12.2m 속도상한 5.0m/s (풋프린트 단폭 18.8m)
[offboard_node-2] [INFO] [1785264161.581712920] [offboard_node]: WP1 도달·안정 (dist=0.0m speed=0.0m/s) → VISION_SEARCH (비전 착륙 활성)
[offboard_node-2] [INFO] [1785264161.680578285] [offboard_node]: 탐색 1회차 — 고도 25m AGL 반경 6.1→30m 링간격 12.2m 속도상한 5.0m/s (풋프린트 단폭 18.8m)
[offboard_node-2] [INFO] [1785264161.681283447] [offboard_node]: WP1 도달·안정 (dist=0.0m speed=0.0m/s) → VISION_SEARCH (비전 착륙 활성)
[offboard_node-2] [INFO] [1785264161.780551104] [offboard_node]: 탐색 1회차 — 고도 25m AGL 반경 6.1→30m 링간격 12.2m 속도상한 5.0m/s (풋프린트 단폭 18.8m)
[offboard_node-2] [INFO] [1785264161.781202119] [offboard_node]: WP1 도달·안정 (dist=0.0m speed=0.0m/s) → VISION_SEARCH (비전 착륙 활성)
[offboard_node-2] [INFO] [1785264161.881988737] [offboard_node]: 탐색 1회차 — 고도 25m AGL 반경 6.1→30m 링간격 12.2m 속도상한 5.0m/s (풋프린트 단폭 18.8m)
[offboard_node-2] [INFO] [1785264161.883003320] [offboard_node]: WP1 도달·안정 (dist=0.0m speed=0.0m/s) → VISION_SEARCH (비전 착륙 활성)
[offboard_node-2] [INFO] [1785264161.982284314] [offboard_node]: 탐색 1회차 — 고도 25m AGL 반경 6.1→30m 링간격 12.2m 속도상한 5.0m/s (풋프린트 단폭 18.8m)
[offboard_node-2] [INFO] [1785264161.984008087] [offboard_node]: WP1 도달·안정 (dist=0.0m speed=0.0m/s) → VISION_SEARCH (비전 착륙 활성)
[offboard_node-2] [INFO] [1785264162.082941429] [offboard_node]: 탐색 1회차 — 고도 25m AGL 반경 6.1→30m 링간격 12.2m 속도상한 5.0m/s (풋프린트 단폭 18.8m)
[offboard_node-2] [INFO] [1785264162.084122963] [offboard_node]: WP1 도달·안정 (dist=0.0m speed=0.0m/s) → VISION_SEARCH (비전 착륙 활성)
[offboard_node-2] [INFO] [1785264162.180818630] [offboard_node]: 탐색 1회차 — 고도 25m AGL 반경 6.1→30m 링간격 12.2m 속도상한 5.0m/s (풋프린트 단폭 18.8m)
[offboard_node-2] [INFO] [1785264162.181709929] [offboard_node]: WP1 도달·안정 (dist=0.0m speed=0.0m/s) → VISION_SEARCH (비전 착륙 활성)
[offboard_node-2] [INFO] [1785264162.286435731] [offboard_node]: 탐색 1회차 — 고도 25m AGL 반경 6.1→30m 링간격 12.2m 속도상한 5.0m/s (풋프린트 단폭 18.8m)
[offboard_node-2] [INFO] [1785264162.287406219] [offboard_node]: WP1 도달·안정 (dist=0.0m speed=0.0m/s) → VISION_SEARCH (비전 착륙 활성)
[offboard_node-2] [INFO] [1785264162.381323414] [offboard_node]: 탐색 1회차 — 고도 25m AGL 반경 6.1→30m 링간격 12.2m 속도상한 5.0m/s (풋프린트 단폭 18.8m)
[offboard_node-2] [INFO] [1785264162.382518914] [offboard_node]: WP1 도달·안정 (dist=0.0m speed=0.0m/s) → VISION_SEARCH (비전 착륙 활성)
[telemetry_node-1] [INFO] [1785264162.393562348] [telemetry_node]: pos_ned=[ 3.00000397e+02 -1.37046794e-03  4.99239388e+01]  yaw=0.076  armed=True  vtol=3  batt=15.30V/50%
[offboard_node-2] [INFO] [1785264162.480627402] [offboard_node]: 탐색 1회차 — 고도 25m AGL 반경 6.1→30m 링간격 12.2m 속도상한 5.0m/s (풋프린트 단폭 18.8m)
[offboard_node-2] [INFO] [1785264162.481627446] [offboard_node]: WP1 도달·안정 (dist=0.0m speed=0.0m/s) → VISION_SEARCH (비전 착륙 활성)
[offboard_node-2] [INFO] [1785264162.580504190] [offboard_node]: 탐색 1회차 — 고도 25m AGL 반경 6.1→30m 링간격 12.2m 속도상한 5.0m/s (풋프린트 단폭 18.8m)
[offboard_node-2] [INFO] [1785264162.581401687] [offboard_node]: WP1 도달·안정 (dist=0.0m speed=0.0m/s) → VISION_SEARCH (비전 착륙 활성)
[offboard_node-2] [INFO] [1785264162.681161868] [offboard_node]: 탐색 1회차 — 고도 25m AGL 반경 6.1→30m 링간격 12.2m 속도상한 5.0m/s (풋프린트 단폭 18.8m)
[offboard_node-2] [INFO] [1785264162.682521832] [offboard_node]: WP1 도달·안정 (dist=0.0m speed=0.0m/s) → VISION_SEARCH (비전 착륙 활성)
[offboard_node-2] [INFO] [1785264162.780565155] [offboard_node]: 탐색 1회차 — 고도 25m AGL 반경 6.1→30m 링간격 12.2m 속도상한 5.0m/s (풋프린트 단폭 18.8m)
[offboard_node-2] [INFO] [1785264162.781441301] [offboard_node]: WP1 도달·안정 (dist=0.0m speed=0.0m/s) → VISION_SEARCH (비전 착륙 활성)
[offboard_node-2] [INFO] [1785264162.880920449] [offboard_node]: WP1 홀드 dist=0.0m speed=0.0m/s stable=2785/10
[offboard_node-2] [INFO] [1785264162.881879605] [offboard_node]: 탐색 1회차 — 고도 25m AGL 반경 6.1→30m 링간격 12.2m 속도상한 5.0m/s (풋프린트 단폭 18.8m)
[offboard_node-2] [INFO] [1785264162.882616348] [offboard_node]: WP1 도달·안정 (dist=0.0m speed=0.0m/s) → VISION_SEARCH (비전 착륙 활성)
[offboard_node-2] [INFO] [1785264162.980999525] [offboard_node]: 탐색 1회차 — 고도 25m AGL 반경 6.1→30m 링간격 12.2m 속도상한 5.0m/s (풋프린트 단폭 18.8m)
[offboard_node-2] [INFO] [1785264162.982319340] [offboard_node]: WP1 도달·안정 (dist=0.0m speed=0.0m/s) → VISION_SEARCH (비전 착륙 활성)
[offboard_node-2] [INFO] [1785264163.080843912] [offboard_node]: 탐색 1회차 — 고도 25m AGL 반경 6.1→30m 링간격 12.2m 속도상한 5.0m/s (풋프린트 단폭 18.8m)
[offboard_node-2] [INFO] [1785264163.082057921] [offboard_node]: WP1 도달·안정 (dist=0.0m speed=0.0m/s) → VISION_SEARCH (비전 착륙 활성)
[offboard_node-2] [INFO] [1785264163.180431023] [offboard_node]: 탐색 1회차 — 고도 25m AGL 반경 6.1→30m 링간격 12.2m 속도상한 5.0m/s (풋프린트 단폭 18.8m)
[offboard_node-2] [INFO] [1785264163.181349237] [offboard_node]: WP1 도달·안정 (dist=0.0m speed=0.0m/s) → VISION_SEARCH (비전 착륙 활성)
[offboard_node-2] [INFO] [1785264163.280227303] [offboard_node]: 탐색 1회차 — 고도 25m AGL 반경 6.1→30m 링간격 12.2m 속도상한 5.0m/s (풋프린트 단폭 18.8m)
[offboard_node-2] [INFO] [1785264163.280897296] [offboard_node]: WP1 도달·안정 (dist=0.0m speed=0.0m/s) → VISION_SEARCH (비전 착륙 활성)
[offboard_node-2] [INFO] [1785264163.380512095] [offboard_node]: 탐색 1회차 — 고도 25m AGL 반경 6.1→30m 링간격 12.2m 속도상한 5.0m/s (풋프린트 단폭 18.8m)
[offboard_node-2] [INFO] [1785264163.381198964] [offboard_node]: WP1 도달·안정 (dist=0.0m speed=0.0m/s) → VISION_SEARCH (비전 착륙 활성)
[offboard_node-2] [INFO] [1785264163.481357270] [offboard_node]: 탐색 1회차 — 고도 25m AGL 반경 6.1→30m 링간격 12.2m 속도상한 5.0m/s (풋프린트 단폭 18.8m)
[offboard_node-2] [INFO] [1785264163.482295419] [offboard_node]: WP1 도달·안정 (dist=0.0m speed=0.0m/s) → VISION_SEARCH (비전 착륙 활성)
[offboard_node-2] [INFO] [1785264163.580189074] [offboard_node]: 탐색 1회차 — 고도 25m AGL 반경 6.1→30m 링간격 12.2m 속도상한 5.0m/s (풋프린트 단폭 18.8m)
[offboard_node-2] [INFO] [1785264163.580939880] [offboard_node]: WP1 도달·안정 (dist=0.0m speed=0.0m/s) → VISION_SEARCH (비전 착륙 활성)
[offboard_node-2] [INFO] [1785264163.680739258] [offboard_node]: 탐색 1회차 — 고도 25m AGL 반경 6.1→30m 링간격 12.2m 속도상한 5.0m/s (풋프린트 단폭 18.8m)
[offboard_node-2] [INFO] [1785264163.681498419] [offboard_node]: WP1 도달·안정 (dist=0.0m speed=0.0m/s) → VISION_SEARCH (비전 착륙 활성)
[offboard_node-2] [INFO] [1785264163.780517627] [offboard_node]: 탐색 1회차 — 고도 25m AGL 반경 6.1→30m 링간격 12.2m 속도상한 5.0m/s (풋프린트 단폭 18.8m)
[offboard_node-2] [INFO] [1785264163.781194866] [offboard_node]: WP1 도달·안정 (dist=0.0m speed=0.0m/s) → VISION_SEARCH (비전 착륙 활성)
[offboard_node-2] [INFO] [1785264163.880583549] [offboard_node]: 탐색 1회차 — 고도 25m AGL 반경 6.1→30m 링간격 12.2m 속도상한 5.0m/s (풋프린트 단폭 18.8m)
[offboard_node-2] [INFO] [1785264163.881303447] [offboard_node]: WP1 도달·안정 (dist=0.0m speed=0.0m/s) → VISION_SEARCH (비전 착륙 활성)
[offboard_node-2] [INFO] [1785264163.982943873] [offboard_node]: 탐색 1회차 — 고도 25m AGL 반경 6.1→30m 링간격 12.2m 속도상한 5.0m/s (풋프린트 단폭 18.8m)
[offboard_node-2] [INFO] [1785264163.983922780] [offboard_node]: WP1 도달·안정 (dist=0.0m speed=0.0m/s) → VISION_SEARCH (비전 착륙 활성)
[offboard_node-2] [INFO] [1785264164.080817324] [offboard_node]: 탐색 1회차 — 고도 25m AGL 반경 6.1→30m 링간격 12.2m 속도상한 5.0m/s (풋프린트 단폭 18.8m)
[offboard_node-2] [INFO] [1785264164.081806197] [offboard_node]: WP1 도달·안정 (dist=0.0m speed=0.0m/s) → VISION_SEARCH (비전 착륙 활성)
[offboard_node-2] [INFO] [1785264164.181238538] [offboard_node]: 탐색 1회차 — 고도 25m AGL 반경 6.1→30m 링간격 12.2m 속도상한 5.0m/s (풋프린트 단폭 18.8m)
[offboard_node-2] [INFO] [1785264164.182374704] [offboard_node]: WP1 도달·안정 (dist=0.0m speed=0.0m/s) → VISION_SEARCH (비전 착륙 활성)
[offboard_node-2] [INFO] [1785264164.281341986] [offboard_node]: 탐색 1회차 — 고도 25m AGL 반경 6.1→30m 링간격 12.2m 속도상한 5.0m/s (풋프린트 단폭 18.8m)
[offboard_node-2] [INFO] [1785264164.282323321] [offboard_node]: WP1 도달·안정 (dist=0.0m speed=0.0m/s) → VISION_SEARCH (비전 착륙 활성)
[offboard_node-2] [INFO] [1785264164.381506001] [offboard_node]: 탐색 1회차 — 고도 25m AGL 반경 6.1→30m 링간격 12.2m 속도상한 5.0m/s (풋프린트 단폭 18.8m)
[offboard_node-2] [INFO] [1785264164.386295821] [offboard_node]: WP1 도달·안정 (dist=0.0m speed=0.0m/s) → VISION_SEARCH (비전 착륙 활성)
[telemetry_node-1] [INFO] [1785264164.394580203] [telemetry_node]: pos_ned=[3.00017487e+02 3.46378633e-03 4.99577789e+01]  yaw=0.075  armed=True  vtol=3  batt=15.30V/50%
[offboard_node-2] [INFO] [1785264164.481344491] [offboard_node]: 탐색 1회차 — 고도 25m AGL 반경 6.1→30m 링간격 12.2m 속도상한 5.0m/s (풋프린트 단폭 18.8m)
[offboard_node-2] [INFO] [1785264164.482070261] [offboard_node]: WP1 도달·안정 (dist=0.0m speed=0.0m/s) → VISION_SEARCH (비전 착륙 활성)
[offboard_node-2] [INFO] [1785264164.580469566] [offboard_node]: 탐색 1회차 — 고도 25m AGL 반경 6.1→30m 링간격 12.2m 속도상한 5.0m/s (풋프린트 단폭 18.8m)
[offboard_node-2] [INFO] [1785264164.581101410] [offboard_node]: WP1 도달·안정 (dist=0.0m speed=0.0m/s) → VISION_SEARCH (비전 착륙 활성)
[offboard_node-2] [INFO] [1785264164.680535217] [offboard_node]: 탐색 1회차 — 고도 25m AGL 반경 6.1→30m 링간격 12.2m 속도상한 5.0m/s (풋프린트 단폭 18.8m)
[offboard_node-2] [INFO] [1785264164.682049563] [offboard_node]: WP1 도달·안정 (dist=0.0m speed=0.0m/s) → VISION_SEARCH (비전 착륙 활성)
[offboard_node-2] [INFO] [1785264164.780349744] [offboard_node]: 탐색 1회차 — 고도 25m AGL 반경 6.1→30m 링간격 12.2m 속도상한 5.0m/s (풋프린트 단폭 18.8m)
[offboard_node-2] [INFO] [1785264164.781022231] [offboard_node]: WP1 도달·안정 (dist=0.0m speed=0.0m/s) → VISION_SEARCH (비전 착륙 활성)
[offboard_node-2] [INFO] [1785264164.880266417] [offboard_node]: WP1 홀드 dist=0.0m speed=0.0m/s stable=2805/10
[offboard_node-2] [INFO] [1785264164.880979734] [offboard_node]: 탐색 1회차 — 고도 25m AGL 반경 6.1→30m 링간격 12.2m 속도상한 5.0m/s (풋프린트 단폭 18.8m)
[offboard_node-2] [INFO] [1785264164.881401718] [offboard_node]: WP1 도달·안정 (dist=0.0m speed=0.0m/s) → VISION_SEARCH (비전 착륙 활성)
[offboard_node-2] [INFO] [1785264164.980415166] [offboard_node]: 탐색 1회차 — 고도 25m AGL 반경 6.1→30m 링간격 12.2m 속도상한 5.0m/s (풋프린트 단폭 18.8m)
[offboard_node-2] [INFO] [1785264164.981239127] [offboard_node]: WP1 도달·안정 (dist=0.0m speed=0.0m/s) → VISION_SEARCH (비전 착륙 활성)
[offboard_node-2] [INFO] [1785264165.080102042] [offboard_node]: 탐색 1회차 — 고도 25m AGL 반경 6.1→30m 링간격 12.2m 속도상한 5.0m/s (풋프린트 단폭 18.8m)
[offboard_node-2] [INFO] [1785264165.080680362] [offboard_node]: WP1 도달·안정 (dist=0.0m speed=0.0m/s) → VISION_SEARCH (비전 착륙 활성)
[offboard_node-2] [INFO] [1785264165.180083012] [offboard_node]: 탐색 1회차 — 고도 25m AGL 반경 6.1→30m 링간격 12.2m 속도상한 5.0m/s (풋프린트 단폭 18.8m)
[offboard_node-2] [INFO] [1785264165.180742870] [offboard_node]: WP1 도달·안정 (dist=0.0m speed=0.0m/s) → VISION_SEARCH (비전 착륙 활성)
[offboard_node-2] [INFO] [1785264165.280009194] [offboard_node]: 탐색 1회차 — 고도 25m AGL 반경 6.1→30m 링간격 12.2m 속도상한 5.0m/s (풋프린트 단폭 18.8m)
[offboard_node-2] [INFO] [1785264165.280792180] [offboard_node]: WP1 도달·안정 (dist=0.0m speed=0.0m/s) → VISION_SEARCH (비전 착륙 활성)
[offboard_node-2] [INFO] [1785264165.380289063] [offboard_node]: 탐색 1회차 — 고도 25m AGL 반경 6.1→30m 링간격 12.2m 속도상한 5.0m/s (풋프린트 단폭 18.8m)
[offboard_node-2] [INFO] [1785264165.381087246] [offboard_node]: WP1 도달·안정 (dist=0.0m speed=0.0m/s) → VISION_SEARCH (비전 착륙 활성)
[offboard_node-2] [INFO] [1785264165.480100532] [offboard_node]: 탐색 1회차 — 고도 25m AGL 반경 6.1→30m 링간격 12.2m 속도상한 5.0m/s (풋프린트 단폭 18.8m)
[offboard_node-2] [INFO] [1785264165.480691244] [offboard_node]: WP1 도달·안정 (dist=0.0m speed=0.0m/s) → VISION_SEARCH (비전 착륙 활성)
[offboard_node-2] [INFO] [1785264165.580549556] [offboard_node]: 탐색 1회차 — 고도 25m AGL 반경 6.1→30m 링간격 12.2m 속도상한 5.0m/s (풋프린트 단폭 18.8m)
[offboard_node-2] [INFO] [1785264165.581314903] [offboard_node]: WP1 도달·안정 (dist=0.0m speed=0.0m/s) → VISION_SEARCH (비전 착륙 활성)
[offboard_node-2] [INFO] [1785264165.680352275] [offboard_node]: 탐색 1회차 — 고도 25m AGL 반경 6.1→30m 링간격 12.2m 속도상한 5.0m/s (풋프린트 단폭 18.8m)
[offboard_node-2] [INFO] [1785264165.681105259] [offboard_node]: WP1 도달·안정 (dist=0.0m speed=0.0m/s) → VISION_SEARCH (비전 착륙 활성)
[offboard_node-2] [INFO] [1785264165.780261233] [offboard_node]: 탐색 1회차 — 고도 25m AGL 반경 6.1→30m 링간격 12.2m 속도상한 5.0m/s (풋프린트 단폭 18.8m)
[offboard_node-2] [INFO] [1785264165.781125936] [offboard_node]: WP1 도달·안정 (dist=0.0m speed=0.0m/s) → VISION_SEARCH (비전 착륙 활성)
[offboard_node-2] [INFO] [1785264165.880484148] [offboard_node]: 탐색 1회차 — 고도 25m AGL 반경 6.1→30m 링간격 12.2m 속도상한 5.0m/s (풋프린트 단폭 18.8m)
[offboard_node-2] [INFO] [1785264165.881201999] [offboard_node]: WP1 도달·안정 (dist=0.0m speed=0.0m/s) → VISION_SEARCH (비전 착륙 활성)
[offboard_node-2] [INFO] [1785264165.980174565] [offboard_node]: 탐색 1회차 — 고도 25m AGL 반경 6.1→30m 링간격 12.2m 속도상한 5.0m/s (풋프린트 단폭 18.8m)
[offboard_node-2] [INFO] [1785264165.980817550] [offboard_node]: WP1 도달·안정 (dist=0.0m speed=0.0m/s) → VISION_SEARCH (비전 착륙 활성)
[offboard_node-2] [INFO] [1785264166.080674428] [offboard_node]: 탐색 1회차 — 고도 25m AGL 반경 6.1→30m 링간격 12.2m 속도상한 5.0m/s (풋프린트 단폭 18.8m)
[offboard_node-2] [INFO] [1785264166.081413557] [offboard_node]: WP1 도달·안정 (dist=0.0m speed=0.0m/s) → VISION_SEARCH (비전 착륙 활성)
[offboard_node-2] [INFO] [1785264166.180320498] [offboard_node]: 탐색 1회차 — 고도 25m AGL 반경 6.1→30m 링간격 12.2m 속도상한 5.0m/s (풋프린트 단폭 18.8m)
[offboard_node-2] [INFO] [1785264166.180942111] [offboard_node]: WP1 도달·안정 (dist=0.0m speed=0.0m/s) → VISION_SEARCH (비전 착륙 활성)
[offboard_node-2] [INFO] [1785264166.280225194] [offboard_node]: 탐색 1회차 — 고도 25m AGL 반경 6.1→30m 링간격 12.2m 속도상한 5.0m/s (풋프린트 단폭 18.8m)
[offboard_node-2] [INFO] [1785264166.280918142] [offboard_node]: WP1 도달·안정 (dist=0.0m speed=0.0m/s) → VISION_SEARCH (비전 착륙 활성)
[offboard_node-2] [INFO] [1785264166.380441549] [offboard_node]: 탐색 1회차 — 고도 25m AGL 반경 6.1→30m 링간격 12.2m 속도상한 5.0m/s (풋프린트 단폭 18.8m)
[offboard_node-2] [INFO] [1785264166.381118912] [offboard_node]: WP1 도달·안정 (dist=0.0m speed=0.0m/s) → VISION_SEARCH (비전 착륙 활성)
[telemetry_node-1] [INFO] [1785264166.394137279] [telemetry_node]: pos_ned=[3.00030945e+02 2.07467098e-02 4.99806061e+01]  yaw=0.074  armed=True  vtol=3  batt=15.30V/50%
[offboard_node-2] [INFO] [1785264166.480408933] [offboard_node]: 탐색 1회차 — 고도 25m AGL 반경 6.1→30m 링간격 12.2m 속도상한 5.0m/s (풋프린트 단폭 18.8m)
[offboard_node-2] [INFO] [1785264166.481903594] [offboard_node]: WP1 도달·안정 (dist=0.0m speed=0.0m/s) → VISION_SEARCH (비전 착륙 활성)
[offboard_node-2] [INFO] [1785264166.580570983] [offboard_node]: 탐색 1회차 — 고도 25m AGL 반경 6.1→30m 링간격 12.2m 속도상한 5.0m/s (풋프린트 단폭 18.8m)
[offboard_node-2] [INFO] [1785264166.581172990] [offboard_node]: WP1 도달·안정 (dist=0.0m speed=0.0m/s) → VISION_SEARCH (비전 착륙 활성)
[offboard_node-2] [INFO] [1785264166.680663152] [offboard_node]: 탐색 1회차 — 고도 25m AGL 반경 6.1→30m 링간격 12.2m 속도상한 5.0m/s (풋프린트 단폭 18.8m)
[offboard_node-2] [INFO] [1785264166.681291438] [offboard_node]: WP1 도달·안정 (dist=0.0m speed=0.0m/s) → VISION_SEARCH (비전 착륙 활성)
[offboard_node-2] [INFO] [1785264166.781333495] [offboard_node]: 탐색 1회차 — 고도 25m AGL 반경 6.1→30m 링간격 12.2m 속도상한 5.0m/s (풋프린트 단폭 18.8m)
[offboard_node-2] [INFO] [1785264166.783210817] [offboard_node]: WP1 도달·안정 (dist=0.0m speed=0.1m/s) → VISION_SEARCH (비전 착륙 활성)
[offboard_node-2] [INFO] [1785264166.880740098] [offboard_node]: WP1 홀드 dist=0.0m speed=0.1m/s stable=2825/10
[offboard_node-2] [INFO] [1785264166.881446256] [offboard_node]: 탐색 1회차 — 고도 25m AGL 반경 6.1→30m 링간격 12.2m 속도상한 5.0m/s (풋프린트 단폭 18.8m)
[offboard_node-2] [INFO] [1785264166.881955237] [offboard_node]: WP1 도달·안정 (dist=0.0m speed=0.1m/s) → VISION_SEARCH (비전 착륙 활성)
[offboard_node-2] [INFO] [1785264166.981303492] [offboard_node]: 탐색 1회차 — 고도 25m AGL 반경 6.1→30m 링간격 12.2m 속도상한 5.0m/s (풋프린트 단폭 18.8m)
[offboard_node-2] [INFO] [1785264166.981976622] [offboard_node]: WP1 도달·안정 (dist=0.0m speed=0.1m/s) → VISION_SEARCH (비전 착륙 활성)
[offboard_node-2] [INFO] [1785264167.080989356] [offboard_node]: 탐색 1회차 — 고도 25m AGL 반경 6.1→30m 링간격 12.2m 속도상한 5.0m/s (풋프린트 단폭 18.8m)
[offboard_node-2] [INFO] [1785264167.081453415] [offboard_node]: WP1 도달·안정 (dist=0.0m speed=0.1m/s) → VISION_SEARCH (비전 착륙 활성)
[offboard_node-2] [INFO] [1785264167.180572502] [offboard_node]: 탐색 1회차 — 고도 25m AGL 반경 6.1→30m 링간격 12.2m 속도상한 5.0m/s (풋프린트 단폭 18.8m)
[offboard_node-2] [INFO] [1785264167.181363075] [offboard_node]: WP1 도달·안정 (dist=0.0m speed=0.0m/s) → VISION_SEARCH (비전 착륙 활성)
[offboard_node-2] [INFO] [1785264167.280843491] [offboard_node]: 탐색 1회차 — 고도 25m AGL 반경 6.1→30m 링간격 12.2m 속도상한 5.0m/s (풋프린트 단폭 18.8m)
[offboard_node-2] [INFO] [1785264167.281557580] [offboard_node]: WP1 도달·안정 (dist=0.0m speed=0.0m/s) → VISION_SEARCH (비전 착륙 활성)
[offboard_node-2] [INFO] [1785264167.380943968] [offboard_node]: 탐색 1회차 — 고도 25m AGL 반경 6.1→30m 링간격 12.2m 속도상한 5.0m/s (풋프린트 단폭 18.8m)
[offboard_node-2] [INFO] [1785264167.381700623] [offboard_node]: WP1 도달·안정 (dist=0.0m speed=0.0m/s) → VISION_SEARCH (비전 착륙 활성)
[offboard_node-2] [INFO] [1785264167.480327539] [offboard_node]: 탐색 1회차 — 고도 25m AGL 반경 6.1→30m 링간격 12.2m 속도상한 5.0m/s (풋프린트 단폭 18.8m)
[offboard_node-2] [INFO] [1785264167.480804725] [offboard_node]: WP1 도달·안정 (dist=0.0m speed=0.0m/s) → VISION_SEARCH (비전 착륙 활성)
[offboard_node-2] [INFO] [1785264167.580565746] [offboard_node]: 탐색 1회차 — 고도 25m AGL 반경 6.1→30m 링간격 12.2m 속도상한 5.0m/s (풋프린트 단폭 18.8m)
[offboard_node-2] [INFO] [1785264167.581124532] [offboard_node]: WP1 도달·안정 (dist=0.0m speed=0.0m/s) → VISION_SEARCH (비전 착륙 활성)
[offboard_node-2] [INFO] [1785264167.680355702] [offboard_node]: 탐색 1회차 — 고도 25m AGL 반경 6.1→30m 링간격 12.2m 속도상한 5.0m/s (풋프린트 단폭 18.8m)
[offboard_node-2] [INFO] [1785264167.680859722] [offboard_node]: WP1 도달·안정 (dist=0.0m speed=0.0m/s) → VISION_SEARCH (비전 착륙 활성)
[offboard_node-2] [INFO] [1785264167.780175249] [offboard_node]: 탐색 1회차 — 고도 25m AGL 반경 6.1→30m 링간격 12.2m 속도상한 5.0m/s (풋프린트 단폭 18.8m)
[offboard_node-2] [INFO] [1785264167.780853214] [offboard_node]: WP1 도달·안정 (dist=0.0m speed=0.0m/s) → VISION_SEARCH (비전 착륙 활성)
[offboard_node-2] [INFO] [1785264167.880137211] [offboard_node]: 탐색 1회차 — 고도 25m AGL 반경 6.1→30m 링간격 12.2m 속도상한 5.0m/s (풋프린트 단폭 18.8m)
[offboard_node-2] [INFO] [1785264167.880632115] [offboard_node]: WP1 도달·안정 (dist=0.0m speed=0.0m/s) → VISION_SEARCH (비전 착륙 활성)
[offboard_node-2] [INFO] [1785264167.980779899] [offboard_node]: 탐색 1회차 — 고도 25m AGL 반경 6.1→30m 링간격 12.2m 속도상한 5.0m/s (풋프린트 단폭 18.8m)
[offboard_node-2] [INFO] [1785264167.982119545] [offboard_node]: WP1 도달·안정 (dist=0.0m speed=0.0m/s) → VISION_SEARCH (비전 착륙 활성)
[offboard_node-2] [INFO] [1785264168.080805754] [offboard_node]: 탐색 1회차 — 고도 25m AGL 반경 6.1→30m 링간격 12.2m 속도상한 5.0m/s (풋프린트 단폭 18.8m)
[offboard_node-2] [INFO] [1785264168.081467133] [offboard_node]: WP1 도달·안정 (dist=0.0m speed=0.0m/s) → VISION_SEARCH (비전 착륙 활성)
[offboard_node-2] [INFO] [1785264168.180617924] [offboard_node]: 탐색 1회차 — 고도 25m AGL 반경 6.1→30m 링간격 12.2m 속도상한 5.0m/s (풋프린트 단폭 18.8m)
[offboard_node-2] [INFO] [1785264168.181186986] [offboard_node]: WP1 도달·안정 (dist=0.0m speed=0.0m/s) → VISION_SEARCH (비전 착륙 활성)
[offboard_node-2] [INFO] [1785264168.286336393] [offboard_node]: 탐색 1회차 — 고도 25m AGL 반경 6.1→30m 링간격 12.2m 속도상한 5.0m/s (풋프린트 단폭 18.8m)
[offboard_node-2] [INFO] [1785264168.287338391] [offboard_node]: WP1 도달·안정 (dist=0.0m speed=0.0m/s) → VISION_SEARCH (비전 착륙 활성)
[offboard_node-2] [INFO] [1785264168.380559515] [offboard_node]: 탐색 1회차 — 고도 25m AGL 반경 6.1→30m 링간격 12.2m 속도상한 5.0m/s (풋프린트 단폭 18.8m)
[offboard_node-2] [INFO] [1785264168.381336024] [offboard_node]: WP1 도달·안정 (dist=0.0m speed=0.0m/s) → VISION_SEARCH (비전 착륙 활성)
[telemetry_node-1] [INFO] [1785264168.393814730] [telemetry_node]: pos_ned=[3.00008484e+02 2.12848615e-02 5.00067978e+01]  yaw=0.074  armed=True  vtol=3  batt=15.30V/50%
[offboard_node-2] [INFO] [1785264168.479861283] [offboard_node]: 탐색 1회차 — 고도 25m AGL 반경 6.1→30m 링간격 12.2m 속도상한 5.0m/s (풋프린트 단폭 18.8m)
[offboard_node-2] [INFO] [1785264168.480400762] [offboard_node]: WP1 도달·안정 (dist=0.0m speed=0.0m/s) → VISION_SEARCH (비전 착륙 활성)
[offboard_node-2] [INFO] [1785264168.579969090] [offboard_node]: 탐색 1회차 — 고도 25m AGL 반경 6.1→30m 링간격 12.2m 속도상한 5.0m/s (풋프린트 단폭 18.8m)
[offboard_node-2] [INFO] [1785264168.580630613] [offboard_node]: WP1 도달·안정 (dist=0.0m speed=0.0m/s) → VISION_SEARCH (비전 착륙 활성)
[offboard_node-2] [INFO] [1785264168.680514783] [offboard_node]: 탐색 1회차 — 고도 25m AGL 반경 6.1→30m 링간격 12.2m 속도상한 5.0m/s (풋프린트 단폭 18.8m)
[offboard_node-2] [INFO] [1785264168.682886698] [offboard_node]: WP1 도달·안정 (dist=0.0m speed=0.0m/s) → VISION_SEARCH (비전 착륙 활성)
[offboard_node-2] [INFO] [1785264168.779951311] [offboard_node]: 탐색 1회차 — 고도 25m AGL 반경 6.1→30m 링간격 12.2m 속도상한 5.0m/s (풋프린트 단폭 18.8m)
[offboard_node-2] [INFO] [1785264168.780663195] [offboard_node]: WP1 도달·안정 (dist=0.0m speed=0.0m/s) → VISION_SEARCH (비전 착륙 활성)
[offboard_node-2] [INFO] [1785264168.879917150] [offboard_node]: WP1 홀드 dist=0.0m speed=0.0m/s stable=2845/10
[offboard_node-2] [INFO] [1785264168.880744718] [offboard_node]: 탐색 1회차 — 고도 25m AGL 반경 6.1→30m 링간격 12.2m 속도상한 5.0m/s (풋프린트 단폭 18.8m)
[offboard_node-2] [INFO] [1785264168.881397425] [offboard_node]: WP1 도달·안정 (dist=0.0m speed=0.0m/s) → VISION_SEARCH (비전 착륙 활성)
[offboard_node-2] [INFO] [1785264168.980047242] [offboard_node]: 탐색 1회차 — 고도 25m AGL 반경 6.1→30m 링간격 12.2m 속도상한 5.0m/s (풋프린트 단폭 18.8m)
[offboard_node-2] [INFO] [1785264168.980945623] [offboard_node]: WP1 도달·안정 (dist=0.0m speed=0.0m/s) → VISION_SEARCH (비전 착륙 활성)
[offboard_node-2] [INFO] [1785264169.079969184] [offboard_node]: 탐색 1회차 — 고도 25m AGL 반경 6.1→30m 링간격 12.2m 속도상한 5.0m/s (풋프린트 단폭 18.8m)
[offboard_node-2] [INFO] [1785264169.080594188] [offboard_node]: WP1 도달·안정 (dist=0.0m speed=0.0m/s) → VISION_SEARCH (비전 착륙 활성)
[offboard_node-2] [INFO] [1785264169.180224074] [offboard_node]: 탐색 1회차 — 고도 25m AGL 반경 6.1→30m 링간격 12.2m 속도상한 5.0m/s (풋프린트 단폭 18.8m)
[offboard_node-2] [INFO] [1785264169.181083652] [offboard_node]: WP1 도달·안정 (dist=0.0m speed=0.0m/s) → VISION_SEARCH (비전 착륙 활성)
[offboard_node-2] [INFO] [1785264169.280411572] [offboard_node]: 탐색 1회차 — 고도 25m AGL 반경 6.1→30m 링간격 12.2m 속도상한 5.0m/s (풋프린트 단폭 18.8m)
[offboard_node-2] [INFO] [1785264169.281268342] [offboard_node]: WP1 도달·안정 (dist=0.0m speed=0.0m/s) → VISION_SEARCH (비전 착륙 활성)
[offboard_node-2] [INFO] [1785264169.379867918] [offboard_node]: 탐색 1회차 — 고도 25m AGL 반경 6.1→30m 링간격 12.2m 속도상한 5.0m/s (풋프린트 단폭 18.8m)
[offboard_node-2] [INFO] [1785264169.380468507] [offboard_node]: WP1 도달·안정 (dist=0.0m speed=0.0m/s) → VISION_SEARCH (비전 착륙 활성)
[offboard_node-2] [INFO] [1785264169.480373743] [offboard_node]: 탐색 1회차 — 고도 25m AGL 반경 6.1→30m 링간격 12.2m 속도상한 5.0m/s (풋프린트 단폭 18.8m)
[offboard_node-2] [INFO] [1785264169.481050465] [offboard_node]: WP1 도달·안정 (dist=0.1m speed=0.0m/s) → VISION_SEARCH (비전 착륙 활성)
[offboard_node-2] [INFO] [1785264169.580313812] [offboard_node]: 탐색 1회차 — 고도 25m AGL 반경 6.1→30m 링간격 12.2m 속도상한 5.0m/s (풋프린트 단폭 18.8m)
[offboard_node-2] [INFO] [1785264169.580991589] [offboard_node]: WP1 도달·안정 (dist=0.1m speed=0.0m/s) → VISION_SEARCH (비전 착륙 활성)
[offboard_node-2] [INFO] [1785264169.679928451] [offboard_node]: 탐색 1회차 — 고도 25m AGL 반경 6.1→30m 링간격 12.2m 속도상한 5.0m/s (풋프린트 단폭 18.8m)
[offboard_node-2] [INFO] [1785264169.680479081] [offboard_node]: WP1 도달·안정 (dist=0.1m speed=0.0m/s) → VISION_SEARCH (비전 착륙 활성)
[offboard_node-2] [INFO] [1785264169.779794238] [offboard_node]: 탐색 1회차 — 고도 25m AGL 반경 6.1→30m 링간격 12.2m 속도상한 5.0m/s (풋프린트 단폭 18.8m)
[offboard_node-2] [INFO] [1785264169.780304059] [offboard_node]: WP1 도달·안정 (dist=0.1m speed=0.1m/s) → VISION_SEARCH (비전 착륙 활성)
[offboard_node-2] [INFO] [1785264169.879980490] [offboard_node]: 탐색 1회차 — 고도 25m AGL 반경 6.1→30m 링간격 12.2m 속도상한 5.0m/s (풋프린트 단폭 18.8m)
[offboard_node-2] [INFO] [1785264169.880655320] [offboard_node]: WP1 도달·안정 (dist=0.0m speed=0.1m/s) → VISION_SEARCH (비전 착륙 활성)
[offboard_node-2] [INFO] [1785264169.979740194] [offboard_node]: 탐색 1회차 — 고도 25m AGL 반경 6.1→30m 링간격 12.2m 속도상한 5.0m/s (풋프린트 단폭 18.8m)
[offboard_node-2] [INFO] [1785264169.980450216] [offboard_node]: WP1 도달·안정 (dist=0.0m speed=0.1m/s) → VISION_SEARCH (비전 착륙 활성)
[offboard_node-2] [INFO] [1785264170.080149165] [offboard_node]: 탐색 1회차 — 고도 25m AGL 반경 6.1→30m 링간격 12.2m 속도상한 5.0m/s (풋프린트 단폭 18.8m)
[offboard_node-2] [INFO] [1785264170.080782942] [offboard_node]: WP1 도달·안정 (dist=0.0m speed=0.1m/s) → VISION_SEARCH (비전 착륙 활성)
[offboard_node-2] [INFO] [1785264170.180504917] [offboard_node]: 탐색 1회차 — 고도 25m AGL 반경 6.1→30m 링간격 12.2m 속도상한 5.0m/s (풋프린트 단폭 18.8m)
[offboard_node-2] [INFO] [1785264170.181380103] [offboard_node]: WP1 도달·안정 (dist=0.0m speed=0.1m/s) → VISION_SEARCH (비전 착륙 활성)
[offboard_node-2] [INFO] [1785264170.280045981] [offboard_node]: 탐색 1회차 — 고도 25m AGL 반경 6.1→30m 링간격 12.2m 속도상한 5.0m/s (풋프린트 단폭 18.8m)
[offboard_node-2] [INFO] [1785264170.280762933] [offboard_node]: WP1 도달·안정 (dist=0.0m speed=0.1m/s) → VISION_SEARCH (비전 착륙 활성)
[offboard_node-2] [INFO] [1785264170.380148395] [offboard_node]: 탐색 1회차 — 고도 25m AGL 반경 6.1→30m 링간격 12.2m 속도상한 5.0m/s (풋프린트 단폭 18.8m)
[offboard_node-2] [INFO] [1785264170.380769936] [offboard_node]: WP1 도달·안정 (dist=0.0m speed=0.0m/s) → VISION_SEARCH (비전 착륙 활성)
[telemetry_node-1] [INFO] [1785264170.393645086] [telemetry_node]: pos_ned=[2.99971741e+02 1.03554260e-02 5.00133553e+01]  yaw=0.073  armed=True  vtol=3  batt=15.30V/50%
[offboard_node-2] [INFO] [1785264170.482789886] [offboard_node]: 탐색 1회차 — 고도 25m AGL 반경 6.1→30m 링간격 12.2m 속도상한 5.0m/s (풋프린트 단폭 18.8m)
[offboard_node-2] [INFO] [1785264170.483927324] [offboard_node]: WP1 도달·안정 (dist=0.0m speed=0.0m/s) → VISION_SEARCH (비전 착륙 활성)
[offboard_node-2] [INFO] [1785264170.579930763] [offboard_node]: 탐색 1회차 — 고도 25m AGL 반경 6.1→30m 링간격 12.2m 속도상한 5.0m/s (풋프린트 단폭 18.8m)
[offboard_node-2] [INFO] [1785264170.580686908] [offboard_node]: WP1 도달·안정 (dist=0.0m speed=0.0m/s) → VISION_SEARCH (비전 착륙 활성)
[offboard_node-2] [INFO] [1785264170.682463665] [offboard_node]: 탐색 1회차 — 고도 25m AGL 반경 6.1→30m 링간격 12.2m 속도상한 5.0m/s (풋프린트 단폭 18.8m)
[offboard_node-2] [INFO] [1785264170.683575495] [offboard_node]: WP1 도달·안정 (dist=0.0m speed=0.0m/s) → VISION_SEARCH (비전 착륙 활성)
[offboard_node-2] [INFO] [1785264170.780609680] [offboard_node]: 탐색 1회차 — 고도 25m AGL 반경 6.1→30m 링간격 12.2m 속도상한 5.0m/s (풋프린트 단폭 18.8m)
[offboard_node-2] [INFO] [1785264170.781323226] [offboard_node]: WP1 도달·안정 (dist=0.0m speed=0.0m/s) → VISION_SEARCH (비전 착륙 활성)
[offboard_node-2] [INFO] [1785264170.880102389] [offboard_node]: WP1 홀드 dist=0.0m speed=0.0m/s stable=2865/10
[offboard_node-2] [INFO] [1785264170.880891790] [offboard_node]: 탐색 1회차 — 고도 25m AGL 반경 6.1→30m 링간격 12.2m 속도상한 5.0m/s (풋프린트 단폭 18.8m)
[offboard_node-2] [INFO] [1785264170.881332542] [offboard_node]: WP1 도달·안정 (dist=0.0m speed=0.0m/s) → VISION_SEARCH (비전 착륙 활성)
[offboard_node-2] [INFO] [1785264170.980299063] [offboard_node]: 탐색 1회차 — 고도 25m AGL 반경 6.1→30m 링간격 12.2m 속도상한 5.0m/s (풋프린트 단폭 18.8m)
[offboard_node-2] [INFO] [1785264170.981582955] [offboard_node]: WP1 도달·안정 (dist=0.0m speed=0.0m/s) → VISION_SEARCH (비전 착륙 활성)
[offboard_node-2] [INFO] [1785264171.079914045] [offboard_node]: 탐색 1회차 — 고도 25m AGL 반경 6.1→30m 링간격 12.2m 속도상한 5.0m/s (풋프린트 단폭 18.8m)
[offboard_node-2] [INFO] [1785264171.080497697] [offboard_node]: WP1 도달·안정 (dist=0.1m speed=0.0m/s) → VISION_SEARCH (비전 착륙 활성)
[offboard_node-2] [INFO] [1785264171.180128044] [offboard_node]: 탐색 1회차 — 고도 25m AGL 반경 6.1→30m 링간격 12.2m 속도상한 5.0m/s (풋프린트 단폭 18.8m)
[offboard_node-2] [INFO] [1785264171.181060388] [offboard_node]: WP1 도달·안정 (dist=0.1m speed=0.0m/s) → VISION_SEARCH (비전 착륙 활성)
[offboard_node-2] [INFO] [1785264171.280288898] [offboard_node]: 탐색 1회차 — 고도 25m AGL 반경 6.1→30m 링간격 12.2m 속도상한 5.0m/s (풋프린트 단폭 18.8m)
[offboard_node-2] [INFO] [1785264171.281178903] [offboard_node]: WP1 도달·안정 (dist=0.1m speed=0.0m/s) → VISION_SEARCH (비전 착륙 활성)
[offboard_node-2] [INFO] [1785264171.380237365] [offboard_node]: 탐색 1회차 — 고도 25m AGL 반경 6.1→30m 링간격 12.2m 속도상한 5.0m/s (풋프린트 단폭 18.8m)
[offboard_node-2] [INFO] [1785264171.381517759] [offboard_node]: WP1 도달·안정 (dist=0.1m speed=0.0m/s) → VISION_SEARCH (비전 착륙 활성)
[offboard_node-2] [INFO] [1785264171.480337142] [offboard_node]: 탐색 1회차 — 고도 25m AGL 반경 6.1→30m 링간격 12.2m 속도상한 5.0m/s (풋프린트 단폭 18.8m)
[offboard_node-2] [INFO] [1785264171.481260563] [offboard_node]: WP1 도달·안정 (dist=0.1m speed=0.0m/s) → VISION_SEARCH (비전 착륙 활성)
[offboard_node-2] [INFO] [1785264171.580429183] [offboard_node]: 탐색 1회차 — 고도 25m AGL 반경 6.1→30m 링간격 12.2m 속도상한 5.0m/s (풋프린트 단폭 18.8m)
[offboard_node-2] [INFO] [1785264171.581815442] [offboard_node]: WP1 도달·안정 (dist=0.1m speed=0.0m/s) → VISION_SEARCH (비전 착륙 활성)
[offboard_node-2] [INFO] [1785264171.680034043] [offboard_node]: 탐색 1회차 — 고도 25m AGL 반경 6.1→30m 링간격 12.2m 속도상한 5.0m/s (풋프린트 단폭 18.8m)
[offboard_node-2] [INFO] [1785264171.680540598] [offboard_node]: WP1 도달·안정 (dist=0.1m speed=0.1m/s) → VISION_SEARCH (비전 착륙 활성)
[offboard_node-2] [INFO] [1785264171.779994808] [offboard_node]: 탐색 1회차 — 고도 25m AGL 반경 6.1→30m 링간격 12.2m 속도상한 5.0m/s (풋프린트 단폭 18.8m)
[offboard_node-2] [INFO] [1785264171.780641192] [offboard_node]: WP1 도달·안정 (dist=0.1m speed=0.1m/s) → VISION_SEARCH (비전 착륙 활성)
[offboard_node-2] [INFO] [1785264171.879984197] [offboard_node]: 탐색 1회차 — 고도 25m AGL 반경 6.1→30m 링간격 12.2m 속도상한 5.0m/s (풋프린트 단폭 18.8m)
[offboard_node-2] [INFO] [1785264171.880575144] [offboard_node]: WP1 도달·안정 (dist=0.1m speed=0.1m/s) → VISION_SEARCH (비전 착륙 활성)
[offboard_node-2] [INFO] [1785264171.980094964] [offboard_node]: 탐색 1회차 — 고도 25m AGL 반경 6.1→30m 링간격 12.2m 속도상한 5.0m/s (풋프린트 단폭 18.8m)
[offboard_node-2] [INFO] [1785264171.980739832] [offboard_node]: WP1 도달·안정 (dist=0.1m speed=0.1m/s) → VISION_SEARCH (비전 착륙 활성)
[offboard_node-2] [INFO] [1785264172.079910707] [offboard_node]: 탐색 1회차 — 고도 25m AGL 반경 6.1→30m 링간격 12.2m 속도상한 5.0m/s (풋프린트 단폭 18.8m)
[offboard_node-2] [INFO] [1785264172.080453273] [offboard_node]: WP1 도달·안정 (dist=0.0m speed=0.1m/s) → VISION_SEARCH (비전 착륙 활성)
[offboard_node-2] [INFO] [1785264172.180215145] [offboard_node]: 탐색 1회차 — 고도 25m AGL 반경 6.1→30m 링간격 12.2m 속도상한 5.0m/s (풋프린트 단폭 18.8m)
[offboard_node-2] [INFO] [1785264172.180837164] [offboard_node]: WP1 도달·안정 (dist=0.0m speed=0.1m/s) → VISION_SEARCH (비전 착륙 활성)
[offboard_node-2] [INFO] [1785264172.280522580] [offboard_node]: 탐색 1회차 — 고도 25m AGL 반경 6.1→30m 링간격 12.2m 속도상한 5.0m/s (풋프린트 단폭 18.8m)
[offboard_node-2] [INFO] [1785264172.281388146] [offboard_node]: WP1 도달·안정 (dist=0.0m speed=0.1m/s) → VISION_SEARCH (비전 착륙 활성)
[offboard_node-2] [INFO] [1785264172.380162102] [offboard_node]: 탐색 1회차 — 고도 25m AGL 반경 6.1→30m 링간격 12.2m 속도상한 5.0m/s (풋프린트 단폭 18.8m)
[offboard_node-2] [INFO] [1785264172.381072722] [offboard_node]: WP1 도달·안정 (dist=0.0m speed=0.1m/s) → VISION_SEARCH (비전 착륙 활성)
[telemetry_node-1] [INFO] [1785264172.393504822] [telemetry_node]: pos_ned=[ 2.99970184e+02 -1.88010512e-03  5.00102730e+01]  yaw=0.072  armed=True  vtol=3  batt=15.30V/50%
[offboard_node-2] [INFO] [1785264172.480534820] [offboard_node]: 탐색 1회차 — 고도 25m AGL 반경 6.1→30m 링간격 12.2m 속도상한 5.0m/s (풋프린트 단폭 18.8m)
[offboard_node-2] [INFO] [1785264172.481362751] [offboard_node]: WP1 도달·안정 (dist=0.0m speed=0.1m/s) → VISION_SEARCH (비전 착륙 활성)
[offboard_node-2] [INFO] [1785264172.580696799] [offboard_node]: 탐색 1회차 — 고도 25m AGL 반경 6.1→30m 링간격 12.2m 속도상한 5.0m/s (풋프린트 단폭 18.8m)
[offboard_node-2] [INFO] [1785264172.582591603] [offboard_node]: WP1 도달·안정 (dist=0.0m speed=0.0m/s) → VISION_SEARCH (비전 착륙 활성)
[offboard_node-2] [INFO] [1785264172.680507569] [offboard_node]: 탐색 1회차 — 고도 25m AGL 반경 6.1→30m 링간격 12.2m 속도상한 5.0m/s (풋프린트 단폭 18.8m)
[offboard_node-2] [INFO] [1785264172.682286211] [offboard_node]: WP1 도달·안정 (dist=0.0m speed=0.0m/s) → VISION_SEARCH (비전 착륙 활성)
[offboard_node-2] [INFO] [1785264172.780181383] [offboard_node]: 탐색 1회차 — 고도 25m AGL 반경 6.1→30m 링간격 12.2m 속도상한 5.0m/s (풋프린트 단폭 18.8m)
[offboard_node-2] [INFO] [1785264172.780811649] [offboard_node]: WP1 도달·안정 (dist=0.0m speed=0.0m/s) → VISION_SEARCH (비전 착륙 활성)
[offboard_node-2] [INFO] [1785264172.880040460] [offboard_node]: WP1 홀드 dist=0.0m speed=0.0m/s stable=2885/10
[offboard_node-2] [INFO] [1785264172.880741348] [offboard_node]: 탐색 1회차 — 고도 25m AGL 반경 6.1→30m 링간격 12.2m 속도상한 5.0m/s (풋프린트 단폭 18.8m)
[offboard_node-2] [INFO] [1785264172.881327212] [offboard_node]: WP1 도달·안정 (dist=0.0m speed=0.0m/s) → VISION_SEARCH (비전 착륙 활성)
[offboard_node-2] [INFO] [1785264172.980175494] [offboard_node]: 탐색 1회차 — 고도 25m AGL 반경 6.1→30m 링간격 12.2m 속도상한 5.0m/s (풋프린트 단폭 18.8m)
[offboard_node-2] [INFO] [1785264172.980793445] [offboard_node]: WP1 도달·안정 (dist=0.0m speed=0.0m/s) → VISION_SEARCH (비전 착륙 활성)
[offboard_node-2] [INFO] [1785264173.079994077] [offboard_node]: 탐색 1회차 — 고도 25m AGL 반경 6.1→30m 링간격 12.2m 속도상한 5.0m/s (풋프린트 단폭 18.8m)
[offboard_node-2] [INFO] [1785264173.080755910] [offboard_node]: WP1 도달·안정 (dist=0.0m speed=0.0m/s) → VISION_SEARCH (비전 착륙 활성)
[offboard_node-2] [INFO] [1785264173.180073696] [offboard_node]: 탐색 1회차 — 고도 25m AGL 반경 6.1→30m 링간격 12.2m 속도상한 5.0m/s (풋프린트 단폭 18.8m)
[offboard_node-2] [INFO] [1785264173.180743895] [offboard_node]: WP1 도달·안정 (dist=0.0m speed=0.0m/s) → VISION_SEARCH (비전 착륙 활성)
[offboard_node-2] [INFO] [1785264173.279932026] [offboard_node]: 탐색 1회차 — 고도 25m AGL 반경 6.1→30m 링간격 12.2m 속도상한 5.0m/s (풋프린트 단폭 18.8m)
[offboard_node-2] [INFO] [1785264173.280551914] [offboard_node]: WP1 도달·안정 (dist=0.0m speed=0.0m/s) → VISION_SEARCH (비전 착륙 활성)
[offboard_node-2] [INFO] [1785264173.379929075] [offboard_node]: 탐색 1회차 — 고도 25m AGL 반경 6.1→30m 링간격 12.2m 속도상한 5.0m/s (풋프린트 단폭 18.8m)
[offboard_node-2] [INFO] [1785264173.380560633] [offboard_node]: WP1 도달·안정 (dist=0.0m speed=0.0m/s) → VISION_SEARCH (비전 착륙 활성)
[offboard_node-2] [INFO] [1785264173.480049476] [offboard_node]: 탐색 1회차 — 고도 25m AGL 반경 6.1→30m 링간격 12.2m 속도상한 5.0m/s (풋프린트 단폭 18.8m)
[offboard_node-2] [INFO] [1785264173.480628353] [offboard_node]: WP1 도달·안정 (dist=0.0m speed=0.0m/s) → VISION_SEARCH (비전 착륙 활성)
[offboard_node-2] [INFO] [1785264173.580339614] [offboard_node]: 탐색 1회차 — 고도 25m AGL 반경 6.1→30m 링간격 12.2m 속도상한 5.0m/s (풋프린트 단폭 18.8m)
[offboard_node-2] [INFO] [1785264173.580913874] [offboard_node]: WP1 도달·안정 (dist=0.0m speed=0.0m/s) → VISION_SEARCH (비전 착륙 활성)
[offboard_node-2] [INFO] [1785264173.679935746] [offboard_node]: 탐색 1회차 — 고도 25m AGL 반경 6.1→30m 링간격 12.2m 속도상한 5.0m/s (풋프린트 단폭 18.8m)
[offboard_node-2] [INFO] [1785264173.680611663] [offboard_node]: WP1 도달·안정 (dist=0.0m speed=0.0m/s) → VISION_SEARCH (비전 착륙 활성)
[offboard_node-2] [INFO] [1785264173.779857777] [offboard_node]: 탐색 1회차 — 고도 25m AGL 반경 6.1→30m 링간격 12.2m 속도상한 5.0m/s (풋프린트 단폭 18.8m)
[offboard_node-2] [INFO] [1785264173.780458551] [offboard_node]: WP1 도달·안정 (dist=0.0m speed=0.0m/s) → VISION_SEARCH (비전 착륙 활성)
[offboard_node-2] [INFO] [1785264173.880049678] [offboard_node]: 탐색 1회차 — 고도 25m AGL 반경 6.1→30m 링간격 12.2m 속도상한 5.0m/s (풋프린트 단폭 18.8m)
[offboard_node-2] [INFO] [1785264173.880629212] [offboard_node]: WP1 도달·안정 (dist=0.0m speed=0.0m/s) → VISION_SEARCH (비전 착륙 활성)
[offboard_node-2] [INFO] [1785264173.980496537] [offboard_node]: 탐색 1회차 — 고도 25m AGL 반경 6.1→30m 링간격 12.2m 속도상한 5.0m/s (풋프린트 단폭 18.8m)
[offboard_node-2] [INFO] [1785264173.982061922] [offboard_node]: WP1 도달·안정 (dist=0.0m speed=0.0m/s) → VISION_SEARCH (비전 착륙 활성)
[offboard_node-2] [INFO] [1785264174.080798066] [offboard_node]: 탐색 1회차 — 고도 25m AGL 반경 6.1→30m 링간격 12.2m 속도상한 5.0m/s (풋프린트 단폭 18.8m)
[offboard_node-2] [INFO] [1785264174.081657389] [offboard_node]: WP1 도달·안정 (dist=0.0m speed=0.0m/s) → VISION_SEARCH (비전 착륙 활성)
[offboard_node-2] [INFO] [1785264174.180122287] [offboard_node]: 탐색 1회차 — 고도 25m AGL 반경 6.1→30m 링간격 12.2m 속도상한 5.0m/s (풋프린트 단폭 18.8m)
[offboard_node-2] [INFO] [1785264174.180976278] [offboard_node]: WP1 도달·안정 (dist=0.0m speed=0.0m/s) → VISION_SEARCH (비전 착륙 활성)
[offboard_node-2] [INFO] [1785264174.280148494] [offboard_node]: 탐색 1회차 — 고도 25m AGL 반경 6.1→30m 링간격 12.2m 속도상한 5.0m/s (풋프린트 단폭 18.8m)
[offboard_node-2] [INFO] [1785264174.280905542] [offboard_node]: WP1 도달·안정 (dist=0.0m speed=0.0m/s) → VISION_SEARCH (비전 착륙 활성)
[offboard_node-2] [INFO] [1785264174.380692331] [offboard_node]: 탐색 1회차 — 고도 25m AGL 반경 6.1→30m 링간격 12.2m 속도상한 5.0m/s (풋프린트 단폭 18.8m)
[offboard_node-2] [INFO] [1785264174.381268660] [offboard_node]: WP1 도달·안정 (dist=0.0m speed=0.0m/s) → VISION_SEARCH (비전 착륙 활성)
[telemetry_node-1] [INFO] [1785264174.393545854] [telemetry_node]: pos_ned=[2.99985474e+02 4.37708339e-03 5.00094643e+01]  yaw=0.072  armed=True  vtol=3  batt=15.30V/50%
[offboard_node-2] [INFO] [1785264174.480169715] [offboard_node]: 탐색 1회차 — 고도 25m AGL 반경 6.1→30m 링간격 12.2m 속도상한 5.0m/s (풋프린트 단폭 18.8m)
[offboard_node-2] [INFO] [1785264174.480887507] [offboard_node]: WP1 도달·안정 (dist=0.0m speed=0.0m/s) → VISION_SEARCH (비전 착륙 활성)
[offboard_node-2] [INFO] [1785264174.580091097] [offboard_node]: 탐색 1회차 — 고도 25m AGL 반경 6.1→30m 링간격 12.2m 속도상한 5.0m/s (풋프린트 단폭 18.8m)
[offboard_node-2] [INFO] [1785264174.580797480] [offboard_node]: WP1 도달·안정 (dist=0.0m speed=0.0m/s) → VISION_SEARCH (비전 착륙 활성)
[offboard_node-2] [INFO] [1785264174.680049520] [offboard_node]: 탐색 1회차 — 고도 25m AGL 반경 6.1→30m 링간격 12.2m 속도상한 5.0m/s (풋프린트 단폭 18.8m)
[offboard_node-2] [INFO] [1785264174.680807175] [offboard_node]: WP1 도달·안정 (dist=0.0m speed=0.0m/s) → VISION_SEARCH (비전 착륙 활성)
[offboard_node-2] [INFO] [1785264174.780001863] [offboard_node]: 탐색 1회차 — 고도 25m AGL 반경 6.1→30m 링간격 12.2m 속도상한 5.0m/s (풋프린트 단폭 18.8m)
[offboard_node-2] [INFO] [1785264174.780812523] [offboard_node]: WP1 도달·안정 (dist=0.0m speed=0.0m/s) → VISION_SEARCH (비전 착륙 활성)
[offboard_node-2] [INFO] [1785264174.879976020] [offboard_node]: WP1 홀드 dist=0.0m speed=0.0m/s stable=2905/10
[offboard_node-2] [INFO] [1785264174.880667903] [offboard_node]: 탐색 1회차 — 고도 25m AGL 반경 6.1→30m 링간격 12.2m 속도상한 5.0m/s (풋프린트 단폭 18.8m)
[offboard_node-2] [INFO] [1785264174.881045393] [offboard_node]: WP1 도달·안정 (dist=0.0m speed=0.0m/s) → VISION_SEARCH (비전 착륙 활성)
[offboard_node-2] [INFO] [1785264174.980069384] [offboard_node]: 탐색 1회차 — 고도 25m AGL 반경 6.1→30m 링간격 12.2m 속도상한 5.0m/s (풋프린트 단폭 18.8m)
[offboard_node-2] [INFO] [1785264174.980610769] [offboard_node]: WP1 도달·안정 (dist=0.0m speed=0.0m/s) → VISION_SEARCH (비전 착륙 활성)
[offboard_node-2] [INFO] [1785264175.080397036] [offboard_node]: 탐색 1회차 — 고도 25m AGL 반경 6.1→30m 링간격 12.2m 속도상한 5.0m/s (풋프린트 단폭 18.8m)
[offboard_node-2] [INFO] [1785264175.081075321] [offboard_node]: WP1 도달·안정 (dist=0.0m speed=0.0m/s) → VISION_SEARCH (비전 착륙 활성)
[offboard_node-2] [INFO] [1785264175.180618374] [offboard_node]: 탐색 1회차 — 고도 25m AGL 반경 6.1→30m 링간격 12.2m 속도상한 5.0m/s (풋프린트 단폭 18.8m)
[offboard_node-2] [INFO] [1785264175.181311066] [offboard_node]: WP1 도달·안정 (dist=0.0m speed=0.0m/s) → VISION_SEARCH (비전 착륙 활성)
[offboard_node-2] [INFO] [1785264175.280167218] [offboard_node]: 탐색 1회차 — 고도 25m AGL 반경 6.1→30m 링간격 12.2m 속도상한 5.0m/s (풋프린트 단폭 18.8m)
[offboard_node-2] [INFO] [1785264175.281055675] [offboard_node]: WP1 도달·안정 (dist=0.0m speed=0.0m/s) → VISION_SEARCH (비전 착륙 활성)
[offboard_node-2] [INFO] [1785264175.380171496] [offboard_node]: 탐색 1회차 — 고도 25m AGL 반경 6.1→30m 링간격 12.2m 속도상한 5.0m/s (풋프린트 단폭 18.8m)
[offboard_node-2] [INFO] [1785264175.380870483] [offboard_node]: WP1 도달·안정 (dist=0.0m speed=0.0m/s) → VISION_SEARCH (비전 착륙 활성)
[offboard_node-2] [INFO] [1785264175.480369930] [offboard_node]: 탐색 1회차 — 고도 25m AGL 반경 6.1→30m 링간격 12.2m 속도상한 5.0m/s (풋프린트 단폭 18.8m)
[offboard_node-2] [INFO] [1785264175.481289971] [offboard_node]: WP1 도달·안정 (dist=0.0m speed=0.0m/s) → VISION_SEARCH (비전 착륙 활성)
[offboard_node-2] [INFO] [1785264175.579940569] [offboard_node]: 탐색 1회차 — 고도 25m AGL 반경 6.1→30m 링간격 12.2m 속도상한 5.0m/s (풋프린트 단폭 18.8m)
[offboard_node-2] [INFO] [1785264175.580744830] [offboard_node]: WP1 도달·안정 (dist=0.0m speed=0.0m/s) → VISION_SEARCH (비전 착륙 활성)
[offboard_node-2] [INFO] [1785264175.680081774] [offboard_node]: 탐색 1회차 — 고도 25m AGL 반경 6.1→30m 링간격 12.2m 속도상한 5.0m/s (풋프린트 단폭 18.8m)
[offboard_node-2] [INFO] [1785264175.680689965] [offboard_node]: WP1 도달·안정 (dist=0.0m speed=0.0m/s) → VISION_SEARCH (비전 착륙 활성)
[offboard_node-2] [INFO] [1785264175.779980774] [offboard_node]: 탐색 1회차 — 고도 25m AGL 반경 6.1→30m 링간격 12.2m 속도상한 5.0m/s (풋프린트 단폭 18.8m)
[offboard_node-2] [INFO] [1785264175.780508012] [offboard_node]: WP1 도달·안정 (dist=0.0m speed=0.0m/s) → VISION_SEARCH (비전 착륙 활성)
[offboard_node-2] [INFO] [1785264175.880086936] [offboard_node]: 탐색 1회차 — 고도 25m AGL 반경 6.1→30m 링간격 12.2m 속도상한 5.0m/s (풋프린트 단폭 18.8m)
[offboard_node-2] [INFO] [1785264175.880657259] [offboard_node]: WP1 도달·안정 (dist=0.0m speed=0.0m/s) → VISION_SEARCH (비전 착륙 활성)
[offboard_node-2] [INFO] [1785264175.980192506] [offboard_node]: 탐색 1회차 — 고도 25m AGL 반경 6.1→30m 링간격 12.2m 속도상한 5.0m/s (풋프린트 단폭 18.8m)
[offboard_node-2] [INFO] [1785264175.981350074] [offboard_node]: WP1 도달·안정 (dist=0.0m speed=0.0m/s) → VISION_SEARCH (비전 착륙 활성)
[offboard_node-2] [INFO] [1785264176.079972753] [offboard_node]: 탐색 1회차 — 고도 25m AGL 반경 6.1→30m 링간격 12.2m 속도상한 5.0m/s (풋프린트 단폭 18.8m)
[offboard_node-2] [INFO] [1785264176.080531714] [offboard_node]: WP1 도달·안정 (dist=0.0m speed=0.0m/s) → VISION_SEARCH (비전 착륙 활성)
[offboard_node-2] [INFO] [1785264176.180424971] [offboard_node]: 탐색 1회차 — 고도 25m AGL 반경 6.1→30m 링간격 12.2m 속도상한 5.0m/s (풋프린트 단폭 18.8m)
[offboard_node-2] [INFO] [1785264176.180987914] [offboard_node]: WP1 도달·안정 (dist=0.0m speed=0.0m/s) → VISION_SEARCH (비전 착륙 활성)
[offboard_node-2] [INFO] [1785264176.280308657] [offboard_node]: 탐색 1회차 — 고도 25m AGL 반경 6.1→30m 링간격 12.2m 속도상한 5.0m/s (풋프린트 단폭 18.8m)
[offboard_node-2] [INFO] [1785264176.280896406] [offboard_node]: WP1 도달·안정 (dist=0.0m speed=0.0m/s) → VISION_SEARCH (비전 착륙 활성)
[offboard_node-2] [INFO] [1785264176.380422099] [offboard_node]: 탐색 1회차 — 고도 25m AGL 반경 6.1→30m 링간격 12.2m 속도상한 5.0m/s (풋프린트 단폭 18.8m)
[offboard_node-2] [INFO] [1785264176.381200174] [offboard_node]: WP1 도달·안정 (dist=0.0m speed=0.0m/s) → VISION_SEARCH (비전 착륙 활성)
[telemetry_node-1] [INFO] [1785264176.393039499] [telemetry_node]: pos_ned=[ 3.00000488e+02 -2.16679946e-02  4.99929123e+01]  yaw=0.071  armed=True  vtol=3  batt=15.30V/50%
[offboard_node-2] [INFO] [1785264176.480077570] [offboard_node]: 탐색 1회차 — 고도 25m AGL 반경 6.1→30m 링간격 12.2m 속도상한 5.0m/s (풋프린트 단폭 18.8m)
[offboard_node-2] [INFO] [1785264176.480673455] [offboard_node]: WP1 도달·안정 (dist=0.0m speed=0.0m/s) → VISION_SEARCH (비전 착륙 활성)
[offboard_node-2] [INFO] [1785264176.580757852] [offboard_node]: 탐색 1회차 — 고도 25m AGL 반경 6.1→30m 링간격 12.2m 속도상한 5.0m/s (풋프린트 단폭 18.8m)
[offboard_node-2] [INFO] [1785264176.581745063] [offboard_node]: WP1 도달·안정 (dist=0.0m speed=0.0m/s) → VISION_SEARCH (비전 착륙 활성)
[offboard_node-2] [INFO] [1785264176.680491786] [offboard_node]: 탐색 1회차 — 고도 25m AGL 반경 6.1→30m 링간격 12.2m 속도상한 5.0m/s (풋프린트 단폭 18.8m)
[offboard_node-2] [INFO] [1785264176.682067076] [offboard_node]: WP1 도달·안정 (dist=0.0m speed=0.0m/s) → VISION_SEARCH (비전 착륙 활성)
[offboard_node-2] [INFO] [1785264176.780460376] [offboard_node]: 탐색 1회차 — 고도 25m AGL 반경 6.1→30m 링간격 12.2m 속도상한 5.0m/s (풋프린트 단폭 18.8m)
[offboard_node-2] [INFO] [1785264176.781252106] [offboard_node]: WP1 도달·안정 (dist=0.0m speed=0.0m/s) → VISION_SEARCH (비전 착륙 활성)
[offboard_node-2] [INFO] [1785264176.880309725] [offboard_node]: WP1 홀드 dist=0.0m speed=0.0m/s stable=2925/10
[offboard_node-2] [INFO] [1785264176.880950083] [offboard_node]: 탐색 1회차 — 고도 25m AGL 반경 6.1→30m 링간격 12.2m 속도상한 5.0m/s (풋프린트 단폭 18.8m)
[offboard_node-2] [INFO] [1785264176.881380225] [offboard_node]: WP1 도달·안정 (dist=0.0m speed=0.0m/s) → VISION_SEARCH (비전 착륙 활성)
[offboard_node-2] [INFO] [1785264176.980423890] [offboard_node]: 탐색 1회차 — 고도 25m AGL 반경 6.1→30m 링간격 12.2m 속도상한 5.0m/s (풋프린트 단폭 18.8m)
[offboard_node-2] [INFO] [1785264176.980966239] [offboard_node]: WP1 도달·안정 (dist=0.0m speed=0.0m/s) → VISION_SEARCH (비전 착륙 활성)
[offboard_node-2] [INFO] [1785264177.080673387] [offboard_node]: 탐색 1회차 — 고도 25m AGL 반경 6.1→30m 링간격 12.2m 속도상한 5.0m/s (풋프린트 단폭 18.8m)
[offboard_node-2] [INFO] [1785264177.081373393] [offboard_node]: WP1 도달·안정 (dist=0.0m speed=0.0m/s) → VISION_SEARCH (비전 착륙 활성)
[offboard_node-2] [INFO] [1785264177.180426479] [offboard_node]: 탐색 1회차 — 고도 25m AGL 반경 6.1→30m 링간격 12.2m 속도상한 5.0m/s (풋프린트 단폭 18.8m)
[offboard_node-2] [INFO] [1785264177.181012069] [offboard_node]: WP1 도달·안정 (dist=0.0m speed=0.0m/s) → VISION_SEARCH (비전 착륙 활성)
[offboard_node-2] [INFO] [1785264177.280564389] [offboard_node]: 탐색 1회차 — 고도 25m AGL 반경 6.1→30m 링간격 12.2m 속도상한 5.0m/s (풋프린트 단폭 18.8m)
[offboard_node-2] [INFO] [1785264177.281181891] [offboard_node]: WP1 도달·안정 (dist=0.0m speed=0.0m/s) → VISION_SEARCH (비전 착륙 활성)
[offboard_node-2] [INFO] [1785264177.380072043] [offboard_node]: 탐색 1회차 — 고도 25m AGL 반경 6.1→30m 링간격 12.2m 속도상한 5.0m/s (풋프린트 단폭 18.8m)
[offboard_node-2] [INFO] [1785264177.380600549] [offboard_node]: WP1 도달·안정 (dist=0.0m speed=0.0m/s) → VISION_SEARCH (비전 착륙 활성)
[offboard_node-2] [INFO] [1785264177.480229381] [offboard_node]: 탐색 1회차 — 고도 25m AGL 반경 6.1→30m 링간격 12.2m 속도상한 5.0m/s (풋프린트 단폭 18.8m)
[offboard_node-2] [INFO] [1785264177.480700982] [offboard_node]: WP1 도달·안정 (dist=0.0m speed=0.0m/s) → VISION_SEARCH (비전 착륙 활성)
[offboard_node-2] [INFO] [1785264177.580361151] [offboard_node]: 탐색 1회차 — 고도 25m AGL 반경 6.1→30m 링간격 12.2m 속도상한 5.0m/s (풋프린트 단폭 18.8m)
[offboard_node-2] [INFO] [1785264177.581062329] [offboard_node]: WP1 도달·안정 (dist=0.0m speed=0.0m/s) → VISION_SEARCH (비전 착륙 활성)
[offboard_node-2] [INFO] [1785264177.680417497] [offboard_node]: 탐색 1회차 — 고도 25m AGL 반경 6.1→30m 링간격 12.2m 속도상한 5.0m/s (풋프린트 단폭 18.8m)
[offboard_node-2] [INFO] [1785264177.681106488] [offboard_node]: WP1 도달·안정 (dist=0.0m speed=0.0m/s) → VISION_SEARCH (비전 착륙 활성)
[offboard_node-2] [INFO] [1785264177.780752490] [offboard_node]: 탐색 1회차 — 고도 25m AGL 반경 6.1→30m 링간격 12.2m 속도상한 5.0m/s (풋프린트 단폭 18.8m)
[offboard_node-2] [INFO] [1785264177.781404410] [offboard_node]: WP1 도달·안정 (dist=0.0m speed=0.0m/s) → VISION_SEARCH (비전 착륙 활성)
[offboard_node-2] [INFO] [1785264177.880787547] [offboard_node]: 탐색 1회차 — 고도 25m AGL 반경 6.1→30m 링간격 12.2m 속도상한 5.0m/s (풋프린트 단폭 18.8m)
[offboard_node-2] [INFO] [1785264177.881471073] [offboard_node]: WP1 도달·안정 (dist=0.0m speed=0.0m/s) → VISION_SEARCH (비전 착륙 활성)
[offboard_node-2] [INFO] [1785264177.980150844] [offboard_node]: 탐색 1회차 — 고도 25m AGL 반경 6.1→30m 링간격 12.2m 속도상한 5.0m/s (풋프린트 단폭 18.8m)
[offboard_node-2] [INFO] [1785264177.980696611] [offboard_node]: WP1 도달·안정 (dist=0.0m speed=0.0m/s) → VISION_SEARCH (비전 착륙 활성)
[offboard_node-2] [INFO] [1785264178.080041499] [offboard_node]: 탐색 1회차 — 고도 25m AGL 반경 6.1→30m 링간격 12.2m 속도상한 5.0m/s (풋프린트 단폭 18.8m)
[offboard_node-2] [INFO] [1785264178.080449782] [offboard_node]: WP1 도달·안정 (dist=0.0m speed=0.0m/s) → VISION_SEARCH (비전 착륙 활성)
[offboard_node-2] [INFO] [1785264178.180206989] [offboard_node]: 탐색 1회차 — 고도 25m AGL 반경 6.1→30m 링간격 12.2m 속도상한 5.0m/s (풋프린트 단폭 18.8m)
[offboard_node-2] [INFO] [1785264178.180725857] [offboard_node]: WP1 도달·안정 (dist=0.0m speed=0.0m/s) → VISION_SEARCH (비전 착륙 활성)
[offboard_node-2] [INFO] [1785264178.280339088] [offboard_node]: 탐색 1회차 — 고도 25m AGL 반경 6.1→30m 링간격 12.2m 속도상한 5.0m/s (풋프린트 단폭 18.8m)
[offboard_node-2] [INFO] [1785264178.280801570] [offboard_node]: WP1 도달·안정 (dist=0.0m speed=0.0m/s) → VISION_SEARCH (비전 착륙 활성)
[offboard_node-2] [INFO] [1785264178.380122940] [offboard_node]: 탐색 1회차 — 고도 25m AGL 반경 6.1→30m 링간격 12.2m 속도상한 5.0m/s (풋프린트 단폭 18.8m)
[offboard_node-2] [INFO] [1785264178.380618663] [offboard_node]: WP1 도달·안정 (dist=0.0m speed=0.0m/s) → VISION_SEARCH (비전 착륙 활성)
[telemetry_node-1] [INFO] [1785264178.393486910] [telemetry_node]: pos_ned=[2.99991119e+02 6.91624358e-03 4.99957390e+01]  yaw=0.071  armed=True  vtol=3  batt=15.30V/50%
[offboard_node-2] [INFO] [1785264178.480390839] [offboard_node]: 탐색 1회차 — 고도 25m AGL 반경 6.1→30m 링간격 12.2m 속도상한 5.0m/s (풋프린트 단폭 18.8m)
[offboard_node-2] [INFO] [1785264178.480899106] [offboard_node]: WP1 도달·안정 (dist=0.0m speed=0.0m/s) → VISION_SEARCH (비전 착륙 활성)
[offboard_node-2] [INFO] [1785264178.580326990] [offboard_node]: 탐색 1회차 — 고도 25m AGL 반경 6.1→30m 링간격 12.2m 속도상한 5.0m/s (풋프린트 단폭 18.8m)
[offboard_node-2] [INFO] [1785264178.580864329] [offboard_node]: WP1 도달·안정 (dist=0.0m speed=0.0m/s) → VISION_SEARCH (비전 착륙 활성)
[offboard_node-2] [INFO] [1785264178.680456778] [offboard_node]: 탐색 1회차 — 고도 25m AGL 반경 6.1→30m 링간격 12.2m 속도상한 5.0m/s (풋프린트 단폭 18.8m)
[offboard_node-2] [INFO] [1785264178.681011515] [offboard_node]: WP1 도달·안정 (dist=0.0m speed=0.0m/s) → VISION_SEARCH (비전 착륙 활성)
[offboard_node-2] [INFO] [1785264178.780069843] [offboard_node]: 탐색 1회차 — 고도 25m AGL 반경 6.1→30m 링간격 12.2m 속도상한 5.0m/s (풋프린트 단폭 18.8m)
[offboard_node-2] [INFO] [1785264178.780613386] [offboard_node]: WP1 도달·안정 (dist=0.0m speed=0.0m/s) → VISION_SEARCH (비전 착륙 활성)
[offboard_node-2] [INFO] [1785264178.879980753] [offboard_node]: WP1 홀드 dist=0.0m speed=0.0m/s stable=2945/10
[offboard_node-2] [INFO] [1785264178.880508341] [offboard_node]: 탐색 1회차 — 고도 25m AGL 반경 6.1→30m 링간격 12.2m 속도상한 5.0m/s (풋프린트 단폭 18.8m)
[offboard_node-2] [INFO] [1785264178.880906914] [offboard_node]: WP1 도달·안정 (dist=0.0m speed=0.0m/s) → VISION_SEARCH (비전 착륙 활성)
[offboard_node-2] [INFO] [1785264178.980403809] [offboard_node]: 탐색 1회차 — 고도 25m AGL 반경 6.1→30m 링간격 12.2m 속도상한 5.0m/s (풋프린트 단폭 18.8m)
[offboard_node-2] [INFO] [1785264178.981065428] [offboard_node]: WP1 도달·안정 (dist=0.0m speed=0.0m/s) → VISION_SEARCH (비전 착륙 활성)
[offboard_node-2] [INFO] [1785264179.080626568] [offboard_node]: 탐색 1회차 — 고도 25m AGL 반경 6.1→30m 링간격 12.2m 속도상한 5.0m/s (풋프린트 단폭 18.8m)
[offboard_node-2] [INFO] [1785264179.081484082] [offboard_node]: WP1 도달·안정 (dist=0.0m speed=0.0m/s) → VISION_SEARCH (비전 착륙 활성)
[offboard_node-2] [INFO] [1785264179.180591966] [offboard_node]: 탐색 1회차 — 고도 25m AGL 반경 6.1→30m 링간격 12.2m 속도상한 5.0m/s (풋프린트 단폭 18.8m)
[offboard_node-2] [INFO] [1785264179.181115141] [offboard_node]: WP1 도달·안정 (dist=0.0m speed=0.0m/s) → VISION_SEARCH (비전 착륙 활성)
[offboard_node-2] [INFO] [1785264179.280568187] [offboard_node]: 탐색 1회차 — 고도 25m AGL 반경 6.1→30m 링간격 12.2m 속도상한 5.0m/s (풋프린트 단폭 18.8m)
[offboard_node-2] [INFO] [1785264179.282044135] [offboard_node]: WP1 도달·안정 (dist=0.0m speed=0.0m/s) → VISION_SEARCH (비전 착륙 활성)
[offboard_node-2] [INFO] [1785264179.380358731] [offboard_node]: 탐색 1회차 — 고도 25m AGL 반경 6.1→30m 링간격 12.2m 속도상한 5.0m/s (풋프린트 단폭 18.8m)
[offboard_node-2] [INFO] [1785264179.380916486] [offboard_node]: WP1 도달·안정 (dist=0.0m speed=0.0m/s) → VISION_SEARCH (비전 착륙 활성)
[offboard_node-2] [INFO] [1785264179.480487519] [offboard_node]: 탐색 1회차 — 고도 25m AGL 반경 6.1→30m 링간격 12.2m 속도상한 5.0m/s (풋프린트 단폭 18.8m)
[offboard_node-2] [INFO] [1785264179.481101106] [offboard_node]: WP1 도달·안정 (dist=0.0m speed=0.0m/s) → VISION_SEARCH (비전 착륙 활성)
[offboard_node-2] [INFO] [1785264179.580380320] [offboard_node]: 탐색 1회차 — 고도 25m AGL 반경 6.1→30m 링간격 12.2m 속도상한 5.0m/s (풋프린트 단폭 18.8m)
[offboard_node-2] [INFO] [1785264179.580840308] [offboard_node]: WP1 도달·안정 (dist=0.0m speed=0.0m/s) → VISION_SEARCH (비전 착륙 활성)
[offboard_node-2] [INFO] [1785264179.680255243] [offboard_node]: 탐색 1회차 — 고도 25m AGL 반경 6.1→30m 링간격 12.2m 속도상한 5.0m/s (풋프린트 단폭 18.8m)
[offboard_node-2] [INFO] [1785264179.680952669] [offboard_node]: WP1 도달·안정 (dist=0.0m speed=0.0m/s) → VISION_SEARCH (비전 착륙 활성)
[offboard_node-2] [INFO] [1785264179.780179261] [offboard_node]: 탐색 1회차 — 고도 25m AGL 반경 6.1→30m 링간격 12.2m 속도상한 5.0m/s (풋프린트 단폭 18.8m)
[offboard_node-2] [INFO] [1785264179.780613446] [offboard_node]: WP1 도달·안정 (dist=0.0m speed=0.0m/s) → VISION_SEARCH (비전 착륙 활성)
[offboard_node-2] [INFO] [1785264179.880101977] [offboard_node]: 탐색 1회차 — 고도 25m AGL 반경 6.1→30m 링간격 12.2m 속도상한 5.0m/s (풋프린트 단폭 18.8m)
[offboard_node-2] [INFO] [1785264179.880622507] [offboard_node]: WP1 도달·안정 (dist=0.0m speed=0.0m/s) → VISION_SEARCH (비전 착륙 활성)
[offboard_node-2] [INFO] [1785264179.984380787] [offboard_node]: 탐색 1회차 — 고도 25m AGL 반경 6.1→30m 링간격 12.2m 속도상한 5.0m/s (풋프린트 단폭 18.8m)
[offboard_node-2] [INFO] [1785264179.985092815] [offboard_node]: WP1 도달·안정 (dist=0.0m speed=0.0m/s) → VISION_SEARCH (비전 착륙 활성)
[offboard_node-2] [INFO] [1785264180.080646777] [offboard_node]: 탐색 1회차 — 고도 25m AGL 반경 6.1→30m 링간격 12.2m 속도상한 5.0m/s (풋프린트 단폭 18.8m)
[offboard_node-2] [INFO] [1785264180.081229622] [offboard_node]: WP1 도달·안정 (dist=0.0m speed=0.0m/s) → VISION_SEARCH (비전 착륙 활성)
[offboard_node-2] [INFO] [1785264180.180844105] [offboard_node]: 탐색 1회차 — 고도 25m AGL 반경 6.1→30m 링간격 12.2m 속도상한 5.0m/s (풋프린트 단폭 18.8m)
[offboard_node-2] [INFO] [1785264180.181545553] [offboard_node]: WP1 도달·안정 (dist=0.0m speed=0.0m/s) → VISION_SEARCH (비전 착륙 활성)
[offboard_node-2] [INFO] [1785264180.280177075] [offboard_node]: 탐색 1회차 — 고도 25m AGL 반경 6.1→30m 링간격 12.2m 속도상한 5.0m/s (풋프린트 단폭 18.8m)
[offboard_node-2] [INFO] [1785264180.280731804] [offboard_node]: WP1 도달·안정 (dist=0.0m speed=0.0m/s) → VISION_SEARCH (비전 착륙 활성)
[offboard_node-2] [INFO] [1785264180.380252841] [offboard_node]: 탐색 1회차 — 고도 25m AGL 반경 6.1→30m 링간격 12.2m 속도상한 5.0m/s (풋프린트 단폭 18.8m)
[offboard_node-2] [INFO] [1785264180.380712111] [offboard_node]: WP1 도달·안정 (dist=0.0m speed=0.0m/s) → VISION_SEARCH (비전 착륙 활성)
[telemetry_node-1] [INFO] [1785264180.393236816] [telemetry_node]: pos_ned=[2.99979431e+02 2.31821723e-02 5.00001335e+01]  yaw=0.071  armed=True  vtol=3  batt=15.30V/50%
[offboard_node-2] [INFO] [1785264180.480719022] [offboard_node]: 탐색 1회차 — 고도 25m AGL 반경 6.1→30m 링간격 12.2m 속도상한 5.0m/s (풋프린트 단폭 18.8m)
[offboard_node-2] [INFO] [1785264180.481450181] [offboard_node]: WP1 도달·안정 (dist=0.0m speed=0.0m/s) → VISION_SEARCH (비전 착륙 활성)
[offboard_node-2] [INFO] [1785264180.580303963] [offboard_node]: 탐색 1회차 — 고도 25m AGL 반경 6.1→30m 링간격 12.2m 속도상한 5.0m/s (풋프린트 단폭 18.8m)
[offboard_node-2] [INFO] [1785264180.580903274] [offboard_node]: WP1 도달·안정 (dist=0.0m speed=0.0m/s) → VISION_SEARCH (비전 착륙 활성)
[offboard_node-2] [INFO] [1785264180.684640962] [offboard_node]: 탐색 1회차 — 고도 25m AGL 반경 6.1→30m 링간격 12.2m 속도상한 5.0m/s (풋프린트 단폭 18.8m)
[offboard_node-2] [INFO] [1785264180.685238032] [offboard_node]: WP1 도달·안정 (dist=0.0m speed=0.0m/s) → VISION_SEARCH (비전 착륙 활성)
[offboard_node-2] [INFO] [1785264180.780504792] [offboard_node]: 탐색 1회차 — 고도 25m AGL 반경 6.1→30m 링간격 12.2m 속도상한 5.0m/s (풋프린트 단폭 18.8m)
[offboard_node-2] [INFO] [1785264180.781138573] [offboard_node]: WP1 도달·안정 (dist=0.0m speed=0.0m/s) → VISION_SEARCH (비전 착륙 활성)
[offboard_node-2] [INFO] [1785264180.880521397] [offboard_node]: WP1 홀드 dist=0.0m speed=0.0m/s stable=2965/10
[offboard_node-2] [INFO] [1785264180.881191628] [offboard_node]: 탐색 1회차 — 고도 25m AGL 반경 6.1→30m 링간격 12.2m 속도상한 5.0m/s (풋프린트 단폭 18.8m)
[offboard_node-2] [INFO] [1785264180.881641606] [offboard_node]: WP1 도달·안정 (dist=0.0m speed=0.0m/s) → VISION_SEARCH (비전 착륙 활성)
[offboard_node-2] [INFO] [1785264180.980153743] [offboard_node]: 탐색 1회차 — 고도 25m AGL 반경 6.1→30m 링간격 12.2m 속도상한 5.0m/s (풋프린트 단폭 18.8m)
[offboard_node-2] [INFO] [1785264180.980722580] [offboard_node]: WP1 도달·안정 (dist=0.0m speed=0.0m/s) → VISION_SEARCH (비전 착륙 활성)
[offboard_node-2] [INFO] [1785264181.080620793] [offboard_node]: 탐색 1회차 — 고도 25m AGL 반경 6.1→30m 링간격 12.2m 속도상한 5.0m/s (풋프린트 단폭 18.8m)
[offboard_node-2] [INFO] [1785264181.081302826] [offboard_node]: WP1 도달·안정 (dist=0.0m speed=0.0m/s) → VISION_SEARCH (비전 착륙 활성)
[offboard_node-2] [INFO] [1785264181.181340185] [offboard_node]: 탐색 1회차 — 고도 25m AGL 반경 6.1→30m 링간격 12.2m 속도상한 5.0m/s (풋프린트 단폭 18.8m)
[offboard_node-2] [INFO] [1785264181.181728398] [offboard_node]: WP1 도달·안정 (dist=0.0m speed=0.0m/s) → VISION_SEARCH (비전 착륙 활성)
[offboard_node-2] [INFO] [1785264181.280309785] [offboard_node]: 탐색 1회차 — 고도 25m AGL 반경 6.1→30m 링간격 12.2m 속도상한 5.0m/s (풋프린트 단폭 18.8m)
[offboard_node-2] [INFO] [1785264181.280802404] [offboard_node]: WP1 도달·안정 (dist=0.0m speed=0.0m/s) → VISION_SEARCH (비전 착륙 활성)
[offboard_node-2] [INFO] [1785264181.380156854] [offboard_node]: 탐색 1회차 — 고도 25m AGL 반경 6.1→30m 링간격 12.2m 속도상한 5.0m/s (풋프린트 단폭 18.8m)
[offboard_node-2] [INFO] [1785264181.380621326] [offboard_node]: WP1 도달·안정 (dist=0.0m speed=0.0m/s) → VISION_SEARCH (비전 착륙 활성)
[offboard_node-2] [INFO] [1785264181.480566971] [offboard_node]: 탐색 1회차 — 고도 25m AGL 반경 6.1→30m 링간격 12.2m 속도상한 5.0m/s (풋프린트 단폭 18.8m)
[offboard_node-2] [INFO] [1785264181.481208848] [offboard_node]: WP1 도달·안정 (dist=0.0m speed=0.0m/s) → VISION_SEARCH (비전 착륙 활성)
[offboard_node-2] [INFO] [1785264181.580207683] [offboard_node]: 탐색 1회차 — 고도 25m AGL 반경 6.1→30m 링간격 12.2m 속도상한 5.0m/s (풋프린트 단폭 18.8m)
[offboard_node-2] [INFO] [1785264181.580946975] [offboard_node]: WP1 도달·안정 (dist=0.0m speed=0.0m/s) → VISION_SEARCH (비전 착륙 활성)
[offboard_node-2] [INFO] [1785264181.680386258] [offboard_node]: 탐색 1회차 — 고도 25m AGL 반경 6.1→30m 링간격 12.2m 속도상한 5.0m/s (풋프린트 단폭 18.8m)
[offboard_node-2] [INFO] [1785264181.680975084] [offboard_node]: WP1 도달·안정 (dist=0.0m speed=0.0m/s) → VISION_SEARCH (비전 착륙 활성)
[offboard_node-2] [INFO] [1785264181.780546543] [offboard_node]: 탐색 1회차 — 고도 25m AGL 반경 6.1→30m 링간격 12.2m 속도상한 5.0m/s (풋프린트 단폭 18.8m)
[offboard_node-2] [INFO] [1785264181.781178398] [offboard_node]: WP1 도달·안정 (dist=0.0m speed=0.0m/s) → VISION_SEARCH (비전 착륙 활성)
[offboard_node-2] [INFO] [1785264181.880387845] [offboard_node]: 탐색 1회차 — 고도 25m AGL 반경 6.1→30m 링간격 12.2m 속도상한 5.0m/s (풋프린트 단폭 18.8m)
[offboard_node-2] [INFO] [1785264181.880936265] [offboard_node]: WP1 도달·안정 (dist=0.0m speed=0.0m/s) → VISION_SEARCH (비전 착륙 활성)
[offboard_node-2] [INFO] [1785264181.980499672] [offboard_node]: 탐색 1회차 — 고도 25m AGL 반경 6.1→30m 링간격 12.2m 속도상한 5.0m/s (풋프린트 단폭 18.8m)
[offboard_node-2] [INFO] [1785264181.981753639] [offboard_node]: WP1 도달·안정 (dist=0.0m speed=0.0m/s) → VISION_SEARCH (비전 착륙 활성)
[offboard_node-2] [INFO] [1785264182.080416598] [offboard_node]: 탐색 1회차 — 고도 25m AGL 반경 6.1→30m 링간격 12.2m 속도상한 5.0m/s (풋프린트 단폭 18.8m)
[offboard_node-2] [INFO] [1785264182.080976678] [offboard_node]: WP1 도달·안정 (dist=0.0m speed=0.0m/s) → VISION_SEARCH (비전 착륙 활성)
[offboard_node-2] [INFO] [1785264182.180835561] [offboard_node]: 탐색 1회차 — 고도 25m AGL 반경 6.1→30m 링간격 12.2m 속도상한 5.0m/s (풋프린트 단폭 18.8m)
[offboard_node-2] [INFO] [1785264182.181524707] [offboard_node]: WP1 도달·안정 (dist=0.0m speed=0.0m/s) → VISION_SEARCH (비전 착륙 활성)
[offboard_node-2] [INFO] [1785264182.281143707] [offboard_node]: 탐색 1회차 — 고도 25m AGL 반경 6.1→30m 링간격 12.2m 속도상한 5.0m/s (풋프린트 단폭 18.8m)
[offboard_node-2] [INFO] [1785264182.281907979] [offboard_node]: WP1 도달·안정 (dist=0.0m speed=0.0m/s) → VISION_SEARCH (비전 착륙 활성)
[offboard_node-2] [INFO] [1785264182.381369874] [offboard_node]: 탐색 1회차 — 고도 25m AGL 반경 6.1→30m 링간격 12.2m 속도상한 5.0m/s (풋프린트 단폭 18.8m)
[offboard_node-2] [INFO] [1785264182.391823851] [offboard_node]: WP1 도달·안정 (dist=0.0m speed=0.0m/s) → VISION_SEARCH (비전 착륙 활성)
[telemetry_node-1] [INFO] [1785264182.394101753] [telemetry_node]: pos_ned=[3.00012268e+02 3.11041181e-03 5.00128822e+01]  yaw=0.071  armed=True  vtol=3  batt=15.30V/50%
[offboard_node-2] [INFO] [1785264182.486981538] [offboard_node]: 탐색 1회차 — 고도 25m AGL 반경 6.1→30m 링간격 12.2m 속도상한 5.0m/s (풋프린트 단폭 18.8m)
[offboard_node-2] [INFO] [1785264182.487988103] [offboard_node]: WP1 도달·안정 (dist=0.0m speed=0.0m/s) → VISION_SEARCH (비전 착륙 활성)
[offboard_node-2] [INFO] [1785264182.582986049] [offboard_node]: 탐색 1회차 — 고도 25m AGL 반경 6.1→30m 링간격 12.2m 속도상한 5.0m/s (풋프린트 단폭 18.8m)
[offboard_node-2] [INFO] [1785264182.584025564] [offboard_node]: WP1 도달·안정 (dist=0.0m speed=0.0m/s) → VISION_SEARCH (비전 착륙 활성)
[offboard_node-2] [INFO] [1785264182.706731000] [offboard_node]: 탐색 1회차 — 고도 25m AGL 반경 6.1→30m 링간격 12.2m 속도상한 5.0m/s (풋프린트 단폭 18.8m)
[offboard_node-2] [INFO] [1785264182.707963708] [offboard_node]: WP1 도달·안정 (dist=0.0m speed=0.0m/s) → VISION_SEARCH (비전 착륙 활성)
[offboard_node-2] [INFO] [1785264182.791144836] [offboard_node]: 탐색 1회차 — 고도 25m AGL 반경 6.1→30m 링간격 12.2m 속도상한 5.0m/s (풋프린트 단폭 18.8m)
[offboard_node-2] [INFO] [1785264182.792205906] [offboard_node]: WP1 도달·안정 (dist=0.0m speed=0.0m/s) → VISION_SEARCH (비전 착륙 활성)
[offboard_node-2] [INFO] [1785264182.886734517] [offboard_node]: WP1 홀드 dist=0.0m speed=0.0m/s stable=2985/10
[offboard_node-2] [INFO] [1785264182.890471758] [offboard_node]: 탐색 1회차 — 고도 25m AGL 반경 6.1→30m 링간격 12.2m 속도상한 5.0m/s (풋프린트 단폭 18.8m)
[offboard_node-2] [INFO] [1785264182.893204740] [offboard_node]: WP1 도달·안정 (dist=0.0m speed=0.0m/s) → VISION_SEARCH (비전 착륙 활성)
[offboard_node-2] [INFO] [1785264182.984951026] [offboard_node]: 탐색 1회차 — 고도 25m AGL 반경 6.1→30m 링간격 12.2m 속도상한 5.0m/s (풋프린트 단폭 18.8m)
[offboard_node-2] [INFO] [1785264182.988450869] [offboard_node]: WP1 도달·안정 (dist=0.0m speed=0.0m/s) → VISION_SEARCH (비전 착륙 활성)
[offboard_node-2] [INFO] [1785264183.086097779] [offboard_node]: 탐색 1회차 — 고도 25m AGL 반경 6.1→30m 링간격 12.2m 속도상한 5.0m/s (풋프린트 단폭 18.8m)
[offboard_node-2] [INFO] [1785264183.087487475] [offboard_node]: WP1 도달·안정 (dist=0.0m speed=0.0m/s) → VISION_SEARCH (비전 착륙 활성)
[offboard_node-2] [INFO] [1785264183.190697633] [offboard_node]: 탐색 1회차 — 고도 25m AGL 반경 6.1→30m 링간격 12.2m 속도상한 5.0m/s (풋프린트 단폭 18.8m)
[offboard_node-2] [INFO] [1785264183.193464780] [offboard_node]: WP1 도달·안정 (dist=0.0m speed=0.0m/s) → VISION_SEARCH (비전 착륙 활성)
[offboard_node-2] [INFO] [1785264183.282678616] [offboard_node]: 탐색 1회차 — 고도 25m AGL 반경 6.1→30m 링간격 12.2m 속도상한 5.0m/s (풋프린트 단폭 18.8m)
[offboard_node-2] [INFO] [1785264183.283866328] [offboard_node]: WP1 도달·안정 (dist=0.0m speed=0.0m/s) → VISION_SEARCH (비전 착륙 활성)
[offboard_node-2] [INFO] [1785264183.384645666] [offboard_node]: 탐색 1회차 — 고도 25m AGL 반경 6.1→30m 링간격 12.2m 속도상한 5.0m/s (풋프린트 단폭 18.8m)
[offboard_node-2] [INFO] [1785264183.385763708] [offboard_node]: WP1 도달·안정 (dist=0.0m speed=0.0m/s) → VISION_SEARCH (비전 착륙 활성)
[offboard_node-2] [INFO] [1785264183.492676652] [offboard_node]: 탐색 1회차 — 고도 25m AGL 반경 6.1→30m 링간격 12.2m 속도상한 5.0m/s (풋프린트 단폭 18.8m)
[offboard_node-2] [INFO] [1785264183.494094816] [offboard_node]: WP1 도달·안정 (dist=0.0m speed=0.0m/s) → VISION_SEARCH (비전 착륙 활성)
[offboard_node-2] [INFO] [1785264183.607405786] [offboard_node]: 탐색 1회차 — 고도 25m AGL 반경 6.1→30m 링간격 12.2m 속도상한 5.0m/s (풋프린트 단폭 18.8m)
[offboard_node-2] [INFO] [1785264183.608787351] [offboard_node]: WP1 도달·안정 (dist=0.0m speed=0.0m/s) → VISION_SEARCH (비전 착륙 활성)
[offboard_node-2] [INFO] [1785264183.706369367] [offboard_node]: 탐색 1회차 — 고도 25m AGL 반경 6.1→30m 링간격 12.2m 속도상한 5.0m/s (풋프린트 단폭 18.8m)
[offboard_node-2] [INFO] [1785264183.710435336] [offboard_node]: WP1 도달·안정 (dist=0.0m speed=0.0m/s) → VISION_SEARCH (비전 착륙 활성)
[offboard_node-2] [INFO] [1785264183.781965927] [offboard_node]: 탐색 1회차 — 고도 25m AGL 반경 6.1→30m 링간격 12.2m 속도상한 5.0m/s (풋프린트 단폭 18.8m)
[offboard_node-2] [INFO] [1785264183.783153944] [offboard_node]: WP1 도달·안정 (dist=0.0m speed=0.0m/s) → VISION_SEARCH (비전 착륙 활성)
[offboard_node-2] [INFO] [1785264183.884141808] [offboard_node]: 탐색 1회차 — 고도 25m AGL 반경 6.1→30m 링간격 12.2m 속도상한 5.0m/s (풋프린트 단폭 18.8m)
[offboard_node-2] [INFO] [1785264183.885424294] [offboard_node]: WP1 도달·안정 (dist=0.0m speed=0.0m/s) → VISION_SEARCH (비전 착륙 활성)
[offboard_node-2] [INFO] [1785264183.989517107] [offboard_node]: 탐색 1회차 — 고도 25m AGL 반경 6.1→30m 링간격 12.2m 속도상한 5.0m/s (풋프린트 단폭 18.8m)
[offboard_node-2] [INFO] [1785264183.991350927] [offboard_node]: WP1 도달·안정 (dist=0.0m speed=0.0m/s) → VISION_SEARCH (비전 착륙 활성)
[offboard_node-2] [INFO] [1785264184.086705781] [offboard_node]: 탐색 1회차 — 고도 25m AGL 반경 6.1→30m 링간격 12.2m 속도상한 5.0m/s (풋프린트 단폭 18.8m)
[offboard_node-2] [INFO] [1785264184.088794971] [offboard_node]: WP1 도달·안정 (dist=0.0m speed=0.0m/s) → VISION_SEARCH (비전 착륙 활성)
[offboard_node-2] [INFO] [1785264184.191056505] [offboard_node]: 탐색 1회차 — 고도 25m AGL 반경 6.1→30m 링간격 12.2m 속도상한 5.0m/s (풋프린트 단폭 18.8m)
[offboard_node-2] [INFO] [1785264184.213927359] [offboard_node]: WP1 도달·안정 (dist=0.0m speed=0.0m/s) → VISION_SEARCH (비전 착륙 활성)
[offboard_node-2] [INFO] [1785264184.290252308] [offboard_node]: 탐색 1회차 — 고도 25m AGL 반경 6.1→30m 링간격 12.2m 속도상한 5.0m/s (풋프린트 단폭 18.8m)
[offboard_node-2] [INFO] [1785264184.305027187] [offboard_node]: WP1 도달·안정 (dist=0.0m speed=0.0m/s) → VISION_SEARCH (비전 착륙 활성)
[offboard_node-2] [INFO] [1785264184.396061909] [offboard_node]: 탐색 1회차 — 고도 25m AGL 반경 6.1→30m 링간격 12.2m 속도상한 5.0m/s (풋프린트 단폭 18.8m)
[telemetry_node-1] [INFO] [1785264184.398498465] [telemetry_node]: pos_ned=[3.00013184e+02 9.92364995e-03 5.00509605e+01]  yaw=0.071  armed=True  vtol=3  batt=15.30V/50%
[offboard_node-2] [INFO] [1785264184.399207106] [offboard_node]: WP1 도달·안정 (dist=0.0m speed=0.0m/s) → VISION_SEARCH (비전 착륙 활성)
[offboard_node-2] [INFO] [1785264184.493467445] [offboard_node]: 탐색 1회차 — 고도 25m AGL 반경 6.1→30m 링간격 12.2m 속도상한 5.0m/s (풋프린트 단폭 18.8m)
[offboard_node-2] [INFO] [1785264184.496500897] [offboard_node]: WP1 도달·안정 (dist=0.0m speed=0.0m/s) → VISION_SEARCH (비전 착륙 활성)
[offboard_node-2] [INFO] [1785264184.585545513] [offboard_node]: 탐색 1회차 — 고도 25m AGL 반경 6.1→30m 링간격 12.2m 속도상한 5.0m/s (풋프린트 단폭 18.8m)
[offboard_node-2] [INFO] [1785264184.589186148] [offboard_node]: WP1 도달·안정 (dist=0.0m speed=0.0m/s) → VISION_SEARCH (비전 착륙 활성)
[offboard_node-2] [INFO] [1785264184.683764071] [offboard_node]: 탐색 1회차 — 고도 25m AGL 반경 6.1→30m 링간격 12.2m 속도상한 5.0m/s (풋프린트 단폭 18.8m)
[offboard_node-2] [INFO] [1785264184.687094314] [offboard_node]: WP1 도달·안정 (dist=0.0m speed=0.0m/s) → VISION_SEARCH (비전 착륙 활성)
[offboard_node-2] [INFO] [1785264184.791157451] [offboard_node]: 탐색 1회차 — 고도 25m AGL 반경 6.1→30m 링간격 12.2m 속도상한 5.0m/s (풋프린트 단폭 18.8m)
[offboard_node-2] [INFO] [1785264184.801652699] [offboard_node]: WP1 도달·안정 (dist=0.0m speed=0.0m/s) → VISION_SEARCH (비전 착륙 활성)
[offboard_node-2] [INFO] [1785264184.892954167] [offboard_node]: WP1 홀드 dist=0.0m speed=0.0m/s stable=3005/10
[offboard_node-2] [INFO] [1785264184.896047613] [offboard_node]: 탐색 1회차 — 고도 25m AGL 반경 6.1→30m 링간격 12.2m 속도상한 5.0m/s (풋프린트 단폭 18.8m)
[offboard_node-2] [INFO] [1785264184.898770521] [offboard_node]: WP1 도달·안정 (dist=0.0m speed=0.0m/s) → VISION_SEARCH (비전 착륙 활성)
[offboard_node-2] [INFO] [1785264184.986524276] [offboard_node]: 탐색 1회차 — 고도 25m AGL 반경 6.1→30m 링간격 12.2m 속도상한 5.0m/s (풋프린트 단폭 18.8m)
[offboard_node-2] [INFO] [1785264184.991903123] [offboard_node]: WP1 도달·안정 (dist=0.0m speed=0.0m/s) → VISION_SEARCH (비전 착륙 활성)
[offboard_node-2] [INFO] [1785264185.105637349] [offboard_node]: 탐색 1회차 — 고도 25m AGL 반경 6.1→30m 링간격 12.2m 속도상한 5.0m/s (풋프린트 단폭 18.8m)
[offboard_node-2] [INFO] [1785264185.106816462] [offboard_node]: WP1 도달·안정 (dist=0.0m speed=0.0m/s) → VISION_SEARCH (비전 착륙 활성)
[offboard_node-2] [INFO] [1785264185.182362015] [offboard_node]: 탐색 1회차 — 고도 25m AGL 반경 6.1→30m 링간격 12.2m 속도상한 5.0m/s (풋프린트 단폭 18.8m)
[offboard_node-2] [INFO] [1785264185.196947938] [offboard_node]: WP1 도달·안정 (dist=0.0m speed=0.0m/s) → VISION_SEARCH (비전 착륙 활성)
[offboard_node-2] [INFO] [1785264185.281822623] [offboard_node]: 탐색 1회차 — 고도 25m AGL 반경 6.1→30m 링간격 12.2m 속도상한 5.0m/s (풋프린트 단폭 18.8m)
[offboard_node-2] [INFO] [1785264185.285746909] [offboard_node]: WP1 도달·안정 (dist=0.0m speed=0.0m/s) → VISION_SEARCH (비전 착륙 활성)
[offboard_node-2] [INFO] [1785264185.391595751] [offboard_node]: 탐색 1회차 — 고도 25m AGL 반경 6.1→30m 링간격 12.2m 속도상한 5.0m/s (풋프린트 단폭 18.8m)
[offboard_node-2] [INFO] [1785264185.392784357] [offboard_node]: WP1 도달·안정 (dist=0.0m speed=0.0m/s) → VISION_SEARCH (비전 착륙 활성)
[offboard_node-2] [INFO] [1785264185.484867531] [offboard_node]: 탐색 1회차 — 고도 25m AGL 반경 6.1→30m 링간격 12.2m 속도상한 5.0m/s (풋프린트 단폭 18.8m)
[offboard_node-2] [INFO] [1785264185.486975596] [offboard_node]: WP1 도달·안정 (dist=0.0m speed=0.0m/s) → VISION_SEARCH (비전 착륙 활성)
[offboard_node-2] [INFO] [1785264185.584543535] [offboard_node]: 탐색 1회차 — 고도 25m AGL 반경 6.1→30m 링간격 12.2m 속도상한 5.0m/s (풋프린트 단폭 18.8m)
[offboard_node-2] [INFO] [1785264185.588765920] [offboard_node]: WP1 도달·안정 (dist=0.0m speed=0.0m/s) → VISION_SEARCH (비전 착륙 활성)
[offboard_node-2] [INFO] [1785264185.685019892] [offboard_node]: 탐색 1회차 — 고도 25m AGL 반경 6.1→30m 링간격 12.2m 속도상한 5.0m/s (풋프린트 단폭 18.8m)
[offboard_node-2] [INFO] [1785264185.703826325] [offboard_node]: WP1 도달·안정 (dist=0.0m speed=0.0m/s) → VISION_SEARCH (비전 착륙 활성)
[offboard_node-2] [INFO] [1785264185.782592835] [offboard_node]: 탐색 1회차 — 고도 25m AGL 반경 6.1→30m 링간격 12.2m 속도상한 5.0m/s (풋프린트 단폭 18.8m)
[offboard_node-2] [INFO] [1785264185.792950738] [offboard_node]: WP1 도달·안정 (dist=0.0m speed=0.0m/s) → VISION_SEARCH (비전 착륙 활성)
[offboard_node-2] [INFO] [1785264185.882142537] [offboard_node]: 탐색 1회차 — 고도 25m AGL 반경 6.1→30m 링간격 12.2m 속도상한 5.0m/s (풋프린트 단폭 18.8m)
[offboard_node-2] [INFO] [1785264185.883211856] [offboard_node]: WP1 도달·안정 (dist=0.0m speed=0.0m/s) → VISION_SEARCH (비전 착륙 활성)
[offboard_node-2] [INFO] [1785264185.991331579] [offboard_node]: 탐색 1회차 — 고도 25m AGL 반경 6.1→30m 링간격 12.2m 속도상한 5.0m/s (풋프린트 단폭 18.8m)
[offboard_node-2] [INFO] [1785264186.005005665] [offboard_node]: WP1 도달·안정 (dist=0.0m speed=0.0m/s) → VISION_SEARCH (비전 착륙 활성)
[offboard_node-2] [INFO] [1785264186.083175044] [offboard_node]: 탐색 1회차 — 고도 25m AGL 반경 6.1→30m 링간격 12.2m 속도상한 5.0m/s (풋프린트 단폭 18.8m)
[offboard_node-2] [INFO] [1785264186.086429752] [offboard_node]: WP1 도달·안정 (dist=0.0m speed=0.0m/s) → VISION_SEARCH (비전 착륙 활성)
[offboard_node-2] [INFO] [1785264186.186930282] [offboard_node]: 탐색 1회차 — 고도 25m AGL 반경 6.1→30m 링간격 12.2m 속도상한 5.0m/s (풋프린트 단폭 18.8m)
[offboard_node-2] [INFO] [1785264186.188144824] [offboard_node]: WP1 도달·안정 (dist=0.0m speed=0.0m/s) → VISION_SEARCH (비전 착륙 활성)
[offboard_node-2] [INFO] [1785264186.284789056] [offboard_node]: 탐색 1회차 — 고도 25m AGL 반경 6.1→30m 링간격 12.2m 속도상한 5.0m/s (풋프린트 단폭 18.8m)
[offboard_node-2] [INFO] [1785264186.286270472] [offboard_node]: WP1 도달·안정 (dist=0.0m speed=0.0m/s) → VISION_SEARCH (비전 착륙 활성)
[offboard_node-2] [INFO] [1785264186.382294136] [offboard_node]: 탐색 1회차 — 고도 25m AGL 반경 6.1→30m 링간격 12.2m 속도상한 5.0m/s (풋프린트 단폭 18.8m)
[offboard_node-2] [INFO] [1785264186.383202509] [offboard_node]: WP1 도달·안정 (dist=0.0m speed=0.0m/s) → VISION_SEARCH (비전 착륙 활성)
[telemetry_node-1] [INFO] [1785264186.398887365] [telemetry_node]: pos_ned=[ 3.00005341e+02 -4.93944716e-03  4.98686180e+01]  yaw=0.070  armed=True  vtol=3  batt=15.30V/50%
[offboard_node-2] [INFO] [1785264186.483504771] [offboard_node]: 탐색 1회차 — 고도 25m AGL 반경 6.1→30m 링간격 12.2m 속도상한 5.0m/s (풋프린트 단폭 18.8m)
[offboard_node-2] [INFO] [1785264186.485058652] [offboard_node]: WP1 도달·안정 (dist=0.0m speed=0.0m/s) → VISION_SEARCH (비전 착륙 활성)
[offboard_node-2] [INFO] [1785264186.585346383] [offboard_node]: 탐색 1회차 — 고도 25m AGL 반경 6.1→30m 링간격 12.2m 속도상한 5.0m/s (풋프린트 단폭 18.8m)
[offboard_node-2] [INFO] [1785264186.586375638] [offboard_node]: WP1 도달·안정 (dist=0.0m speed=0.0m/s) → VISION_SEARCH (비전 착륙 활성)
[offboard_node-2] [INFO] [1785264186.684111600] [offboard_node]: 탐색 1회차 — 고도 25m AGL 반경 6.1→30m 링간격 12.2m 속도상한 5.0m/s (풋프린트 단폭 18.8m)
[offboard_node-2] [INFO] [1785264186.685403193] [offboard_node]: WP1 도달·안정 (dist=0.0m speed=0.0m/s) → VISION_SEARCH (비전 착륙 활성)
[offboard_node-2] [INFO] [1785264186.784479791] [offboard_node]: 탐색 1회차 — 고도 25m AGL 반경 6.1→30m 링간격 12.2m 속도상한 5.0m/s (풋프린트 단폭 18.8m)
[offboard_node-2] [INFO] [1785264186.785725875] [offboard_node]: WP1 도달·안정 (dist=0.0m speed=0.0m/s) → VISION_SEARCH (비전 착륙 활성)
[offboard_node-2] [INFO] [1785264186.888352412] [offboard_node]: WP1 홀드 dist=0.0m speed=0.0m/s stable=3025/10
[offboard_node-2] [INFO] [1785264186.890539077] [offboard_node]: 탐색 1회차 — 고도 25m AGL 반경 6.1→30m 링간격 12.2m 속도상한 5.0m/s (풋프린트 단폭 18.8m)
[offboard_node-2] [INFO] [1785264186.897583385] [offboard_node]: WP1 도달·안정 (dist=0.0m speed=0.0m/s) → VISION_SEARCH (비전 착륙 활성)
[offboard_node-2] [INFO] [1785264186.985428879] [offboard_node]: 탐색 1회차 — 고도 25m AGL 반경 6.1→30m 링간격 12.2m 속도상한 5.0m/s (풋프린트 단폭 18.8m)
[offboard_node-2] [INFO] [1785264186.988891018] [offboard_node]: WP1 도달·안정 (dist=0.0m speed=0.0m/s) → VISION_SEARCH (비전 착륙 활성)
[offboard_node-2] [INFO] [1785264187.089977911] [offboard_node]: 탐색 1회차 — 고도 25m AGL 반경 6.1→30m 링간격 12.2m 속도상한 5.0m/s (풋프린트 단폭 18.8m)
[offboard_node-2] [INFO] [1785264187.091404267] [offboard_node]: WP1 도달·안정 (dist=0.0m speed=0.0m/s) → VISION_SEARCH (비전 착륙 활성)
[offboard_node-2] [INFO] [1785264187.191711314] [offboard_node]: 탐색 1회차 — 고도 25m AGL 반경 6.1→30m 링간격 12.2m 속도상한 5.0m/s (풋프린트 단폭 18.8m)
[offboard_node-2] [INFO] [1785264187.192917777] [offboard_node]: WP1 도달·안정 (dist=0.0m speed=0.0m/s) → VISION_SEARCH (비전 착륙 활성)
[offboard_node-2] [INFO] [1785264187.283696213] [offboard_node]: 탐색 1회차 — 고도 25m AGL 반경 6.1→30m 링간격 12.2m 속도상한 5.0m/s (풋프린트 단폭 18.8m)
[offboard_node-2] [INFO] [1785264187.284788672] [offboard_node]: WP1 도달·안정 (dist=0.0m speed=0.0m/s) → VISION_SEARCH (비전 착륙 활성)
[offboard_node-2] [INFO] [1785264187.382926847] [offboard_node]: 탐색 1회차 — 고도 25m AGL 반경 6.1→30m 링간격 12.2m 속도상한 5.0m/s (풋프린트 단폭 18.8m)
[offboard_node-2] [INFO] [1785264187.384071463] [offboard_node]: WP1 도달·안정 (dist=0.0m speed=0.0m/s) → VISION_SEARCH (비전 착륙 활성)
[offboard_node-2] [INFO] [1785264187.481401686] [offboard_node]: 탐색 1회차 — 고도 25m AGL 반경 6.1→30m 링간격 12.2m 속도상한 5.0m/s (풋프린트 단폭 18.8m)
[offboard_node-2] [INFO] [1785264187.482103046] [offboard_node]: WP1 도달·안정 (dist=0.0m speed=0.0m/s) → VISION_SEARCH (비전 착륙 활성)
[offboard_node-2] [INFO] [1785264187.582552837] [offboard_node]: 탐색 1회차 — 고도 25m AGL 반경 6.1→30m 링간격 12.2m 속도상한 5.0m/s (풋프린트 단폭 18.8m)
[offboard_node-2] [INFO] [1785264187.583573837] [offboard_node]: WP1 도달·안정 (dist=0.0m speed=0.0m/s) → VISION_SEARCH (비전 착륙 활성)
[offboard_node-2] [INFO] [1785264187.682154856] [offboard_node]: 탐색 1회차 — 고도 25m AGL 반경 6.1→30m 링간격 12.2m 속도상한 5.0m/s (풋프린트 단폭 18.8m)
[offboard_node-2] [INFO] [1785264187.683260368] [offboard_node]: WP1 도달·안정 (dist=0.0m speed=0.0m/s) → VISION_SEARCH (비전 착륙 활성)
[offboard_node-2] [INFO] [1785264187.781511343] [offboard_node]: 탐색 1회차 — 고도 25m AGL 반경 6.1→30m 링간격 12.2m 속도상한 5.0m/s (풋프린트 단폭 18.8m)
[offboard_node-2] [INFO] [1785264187.782256040] [offboard_node]: WP1 도달·안정 (dist=0.0m speed=0.0m/s) → VISION_SEARCH (비전 착륙 활성)
[offboard_node-2] [INFO] [1785264187.881338258] [offboard_node]: 탐색 1회차 — 고도 25m AGL 반경 6.1→30m 링간격 12.2m 속도상한 5.0m/s (풋프린트 단폭 18.8m)
[offboard_node-2] [INFO] [1785264187.882160864] [offboard_node]: WP1 도달·안정 (dist=0.0m speed=0.0m/s) → VISION_SEARCH (비전 착륙 활성)
[offboard_node-2] [INFO] [1785264187.981215872] [offboard_node]: 탐색 1회차 — 고도 25m AGL 반경 6.1→30m 링간격 12.2m 속도상한 5.0m/s (풋프린트 단폭 18.8m)
[offboard_node-2] [INFO] [1785264187.981846410] [offboard_node]: WP1 도달·안정 (dist=0.0m speed=0.0m/s) → VISION_SEARCH (비전 착륙 활성)
[offboard_node-2] [INFO] [1785264188.081398923] [offboard_node]: 탐색 1회차 — 고도 25m AGL 반경 6.1→30m 링간격 12.2m 속도상한 5.0m/s (풋프린트 단폭 18.8m)
[offboard_node-2] [INFO] [1785264188.082239361] [offboard_node]: WP1 도달·안정 (dist=0.0m speed=0.0m/s) → VISION_SEARCH (비전 착륙 활성)
[offboard_node-2] [INFO] [1785264188.181077042] [offboard_node]: 탐색 1회차 — 고도 25m AGL 반경 6.1→30m 링간격 12.2m 속도상한 5.0m/s (풋프린트 단폭 18.8m)
[offboard_node-2] [INFO] [1785264188.181779932] [offboard_node]: WP1 도달·안정 (dist=0.0m speed=0.0m/s) → VISION_SEARCH (비전 착륙 활성)
[offboard_node-2] [INFO] [1785264188.281182828] [offboard_node]: 탐색 1회차 — 고도 25m AGL 반경 6.1→30m 링간격 12.2m 속도상한 5.0m/s (풋프린트 단폭 18.8m)
[offboard_node-2] [INFO] [1785264188.281754922] [offboard_node]: WP1 도달·안정 (dist=0.0m speed=0.0m/s) → VISION_SEARCH (비전 착륙 활성)
[offboard_node-2] [INFO] [1785264188.380862291] [offboard_node]: 탐색 1회차 — 고도 25m AGL 반경 6.1→30m 링간격 12.2m 속도상한 5.0m/s (풋프린트 단폭 18.8m)
[offboard_node-2] [INFO] [1785264188.381417294] [offboard_node]: WP1 도달·안정 (dist=0.0m speed=0.0m/s) → VISION_SEARCH (비전 착륙 활성)
[telemetry_node-1] [INFO] [1785264188.393786001] [telemetry_node]: pos_ned=[2.99987610e+02 8.30038451e-03 4.94667625e+01]  yaw=0.070  armed=True  vtol=3  batt=15.30V/50%
[offboard_node-2] [INFO] [1785264188.480671387] [offboard_node]: 탐색 1회차 — 고도 25m AGL 반경 6.1→30m 링간격 12.2m 속도상한 5.0m/s (풋프린트 단폭 18.8m)
[offboard_node-2] [INFO] [1785264188.481541029] [offboard_node]: WP1 도달·안정 (dist=0.0m speed=0.0m/s) → VISION_SEARCH (비전 착륙 활성)
[offboard_node-2] [INFO] [1785264188.580769842] [offboard_node]: 탐색 1회차 — 고도 25m AGL 반경 6.1→30m 링간격 12.2m 속도상한 5.0m/s (풋프린트 단폭 18.8m)
[offboard_node-2] [INFO] [1785264188.581369433] [offboard_node]: WP1 도달·안정 (dist=0.0m speed=0.0m/s) → VISION_SEARCH (비전 착륙 활성)
[offboard_node-2] [INFO] [1785264188.681139972] [offboard_node]: 탐색 1회차 — 고도 25m AGL 반경 6.1→30m 링간격 12.2m 속도상한 5.0m/s (풋프린트 단폭 18.8m)
[offboard_node-2] [INFO] [1785264188.681798516] [offboard_node]: WP1 도달·안정 (dist=0.0m speed=0.0m/s) → VISION_SEARCH (비전 착륙 활성)
[offboard_node-2] [INFO] [1785264188.781320090] [offboard_node]: 탐색 1회차 — 고도 25m AGL 반경 6.1→30m 링간격 12.2m 속도상한 5.0m/s (풋프린트 단폭 18.8m)
[offboard_node-2] [INFO] [1785264188.781943826] [offboard_node]: WP1 도달·안정 (dist=0.0m speed=0.0m/s) → VISION_SEARCH (비전 착륙 활성)
[offboard_node-2] [INFO] [1785264188.880843238] [offboard_node]: WP1 홀드 dist=0.0m speed=0.0m/s stable=3045/10
[offboard_node-2] [INFO] [1785264188.881725738] [offboard_node]: 탐색 1회차 — 고도 25m AGL 반경 6.1→30m 링간격 12.2m 속도상한 5.0m/s (풋프린트 단폭 18.8m)
[offboard_node-2] [INFO] [1785264188.882338698] [offboard_node]: WP1 도달·안정 (dist=0.0m speed=0.0m/s) → VISION_SEARCH (비전 착륙 활성)
[offboard_node-2] [INFO] [1785264188.980570583] [offboard_node]: 탐색 1회차 — 고도 25m AGL 반경 6.1→30m 링간격 12.2m 속도상한 5.0m/s (풋프린트 단폭 18.8m)
[offboard_node-2] [INFO] [1785264188.981281862] [offboard_node]: WP1 도달·안정 (dist=0.0m speed=0.0m/s) → VISION_SEARCH (비전 착륙 활성)
[offboard_node-2] [INFO] [1785264189.080805770] [offboard_node]: 탐색 1회차 — 고도 25m AGL 반경 6.1→30m 링간격 12.2m 속도상한 5.0m/s (풋프린트 단폭 18.8m)
[offboard_node-2] [INFO] [1785264189.081373508] [offboard_node]: WP1 도달·안정 (dist=0.0m speed=0.0m/s) → VISION_SEARCH (비전 착륙 활성)
[offboard_node-2] [INFO] [1785264189.180996183] [offboard_node]: 탐색 1회차 — 고도 25m AGL 반경 6.1→30m 링간격 12.2m 속도상한 5.0m/s (풋프린트 단폭 18.8m)
[offboard_node-2] [INFO] [1785264189.182627522] [offboard_node]: WP1 도달·안정 (dist=0.0m speed=0.0m/s) → VISION_SEARCH (비전 착륙 활성)
[offboard_node-2] [INFO] [1785264189.280543483] [offboard_node]: 탐색 1회차 — 고도 25m AGL 반경 6.1→30m 링간격 12.2m 속도상한 5.0m/s (풋프린트 단폭 18.8m)
[offboard_node-2] [INFO] [1785264189.281098802] [offboard_node]: WP1 도달·안정 (dist=0.0m speed=0.0m/s) → VISION_SEARCH (비전 착륙 활성)
[offboard_node-2] [INFO] [1785264189.380541430] [offboard_node]: 탐색 1회차 — 고도 25m AGL 반경 6.1→30m 링간격 12.2m 속도상한 5.0m/s (풋프린트 단폭 18.8m)
[offboard_node-2] [INFO] [1785264189.381167940] [offboard_node]: WP1 도달·안정 (dist=0.0m speed=0.0m/s) → VISION_SEARCH (비전 착륙 활성)
[offboard_node-2] [INFO] [1785264189.481163936] [offboard_node]: 탐색 1회차 — 고도 25m AGL 반경 6.1→30m 링간격 12.2m 속도상한 5.0m/s (풋프린트 단폭 18.8m)
[offboard_node-2] [INFO] [1785264189.481947710] [offboard_node]: WP1 도달·안정 (dist=0.0m speed=0.0m/s) → VISION_SEARCH (비전 착륙 활성)
[offboard_node-2] [INFO] [1785264189.580257791] [offboard_node]: 탐색 1회차 — 고도 25m AGL 반경 6.1→30m 링간격 12.2m 속도상한 5.0m/s (풋프린트 단폭 18.8m)
[offboard_node-2] [INFO] [1785264189.581096597] [offboard_node]: WP1 도달·안정 (dist=0.0m speed=0.0m/s) → VISION_SEARCH (비전 착륙 활성)
[offboard_node-2] [INFO] [1785264189.680736616] [offboard_node]: 탐색 1회차 — 고도 25m AGL 반경 6.1→30m 링간격 12.2m 속도상한 5.0m/s (풋프린트 단폭 18.8m)
[offboard_node-2] [INFO] [1785264189.681806576] [offboard_node]: WP1 도달·안정 (dist=0.0m speed=0.0m/s) → VISION_SEARCH (비전 착륙 활성)
[offboard_node-2] [INFO] [1785264189.780764814] [offboard_node]: 탐색 1회차 — 고도 25m AGL 반경 6.1→30m 링간격 12.2m 속도상한 5.0m/s (풋프린트 단폭 18.8m)
[offboard_node-2] [INFO] [1785264189.781316417] [offboard_node]: WP1 도달·안정 (dist=0.0m speed=0.0m/s) → VISION_SEARCH (비전 착륙 활성)
[offboard_node-2] [INFO] [1785264189.880522757] [offboard_node]: 탐색 1회차 — 고도 25m AGL 반경 6.1→30m 링간격 12.2m 속도상한 5.0m/s (풋프린트 단폭 18.8m)
[offboard_node-2] [INFO] [1785264189.881040261] [offboard_node]: WP1 도달·안정 (dist=0.0m speed=0.0m/s) → VISION_SEARCH (비전 착륙 활성)
[offboard_node-2] [INFO] [1785264189.980284140] [offboard_node]: 탐색 1회차 — 고도 25m AGL 반경 6.1→30m 링간격 12.2m 속도상한 5.0m/s (풋프린트 단폭 18.8m)
[offboard_node-2] [INFO] [1785264189.980868983] [offboard_node]: WP1 도달·안정 (dist=0.0m speed=0.0m/s) → VISION_SEARCH (비전 착륙 활성)
[offboard_node-2] [INFO] [1785264190.080843265] [offboard_node]: 탐색 1회차 — 고도 25m AGL 반경 6.1→30m 링간격 12.2m 속도상한 5.0m/s (풋프린트 단폭 18.8m)
[offboard_node-2] [INFO] [1785264190.081521855] [offboard_node]: WP1 도달·안정 (dist=0.0m speed=0.0m/s) → VISION_SEARCH (비전 착륙 활성)
[offboard_node-2] [INFO] [1785264190.180643513] [offboard_node]: 탐색 1회차 — 고도 25m AGL 반경 6.1→30m 링간격 12.2m 속도상한 5.0m/s (풋프린트 단폭 18.8m)
[offboard_node-2] [INFO] [1785264190.181315096] [offboard_node]: WP1 도달·안정 (dist=0.0m speed=0.0m/s) → VISION_SEARCH (비전 착륙 활성)
[offboard_node-2] [INFO] [1785264190.280542223] [offboard_node]: 탐색 1회차 — 고도 25m AGL 반경 6.1→30m 링간격 12.2m 속도상한 5.0m/s (풋프린트 단폭 18.8m)
[offboard_node-2] [INFO] [1785264190.281022611] [offboard_node]: WP1 도달·안정 (dist=0.0m speed=0.0m/s) → VISION_SEARCH (비전 착륙 활성)
[offboard_node-2] [INFO] [1785264190.380788814] [offboard_node]: 탐색 1회차 — 고도 25m AGL 반경 6.1→30m 링간격 12.2m 속도상한 5.0m/s (풋프린트 단폭 18.8m)
[offboard_node-2] [INFO] [1785264190.381286640] [offboard_node]: WP1 도달·안정 (dist=0.0m speed=0.0m/s) → VISION_SEARCH (비전 착륙 활성)
[telemetry_node-1] [INFO] [1785264190.393800407] [telemetry_node]: pos_ned=[ 3.00004456e+02 -1.06706284e-02  4.94862595e+01]  yaw=0.069  armed=True  vtol=3  batt=15.30V/50%
[offboard_node-2] [INFO] [1785264190.480612436] [offboard_node]: 탐색 1회차 — 고도 25m AGL 반경 6.1→30m 링간격 12.2m 속도상한 5.0m/s (풋프린트 단폭 18.8m)
[offboard_node-2] [INFO] [1785264190.481294773] [offboard_node]: WP1 도달·안정 (dist=0.0m speed=0.0m/s) → VISION_SEARCH (비전 착륙 활성)
[offboard_node-2] [INFO] [1785264190.580515856] [offboard_node]: 탐색 1회차 — 고도 25m AGL 반경 6.1→30m 링간격 12.2m 속도상한 5.0m/s (풋프린트 단폭 18.8m)
[offboard_node-2] [INFO] [1785264190.581293964] [offboard_node]: WP1 도달·안정 (dist=0.0m speed=0.0m/s) → VISION_SEARCH (비전 착륙 활성)
[offboard_node-2] [INFO] [1785264190.680587499] [offboard_node]: 탐색 1회차 — 고도 25m AGL 반경 6.1→30m 링간격 12.2m 속도상한 5.0m/s (풋프린트 단폭 18.8m)
[offboard_node-2] [INFO] [1785264190.681171526] [offboard_node]: WP1 도달·안정 (dist=0.0m speed=0.0m/s) → VISION_SEARCH (비전 착륙 활성)
[offboard_node-2] [INFO] [1785264190.780797568] [offboard_node]: 탐색 1회차 — 고도 25m AGL 반경 6.1→30m 링간격 12.2m 속도상한 5.0m/s (풋프린트 단폭 18.8m)
[offboard_node-2] [INFO] [1785264190.781419801] [offboard_node]: WP1 도달·안정 (dist=0.0m speed=0.0m/s) → VISION_SEARCH (비전 착륙 활성)
[offboard_node-2] [INFO] [1785264190.881621512] [offboard_node]: WP1 홀드 dist=0.0m speed=0.0m/s stable=3065/10
[offboard_node-2] [INFO] [1785264190.883006877] [offboard_node]: 탐색 1회차 — 고도 25m AGL 반경 6.1→30m 링간격 12.2m 속도상한 5.0m/s (풋프린트 단폭 18.8m)
[offboard_node-2] [INFO] [1785264190.883758582] [offboard_node]: WP1 도달·안정 (dist=0.0m speed=0.0m/s) → VISION_SEARCH (비전 착륙 활성)
[offboard_node-2] [INFO] [1785264190.981145835] [offboard_node]: 탐색 1회차 — 고도 25m AGL 반경 6.1→30m 링간격 12.2m 속도상한 5.0m/s (풋프린트 단폭 18.8m)
[offboard_node-2] [INFO] [1785264190.981879569] [offboard_node]: WP1 도달·안정 (dist=0.0m speed=0.0m/s) → VISION_SEARCH (비전 착륙 활성)
[offboard_node-2] [INFO] [1785264191.081496764] [offboard_node]: 탐색 1회차 — 고도 25m AGL 반경 6.1→30m 링간격 12.2m 속도상한 5.0m/s (풋프린트 단폭 18.8m)
[offboard_node-2] [INFO] [1785264191.082413786] [offboard_node]: WP1 도달·안정 (dist=0.0m speed=0.0m/s) → VISION_SEARCH (비전 착륙 활성)
[offboard_node-2] [INFO] [1785264191.180603697] [offboard_node]: 탐색 1회차 — 고도 25m AGL 반경 6.1→30m 링간격 12.2m 속도상한 5.0m/s (풋프린트 단폭 18.8m)
[offboard_node-2] [INFO] [1785264191.181318046] [offboard_node]: WP1 도달·안정 (dist=0.0m speed=0.0m/s) → VISION_SEARCH (비전 착륙 활성)
[offboard_node-2] [INFO] [1785264191.281005073] [offboard_node]: 탐색 1회차 — 고도 25m AGL 반경 6.1→30m 링간격 12.2m 속도상한 5.0m/s (풋프린트 단폭 18.8m)
[offboard_node-2] [INFO] [1785264191.281627344] [offboard_node]: WP1 도달·안정 (dist=0.0m speed=0.0m/s) → VISION_SEARCH (비전 착륙 활성)
[offboard_node-2] [INFO] [1785264191.381445101] [offboard_node]: 탐색 1회차 — 고도 25m AGL 반경 6.1→30m 링간격 12.2m 속도상한 5.0m/s (풋프린트 단폭 18.8m)
[offboard_node-2] [INFO] [1785264191.382327400] [offboard_node]: WP1 도달·안정 (dist=0.0m speed=0.0m/s) → VISION_SEARCH (비전 착륙 활성)
[offboard_node-2] [INFO] [1785264191.481307435] [offboard_node]: 탐색 1회차 — 고도 25m AGL 반경 6.1→30m 링간격 12.2m 속도상한 5.0m/s (풋프린트 단폭 18.8m)
[offboard_node-2] [INFO] [1785264191.482095219] [offboard_node]: WP1 도달·안정 (dist=0.0m speed=0.0m/s) → VISION_SEARCH (비전 착륙 활성)
[offboard_node-2] [INFO] [1785264191.582308269] [offboard_node]: 탐색 1회차 — 고도 25m AGL 반경 6.1→30m 링간격 12.2m 속도상한 5.0m/s (풋프린트 단폭 18.8m)
[offboard_node-2] [INFO] [1785264191.583293523] [offboard_node]: WP1 도달·안정 (dist=0.0m speed=0.0m/s) → VISION_SEARCH (비전 착륙 활성)
[telemetry_node-1] [INFO] [1785264193.487109133] [telemetry_node]: pos_ned=[3.00003632e+02 1.11838933e-02 4.96052475e+01]  yaw=0.070  armed=True  vtol=3  batt=15.30V/50%
[offboard_node-2] [INFO] [1785264193.491189998] [offboard_node]: 탐색 1회차 — 고도 25m AGL 반경 6.1→30m 링간격 12.2m 속도상한 5.0m/s (풋프린트 단폭 18.8m)
[offboard_node-2] [INFO] [1785264193.492020389] [offboard_node]: WP1 도달·안정 (dist=0.0m speed=0.0m/s) → VISION_SEARCH (비전 착륙 활성)
[offboard_node-2] [INFO] [1785264193.582318539] [offboard_node]: 탐색 1회차 — 고도 25m AGL 반경 6.1→30m 링간격 12.2m 속도상한 5.0m/s (풋프린트 단폭 18.8m)
[offboard_node-2] [INFO] [1785264193.583593650] [offboard_node]: WP1 도달·안정 (dist=0.0m speed=0.0m/s) → VISION_SEARCH (비전 착륙 활성)
[offboard_node-2] [INFO] [1785264193.682366806] [offboard_node]: 탐색 1회차 — 고도 25m AGL 반경 6.1→30m 링간격 12.2m 속도상한 5.0m/s (풋프린트 단폭 18.8m)
[offboard_node-2] [INFO] [1785264193.683204549] [offboard_node]: WP1 도달·안정 (dist=0.0m speed=0.0m/s) → VISION_SEARCH (비전 착륙 활성)
[offboard_node-2] [INFO] [1785264193.781222987] [offboard_node]: 탐색 1회차 — 고도 25m AGL 반경 6.1→30m 링간격 12.2m 속도상한 5.0m/s (풋프린트 단폭 18.8m)
[offboard_node-2] [INFO] [1785264193.782239155] [offboard_node]: WP1 도달·안정 (dist=0.0m speed=0.0m/s) → VISION_SEARCH (비전 착륙 활성)
[offboard_node-2] [INFO] [1785264193.880845822] [offboard_node]: 탐색 1회차 — 고도 25m AGL 반경 6.1→30m 링간격 12.2m 속도상한 5.0m/s (풋프린트 단폭 18.8m)
[offboard_node-2] [INFO] [1785264193.881807445] [offboard_node]: WP1 도달·안정 (dist=0.0m speed=0.0m/s) → VISION_SEARCH (비전 착륙 활성)
[offboard_node-2] [INFO] [1785264193.981854533] [offboard_node]: 탐색 1회차 — 고도 25m AGL 반경 6.1→30m 링간격 12.2m 속도상한 5.0m/s (풋프린트 단폭 18.8m)
[offboard_node-2] [INFO] [1785264193.983676675] [offboard_node]: WP1 도달·안정 (dist=0.0m speed=0.0m/s) → VISION_SEARCH (비전 착륙 활성)
[offboard_node-2] [INFO] [1785264194.092743174] [offboard_node]: 탐색 1회차 — 고도 25m AGL 반경 6.1→30m 링간격 12.2m 속도상한 5.0m/s (풋프린트 단폭 18.8m)
[offboard_node-2] [INFO] [1785264194.095098988] [offboard_node]: WP1 도달·안정 (dist=0.0m speed=0.0m/s) → VISION_SEARCH (비전 착륙 활성)
[offboard_node-2] [INFO] [1785264194.185866432] [offboard_node]: 탐색 1회차 — 고도 25m AGL 반경 6.1→30m 링간격 12.2m 속도상한 5.0m/s (풋프린트 단폭 18.8m)
[offboard_node-2] [INFO] [1785264194.186660699] [offboard_node]: WP1 도달·안정 (dist=0.0m speed=0.0m/s) → VISION_SEARCH (비전 착륙 활성)
[offboard_node-2] [INFO] [1785264194.282464323] [offboard_node]: 탐색 1회차 — 고도 25m AGL 반경 6.1→30m 링간격 12.2m 속도상한 5.0m/s (풋프린트 단폭 18.8m)
[offboard_node-2] [INFO] [1785264194.284339589] [offboard_node]: WP1 도달·안정 (dist=0.0m speed=0.0m/s) → VISION_SEARCH (비전 착륙 활성)
[offboard_node-2] [INFO] [1785264194.381790274] [offboard_node]: 탐색 1회차 — 고도 25m AGL 반경 6.1→30m 링간격 12.2m 속도상한 5.0m/s (풋프린트 단폭 18.8m)
[offboard_node-2] [INFO] [1785264194.384254073] [offboard_node]: WP1 도달·안정 (dist=0.0m speed=0.0m/s) → VISION_SEARCH (비전 착륙 활성)
[telemetry_node-1] [INFO] [1785264194.394286892] [telemetry_node]: pos_ned=[ 3.00010529e+02 -2.61382898e-03  4.96924896e+01]  yaw=0.069  armed=True  vtol=3  batt=15.30V/50%
[offboard_node-2] [INFO] [1785264194.482073655] [offboard_node]: 탐색 1회차 — 고도 25m AGL 반경 6.1→30m 링간격 12.2m 속도상한 5.0m/s (풋프린트 단폭 18.8m)
[offboard_node-2] [INFO] [1785264194.483271877] [offboard_node]: WP1 도달·안정 (dist=0.0m speed=0.0m/s) → VISION_SEARCH (비전 착륙 활성)
[offboard_node-2] [INFO] [1785264194.586351856] [offboard_node]: 탐색 1회차 — 고도 25m AGL 반경 6.1→30m 링간격 12.2m 속도상한 5.0m/s (풋프린트 단폭 18.8m)
[offboard_node-2] [INFO] [1785264194.593889091] [offboard_node]: WP1 도달·안정 (dist=0.0m speed=0.0m/s) → VISION_SEARCH (비전 착륙 활성)
[offboard_node-2] [INFO] [1785264194.684219779] [offboard_node]: WP1 홀드 dist=0.0m speed=0.0m/s stable=3085/10
[offboard_node-2] [INFO] [1785264194.690660501] [offboard_node]: 탐색 1회차 — 고도 25m AGL 반경 6.1→30m 링간격 12.2m 속도상한 5.0m/s (풋프린트 단폭 18.8m)
[offboard_node-2] [INFO] [1785264194.693054798] [offboard_node]: WP1 도달·안정 (dist=0.0m speed=0.0m/s) → VISION_SEARCH (비전 착륙 활성)
[offboard_node-2] [INFO] [1785264194.783812592] [offboard_node]: 탐색 1회차 — 고도 25m AGL 반경 6.1→30m 링간격 12.2m 속도상한 5.0m/s (풋프린트 단폭 18.8m)
[offboard_node-2] [INFO] [1785264194.784884327] [offboard_node]: WP1 도달·안정 (dist=0.0m speed=0.0m/s) → VISION_SEARCH (비전 착륙 활성)
[offboard_node-2] [INFO] [1785264194.883327650] [offboard_node]: 탐색 1회차 — 고도 25m AGL 반경 6.1→30m 링간격 12.2m 속도상한 5.0m/s (풋프린트 단폭 18.8m)
[offboard_node-2] [INFO] [1785264194.885994211] [offboard_node]: WP1 도달·안정 (dist=0.0m speed=0.0m/s) → VISION_SEARCH (비전 착륙 활성)
[offboard_node-2] [INFO] [1785264194.986533705] [offboard_node]: 탐색 1회차 — 고도 25m AGL 반경 6.1→30m 링간격 12.2m 속도상한 5.0m/s (풋프린트 단폭 18.8m)
[offboard_node-2] [INFO] [1785264194.991133148] [offboard_node]: WP1 도달·안정 (dist=0.0m speed=0.0m/s) → VISION_SEARCH (비전 착륙 활성)
[offboard_node-2] [INFO] [1785264195.081729495] [offboard_node]: 탐색 1회차 — 고도 25m AGL 반경 6.1→30m 링간격 12.2m 속도상한 5.0m/s (풋프린트 단폭 18.8m)
[offboard_node-2] [INFO] [1785264195.082705471] [offboard_node]: WP1 도달·안정 (dist=0.0m speed=0.0m/s) → VISION_SEARCH (비전 착륙 활성)
[offboard_node-2] [INFO] [1785264195.181190553] [offboard_node]: 탐색 1회차 — 고도 25m AGL 반경 6.1→30m 링간격 12.2m 속도상한 5.0m/s (풋프린트 단폭 18.8m)
[offboard_node-2] [INFO] [1785264195.182112023] [offboard_node]: WP1 도달·안정 (dist=0.0m speed=0.0m/s) → VISION_SEARCH (비전 착륙 활성)
[offboard_node-2] [INFO] [1785264195.283002836] [offboard_node]: 탐색 1회차 — 고도 25m AGL 반경 6.1→30m 링간격 12.2m 속도상한 5.0m/s (풋프린트 단폭 18.8m)
[offboard_node-2] [INFO] [1785264195.283974218] [offboard_node]: WP1 도달·안정 (dist=0.0m speed=0.0m/s) → VISION_SEARCH (비전 착륙 활성)
[offboard_node-2] [INFO] [1785264195.381346368] [offboard_node]: 탐색 1회차 — 고도 25m AGL 반경 6.1→30m 링간격 12.2m 속도상한 5.0m/s (풋프린트 단폭 18.8m)
[offboard_node-2] [INFO] [1785264195.382263642] [offboard_node]: WP1 도달·안정 (dist=0.0m speed=0.0m/s) → VISION_SEARCH (비전 착륙 활성)
[offboard_node-2] [INFO] [1785264195.487022715] [offboard_node]: 탐색 1회차 — 고도 25m AGL 반경 6.1→30m 링간격 12.2m 속도상한 5.0m/s (풋프린트 단폭 18.8m)
[offboard_node-2] [INFO] [1785264195.496013455] [offboard_node]: WP1 도달·안정 (dist=0.0m speed=0.0m/s) → VISION_SEARCH (비전 착륙 활성)
[offboard_node-2] [INFO] [1785264195.584457161] [offboard_node]: 탐색 1회차 — 고도 25m AGL 반경 6.1→30m 링간격 12.2m 속도상한 5.0m/s (풋프린트 단폭 18.8m)
[offboard_node-2] [INFO] [1785264195.587223755] [offboard_node]: WP1 도달·안정 (dist=0.0m speed=0.0m/s) → VISION_SEARCH (비전 착륙 활성)
[offboard_node-2] [INFO] [1785264195.683304314] [offboard_node]: 탐색 1회차 — 고도 25m AGL 반경 6.1→30m 링간격 12.2m 속도상한 5.0m/s (풋프린트 단폭 18.8m)
[offboard_node-2] [INFO] [1785264195.685321271] [offboard_node]: WP1 도달·안정 (dist=0.0m speed=0.0m/s) → VISION_SEARCH (비전 착륙 활성)
[offboard_node-2] [INFO] [1785264195.794811183] [offboard_node]: 탐색 1회차 — 고도 25m AGL 반경 6.1→30m 링간격 12.2m 속도상한 5.0m/s (풋프린트 단폭 18.8m)
[offboard_node-2] [INFO] [1785264195.810879377] [offboard_node]: WP1 도달·안정 (dist=0.0m speed=0.0m/s) → VISION_SEARCH (비전 착륙 활성)
[offboard_node-2] [INFO] [1785264195.884526083] [offboard_node]: 탐색 1회차 — 고도 25m AGL 반경 6.1→30m 링간격 12.2m 속도상한 5.0m/s (풋프린트 단폭 18.8m)
[offboard_node-2] [INFO] [1785264195.885736742] [offboard_node]: WP1 도달·안정 (dist=0.0m speed=0.0m/s) → VISION_SEARCH (비전 착륙 활성)
[offboard_node-2] [INFO] [1785264195.982355383] [offboard_node]: 탐색 1회차 — 고도 25m AGL 반경 6.1→30m 링간격 12.2m 속도상한 5.0m/s (풋프린트 단폭 18.8m)
[offboard_node-2] [INFO] [1785264195.983075831] [offboard_node]: WP1 도달·안정 (dist=0.0m speed=0.0m/s) → VISION_SEARCH (비전 착륙 활성)
[offboard_node-2] [INFO] [1785264196.083991133] [offboard_node]: 탐색 1회차 — 고도 25m AGL 반경 6.1→30m 링간격 12.2m 속도상한 5.0m/s (풋프린트 단폭 18.8m)
[offboard_node-2] [INFO] [1785264196.085362752] [offboard_node]: WP1 도달·안정 (dist=0.0m speed=0.0m/s) → VISION_SEARCH (비전 착륙 활성)
[offboard_node-2] [INFO] [1785264196.204307023] [offboard_node]: 탐색 1회차 — 고도 25m AGL 반경 6.1→30m 링간격 12.2m 속도상한 5.0m/s (풋프린트 단폭 18.8m)
[offboard_node-2] [INFO] [1785264196.205406338] [offboard_node]: WP1 도달·안정 (dist=0.0m speed=0.0m/s) → VISION_SEARCH (비전 착륙 활성)
[offboard_node-2] [INFO] [1785264196.281799972] [offboard_node]: 탐색 1회차 — 고도 25m AGL 반경 6.1→30m 링간격 12.2m 속도상한 5.0m/s (풋프린트 단폭 18.8m)
[offboard_node-2] [INFO] [1785264196.284496715] [offboard_node]: WP1 도달·안정 (dist=0.0m speed=0.0m/s) → VISION_SEARCH (비전 착륙 활성)
[offboard_node-2] [INFO] [1785264196.383465459] [offboard_node]: 탐색 1회차 — 고도 25m AGL 반경 6.1→30m 링간격 12.2m 속도상한 5.0m/s (풋프린트 단폭 18.8m)
[offboard_node-2] [INFO] [1785264196.386329142] [offboard_node]: WP1 도달·안정 (dist=0.0m speed=0.0m/s) → VISION_SEARCH (비전 착륙 활성)
[telemetry_node-1] [INFO] [1785264196.394617262] [telemetry_node]: pos_ned=[ 2.99980225e+02 -8.28065537e-03  4.98850250e+01]  yaw=0.069  armed=True  vtol=3  batt=15.30V/50%
[offboard_node-2] [INFO] [1785264196.481708333] [offboard_node]: 탐색 1회차 — 고도 25m AGL 반경 6.1→30m 링간격 12.2m 속도상한 5.0m/s (풋프린트 단폭 18.8m)
[offboard_node-2] [INFO] [1785264196.482685275] [offboard_node]: WP1 도달·안정 (dist=0.0m speed=0.0m/s) → VISION_SEARCH (비전 착륙 활성)
[offboard_node-2] [INFO] [1785264196.582120715] [offboard_node]: 탐색 1회차 — 고도 25m AGL 반경 6.1→30m 링간격 12.2m 속도상한 5.0m/s (풋프린트 단폭 18.8m)
[offboard_node-2] [INFO] [1785264196.583101688] [offboard_node]: WP1 도달·안정 (dist=0.0m speed=0.0m/s) → VISION_SEARCH (비전 착륙 활성)
[offboard_node-2] [INFO] [1785264196.681914110] [offboard_node]: WP1 홀드 dist=0.0m speed=0.0m/s stable=3105/10
[offboard_node-2] [INFO] [1785264196.682846836] [offboard_node]: 탐색 1회차 — 고도 25m AGL 반경 6.1→30m 링간격 12.2m 속도상한 5.0m/s (풋프린트 단폭 18.8m)
[offboard_node-2] [INFO] [1785264196.683593583] [offboard_node]: WP1 도달·안정 (dist=0.0m speed=0.0m/s) → VISION_SEARCH (비전 착륙 활성)
[offboard_node-2] [INFO] [1785264196.785122994] [offboard_node]: 탐색 1회차 — 고도 25m AGL 반경 6.1→30m 링간격 12.2m 속도상한 5.0m/s (풋프린트 단폭 18.8m)
[offboard_node-2] [INFO] [1785264196.786150965] [offboard_node]: WP1 도달·안정 (dist=0.0m speed=0.0m/s) → VISION_SEARCH (비전 착륙 활성)
[offboard_node-2] [INFO] [1785264196.882247523] [offboard_node]: 탐색 1회차 — 고도 25m AGL 반경 6.1→30m 링간격 12.2m 속도상한 5.0m/s (풋프린트 단폭 18.8m)
[offboard_node-2] [INFO] [1785264196.884907391] [offboard_node]: WP1 도달·안정 (dist=0.0m speed=0.0m/s) → VISION_SEARCH (비전 착륙 활성)
[offboard_node-2] [INFO] [1785264196.980769010] [offboard_node]: 탐색 1회차 — 고도 25m AGL 반경 6.1→30m 링간격 12.2m 속도상한 5.0m/s (풋프린트 단폭 18.8m)
[offboard_node-2] [INFO] [1785264196.981573806] [offboard_node]: WP1 도달·안정 (dist=0.0m speed=0.0m/s) → VISION_SEARCH (비전 착륙 활성)
[offboard_node-2] [INFO] [1785264197.080596936] [offboard_node]: 탐색 1회차 — 고도 25m AGL 반경 6.1→30m 링간격 12.2m 속도상한 5.0m/s (풋프린트 단폭 18.8m)
[offboard_node-2] [INFO] [1785264197.081444095] [offboard_node]: WP1 도달·안정 (dist=0.0m speed=0.0m/s) → VISION_SEARCH (비전 착륙 활성)
[offboard_node-2] [INFO] [1785264197.180401050] [offboard_node]: 탐색 1회차 — 고도 25m AGL 반경 6.1→30m 링간격 12.2m 속도상한 5.0m/s (풋프린트 단폭 18.8m)
[offboard_node-2] [INFO] [1785264197.181352358] [offboard_node]: WP1 도달·안정 (dist=0.0m speed=0.0m/s) → VISION_SEARCH (비전 착륙 활성)
[offboard_node-2] [INFO] [1785264197.280496737] [offboard_node]: 탐색 1회차 — 고도 25m AGL 반경 6.1→30m 링간격 12.2m 속도상한 5.0m/s (풋프린트 단폭 18.8m)
[offboard_node-2] [INFO] [1785264197.281322786] [offboard_node]: WP1 도달·안정 (dist=0.0m speed=0.0m/s) → VISION_SEARCH (비전 착륙 활성)
[offboard_node-2] [INFO] [1785264197.380284318] [offboard_node]: 탐색 1회차 — 고도 25m AGL 반경 6.1→30m 링간격 12.2m 속도상한 5.0m/s (풋프린트 단폭 18.8m)
[offboard_node-2] [INFO] [1785264197.381061463] [offboard_node]: WP1 도달·안정 (dist=0.0m speed=0.0m/s) → VISION_SEARCH (비전 착륙 활성)
[offboard_node-2] [INFO] [1785264197.480159860] [offboard_node]: 탐색 1회차 — 고도 25m AGL 반경 6.1→30m 링간격 12.2m 속도상한 5.0m/s (풋프린트 단폭 18.8m)
[offboard_node-2] [INFO] [1785264197.480714632] [offboard_node]: WP1 도달·안정 (dist=0.0m speed=0.0m/s) → VISION_SEARCH (비전 착륙 활성)
[offboard_node-2] [INFO] [1785264197.580426667] [offboard_node]: 탐색 1회차 — 고도 25m AGL 반경 6.1→30m 링간격 12.2m 속도상한 5.0m/s (풋프린트 단폭 18.8m)
[offboard_node-2] [INFO] [1785264197.581067537] [offboard_node]: WP1 도달·안정 (dist=0.0m speed=0.0m/s) → VISION_SEARCH (비전 착륙 활성)
[offboard_node-2] [INFO] [1785264197.680655565] [offboard_node]: 탐색 1회차 — 고도 25m AGL 반경 6.1→30m 링간격 12.2m 속도상한 5.0m/s (풋프린트 단폭 18.8m)
[offboard_node-2] [INFO] [1785264197.681471624] [offboard_node]: WP1 도달·안정 (dist=0.0m speed=0.0m/s) → VISION_SEARCH (비전 착륙 활성)
[offboard_node-2] [INFO] [1785264197.780251528] [offboard_node]: 탐색 1회차 — 고도 25m AGL 반경 6.1→30m 링간격 12.2m 속도상한 5.0m/s (풋프린트 단폭 18.8m)
[offboard_node-2] [INFO] [1785264197.780924494] [offboard_node]: WP1 도달·안정 (dist=0.0m speed=0.0m/s) → VISION_SEARCH (비전 착륙 활성)
[offboard_node-2] [INFO] [1785264197.880169290] [offboard_node]: 탐색 1회차 — 고도 25m AGL 반경 6.1→30m 링간격 12.2m 속도상한 5.0m/s (풋프린트 단폭 18.8m)
[offboard_node-2] [INFO] [1785264197.880640120] [offboard_node]: WP1 도달·안정 (dist=0.0m speed=0.0m/s) → VISION_SEARCH (비전 착륙 활성)
[offboard_node-2] [INFO] [1785264197.980665355] [offboard_node]: 탐색 1회차 — 고도 25m AGL 반경 6.1→30m 링간격 12.2m 속도상한 5.0m/s (풋프린트 단폭 18.8m)
[offboard_node-2] [INFO] [1785264197.981361814] [offboard_node]: WP1 도달·안정 (dist=0.0m speed=0.0m/s) → VISION_SEARCH (비전 착륙 활성)
[offboard_node-2] [INFO] [1785264198.080623545] [offboard_node]: 탐색 1회차 — 고도 25m AGL 반경 6.1→30m 링간격 12.2m 속도상한 5.0m/s (풋프린트 단폭 18.8m)
[offboard_node-2] [INFO] [1785264198.081800582] [offboard_node]: WP1 도달·안정 (dist=0.0m speed=0.0m/s) → VISION_SEARCH (비전 착륙 활성)
[offboard_node-2] [INFO] [1785264198.180371526] [offboard_node]: 탐색 1회차 — 고도 25m AGL 반경 6.1→30m 링간격 12.2m 속도상한 5.0m/s (풋프린트 단폭 18.8m)
[offboard_node-2] [INFO] [1785264198.180997636] [offboard_node]: WP1 도달·안정 (dist=0.0m speed=0.0m/s) → VISION_SEARCH (비전 착륙 활성)
[offboard_node-2] [INFO] [1785264198.280223955] [offboard_node]: 탐색 1회차 — 고도 25m AGL 반경 6.1→30m 링간격 12.2m 속도상한 5.0m/s (풋프린트 단폭 18.8m)
[offboard_node-2] [INFO] [1785264198.281048892] [offboard_node]: WP1 도달·안정 (dist=0.0m speed=0.0m/s) → VISION_SEARCH (비전 착륙 활성)
[offboard_node-2] [INFO] [1785264198.380005855] [offboard_node]: 탐색 1회차 — 고도 25m AGL 반경 6.1→30m 링간격 12.2m 속도상한 5.0m/s (풋프린트 단폭 18.8m)
[offboard_node-2] [INFO] [1785264198.380544437] [offboard_node]: WP1 도달·안정 (dist=0.0m speed=0.0m/s) → VISION_SEARCH (비전 착륙 활성)
[telemetry_node-1] [INFO] [1785264198.393503293] [telemetry_node]: pos_ned=[ 2.99980560e+02 -2.42544152e-02  4.99369698e+01]  yaw=0.069  armed=True  vtol=3  batt=15.30V/50%
[offboard_node-2] [INFO] [1785264198.480123172] [offboard_node]: 탐색 1회차 — 고도 25m AGL 반경 6.1→30m 링간격 12.2m 속도상한 5.0m/s (풋프린트 단폭 18.8m)
[offboard_node-2] [INFO] [1785264198.480638785] [offboard_node]: WP1 도달·안정 (dist=0.0m speed=0.0m/s) → VISION_SEARCH (비전 착륙 활성)
[offboard_node-2] [INFO] [1785264198.580010406] [offboard_node]: 탐색 1회차 — 고도 25m AGL 반경 6.1→30m 링간격 12.2m 속도상한 5.0m/s (풋프린트 단폭 18.8m)
[offboard_node-2] [INFO] [1785264198.580446652] [offboard_node]: WP1 도달·안정 (dist=0.0m speed=0.0m/s) → VISION_SEARCH (비전 착륙 활성)
[offboard_node-2] [INFO] [1785264198.679976401] [offboard_node]: WP1 홀드 dist=0.0m speed=0.0m/s stable=3125/10
[offboard_node-2] [INFO] [1785264198.680725127] [offboard_node]: 탐색 1회차 — 고도 25m AGL 반경 6.1→30m 링간격 12.2m 속도상한 5.0m/s (풋프린트 단폭 18.8m)
[offboard_node-2] [INFO] [1785264198.681579336] [offboard_node]: WP1 도달·안정 (dist=0.0m speed=0.0m/s) → VISION_SEARCH (비전 착륙 활성)
[offboard_node-2] [INFO] [1785264198.780553865] [offboard_node]: 탐색 1회차 — 고도 25m AGL 반경 6.1→30m 링간격 12.2m 속도상한 5.0m/s (풋프린트 단폭 18.8m)
[offboard_node-2] [INFO] [1785264198.781185596] [offboard_node]: WP1 도달·안정 (dist=0.0m speed=0.0m/s) → VISION_SEARCH (비전 착륙 활성)
[offboard_node-2] [INFO] [1785264198.880167427] [offboard_node]: 탐색 1회차 — 고도 25m AGL 반경 6.1→30m 링간격 12.2m 속도상한 5.0m/s (풋프린트 단폭 18.8m)
[offboard_node-2] [INFO] [1785264198.880869300] [offboard_node]: WP1 도달·안정 (dist=0.0m speed=0.0m/s) → VISION_SEARCH (비전 착륙 활성)
[offboard_node-2] [INFO] [1785264198.980123393] [offboard_node]: 탐색 1회차 — 고도 25m AGL 반경 6.1→30m 링간격 12.2m 속도상한 5.0m/s (풋프린트 단폭 18.8m)
[offboard_node-2] [INFO] [1785264198.980826192] [offboard_node]: WP1 도달·안정 (dist=0.0m speed=0.0m/s) → VISION_SEARCH (비전 착륙 활성)
[offboard_node-2] [INFO] [1785264199.080647718] [offboard_node]: 탐색 1회차 — 고도 25m AGL 반경 6.1→30m 링간격 12.2m 속도상한 5.0m/s (풋프린트 단폭 18.8m)
[offboard_node-2] [INFO] [1785264199.081428146] [offboard_node]: WP1 도달·안정 (dist=0.0m speed=0.0m/s) → VISION_SEARCH (비전 착륙 활성)
[offboard_node-2] [INFO] [1785264199.180426045] [offboard_node]: 탐색 1회차 — 고도 25m AGL 반경 6.1→30m 링간격 12.2m 속도상한 5.0m/s (풋프린트 단폭 18.8m)
[offboard_node-2] [INFO] [1785264199.181059525] [offboard_node]: WP1 도달·안정 (dist=0.0m speed=0.0m/s) → VISION_SEARCH (비전 착륙 활성)
[offboard_node-2] [INFO] [1785264199.280024006] [offboard_node]: 탐색 1회차 — 고도 25m AGL 반경 6.1→30m 링간격 12.2m 속도상한 5.0m/s (풋프린트 단폭 18.8m)
[offboard_node-2] [INFO] [1785264199.280581254] [offboard_node]: WP1 도달·안정 (dist=0.0m speed=0.0m/s) → VISION_SEARCH (비전 착륙 활성)
[offboard_node-2] [INFO] [1785264199.380371939] [offboard_node]: 탐색 1회차 — 고도 25m AGL 반경 6.1→30m 링간격 12.2m 속도상한 5.0m/s (풋프린트 단폭 18.8m)
[offboard_node-2] [INFO] [1785264199.381103538] [offboard_node]: WP1 도달·안정 (dist=0.0m speed=0.0m/s) → VISION_SEARCH (비전 착륙 활성)
[offboard_node-2] [INFO] [1785264199.480320551] [offboard_node]: 탐색 1회차 — 고도 25m AGL 반경 6.1→30m 링간격 12.2m 속도상한 5.0m/s (풋프린트 단폭 18.8m)
[offboard_node-2] [INFO] [1785264199.480886212] [offboard_node]: WP1 도달·안정 (dist=0.0m speed=0.0m/s) → VISION_SEARCH (비전 착륙 활성)
[offboard_node-2] [INFO] [1785264199.580106926] [offboard_node]: 탐색 1회차 — 고도 25m AGL 반경 6.1→30m 링간격 12.2m 속도상한 5.0m/s (풋프린트 단폭 18.8m)
[offboard_node-2] [INFO] [1785264199.580584579] [offboard_node]: WP1 도달·안정 (dist=0.0m speed=0.0m/s) → VISION_SEARCH (비전 착륙 활성)
[offboard_node-2] [INFO] [1785264199.680320345] [offboard_node]: 탐색 1회차 — 고도 25m AGL 반경 6.1→30m 링간격 12.2m 속도상한 5.0m/s (풋프린트 단폭 18.8m)
[offboard_node-2] [INFO] [1785264199.680970235] [offboard_node]: WP1 도달·안정 (dist=0.0m speed=0.0m/s) → VISION_SEARCH (비전 착륙 활성)
[offboard_node-2] [INFO] [1785264199.780524130] [offboard_node]: 탐색 1회차 — 고도 25m AGL 반경 6.1→30m 링간격 12.2m 속도상한 5.0m/s (풋프린트 단폭 18.8m)
[offboard_node-2] [INFO] [1785264199.781100553] [offboard_node]: WP1 도달·안정 (dist=0.0m speed=0.0m/s) → VISION_SEARCH (비전 착륙 활성)
[offboard_node-2] [INFO] [1785264199.880135986] [offboard_node]: 탐색 1회차 — 고도 25m AGL 반경 6.1→30m 링간격 12.2m 속도상한 5.0m/s (풋프린트 단폭 18.8m)
[offboard_node-2] [INFO] [1785264199.881755368] [offboard_node]: WP1 도달·안정 (dist=0.0m speed=0.0m/s) → VISION_SEARCH (비전 착륙 활성)
[offboard_node-2] [INFO] [1785264199.980133971] [offboard_node]: 탐색 1회차 — 고도 25m AGL 반경 6.1→30m 링간격 12.2m 속도상한 5.0m/s (풋프린트 단폭 18.8m)
[offboard_node-2] [INFO] [1785264199.980629997] [offboard_node]: WP1 도달·안정 (dist=0.0m speed=0.0m/s) → VISION_SEARCH (비전 착륙 활성)
[offboard_node-2] [INFO] [1785264200.080190747] [offboard_node]: 탐색 1회차 — 고도 25m AGL 반경 6.1→30m 링간격 12.2m 속도상한 5.0m/s (풋프린트 단폭 18.8m)
[offboard_node-2] [INFO] [1785264200.080801788] [offboard_node]: WP1 도달·안정 (dist=0.0m speed=0.0m/s) → VISION_SEARCH (비전 착륙 활성)
[offboard_node-2] [INFO] [1785264200.179913940] [offboard_node]: 탐색 1회차 — 고도 25m AGL 반경 6.1→30m 링간격 12.2m 속도상한 5.0m/s (풋프린트 단폭 18.8m)
[offboard_node-2] [INFO] [1785264200.180340170] [offboard_node]: WP1 도달·안정 (dist=0.0m speed=0.0m/s) → VISION_SEARCH (비전 착륙 활성)
[offboard_node-2] [INFO] [1785264200.280045829] [offboard_node]: 탐색 1회차 — 고도 25m AGL 반경 6.1→30m 링간격 12.2m 속도상한 5.0m/s (풋프린트 단폭 18.8m)
[offboard_node-2] [INFO] [1785264200.280493101] [offboard_node]: WP1 도달·안정 (dist=0.0m speed=0.0m/s) → VISION_SEARCH (비전 착륙 활성)
[offboard_node-2] [INFO] [1785264200.380251266] [offboard_node]: 탐색 1회차 — 고도 25m AGL 반경 6.1→30m 링간격 12.2m 속도상한 5.0m/s (풋프린트 단폭 18.8m)
[offboard_node-2] [INFO] [1785264200.380880177] [offboard_node]: WP1 도달·안정 (dist=0.0m speed=0.0m/s) → VISION_SEARCH (비전 착륙 활성)
[telemetry_node-1] [INFO] [1785264200.393371494] [telemetry_node]: pos_ned=[ 2.99982758e+02 -2.20947508e-02  5.00465050e+01]  yaw=0.068  armed=True  vtol=3  batt=15.30V/50%
[offboard_node-2] [INFO] [1785264200.480463682] [offboard_node]: 탐색 1회차 — 고도 25m AGL 반경 6.1→30m 링간격 12.2m 속도상한 5.0m/s (풋프린트 단폭 18.8m)
[offboard_node-2] [INFO] [1785264200.481289414] [offboard_node]: WP1 도달·안정 (dist=0.0m speed=0.0m/s) → VISION_SEARCH (비전 착륙 활성)
[offboard_node-2] [INFO] [1785264200.580368124] [offboard_node]: 탐색 1회차 — 고도 25m AGL 반경 6.1→30m 링간격 12.2m 속도상한 5.0m/s (풋프린트 단폭 18.8m)
[offboard_node-2] [INFO] [1785264200.581102174] [offboard_node]: WP1 도달·안정 (dist=0.0m speed=0.0m/s) → VISION_SEARCH (비전 착륙 활성)
[offboard_node-2] [INFO] [1785264200.680084891] [offboard_node]: WP1 홀드 dist=0.0m speed=0.0m/s stable=3145/10
[offboard_node-2] [INFO] [1785264200.680570964] [offboard_node]: 탐색 1회차 — 고도 25m AGL 반경 6.1→30m 링간격 12.2m 속도상한 5.0m/s (풋프린트 단폭 18.8m)
[offboard_node-2] [INFO] [1785264200.681091833] [offboard_node]: WP1 도달·안정 (dist=0.0m speed=0.0m/s) → VISION_SEARCH (비전 착륙 활성)
[offboard_node-2] [INFO] [1785264200.780650805] [offboard_node]: 탐색 1회차 — 고도 25m AGL 반경 6.1→30m 링간격 12.2m 속도상한 5.0m/s (풋프린트 단폭 18.8m)
[offboard_node-2] [INFO] [1785264200.781215361] [offboard_node]: WP1 도달·안정 (dist=0.0m speed=0.0m/s) → VISION_SEARCH (비전 착륙 활성)
[offboard_node-2] [INFO] [1785264200.880764667] [offboard_node]: 탐색 1회차 — 고도 25m AGL 반경 6.1→30m 링간격 12.2m 속도상한 5.0m/s (풋프린트 단폭 18.8m)
[offboard_node-2] [INFO] [1785264200.882291118] [offboard_node]: WP1 도달·안정 (dist=0.0m speed=0.0m/s) → VISION_SEARCH (비전 착륙 활성)
[offboard_node-2] [INFO] [1785264200.979768663] [offboard_node]: 탐색 1회차 — 고도 25m AGL 반경 6.1→30m 링간격 12.2m 속도상한 5.0m/s (풋프린트 단폭 18.8m)
[offboard_node-2] [INFO] [1785264200.980159906] [offboard_node]: WP1 도달·안정 (dist=0.0m speed=0.0m/s) → VISION_SEARCH (비전 착륙 활성)
[offboard_node-2] [INFO] [1785264201.080480215] [offboard_node]: 탐색 1회차 — 고도 25m AGL 반경 6.1→30m 링간격 12.2m 속도상한 5.0m/s (풋프린트 단폭 18.8m)
[offboard_node-2] [INFO] [1785264201.081192128] [offboard_node]: WP1 도달·안정 (dist=0.0m speed=0.0m/s) → VISION_SEARCH (비전 착륙 활성)
[offboard_node-2] [INFO] [1785264201.179843694] [offboard_node]: 탐색 1회차 — 고도 25m AGL 반경 6.1→30m 링간격 12.2m 속도상한 5.0m/s (풋프린트 단폭 18.8m)
[offboard_node-2] [INFO] [1785264201.180458735] [offboard_node]: WP1 도달·안정 (dist=0.0m speed=0.0m/s) → VISION_SEARCH (비전 착륙 활성)
[offboard_node-2] [INFO] [1785264201.281014917] [offboard_node]: 탐색 1회차 — 고도 25m AGL 반경 6.1→30m 링간격 12.2m 속도상한 5.0m/s (풋프린트 단폭 18.8m)
[offboard_node-2] [INFO] [1785264201.282513089] [offboard_node]: WP1 도달·안정 (dist=0.0m speed=0.0m/s) → VISION_SEARCH (비전 착륙 활성)
[offboard_node-2] [INFO] [1785264201.380529800] [offboard_node]: 탐색 1회차 — 고도 25m AGL 반경 6.1→30m 링간격 12.2m 속도상한 5.0m/s (풋프린트 단폭 18.8m)
[offboard_node-2] [INFO] [1785264201.381121881] [offboard_node]: WP1 도달·안정 (dist=0.0m speed=0.0m/s) → VISION_SEARCH (비전 착륙 활성)
[offboard_node-2] [INFO] [1785264201.479963554] [offboard_node]: 탐색 1회차 — 고도 25m AGL 반경 6.1→30m 링간격 12.2m 속도상한 5.0m/s (풋프린트 단폭 18.8m)
[offboard_node-2] [INFO] [1785264201.480306013] [offboard_node]: WP1 도달·안정 (dist=0.0m speed=0.0m/s) → VISION_SEARCH (비전 착륙 활성)
[offboard_node-2] [INFO] [1785264201.580089152] [offboard_node]: 탐색 1회차 — 고도 25m AGL 반경 6.1→30m 링간격 12.2m 속도상한 5.0m/s (풋프린트 단폭 18.8m)
[offboard_node-2] [INFO] [1785264201.580504881] [offboard_node]: WP1 도달·안정 (dist=0.0m speed=0.0m/s) → VISION_SEARCH (비전 착륙 활성)
[offboard_node-2] [INFO] [1785264201.680610894] [offboard_node]: 탐색 1회차 — 고도 25m AGL 반경 6.1→30m 링간격 12.2m 속도상한 5.0m/s (풋프린트 단폭 18.8m)
[offboard_node-2] [INFO] [1785264201.681323912] [offboard_node]: WP1 도달·안정 (dist=0.0m speed=0.0m/s) → VISION_SEARCH (비전 착륙 활성)
[offboard_node-2] [INFO] [1785264201.780597485] [offboard_node]: 탐색 1회차 — 고도 25m AGL 반경 6.1→30m 링간격 12.2m 속도상한 5.0m/s (풋프린트 단폭 18.8m)
[offboard_node-2] [INFO] [1785264201.781218931] [offboard_node]: WP1 도달·안정 (dist=0.0m speed=0.0m/s) → VISION_SEARCH (비전 착륙 활성)
[offboard_node-2] [INFO] [1785264201.880780122] [offboard_node]: 탐색 1회차 — 고도 25m AGL 반경 6.1→30m 링간격 12.2m 속도상한 5.0m/s (풋프린트 단폭 18.8m)
[offboard_node-2] [INFO] [1785264201.881474690] [offboard_node]: WP1 도달·안정 (dist=0.0m speed=0.0m/s) → VISION_SEARCH (비전 착륙 활성)
[offboard_node-2] [INFO] [1785264201.980153804] [offboard_node]: 탐색 1회차 — 고도 25m AGL 반경 6.1→30m 링간격 12.2m 속도상한 5.0m/s (풋프린트 단폭 18.8m)
[offboard_node-2] [INFO] [1785264201.980644517] [offboard_node]: WP1 도달·안정 (dist=0.0m speed=0.0m/s) → VISION_SEARCH (비전 착륙 활성)
[offboard_node-2] [INFO] [1785264202.080217352] [offboard_node]: 탐색 1회차 — 고도 25m AGL 반경 6.1→30m 링간격 12.2m 속도상한 5.0m/s (풋프린트 단폭 18.8m)
[offboard_node-2] [INFO] [1785264202.080712573] [offboard_node]: WP1 도달·안정 (dist=0.0m speed=0.0m/s) → VISION_SEARCH (비전 착륙 활성)
[offboard_node-2] [INFO] [1785264202.181281209] [offboard_node]: 탐색 1회차 — 고도 25m AGL 반경 6.1→30m 링간격 12.2m 속도상한 5.0m/s (풋프린트 단폭 18.8m)
[offboard_node-2] [INFO] [1785264202.181979542] [offboard_node]: WP1 도달·안정 (dist=0.0m speed=0.0m/s) → VISION_SEARCH (비전 착륙 활성)
[offboard_node-2] [INFO] [1785264202.280527606] [offboard_node]: 탐색 1회차 — 고도 25m AGL 반경 6.1→30m 링간격 12.2m 속도상한 5.0m/s (풋프린트 단폭 18.8m)
[offboard_node-2] [INFO] [1785264202.281377108] [offboard_node]: WP1 도달·안정 (dist=0.0m speed=0.0m/s) → VISION_SEARCH (비전 착륙 활성)
[offboard_node-2] [INFO] [1785264202.381386570] [offboard_node]: 탐색 1회차 — 고도 25m AGL 반경 6.1→30m 링간격 12.2m 속도상한 5.0m/s (풋프린트 단폭 18.8m)
[offboard_node-2] [INFO] [1785264202.381901644] [offboard_node]: WP1 도달·안정 (dist=0.0m speed=0.0m/s) → VISION_SEARCH (비전 착륙 활성)
[telemetry_node-1] [INFO] [1785264202.393641743] [telemetry_node]: pos_ned=[ 2.99981689e+02 -1.79160852e-02  5.01457596e+01]  yaw=0.068  armed=True  vtol=3  batt=15.30V/50%
[offboard_node-2] [INFO] [1785264202.481109275] [offboard_node]: 탐색 1회차 — 고도 25m AGL 반경 6.1→30m 링간격 12.2m 속도상한 5.0m/s (풋프린트 단폭 18.8m)
[offboard_node-2] [INFO] [1785264202.481915862] [offboard_node]: WP1 도달·안정 (dist=0.0m speed=0.0m/s) → VISION_SEARCH (비전 착륙 활성)
[offboard_node-2] [INFO] [1785264202.580931050] [offboard_node]: 탐색 1회차 — 고도 25m AGL 반경 6.1→30m 링간격 12.2m 속도상한 5.0m/s (풋프린트 단폭 18.8m)
[offboard_node-2] [INFO] [1785264202.581748164] [offboard_node]: WP1 도달·안정 (dist=0.0m speed=0.0m/s) → VISION_SEARCH (비전 착륙 활성)
[offboard_node-2] [INFO] [1785264202.680241801] [offboard_node]: WP1 홀드 dist=0.0m speed=0.0m/s stable=3165/10
[offboard_node-2] [INFO] [1785264202.680932393] [offboard_node]: 탐색 1회차 — 고도 25m AGL 반경 6.1→30m 링간격 12.2m 속도상한 5.0m/s (풋프린트 단폭 18.8m)
[offboard_node-2] [INFO] [1785264202.681495086] [offboard_node]: WP1 도달·안정 (dist=0.0m speed=0.0m/s) → VISION_SEARCH (비전 착륙 활성)
[offboard_node-2] [INFO] [1785264202.780132349] [offboard_node]: 탐색 1회차 — 고도 25m AGL 반경 6.1→30m 링간격 12.2m 속도상한 5.0m/s (풋프린트 단폭 18.8m)
[offboard_node-2] [INFO] [1785264202.780729913] [offboard_node]: WP1 도달·안정 (dist=0.0m speed=0.0m/s) → VISION_SEARCH (비전 착륙 활성)
[offboard_node-2] [INFO] [1785264202.881086439] [offboard_node]: 탐색 1회차 — 고도 25m AGL 반경 6.1→30m 링간격 12.2m 속도상한 5.0m/s (풋프린트 단폭 18.8m)
[offboard_node-2] [INFO] [1785264202.881966661] [offboard_node]: WP1 도달·안정 (dist=0.0m speed=0.0m/s) → VISION_SEARCH (비전 착륙 활성)
[offboard_node-2] [INFO] [1785264202.980188263] [offboard_node]: 탐색 1회차 — 고도 25m AGL 반경 6.1→30m 링간격 12.2m 속도상한 5.0m/s (풋프린트 단폭 18.8m)
[offboard_node-2] [INFO] [1785264202.980639193] [offboard_node]: WP1 도달·안정 (dist=0.0m speed=0.0m/s) → VISION_SEARCH (비전 착륙 활성)
[offboard_node-2] [INFO] [1785264203.080123535] [offboard_node]: 탐색 1회차 — 고도 25m AGL 반경 6.1→30m 링간격 12.2m 속도상한 5.0m/s (풋프린트 단폭 18.8m)
[offboard_node-2] [INFO] [1785264203.080680310] [offboard_node]: WP1 도달·안정 (dist=0.0m speed=0.0m/s) → VISION_SEARCH (비전 착륙 활성)
[offboard_node-2] [INFO] [1785264203.180493261] [offboard_node]: 탐색 1회차 — 고도 25m AGL 반경 6.1→30m 링간격 12.2m 속도상한 5.0m/s (풋프린트 단폭 18.8m)
[offboard_node-2] [INFO] [1785264203.181142209] [offboard_node]: WP1 도달·안정 (dist=0.0m speed=0.0m/s) → VISION_SEARCH (비전 착륙 활성)
[offboard_node-2] [INFO] [1785264203.280141845] [offboard_node]: 탐색 1회차 — 고도 25m AGL 반경 6.1→30m 링간격 12.2m 속도상한 5.0m/s (풋프린트 단폭 18.8m)
[offboard_node-2] [INFO] [1785264203.280605124] [offboard_node]: WP1 도달·안정 (dist=0.0m speed=0.0m/s) → VISION_SEARCH (비전 착륙 활성)
[offboard_node-2] [INFO] [1785264203.380153289] [offboard_node]: 탐색 1회차 — 고도 25m AGL 반경 6.1→30m 링간격 12.2m 속도상한 5.0m/s (풋프린트 단폭 18.8m)
[offboard_node-2] [INFO] [1785264203.380542075] [offboard_node]: WP1 도달·안정 (dist=0.0m speed=0.0m/s) → VISION_SEARCH (비전 착륙 활성)
[offboard_node-2] [INFO] [1785264203.480139737] [offboard_node]: 탐색 1회차 — 고도 25m AGL 반경 6.1→30m 링간격 12.2m 속도상한 5.0m/s (풋프린트 단폭 18.8m)
[offboard_node-2] [INFO] [1785264203.480556123] [offboard_node]: WP1 도달·안정 (dist=0.0m speed=0.0m/s) → VISION_SEARCH (비전 착륙 활성)
[offboard_node-2] [INFO] [1785264203.580045819] [offboard_node]: 탐색 1회차 — 고도 25m AGL 반경 6.1→30m 링간격 12.2m 속도상한 5.0m/s (풋프린트 단폭 18.8m)
[offboard_node-2] [INFO] [1785264203.580403436] [offboard_node]: WP1 도달·안정 (dist=0.0m speed=0.0m/s) → VISION_SEARCH (비전 착륙 활성)
[offboard_node-2] [INFO] [1785264203.680065165] [offboard_node]: 탐색 1회차 — 고도 25m AGL 반경 6.1→30m 링간격 12.2m 속도상한 5.0m/s (풋프린트 단폭 18.8m)
[offboard_node-2] [INFO] [1785264203.680465859] [offboard_node]: WP1 도달·안정 (dist=0.0m speed=0.0m/s) → VISION_SEARCH (비전 착륙 활성)
[offboard_node-2] [INFO] [1785264203.779967903] [offboard_node]: 탐색 1회차 — 고도 25m AGL 반경 6.1→30m 링간격 12.2m 속도상한 5.0m/s (풋프린트 단폭 18.8m)
[offboard_node-2] [INFO] [1785264203.780340483] [offboard_node]: WP1 도달·안정 (dist=0.0m speed=0.0m/s) → VISION_SEARCH (비전 착륙 활성)
[offboard_node-2] [INFO] [1785264203.880150461] [offboard_node]: 탐색 1회차 — 고도 25m AGL 반경 6.1→30m 링간격 12.2m 속도상한 5.0m/s (풋프린트 단폭 18.8m)
[offboard_node-2] [INFO] [1785264203.880708542] [offboard_node]: WP1 도달·안정 (dist=0.0m speed=0.0m/s) → VISION_SEARCH (비전 착륙 활성)
[offboard_node-2] [INFO] [1785264203.980616007] [offboard_node]: 탐색 1회차 — 고도 25m AGL 반경 6.1→30m 링간격 12.2m 속도상한 5.0m/s (풋프린트 단폭 18.8m)
[offboard_node-2] [INFO] [1785264203.981155694] [offboard_node]: WP1 도달·안정 (dist=0.0m speed=0.0m/s) → VISION_SEARCH (비전 착륙 활성)
[offboard_node-2] [INFO] [1785264204.080003240] [offboard_node]: 탐색 1회차 — 고도 25m AGL 반경 6.1→30m 링간격 12.2m 속도상한 5.0m/s (풋프린트 단폭 18.8m)
[offboard_node-2] [INFO] [1785264204.080448022] [offboard_node]: WP1 도달·안정 (dist=0.0m speed=0.0m/s) → VISION_SEARCH (비전 착륙 활성)
[offboard_node-2] [INFO] [1785264204.180035700] [offboard_node]: 탐색 1회차 — 고도 25m AGL 반경 6.1→30m 링간격 12.2m 속도상한 5.0m/s (풋프린트 단폭 18.8m)
[offboard_node-2] [INFO] [1785264204.180567697] [offboard_node]: WP1 도달·안정 (dist=0.0m speed=0.0m/s) → VISION_SEARCH (비전 착륙 활성)
[offboard_node-2] [INFO] [1785264204.279995586] [offboard_node]: 탐색 1회차 — 고도 25m AGL 반경 6.1→30m 링간격 12.2m 속도상한 5.0m/s (풋프린트 단폭 18.8m)
[offboard_node-2] [INFO] [1785264204.280471160] [offboard_node]: WP1 도달·안정 (dist=0.0m speed=0.0m/s) → VISION_SEARCH (비전 착륙 활성)
[offboard_node-2] [INFO] [1785264204.379972930] [offboard_node]: 탐색 1회차 — 고도 25m AGL 반경 6.1→30m 링간격 12.2m 속도상한 5.0m/s (풋프린트 단폭 18.8m)
[offboard_node-2] [INFO] [1785264204.380410151] [offboard_node]: WP1 도달·안정 (dist=0.0m speed=0.0m/s) → VISION_SEARCH (비전 착륙 활성)
[telemetry_node-1] [INFO] [1785264204.392911431] [telemetry_node]: pos_ned=[ 2.99975098e+02 -1.27700381e-02  5.01884537e+01]  yaw=0.068  armed=True  vtol=3  batt=15.30V/50%
[offboard_node-2] [INFO] [1785264204.480068874] [offboard_node]: 탐색 1회차 — 고도 25m AGL 반경 6.1→30m 링간격 12.2m 속도상한 5.0m/s (풋프린트 단폭 18.8m)
[offboard_node-2] [INFO] [1785264204.480462991] [offboard_node]: WP1 도달·안정 (dist=0.0m speed=0.0m/s) → VISION_SEARCH (비전 착륙 활성)
[offboard_node-2] [INFO] [1785264204.580163695] [offboard_node]: 탐색 1회차 — 고도 25m AGL 반경 6.1→30m 링간격 12.2m 속도상한 5.0m/s (풋프린트 단폭 18.8m)
[offboard_node-2] [INFO] [1785264204.580619343] [offboard_node]: WP1 도달·안정 (dist=0.0m speed=0.0m/s) → VISION_SEARCH (비전 착륙 활성)
[offboard_node-2] [INFO] [1785264204.680265279] [offboard_node]: WP1 홀드 dist=0.0m speed=0.0m/s stable=3185/10
[offboard_node-2] [INFO] [1785264204.680827441] [offboard_node]: 탐색 1회차 — 고도 25m AGL 반경 6.1→30m 링간격 12.2m 속도상한 5.0m/s (풋프린트 단폭 18.8m)
[offboard_node-2] [INFO] [1785264204.681285771] [offboard_node]: WP1 도달·안정 (dist=0.0m speed=0.0m/s) → VISION_SEARCH (비전 착륙 활성)
[offboard_node-2] [INFO] [1785264204.780092091] [offboard_node]: 탐색 1회차 — 고도 25m AGL 반경 6.1→30m 링간격 12.2m 속도상한 5.0m/s (풋프린트 단폭 18.8m)
[offboard_node-2] [INFO] [1785264204.780590820] [offboard_node]: WP1 도달·안정 (dist=0.0m speed=0.0m/s) → VISION_SEARCH (비전 착륙 활성)
[offboard_node-2] [INFO] [1785264204.880221657] [offboard_node]: 탐색 1회차 — 고도 25m AGL 반경 6.1→30m 링간격 12.2m 속도상한 5.0m/s (풋프린트 단폭 18.8m)
[offboard_node-2] [INFO] [1785264204.880835922] [offboard_node]: WP1 도달·안정 (dist=0.0m speed=0.0m/s) → VISION_SEARCH (비전 착륙 활성)
[offboard_node-2] [INFO] [1785264204.980024452] [offboard_node]: 탐색 1회차 — 고도 25m AGL 반경 6.1→30m 링간격 12.2m 속도상한 5.0m/s (풋프린트 단폭 18.8m)
[offboard_node-2] [INFO] [1785264204.980354722] [offboard_node]: WP1 도달·안정 (dist=0.0m speed=0.0m/s) → VISION_SEARCH (비전 착륙 활성)
[offboard_node-2] [INFO] [1785264205.080080993] [offboard_node]: 탐색 1회차 — 고도 25m AGL 반경 6.1→30m 링간격 12.2m 속도상한 5.0m/s (풋프린트 단폭 18.8m)
[offboard_node-2] [INFO] [1785264205.080484960] [offboard_node]: WP1 도달·안정 (dist=0.0m speed=0.0m/s) → VISION_SEARCH (비전 착륙 활성)
[offboard_node-2] [INFO] [1785264205.179971627] [offboard_node]: 탐색 1회차 — 고도 25m AGL 반경 6.1→30m 링간격 12.2m 속도상한 5.0m/s (풋프린트 단폭 18.8m)
[offboard_node-2] [INFO] [1785264205.180317384] [offboard_node]: WP1 도달·안정 (dist=0.0m speed=0.0m/s) → VISION_SEARCH (비전 착륙 활성)
[offboard_node-2] [INFO] [1785264205.280216379] [offboard_node]: 탐색 1회차 — 고도 25m AGL 반경 6.1→30m 링간격 12.2m 속도상한 5.0m/s (풋프린트 단폭 18.8m)
[offboard_node-2] [INFO] [1785264205.280835888] [offboard_node]: WP1 도달·안정 (dist=0.0m speed=0.0m/s) → VISION_SEARCH (비전 착륙 활성)
[offboard_node-2] [INFO] [1785264205.380009582] [offboard_node]: 탐색 1회차 — 고도 25m AGL 반경 6.1→30m 링간격 12.2m 속도상한 5.0m/s (풋프린트 단폭 18.8m)
[offboard_node-2] [INFO] [1785264205.380398312] [offboard_node]: WP1 도달·안정 (dist=0.0m speed=0.0m/s) → VISION_SEARCH (비전 착륙 활성)
[offboard_node-2] [INFO] [1785264205.479965753] [offboard_node]: 탐색 1회차 — 고도 25m AGL 반경 6.1→30m 링간격 12.2m 속도상한 5.0m/s (풋프린트 단폭 18.8m)
[offboard_node-2] [INFO] [1785264205.480297407] [offboard_node]: WP1 도달·안정 (dist=0.0m speed=0.0m/s) → VISION_SEARCH (비전 착륙 활성)
[offboard_node-2] [INFO] [1785264205.579857110] [offboard_node]: 탐색 1회차 — 고도 25m AGL 반경 6.1→30m 링간격 12.2m 속도상한 5.0m/s (풋프린트 단폭 18.8m)
[offboard_node-2] [INFO] [1785264205.580190060] [offboard_node]: WP1 도달·안정 (dist=0.0m speed=0.0m/s) → VISION_SEARCH (비전 착륙 활성)
[offboard_node-2] [INFO] [1785264205.679908454] [offboard_node]: 탐색 1회차 — 고도 25m AGL 반경 6.1→30m 링간격 12.2m 속도상한 5.0m/s (풋프린트 단폭 18.8m)
[offboard_node-2] [INFO] [1785264205.680318306] [offboard_node]: WP1 도달·안정 (dist=0.0m speed=0.0m/s) → VISION_SEARCH (비전 착륙 활성)
[offboard_node-2] [INFO] [1785264205.779838767] [offboard_node]: 탐색 1회차 — 고도 25m AGL 반경 6.1→30m 링간격 12.2m 속도상한 5.0m/s (풋프린트 단폭 18.8m)
[offboard_node-2] [INFO] [1785264205.780233386] [offboard_node]: WP1 도달·안정 (dist=0.0m speed=0.0m/s) → VISION_SEARCH (비전 착륙 활성)
[offboard_node-2] [INFO] [1785264205.879924028] [offboard_node]: 탐색 1회차 — 고도 25m AGL 반경 6.1→30m 링간격 12.2m 속도상한 5.0m/s (풋프린트 단폭 18.8m)
[offboard_node-2] [INFO] [1785264205.880252985] [offboard_node]: WP1 도달·안정 (dist=0.0m speed=0.0m/s) → VISION_SEARCH (비전 착륙 활성)
[offboard_node-2] [INFO] [1785264205.980029945] [offboard_node]: 탐색 1회차 — 고도 25m AGL 반경 6.1→30m 링간격 12.2m 속도상한 5.0m/s (풋프린트 단폭 18.8m)
[offboard_node-2] [INFO] [1785264205.980372045] [offboard_node]: WP1 도달·안정 (dist=0.0m speed=0.0m/s) → VISION_SEARCH (비전 착륙 활성)
[offboard_node-2] [INFO] [1785264206.080185583] [offboard_node]: 탐색 1회차 — 고도 25m AGL 반경 6.1→30m 링간격 12.2m 속도상한 5.0m/s (풋프린트 단폭 18.8m)
[offboard_node-2] [INFO] [1785264206.080979316] [offboard_node]: WP1 도달·안정 (dist=0.0m speed=0.0m/s) → VISION_SEARCH (비전 착륙 활성)
[offboard_node-2] [INFO] [1785264206.179966351] [offboard_node]: 탐색 1회차 — 고도 25m AGL 반경 6.1→30m 링간격 12.2m 속도상한 5.0m/s (풋프린트 단폭 18.8m)
[offboard_node-2] [INFO] [1785264206.180358751] [offboard_node]: WP1 도달·안정 (dist=0.0m speed=0.0m/s) → VISION_SEARCH (비전 착륙 활성)
[offboard_node-2] [INFO] [1785264206.279818651] [offboard_node]: 탐색 1회차 — 고도 25m AGL 반경 6.1→30m 링간격 12.2m 속도상한 5.0m/s (풋프린트 단폭 18.8m)
[offboard_node-2] [INFO] [1785264206.280141488] [offboard_node]: WP1 도달·안정 (dist=0.0m speed=0.0m/s) → VISION_SEARCH (비전 착륙 활성)
[offboard_node-2] [INFO] [1785264206.379878280] [offboard_node]: 탐색 1회차 — 고도 25m AGL 반경 6.1→30m 링간격 12.2m 속도상한 5.0m/s (풋프린트 단폭 18.8m)
[offboard_node-2] [INFO] [1785264206.380258546] [offboard_node]: WP1 도달·안정 (dist=0.0m speed=0.0m/s) → VISION_SEARCH (비전 착륙 활성)
[telemetry_node-1] [INFO] [1785264206.393003059] [telemetry_node]: pos_ned=[ 2.99971222e+02 -4.10680473e-03  5.02104149e+01]  yaw=0.068  armed=True  vtol=3  batt=15.30V/50%
[offboard_node-2] [INFO] [1785264206.480012808] [offboard_node]: 탐색 1회차 — 고도 25m AGL 반경 6.1→30m 링간격 12.2m 속도상한 5.0m/s (풋프린트 단폭 18.8m)
[offboard_node-2] [INFO] [1785264206.480328514] [offboard_node]: WP1 도달·안정 (dist=0.0m speed=0.0m/s) → VISION_SEARCH (비전 착륙 활성)
[offboard_node-2] [INFO] [1785264206.579882138] [offboard_node]: 탐색 1회차 — 고도 25m AGL 반경 6.1→30m 링간격 12.2m 속도상한 5.0m/s (풋프린트 단폭 18.8m)
[offboard_node-2] [INFO] [1785264206.580231561] [offboard_node]: WP1 도달·안정 (dist=0.0m speed=0.1m/s) → VISION_SEARCH (비전 착륙 활성)
[offboard_node-2] [INFO] [1785264206.679830445] [offboard_node]: WP1 홀드 dist=0.0m speed=0.1m/s stable=3205/10
[offboard_node-2] [INFO] [1785264206.680180819] [offboard_node]: 탐색 1회차 — 고도 25m AGL 반경 6.1→30m 링간격 12.2m 속도상한 5.0m/s (풋프린트 단폭 18.8m)
[offboard_node-2] [INFO] [1785264206.680454260] [offboard_node]: WP1 도달·안정 (dist=0.0m speed=0.1m/s) → VISION_SEARCH (비전 착륙 활성)
[offboard_node-2] [INFO] [1785264206.779851613] [offboard_node]: 탐색 1회차 — 고도 25m AGL 반경 6.1→30m 링간격 12.2m 속도상한 5.0m/s (풋프린트 단폭 18.8m)
[offboard_node-2] [INFO] [1785264206.780181426] [offboard_node]: WP1 도달·안정 (dist=0.0m speed=0.1m/s) → VISION_SEARCH (비전 착륙 활성)
[offboard_node-2] [INFO] [1785264206.879829902] [offboard_node]: 탐색 1회차 — 고도 25m AGL 반경 6.1→30m 링간격 12.2m 속도상한 5.0m/s (풋프린트 단폭 18.8m)
[offboard_node-2] [INFO] [1785264206.880159799] [offboard_node]: WP1 도달·안정 (dist=0.0m speed=0.0m/s) → VISION_SEARCH (비전 착륙 활성)
[offboard_node-2] [INFO] [1785264206.979975460] [offboard_node]: 탐색 1회차 — 고도 25m AGL 반경 6.1→30m 링간격 12.2m 속도상한 5.0m/s (풋프린트 단폭 18.8m)
[offboard_node-2] [INFO] [1785264206.980381439] [offboard_node]: WP1 도달·안정 (dist=0.0m speed=0.0m/s) → VISION_SEARCH (비전 착륙 활성)
[offboard_node-2] [INFO] [1785264207.079966879] [offboard_node]: 탐색 1회차 — 고도 25m AGL 반경 6.1→30m 링간격 12.2m 속도상한 5.0m/s (풋프린트 단폭 18.8m)
[offboard_node-2] [INFO] [1785264207.080340189] [offboard_node]: WP1 도달·안정 (dist=0.0m speed=0.0m/s) → VISION_SEARCH (비전 착륙 활성)
[offboard_node-2] [INFO] [1785264207.179854992] [offboard_node]: 탐색 1회차 — 고도 25m AGL 반경 6.1→30m 링간격 12.2m 속도상한 5.0m/s (풋프린트 단폭 18.8m)
[offboard_node-2] [INFO] [1785264207.180365826] [offboard_node]: WP1 도달·안정 (dist=0.0m speed=0.0m/s) → VISION_SEARCH (비전 착륙 활성)
[offboard_node-2] [INFO] [1785264207.282853761] [offboard_node]: 탐색 1회차 — 고도 25m AGL 반경 6.1→30m 링간격 12.2m 속도상한 5.0m/s (풋프린트 단폭 18.8m)
[offboard_node-2] [INFO] [1785264207.283386556] [offboard_node]: WP1 도달·안정 (dist=0.0m speed=0.0m/s) → VISION_SEARCH (비전 착륙 활성)
[offboard_node-2] [INFO] [1785264207.380206988] [offboard_node]: 탐색 1회차 — 고도 25m AGL 반경 6.1→30m 링간격 12.2m 속도상한 5.0m/s (풋프린트 단폭 18.8m)
[offboard_node-2] [INFO] [1785264207.380614946] [offboard_node]: WP1 도달·안정 (dist=0.0m speed=0.0m/s) → VISION_SEARCH (비전 착륙 활성)
[offboard_node-2] [INFO] [1785264207.480568214] [offboard_node]: 탐색 1회차 — 고도 25m AGL 반경 6.1→30m 링간격 12.2m 속도상한 5.0m/s (풋프린트 단폭 18.8m)
[offboard_node-2] [INFO] [1785264207.481132489] [offboard_node]: WP1 도달·안정 (dist=0.0m speed=0.0m/s) → VISION_SEARCH (비전 착륙 활성)
[offboard_node-2] [INFO] [1785264207.580228462] [offboard_node]: 탐색 1회차 — 고도 25m AGL 반경 6.1→30m 링간격 12.2m 속도상한 5.0m/s (풋프린트 단폭 18.8m)
[offboard_node-2] [INFO] [1785264207.580644514] [offboard_node]: WP1 도달·안정 (dist=0.0m speed=0.0m/s) → VISION_SEARCH (비전 착륙 활성)
[offboard_node-2] [INFO] [1785264207.680238418] [offboard_node]: 탐색 1회차 — 고도 25m AGL 반경 6.1→30m 링간격 12.2m 속도상한 5.0m/s (풋프린트 단폭 18.8m)
[offboard_node-2] [INFO] [1785264207.680667514] [offboard_node]: WP1 도달·안정 (dist=0.0m speed=0.0m/s) → VISION_SEARCH (비전 착륙 활성)
[offboard_node-2] [INFO] [1785264207.780232679] [offboard_node]: 탐색 1회차 — 고도 25m AGL 반경 6.1→30m 링간격 12.2m 속도상한 5.0m/s (풋프린트 단폭 18.8m)
[offboard_node-2] [INFO] [1785264207.780846387] [offboard_node]: WP1 도달·안정 (dist=0.0m speed=0.0m/s) → VISION_SEARCH (비전 착륙 활성)
[offboard_node-2] [INFO] [1785264207.880798039] [offboard_node]: 탐색 1회차 — 고도 25m AGL 반경 6.1→30m 링간격 12.2m 속도상한 5.0m/s (풋프린트 단폭 18.8m)
[offboard_node-2] [INFO] [1785264207.881324676] [offboard_node]: WP1 도달·안정 (dist=0.0m speed=0.0m/s) → VISION_SEARCH (비전 착륙 활성)
[offboard_node-2] [INFO] [1785264207.980204094] [offboard_node]: 탐색 1회차 — 고도 25m AGL 반경 6.1→30m 링간격 12.2m 속도상한 5.0m/s (풋프린트 단폭 18.8m)
[offboard_node-2] [INFO] [1785264207.980801336] [offboard_node]: WP1 도달·안정 (dist=0.0m speed=0.0m/s) → VISION_SEARCH (비전 착륙 활성)
[offboard_node-2] [INFO] [1785264208.080495448] [offboard_node]: 탐색 1회차 — 고도 25m AGL 반경 6.1→30m 링간격 12.2m 속도상한 5.0m/s (풋프린트 단폭 18.8m)
[offboard_node-2] [INFO] [1785264208.081118389] [offboard_node]: WP1 도달·안정 (dist=0.0m speed=0.0m/s) → VISION_SEARCH (비전 착륙 활성)
[offboard_node-2] [INFO] [1785264208.180374988] [offboard_node]: 탐색 1회차 — 고도 25m AGL 반경 6.1→30m 링간격 12.2m 속도상한 5.0m/s (풋프린트 단폭 18.8m)
[offboard_node-2] [INFO] [1785264208.180903842] [offboard_node]: WP1 도달·안정 (dist=0.0m speed=0.0m/s) → VISION_SEARCH (비전 착륙 활성)
[offboard_node-2] [INFO] [1785264208.280728103] [offboard_node]: 탐색 1회차 — 고도 25m AGL 반경 6.1→30m 링간격 12.2m 속도상한 5.0m/s (풋프린트 단폭 18.8m)
[offboard_node-2] [INFO] [1785264208.281317220] [offboard_node]: WP1 도달·안정 (dist=0.0m speed=0.0m/s) → VISION_SEARCH (비전 착륙 활성)
[offboard_node-2] [INFO] [1785264208.380552890] [offboard_node]: 탐색 1회차 — 고도 25m AGL 반경 6.1→30m 링간격 12.2m 속도상한 5.0m/s (풋프린트 단폭 18.8m)
[offboard_node-2] [INFO] [1785264208.381039632] [offboard_node]: WP1 도달·안정 (dist=0.0m speed=0.0m/s) → VISION_SEARCH (비전 착륙 활성)
[telemetry_node-1] [INFO] [1785264208.393507938] [telemetry_node]: pos_ned=[ 3.00003021e+02 -1.26301469e-02  5.02201614e+01]  yaw=0.067  armed=True  vtol=3  batt=15.30V/50%
[offboard_node-2] [INFO] [1785264208.480251998] [offboard_node]: 탐색 1회차 — 고도 25m AGL 반경 6.1→30m 링간격 12.2m 속도상한 5.0m/s (풋프린트 단폭 18.8m)
[offboard_node-2] [INFO] [1785264208.480758016] [offboard_node]: WP1 도달·안정 (dist=0.0m speed=0.0m/s) → VISION_SEARCH (비전 착륙 활성)
[offboard_node-2] [INFO] [1785264208.580093420] [offboard_node]: 탐색 1회차 — 고도 25m AGL 반경 6.1→30m 링간격 12.2m 속도상한 5.0m/s (풋프린트 단폭 18.8m)
[offboard_node-2] [INFO] [1785264208.580599262] [offboard_node]: WP1 도달·안정 (dist=0.0m speed=0.0m/s) → VISION_SEARCH (비전 착륙 활성)
[offboard_node-2] [INFO] [1785264208.680085440] [offboard_node]: WP1 홀드 dist=0.0m speed=0.0m/s stable=3225/10
[offboard_node-2] [INFO] [1785264208.680524267] [offboard_node]: 탐색 1회차 — 고도 25m AGL 반경 6.1→30m 링간격 12.2m 속도상한 5.0m/s (풋프린트 단폭 18.8m)
[offboard_node-2] [INFO] [1785264208.680858300] [offboard_node]: WP1 도달·안정 (dist=0.0m speed=0.0m/s) → VISION_SEARCH (비전 착륙 활성)
[offboard_node-2] [INFO] [1785264208.780289974] [offboard_node]: 탐색 1회차 — 고도 25m AGL 반경 6.1→30m 링간격 12.2m 속도상한 5.0m/s (풋프린트 단폭 18.8m)
[offboard_node-2] [INFO] [1785264208.780781435] [offboard_node]: WP1 도달·안정 (dist=0.0m speed=0.0m/s) → VISION_SEARCH (비전 착륙 활성)
[offboard_node-2] [INFO] [1785264208.880093038] [offboard_node]: 탐색 1회차 — 고도 25m AGL 반경 6.1→30m 링간격 12.2m 속도상한 5.0m/s (풋프린트 단폭 18.8m)
[offboard_node-2] [INFO] [1785264208.880445322] [offboard_node]: WP1 도달·안정 (dist=0.0m speed=0.0m/s) → VISION_SEARCH (비전 착륙 활성)
[offboard_node-2] [INFO] [1785264208.979911204] [offboard_node]: 탐색 1회차 — 고도 25m AGL 반경 6.1→30m 링간격 12.2m 속도상한 5.0m/s (풋프린트 단폭 18.8m)
[offboard_node-2] [INFO] [1785264208.980261881] [offboard_node]: WP1 도달·안정 (dist=0.0m speed=0.0m/s) → VISION_SEARCH (비전 착륙 활성)
[offboard_node-2] [INFO] [1785264209.082644854] [offboard_node]: 탐색 1회차 — 고도 25m AGL 반경 6.1→30m 링간격 12.2m 속도상한 5.0m/s (풋프린트 단폭 18.8m)
[offboard_node-2] [INFO] [1785264209.083765025] [offboard_node]: WP1 도달·안정 (dist=0.0m speed=0.0m/s) → VISION_SEARCH (비전 착륙 활성)
[offboard_node-2] [INFO] [1785264209.179906164] [offboard_node]: 탐색 1회차 — 고도 25m AGL 반경 6.1→30m 링간격 12.2m 속도상한 5.0m/s (풋프린트 단폭 18.8m)
[offboard_node-2] [INFO] [1785264209.180227540] [offboard_node]: WP1 도달·안정 (dist=0.0m speed=0.0m/s) → VISION_SEARCH (비전 착륙 활성)
[offboard_node-2] [INFO] [1785264209.280255108] [offboard_node]: 탐색 1회차 — 고도 25m AGL 반경 6.1→30m 링간격 12.2m 속도상한 5.0m/s (풋프린트 단폭 18.8m)
[offboard_node-2] [INFO] [1785264209.280725447] [offboard_node]: WP1 도달·안정 (dist=0.0m speed=0.0m/s) → VISION_SEARCH (비전 착륙 활성)
[offboard_node-2] [INFO] [1785264209.379951708] [offboard_node]: 탐색 1회차 — 고도 25m AGL 반경 6.1→30m 링간격 12.2m 속도상한 5.0m/s (풋프린트 단폭 18.8m)
[offboard_node-2] [INFO] [1785264209.380436521] [offboard_node]: WP1 도달·안정 (dist=0.0m speed=0.0m/s) → VISION_SEARCH (비전 착륙 활성)
[offboard_node-2] [INFO] [1785264209.480085335] [offboard_node]: 탐색 1회차 — 고도 25m AGL 반경 6.1→30m 링간격 12.2m 속도상한 5.0m/s (풋프린트 단폭 18.8m)
[offboard_node-2] [INFO] [1785264209.480479515] [offboard_node]: WP1 도달·안정 (dist=0.0m speed=0.0m/s) → VISION_SEARCH (비전 착륙 활성)
[offboard_node-2] [INFO] [1785264209.579862414] [offboard_node]: 탐색 1회차 — 고도 25m AGL 반경 6.1→30m 링간격 12.2m 속도상한 5.0m/s (풋프린트 단폭 18.8m)
[offboard_node-2] [INFO] [1785264209.580310124] [offboard_node]: WP1 도달·안정 (dist=0.0m speed=0.0m/s) → VISION_SEARCH (비전 착륙 활성)
[offboard_node-2] [INFO] [1785264209.680352432] [offboard_node]: 탐색 1회차 — 고도 25m AGL 반경 6.1→30m 링간격 12.2m 속도상한 5.0m/s (풋프린트 단폭 18.8m)
[offboard_node-2] [INFO] [1785264209.680806459] [offboard_node]: WP1 도달·안정 (dist=0.0m speed=0.0m/s) → VISION_SEARCH (비전 착륙 활성)
[offboard_node-2] [INFO] [1785264209.779958288] [offboard_node]: 탐색 1회차 — 고도 25m AGL 반경 6.1→30m 링간격 12.2m 속도상한 5.0m/s (풋프린트 단폭 18.8m)
[offboard_node-2] [INFO] [1785264209.780442257] [offboard_node]: WP1 도달·안정 (dist=0.0m speed=0.0m/s) → VISION_SEARCH (비전 착륙 활성)
[offboard_node-2] [INFO] [1785264209.879965012] [offboard_node]: 탐색 1회차 — 고도 25m AGL 반경 6.1→30m 링간격 12.2m 속도상한 5.0m/s (풋프린트 단폭 18.8m)
[offboard_node-2] [INFO] [1785264209.880330053] [offboard_node]: WP1 도달·안정 (dist=0.0m speed=0.0m/s) → VISION_SEARCH (비전 착륙 활성)
[offboard_node-2] [INFO] [1785264209.979932214] [offboard_node]: 탐색 1회차 — 고도 25m AGL 반경 6.1→30m 링간격 12.2m 속도상한 5.0m/s (풋프린트 단폭 18.8m)
[offboard_node-2] [INFO] [1785264209.980330384] [offboard_node]: WP1 도달·안정 (dist=0.0m speed=0.0m/s) → VISION_SEARCH (비전 착륙 활성)
[offboard_node-2] [INFO] [1785264210.080937498] [offboard_node]: 탐색 1회차 — 고도 25m AGL 반경 6.1→30m 링간격 12.2m 속도상한 5.0m/s (풋프린트 단폭 18.8m)
[offboard_node-2] [INFO] [1785264210.081311581] [offboard_node]: WP1 도달·안정 (dist=0.0m speed=0.0m/s) → VISION_SEARCH (비전 착륙 활성)
[offboard_node-2] [INFO] [1785264210.179978403] [offboard_node]: 탐색 1회차 — 고도 25m AGL 반경 6.1→30m 링간격 12.2m 속도상한 5.0m/s (풋프린트 단폭 18.8m)
[offboard_node-2] [INFO] [1785264210.180325067] [offboard_node]: WP1 도달·안정 (dist=0.0m speed=0.0m/s) → VISION_SEARCH (비전 착륙 활성)
[offboard_node-2] [INFO] [1785264210.280388905] [offboard_node]: 탐색 1회차 — 고도 25m AGL 반경 6.1→30m 링간격 12.2m 속도상한 5.0m/s (풋프린트 단폭 18.8m)
[offboard_node-2] [INFO] [1785264210.280891033] [offboard_node]: WP1 도달·안정 (dist=0.0m speed=0.0m/s) → VISION_SEARCH (비전 착륙 활성)
[offboard_node-2] [INFO] [1785264210.380255977] [offboard_node]: 탐색 1회차 — 고도 25m AGL 반경 6.1→30m 링간격 12.2m 속도상한 5.0m/s (풋프린트 단폭 18.8m)
[offboard_node-2] [INFO] [1785264210.380824288] [offboard_node]: WP1 도달·안정 (dist=0.0m speed=0.0m/s) → VISION_SEARCH (비전 착륙 활성)
[telemetry_node-1] [INFO] [1785264210.394014977] [telemetry_node]: pos_ned=[3.00004059e+02 5.19497320e-03 5.02225151e+01]  yaw=0.067  armed=True  vtol=3  batt=15.30V/50%
[offboard_node-2] [INFO] [1785264210.480213965] [offboard_node]: 탐색 1회차 — 고도 25m AGL 반경 6.1→30m 링간격 12.2m 속도상한 5.0m/s (풋프린트 단폭 18.8m)
[offboard_node-2] [INFO] [1785264210.480610764] [offboard_node]: WP1 도달·안정 (dist=0.0m speed=0.0m/s) → VISION_SEARCH (비전 착륙 활성)
[offboard_node-2] [INFO] [1785264210.580067549] [offboard_node]: 탐색 1회차 — 고도 25m AGL 반경 6.1→30m 링간격 12.2m 속도상한 5.0m/s (풋프린트 단폭 18.8m)
[offboard_node-2] [INFO] [1785264210.580441815] [offboard_node]: WP1 도달·안정 (dist=0.0m speed=0.0m/s) → VISION_SEARCH (비전 착륙 활성)
[offboard_node-2] [INFO] [1785264210.679961140] [offboard_node]: WP1 홀드 dist=0.0m speed=0.0m/s stable=3245/10
[offboard_node-2] [INFO] [1785264210.680328057] [offboard_node]: 탐색 1회차 — 고도 25m AGL 반경 6.1→30m 링간격 12.2m 속도상한 5.0m/s (풋프린트 단폭 18.8m)
[offboard_node-2] [INFO] [1785264210.680622423] [offboard_node]: WP1 도달·안정 (dist=0.0m speed=0.0m/s) → VISION_SEARCH (비전 착륙 활성)
[offboard_node-2] [INFO] [1785264210.780240178] [offboard_node]: 탐색 1회차 — 고도 25m AGL 반경 6.1→30m 링간격 12.2m 속도상한 5.0m/s (풋프린트 단폭 18.8m)
[offboard_node-2] [INFO] [1785264210.780717118] [offboard_node]: WP1 도달·안정 (dist=0.0m speed=0.0m/s) → VISION_SEARCH (비전 착륙 활성)
[offboard_node-2] [INFO] [1785264210.880142248] [offboard_node]: 탐색 1회차 — 고도 25m AGL 반경 6.1→30m 링간격 12.2m 속도상한 5.0m/s (풋프린트 단폭 18.8m)
[offboard_node-2] [INFO] [1785264210.880624919] [offboard_node]: WP1 도달·안정 (dist=0.0m speed=0.0m/s) → VISION_SEARCH (비전 착륙 활성)
[offboard_node-2] [INFO] [1785264210.980141072] [offboard_node]: 탐색 1회차 — 고도 25m AGL 반경 6.1→30m 링간격 12.2m 속도상한 5.0m/s (풋프린트 단폭 18.8m)
[offboard_node-2] [INFO] [1785264210.980496627] [offboard_node]: WP1 도달·안정 (dist=0.0m speed=0.0m/s) → VISION_SEARCH (비전 착륙 활성)
[offboard_node-2] [INFO] [1785264211.080379137] [offboard_node]: 탐색 1회차 — 고도 25m AGL 반경 6.1→30m 링간격 12.2m 속도상한 5.0m/s (풋프린트 단폭 18.8m)
[offboard_node-2] [INFO] [1785264211.080889670] [offboard_node]: WP1 도달·안정 (dist=0.0m speed=0.0m/s) → VISION_SEARCH (비전 착륙 활성)
[offboard_node-2] [INFO] [1785264211.180205480] [offboard_node]: 탐색 1회차 — 고도 25m AGL 반경 6.1→30m 링간격 12.2m 속도상한 5.0m/s (풋프린트 단폭 18.8m)
[offboard_node-2] [INFO] [1785264211.180570336] [offboard_node]: WP1 도달·안정 (dist=0.0m speed=0.0m/s) → VISION_SEARCH (비전 착륙 활성)
[offboard_node-2] [INFO] [1785264211.280141460] [offboard_node]: 탐색 1회차 — 고도 25m AGL 반경 6.1→30m 링간격 12.2m 속도상한 5.0m/s (풋프린트 단폭 18.8m)
[offboard_node-2] [INFO] [1785264211.280549173] [offboard_node]: WP1 도달·안정 (dist=0.0m speed=0.0m/s) → VISION_SEARCH (비전 착륙 활성)
[offboard_node-2] [INFO] [1785264211.384834488] [offboard_node]: 탐색 1회차 — 고도 25m AGL 반경 6.1→30m 링간격 12.2m 속도상한 5.0m/s (풋프린트 단폭 18.8m)
[offboard_node-2] [INFO] [1785264211.385183806] [offboard_node]: WP1 도달·안정 (dist=0.0m speed=0.0m/s) → VISION_SEARCH (비전 착륙 활성)
[offboard_node-2] [INFO] [1785264211.480070597] [offboard_node]: 탐색 1회차 — 고도 25m AGL 반경 6.1→30m 링간격 12.2m 속도상한 5.0m/s (풋프린트 단폭 18.8m)
[offboard_node-2] [INFO] [1785264211.480569953] [offboard_node]: WP1 도달·안정 (dist=0.0m speed=0.0m/s) → VISION_SEARCH (비전 착륙 활성)
[offboard_node-2] [INFO] [1785264211.580110845] [offboard_node]: 탐색 1회차 — 고도 25m AGL 반경 6.1→30m 링간격 12.2m 속도상한 5.0m/s (풋프린트 단폭 18.8m)
[offboard_node-2] [INFO] [1785264211.580462147] [offboard_node]: WP1 도달·안정 (dist=0.0m speed=0.0m/s) → VISION_SEARCH (비전 착륙 활성)
[offboard_node-2] [INFO] [1785264211.680089109] [offboard_node]: 탐색 1회차 — 고도 25m AGL 반경 6.1→30m 링간격 12.2m 속도상한 5.0m/s (풋프린트 단폭 18.8m)
[offboard_node-2] [INFO] [1785264211.680396096] [offboard_node]: WP1 도달·안정 (dist=0.0m speed=0.0m/s) → VISION_SEARCH (비전 착륙 활성)
[offboard_node-2] [INFO] [1785264211.780383609] [offboard_node]: 탐색 1회차 — 고도 25m AGL 반경 6.1→30m 링간격 12.2m 속도상한 5.0m/s (풋프린트 단폭 18.8m)
[offboard_node-2] [INFO] [1785264211.780871902] [offboard_node]: WP1 도달·안정 (dist=0.0m speed=0.0m/s) → VISION_SEARCH (비전 착륙 활성)
[offboard_node-2] [INFO] [1785264211.880352906] [offboard_node]: 탐색 1회차 — 고도 25m AGL 반경 6.1→30m 링간격 12.2m 속도상한 5.0m/s (풋프린트 단폭 18.8m)
[offboard_node-2] [INFO] [1785264211.880814720] [offboard_node]: WP1 도달·안정 (dist=0.0m speed=0.0m/s) → VISION_SEARCH (비전 착륙 활성)
[offboard_node-2] [INFO] [1785264211.980224056] [offboard_node]: 탐색 1회차 — 고도 25m AGL 반경 6.1→30m 링간격 12.2m 속도상한 5.0m/s (풋프린트 단폭 18.8m)
[offboard_node-2] [INFO] [1785264211.980690834] [offboard_node]: WP1 도달·안정 (dist=0.0m speed=0.0m/s) → VISION_SEARCH (비전 착륙 활성)
[offboard_node-2] [INFO] [1785264212.080145025] [offboard_node]: 탐색 1회차 — 고도 25m AGL 반경 6.1→30m 링간격 12.2m 속도상한 5.0m/s (풋프린트 단폭 18.8m)
[offboard_node-2] [INFO] [1785264212.080590442] [offboard_node]: WP1 도달·안정 (dist=0.0m speed=0.0m/s) → VISION_SEARCH (비전 착륙 활성)
[offboard_node-2] [INFO] [1785264212.180083915] [offboard_node]: 탐색 1회차 — 고도 25m AGL 반경 6.1→30m 링간격 12.2m 속도상한 5.0m/s (풋프린트 단폭 18.8m)
[offboard_node-2] [INFO] [1785264212.180462638] [offboard_node]: WP1 도달·안정 (dist=0.0m speed=0.0m/s) → VISION_SEARCH (비전 착륙 활성)
[offboard_node-2] [INFO] [1785264212.280026979] [offboard_node]: 탐색 1회차 — 고도 25m AGL 반경 6.1→30m 링간격 12.2m 속도상한 5.0m/s (풋프린트 단폭 18.8m)
[offboard_node-2] [INFO] [1785264212.280395592] [offboard_node]: WP1 도달·안정 (dist=0.0m speed=0.0m/s) → VISION_SEARCH (비전 착륙 활성)
[offboard_node-2] [INFO] [1785264212.380202373] [offboard_node]: 탐색 1회차 — 고도 25m AGL 반경 6.1→30m 링간격 12.2m 속도상한 5.0m/s (풋프린트 단폭 18.8m)
[offboard_node-2] [INFO] [1785264212.380713255] [offboard_node]: WP1 도달·안정 (dist=0.0m speed=0.0m/s) → VISION_SEARCH (비전 착륙 활성)
[telemetry_node-1] [INFO] [1785264212.392823090] [telemetry_node]: pos_ned=[ 2.99993317e+02 -3.28430417e-03  5.02187920e+01]  yaw=0.067  armed=True  vtol=3  batt=15.30V/50%
[offboard_node-2] [INFO] [1785264212.479965539] [offboard_node]: 탐색 1회차 — 고도 25m AGL 반경 6.1→30m 링간격 12.2m 속도상한 5.0m/s (풋프린트 단폭 18.8m)
[offboard_node-2] [INFO] [1785264212.480325586] [offboard_node]: WP1 도달·안정 (dist=0.0m speed=0.0m/s) → VISION_SEARCH (비전 착륙 활성)
[offboard_node-2] [INFO] [1785264212.579991682] [offboard_node]: 탐색 1회차 — 고도 25m AGL 반경 6.1→30m 링간격 12.2m 속도상한 5.0m/s (풋프린트 단폭 18.8m)
[offboard_node-2] [INFO] [1785264212.580325075] [offboard_node]: WP1 도달·안정 (dist=0.0m speed=0.0m/s) → VISION_SEARCH (비전 착륙 활성)
[offboard_node-2] [INFO] [1785264212.679943086] [offboard_node]: WP1 홀드 dist=0.0m speed=0.0m/s stable=3265/10
[offboard_node-2] [INFO] [1785264212.680327791] [offboard_node]: 탐색 1회차 — 고도 25m AGL 반경 6.1→30m 링간격 12.2m 속도상한 5.0m/s (풋프린트 단폭 18.8m)
[offboard_node-2] [INFO] [1785264212.680658395] [offboard_node]: WP1 도달·안정 (dist=0.0m speed=0.0m/s) → VISION_SEARCH (비전 착륙 활성)
[offboard_node-2] [INFO] [1785264212.780113571] [offboard_node]: 탐색 1회차 — 고도 25m AGL 반경 6.1→30m 링간격 12.2m 속도상한 5.0m/s (풋프린트 단폭 18.8m)
[offboard_node-2] [INFO] [1785264212.780558549] [offboard_node]: WP1 도달·안정 (dist=0.0m speed=0.0m/s) → VISION_SEARCH (비전 착륙 활성)
[offboard_node-2] [INFO] [1785264212.880277363] [offboard_node]: 탐색 1회차 — 고도 25m AGL 반경 6.1→30m 링간격 12.2m 속도상한 5.0m/s (풋프린트 단폭 18.8m)
[offboard_node-2] [INFO] [1785264212.880769641] [offboard_node]: WP1 도달·안정 (dist=0.0m speed=0.0m/s) → VISION_SEARCH (비전 착륙 활성)
[offboard_node-2] [INFO] [1785264212.979959277] [offboard_node]: 탐색 1회차 — 고도 25m AGL 반경 6.1→30m 링간격 12.2m 속도상한 5.0m/s (풋프린트 단폭 18.8m)
[offboard_node-2] [INFO] [1785264212.980312834] [offboard_node]: WP1 도달·안정 (dist=0.0m speed=0.0m/s) → VISION_SEARCH (비전 착륙 활성)
[offboard_node-2] [INFO] [1785264213.079969215] [offboard_node]: 탐색 1회차 — 고도 25m AGL 반경 6.1→30m 링간격 12.2m 속도상한 5.0m/s (풋프린트 단폭 18.8m)
[offboard_node-2] [INFO] [1785264213.080388591] [offboard_node]: WP1 도달·안정 (dist=0.0m speed=0.0m/s) → VISION_SEARCH (비전 착륙 활성)
[offboard_node-2] [INFO] [1785264213.180244233] [offboard_node]: 탐색 1회차 — 고도 25m AGL 반경 6.1→30m 링간격 12.2m 속도상한 5.0m/s (풋프린트 단폭 18.8m)
[offboard_node-2] [INFO] [1785264213.180669075] [offboard_node]: WP1 도달·안정 (dist=0.0m speed=0.0m/s) → VISION_SEARCH (비전 착륙 활성)
[offboard_node-2] [INFO] [1785264213.279976265] [offboard_node]: 탐색 1회차 — 고도 25m AGL 반경 6.1→30m 링간격 12.2m 속도상한 5.0m/s (풋프린트 단폭 18.8m)
[offboard_node-2] [INFO] [1785264213.280319378] [offboard_node]: WP1 도달·안정 (dist=0.0m speed=0.0m/s) → VISION_SEARCH (비전 착륙 활성)
[offboard_node-2] [INFO] [1785264213.380263270] [offboard_node]: 탐색 1회차 — 고도 25m AGL 반경 6.1→30m 링간격 12.2m 속도상한 5.0m/s (풋프린트 단폭 18.8m)
[offboard_node-2] [INFO] [1785264213.380795375] [offboard_node]: WP1 도달·안정 (dist=0.0m speed=0.0m/s) → VISION_SEARCH (비전 착륙 활성)
[offboard_node-2] [INFO] [1785264213.480615162] [offboard_node]: 탐색 1회차 — 고도 25m AGL 반경 6.1→30m 링간격 12.2m 속도상한 5.0m/s (풋프린트 단폭 18.8m)
[offboard_node-2] [INFO] [1785264213.481066317] [offboard_node]: WP1 도달·안정 (dist=0.0m speed=0.0m/s) → VISION_SEARCH (비전 착륙 활성)
[offboard_node-2] [INFO] [1785264213.580213570] [offboard_node]: 탐색 1회차 — 고도 25m AGL 반경 6.1→30m 링간격 12.2m 속도상한 5.0m/s (풋프린트 단폭 18.8m)
[offboard_node-2] [INFO] [1785264213.580701549] [offboard_node]: WP1 도달·안정 (dist=0.0m speed=0.0m/s) → VISION_SEARCH (비전 착륙 활성)
[offboard_node-2] [INFO] [1785264213.680445733] [offboard_node]: 탐색 1회차 — 고도 25m AGL 반경 6.1→30m 링간격 12.2m 속도상한 5.0m/s (풋프린트 단폭 18.8m)
[offboard_node-2] [INFO] [1785264213.681691920] [offboard_node]: WP1 도달·안정 (dist=0.0m speed=0.0m/s) → VISION_SEARCH (비전 착륙 활성)
[offboard_node-2] [INFO] [1785264213.780323437] [offboard_node]: 탐색 1회차 — 고도 25m AGL 반경 6.1→30m 링간격 12.2m 속도상한 5.0m/s (풋프린트 단폭 18.8m)
[offboard_node-2] [INFO] [1785264213.780874652] [offboard_node]: WP1 도달·안정 (dist=0.0m speed=0.0m/s) → VISION_SEARCH (비전 착륙 활성)
[offboard_node-2] [INFO] [1785264213.880162892] [offboard_node]: 탐색 1회차 — 고도 25m AGL 반경 6.1→30m 링간격 12.2m 속도상한 5.0m/s (풋프린트 단폭 18.8m)
[offboard_node-2] [INFO] [1785264213.880662710] [offboard_node]: WP1 도달·안정 (dist=0.0m speed=0.0m/s) → VISION_SEARCH (비전 착륙 활성)
[offboard_node-2] [INFO] [1785264213.979820046] [offboard_node]: 탐색 1회차 — 고도 25m AGL 반경 6.1→30m 링간격 12.2m 속도상한 5.0m/s (풋프린트 단폭 18.8m)
[offboard_node-2] [INFO] [1785264213.980272834] [offboard_node]: WP1 도달·안정 (dist=0.0m speed=0.0m/s) → VISION_SEARCH (비전 착륙 활성)
[offboard_node-2] [INFO] [1785264214.080139319] [offboard_node]: 탐색 1회차 — 고도 25m AGL 반경 6.1→30m 링간격 12.2m 속도상한 5.0m/s (풋프린트 단폭 18.8m)
[offboard_node-2] [INFO] [1785264214.080606776] [offboard_node]: WP1 도달·안정 (dist=0.0m speed=0.0m/s) → VISION_SEARCH (비전 착륙 활성)
[offboard_node-2] [INFO] [1785264214.179820770] [offboard_node]: 탐색 1회차 — 고도 25m AGL 반경 6.1→30m 링간격 12.2m 속도상한 5.0m/s (풋프린트 단폭 18.8m)
[offboard_node-2] [INFO] [1785264214.180279131] [offboard_node]: WP1 도달·안정 (dist=0.0m speed=0.0m/s) → VISION_SEARCH (비전 착륙 활성)
[offboard_node-2] [INFO] [1785264214.280275868] [offboard_node]: 탐색 1회차 — 고도 25m AGL 반경 6.1→30m 링간격 12.2m 속도상한 5.0m/s (풋프린트 단폭 18.8m)
[offboard_node-2] [INFO] [1785264214.280778423] [offboard_node]: WP1 도달·안정 (dist=0.0m speed=0.0m/s) → VISION_SEARCH (비전 착륙 활성)
[offboard_node-2] [INFO] [1785264214.379832403] [offboard_node]: 탐색 1회차 — 고도 25m AGL 반경 6.1→30m 링간격 12.2m 속도상한 5.0m/s (풋프린트 단폭 18.8m)
[offboard_node-2] [INFO] [1785264214.380284921] [offboard_node]: WP1 도달·안정 (dist=0.0m speed=0.0m/s) → VISION_SEARCH (비전 착륙 활성)
[telemetry_node-1] [INFO] [1785264214.393397445] [telemetry_node]: pos_ned=[ 3.00010864e+02 -1.02986125e-02  5.02380104e+01]  yaw=0.067  armed=True  vtol=3  batt=15.30V/50%
[offboard_node-2] [INFO] [1785264214.479819384] [offboard_node]: 탐색 1회차 — 고도 25m AGL 반경 6.1→30m 링간격 12.2m 속도상한 5.0m/s (풋프린트 단폭 18.8m)
[offboard_node-2] [INFO] [1785264214.480290320] [offboard_node]: WP1 도달·안정 (dist=0.0m speed=0.0m/s) → VISION_SEARCH (비전 착륙 활성)
[offboard_node-2] [INFO] [1785264214.580028363] [offboard_node]: 탐색 1회차 — 고도 25m AGL 반경 6.1→30m 링간격 12.2m 속도상한 5.0m/s (풋프린트 단폭 18.8m)
[offboard_node-2] [INFO] [1785264214.581330845] [offboard_node]: WP1 도달·안정 (dist=0.0m speed=0.0m/s) → VISION_SEARCH (비전 착륙 활성)
[offboard_node-2] [INFO] [1785264214.679822934] [offboard_node]: WP1 홀드 dist=0.0m speed=0.0m/s stable=3285/10
[offboard_node-2] [INFO] [1785264214.680354428] [offboard_node]: 탐색 1회차 — 고도 25m AGL 반경 6.1→30m 링간격 12.2m 속도상한 5.0m/s (풋프린트 단폭 18.8m)
[offboard_node-2] [INFO] [1785264214.680823898] [offboard_node]: WP1 도달·안정 (dist=0.0m speed=0.0m/s) → VISION_SEARCH (비전 착륙 활성)
[offboard_node-2] [INFO] [1785264214.780533719] [offboard_node]: 탐색 1회차 — 고도 25m AGL 반경 6.1→30m 링간격 12.2m 속도상한 5.0m/s (풋프린트 단폭 18.8m)
[offboard_node-2] [INFO] [1785264214.782241849] [offboard_node]: WP1 도달·안정 (dist=0.0m speed=0.0m/s) → VISION_SEARCH (비전 착륙 활성)
[offboard_node-2] [INFO] [1785264214.880285081] [offboard_node]: 탐색 1회차 — 고도 25m AGL 반경 6.1→30m 링간격 12.2m 속도상한 5.0m/s (풋프린트 단폭 18.8m)
[offboard_node-2] [INFO] [1785264214.880864209] [offboard_node]: WP1 도달·안정 (dist=0.0m speed=0.0m/s) → VISION_SEARCH (비전 착륙 활성)
[offboard_node-2] [INFO] [1785264214.980326739] [offboard_node]: 탐색 1회차 — 고도 25m AGL 반경 6.1→30m 링간격 12.2m 속도상한 5.0m/s (풋프린트 단폭 18.8m)
[offboard_node-2] [INFO] [1785264214.981553766] [offboard_node]: WP1 도달·안정 (dist=0.0m speed=0.0m/s) → VISION_SEARCH (비전 착륙 활성)
[offboard_node-2] [INFO] [1785264215.080276901] [offboard_node]: 탐색 1회차 — 고도 25m AGL 반경 6.1→30m 링간격 12.2m 속도상한 5.0m/s (풋프린트 단폭 18.8m)
[offboard_node-2] [INFO] [1785264215.081203976] [offboard_node]: WP1 도달·안정 (dist=0.0m speed=0.0m/s) → VISION_SEARCH (비전 착륙 활성)
[offboard_node-2] [INFO] [1785264215.180143130] [offboard_node]: 탐색 1회차 — 고도 25m AGL 반경 6.1→30m 링간격 12.2m 속도상한 5.0m/s (풋프린트 단폭 18.8m)
[offboard_node-2] [INFO] [1785264215.180783741] [offboard_node]: WP1 도달·안정 (dist=0.0m speed=0.0m/s) → VISION_SEARCH (비전 착륙 활성)
[offboard_node-2] [INFO] [1785264215.280109310] [offboard_node]: 탐색 1회차 — 고도 25m AGL 반경 6.1→30m 링간격 12.2m 속도상한 5.0m/s (풋프린트 단폭 18.8m)
[offboard_node-2] [INFO] [1785264215.280826298] [offboard_node]: WP1 도달·안정 (dist=0.0m speed=0.0m/s) → VISION_SEARCH (비전 착륙 활성)
[offboard_node-2] [INFO] [1785264215.380177267] [offboard_node]: 탐색 1회차 — 고도 25m AGL 반경 6.1→30m 링간격 12.2m 속도상한 5.0m/s (풋프린트 단폭 18.8m)
[offboard_node-2] [INFO] [1785264215.380683393] [offboard_node]: WP1 도달·안정 (dist=0.0m speed=0.0m/s) → VISION_SEARCH (비전 착륙 활성)
[offboard_node-2] [INFO] [1785264215.480025234] [offboard_node]: 탐색 1회차 — 고도 25m AGL 반경 6.1→30m 링간격 12.2m 속도상한 5.0m/s (풋프린트 단폭 18.8m)
[offboard_node-2] [INFO] [1785264215.480653302] [offboard_node]: WP1 도달·안정 (dist=0.0m speed=0.0m/s) → VISION_SEARCH (비전 착륙 활성)
[offboard_node-2] [INFO] [1785264215.580642566] [offboard_node]: 탐색 1회차 — 고도 25m AGL 반경 6.1→30m 링간격 12.2m 속도상한 5.0m/s (풋프린트 단폭 18.8m)
[offboard_node-2] [INFO] [1785264215.581801790] [offboard_node]: WP1 도달·안정 (dist=0.0m speed=0.0m/s) → VISION_SEARCH (비전 착륙 활성)
[offboard_node-2] [INFO] [1785264215.679976198] [offboard_node]: 탐색 1회차 — 고도 25m AGL 반경 6.1→30m 링간격 12.2m 속도상한 5.0m/s (풋프린트 단폭 18.8m)
[offboard_node-2] [INFO] [1785264215.680722563] [offboard_node]: WP1 도달·안정 (dist=0.0m speed=0.0m/s) → VISION_SEARCH (비전 착륙 활성)
[offboard_node-2] [INFO] [1785264215.780110348] [offboard_node]: 탐색 1회차 — 고도 25m AGL 반경 6.1→30m 링간격 12.2m 속도상한 5.0m/s (풋프린트 단폭 18.8m)
[offboard_node-2] [INFO] [1785264215.780697927] [offboard_node]: WP1 도달·안정 (dist=0.0m speed=0.0m/s) → VISION_SEARCH (비전 착륙 활성)
[offboard_node-2] [INFO] [1785264215.880319058] [offboard_node]: 탐색 1회차 — 고도 25m AGL 반경 6.1→30m 링간격 12.2m 속도상한 5.0m/s (풋프린트 단폭 18.8m)
[offboard_node-2] [INFO] [1785264215.881033580] [offboard_node]: WP1 도달·안정 (dist=0.0m speed=0.0m/s) → VISION_SEARCH (비전 착륙 활성)
[offboard_node-2] [INFO] [1785264215.979972860] [offboard_node]: 탐색 1회차 — 고도 25m AGL 반경 6.1→30m 링간격 12.2m 속도상한 5.0m/s (풋프린트 단폭 18.8m)
[offboard_node-2] [INFO] [1785264215.980486223] [offboard_node]: WP1 도달·안정 (dist=0.0m speed=0.0m/s) → VISION_SEARCH (비전 착륙 활성)
[offboard_node-2] [INFO] [1785264216.080387328] [offboard_node]: 탐색 1회차 — 고도 25m AGL 반경 6.1→30m 링간격 12.2m 속도상한 5.0m/s (풋프린트 단폭 18.8m)
[offboard_node-2] [INFO] [1785264216.081947186] [offboard_node]: WP1 도달·안정 (dist=0.0m speed=0.0m/s) → VISION_SEARCH (비전 착륙 활성)
[offboard_node-2] [INFO] [1785264216.180296691] [offboard_node]: 탐색 1회차 — 고도 25m AGL 반경 6.1→30m 링간격 12.2m 속도상한 5.0m/s (풋프린트 단폭 18.8m)
[offboard_node-2] [INFO] [1785264216.181489953] [offboard_node]: WP1 도달·안정 (dist=0.0m speed=0.0m/s) → VISION_SEARCH (비전 착륙 활성)
[offboard_node-2] [INFO] [1785264216.279843380] [offboard_node]: 탐색 1회차 — 고도 25m AGL 반경 6.1→30m 링간격 12.2m 속도상한 5.0m/s (풋프린트 단폭 18.8m)
[offboard_node-2] [INFO] [1785264216.280287232] [offboard_node]: WP1 도달·안정 (dist=0.0m speed=0.0m/s) → VISION_SEARCH (비전 착륙 활성)
[offboard_node-2] [INFO] [1785264216.379952976] [offboard_node]: 탐색 1회차 — 고도 25m AGL 반경 6.1→30m 링간격 12.2m 속도상한 5.0m/s (풋프린트 단폭 18.8m)
[offboard_node-2] [INFO] [1785264216.380642758] [offboard_node]: WP1 도달·안정 (dist=0.0m speed=0.0m/s) → VISION_SEARCH (비전 착륙 활성)
[telemetry_node-1] [INFO] [1785264216.393566958] [telemetry_node]: pos_ned=[ 3.00015015e+02 -3.18363449e-03  5.02153473e+01]  yaw=0.067  armed=True  vtol=3  batt=15.30V/50%
[offboard_node-2] [INFO] [1785264216.480409187] [offboard_node]: 탐색 1회차 — 고도 25m AGL 반경 6.1→30m 링간격 12.2m 속도상한 5.0m/s (풋프린트 단폭 18.8m)
[offboard_node-2] [INFO] [1785264216.481005413] [offboard_node]: WP1 도달·안정 (dist=0.0m speed=0.0m/s) → VISION_SEARCH (비전 착륙 활성)
[offboard_node-2] [INFO] [1785264216.581041552] [offboard_node]: 탐색 1회차 — 고도 25m AGL 반경 6.1→30m 링간격 12.2m 속도상한 5.0m/s (풋프린트 단폭 18.8m)
[offboard_node-2] [INFO] [1785264216.581717981] [offboard_node]: WP1 도달·안정 (dist=0.0m speed=0.0m/s) → VISION_SEARCH (비전 착륙 활성)
[offboard_node-2] [INFO] [1785264216.679957697] [offboard_node]: WP1 홀드 dist=0.0m speed=0.0m/s stable=3305/10
[offboard_node-2] [INFO] [1785264216.680427612] [offboard_node]: 탐색 1회차 — 고도 25m AGL 반경 6.1→30m 링간격 12.2m 속도상한 5.0m/s (풋프린트 단폭 18.8m)
[offboard_node-2] [INFO] [1785264216.680831786] [offboard_node]: WP1 도달·안정 (dist=0.0m speed=0.0m/s) → VISION_SEARCH (비전 착륙 활성)
[offboard_node-2] [INFO] [1785264216.780537449] [offboard_node]: 탐색 1회차 — 고도 25m AGL 반경 6.1→30m 링간격 12.2m 속도상한 5.0m/s (풋프린트 단폭 18.8m)
[offboard_node-2] [INFO] [1785264216.781151959] [offboard_node]: WP1 도달·안정 (dist=0.0m speed=0.0m/s) → VISION_SEARCH (비전 착륙 활성)
[offboard_node-2] [INFO] [1785264216.880140255] [offboard_node]: 탐색 1회차 — 고도 25m AGL 반경 6.1→30m 링간격 12.2m 속도상한 5.0m/s (풋프린트 단폭 18.8m)
[offboard_node-2] [INFO] [1785264216.880650840] [offboard_node]: WP1 도달·안정 (dist=0.0m speed=0.0m/s) → VISION_SEARCH (비전 착륙 활성)
[offboard_node-2] [INFO] [1785264216.980270478] [offboard_node]: 탐색 1회차 — 고도 25m AGL 반경 6.1→30m 링간격 12.2m 속도상한 5.0m/s (풋프린트 단폭 18.8m)
[offboard_node-2] [INFO] [1785264216.980839680] [offboard_node]: WP1 도달·안정 (dist=0.0m speed=0.0m/s) → VISION_SEARCH (비전 착륙 활성)
[offboard_node-2] [INFO] [1785264217.080818945] [offboard_node]: 탐색 1회차 — 고도 25m AGL 반경 6.1→30m 링간격 12.2m 속도상한 5.0m/s (풋프린트 단폭 18.8m)
[offboard_node-2] [INFO] [1785264217.081505721] [offboard_node]: WP1 도달·안정 (dist=0.0m speed=0.0m/s) → VISION_SEARCH (비전 착륙 활성)
[offboard_node-2] [INFO] [1785264217.180422372] [offboard_node]: 탐색 1회차 — 고도 25m AGL 반경 6.1→30m 링간격 12.2m 속도상한 5.0m/s (풋프린트 단폭 18.8m)
[offboard_node-2] [INFO] [1785264217.181018605] [offboard_node]: WP1 도달·안정 (dist=0.0m speed=0.0m/s) → VISION_SEARCH (비전 착륙 활성)
[offboard_node-2] [INFO] [1785264217.280133043] [offboard_node]: 탐색 1회차 — 고도 25m AGL 반경 6.1→30m 링간격 12.2m 속도상한 5.0m/s (풋프린트 단폭 18.8m)
[offboard_node-2] [INFO] [1785264217.281501798] [offboard_node]: WP1 도달·안정 (dist=0.0m speed=0.0m/s) → VISION_SEARCH (비전 착륙 활성)
[offboard_node-2] [INFO] [1785264217.381212467] [offboard_node]: 탐색 1회차 — 고도 25m AGL 반경 6.1→30m 링간격 12.2m 속도상한 5.0m/s (풋프린트 단폭 18.8m)
[offboard_node-2] [INFO] [1785264217.381809751] [offboard_node]: WP1 도달·안정 (dist=0.0m speed=0.0m/s) → VISION_SEARCH (비전 착륙 활성)
[offboard_node-2] [INFO] [1785264217.479948371] [offboard_node]: 탐색 1회차 — 고도 25m AGL 반경 6.1→30m 링간격 12.2m 속도상한 5.0m/s (풋프린트 단폭 18.8m)
[offboard_node-2] [INFO] [1785264217.480578623] [offboard_node]: WP1 도달·안정 (dist=0.0m speed=0.0m/s) → VISION_SEARCH (비전 착륙 활성)
[offboard_node-2] [INFO] [1785264217.579930522] [offboard_node]: 탐색 1회차 — 고도 25m AGL 반경 6.1→30m 링간격 12.2m 속도상한 5.0m/s (풋프린트 단폭 18.8m)
[offboard_node-2] [INFO] [1785264217.580798378] [offboard_node]: WP1 도달·안정 (dist=0.0m speed=0.0m/s) → VISION_SEARCH (비전 착륙 활성)
[offboard_node-2] [INFO] [1785264217.679867437] [offboard_node]: 탐색 1회차 — 고도 25m AGL 반경 6.1→30m 링간격 12.2m 속도상한 5.0m/s (풋프린트 단폭 18.8m)
[offboard_node-2] [INFO] [1785264217.680559689] [offboard_node]: WP1 도달·안정 (dist=0.0m speed=0.0m/s) → VISION_SEARCH (비전 착륙 활성)
[offboard_node-2] [INFO] [1785264217.780381145] [offboard_node]: 탐색 1회차 — 고도 25m AGL 반경 6.1→30m 링간격 12.2m 속도상한 5.0m/s (풋프린트 단폭 18.8m)
[offboard_node-2] [INFO] [1785264217.780985934] [offboard_node]: WP1 도달·안정 (dist=0.0m speed=0.0m/s) → VISION_SEARCH (비전 착륙 활성)
[offboard_node-2] [INFO] [1785264217.880180844] [offboard_node]: 탐색 1회차 — 고도 25m AGL 반경 6.1→30m 링간격 12.2m 속도상한 5.0m/s (풋프린트 단폭 18.8m)
[offboard_node-2] [INFO] [1785264217.880741585] [offboard_node]: WP1 도달·안정 (dist=0.0m speed=0.0m/s) → VISION_SEARCH (비전 착륙 활성)
[offboard_node-2] [INFO] [1785264217.980371675] [offboard_node]: 탐색 1회차 — 고도 25m AGL 반경 6.1→30m 링간격 12.2m 속도상한 5.0m/s (풋프린트 단폭 18.8m)
[offboard_node-2] [INFO] [1785264217.981767445] [offboard_node]: WP1 도달·안정 (dist=0.0m speed=0.0m/s) → VISION_SEARCH (비전 착륙 활성)
[offboard_node-2] [INFO] [1785264218.080486356] [offboard_node]: 탐색 1회차 — 고도 25m AGL 반경 6.1→30m 링간격 12.2m 속도상한 5.0m/s (풋프린트 단폭 18.8m)
[offboard_node-2] [INFO] [1785264218.080989833] [offboard_node]: WP1 도달·안정 (dist=0.0m speed=0.0m/s) → VISION_SEARCH (비전 착륙 활성)
[offboard_node-2] [INFO] [1785264218.180514237] [offboard_node]: 탐색 1회차 — 고도 25m AGL 반경 6.1→30m 링간격 12.2m 속도상한 5.0m/s (풋프린트 단폭 18.8m)
[offboard_node-2] [INFO] [1785264218.181785430] [offboard_node]: WP1 도달·안정 (dist=0.0m speed=0.0m/s) → VISION_SEARCH (비전 착륙 활성)
[offboard_node-2] [INFO] [1785264218.280187668] [offboard_node]: 탐색 1회차 — 고도 25m AGL 반경 6.1→30m 링간격 12.2m 속도상한 5.0m/s (풋프린트 단폭 18.8m)
[offboard_node-2] [INFO] [1785264218.280790341] [offboard_node]: WP1 도달·안정 (dist=0.0m speed=0.0m/s) → VISION_SEARCH (비전 착륙 활성)
[offboard_node-2] [INFO] [1785264218.379980364] [offboard_node]: 탐색 1회차 — 고도 25m AGL 반경 6.1→30m 링간격 12.2m 속도상한 5.0m/s (풋프린트 단폭 18.8m)
[offboard_node-2] [INFO] [1785264218.380745805] [offboard_node]: WP1 도달·안정 (dist=0.0m speed=0.0m/s) → VISION_SEARCH (비전 착륙 활성)
[telemetry_node-1] [INFO] [1785264218.393373777] [telemetry_node]: pos_ned=[3.00024689e+02 3.10780364e-03 5.02139626e+01]  yaw=0.067  armed=True  vtol=3  batt=15.30V/50%
[offboard_node-2] [INFO] [1785264218.480027651] [offboard_node]: 탐색 1회차 — 고도 25m AGL 반경 6.1→30m 링간격 12.2m 속도상한 5.0m/s (풋프린트 단폭 18.8m)
[offboard_node-2] [INFO] [1785264218.480580899] [offboard_node]: WP1 도달·안정 (dist=0.0m speed=0.0m/s) → VISION_SEARCH (비전 착륙 활성)
[offboard_node-2] [INFO] [1785264218.580304564] [offboard_node]: 탐색 1회차 — 고도 25m AGL 반경 6.1→30m 링간격 12.2m 속도상한 5.0m/s (풋프린트 단폭 18.8m)
[offboard_node-2] [INFO] [1785264218.581265032] [offboard_node]: WP1 도달·안정 (dist=0.0m speed=0.0m/s) → VISION_SEARCH (비전 착륙 활성)
[offboard_node-2] [INFO] [1785264218.680221099] [offboard_node]: WP1 홀드 dist=0.0m speed=0.0m/s stable=3325/10
[offboard_node-2] [INFO] [1785264218.681607097] [offboard_node]: 탐색 1회차 — 고도 25m AGL 반경 6.1→30m 링간격 12.2m 속도상한 5.0m/s (풋프린트 단폭 18.8m)
[offboard_node-2] [INFO] [1785264218.682120465] [offboard_node]: WP1 도달·안정 (dist=0.0m speed=0.0m/s) → VISION_SEARCH (비전 착륙 활성)
[offboard_node-2] [INFO] [1785264218.779959394] [offboard_node]: 탐색 1회차 — 고도 25m AGL 반경 6.1→30m 링간격 12.2m 속도상한 5.0m/s (풋프린트 단폭 18.8m)
[offboard_node-2] [INFO] [1785264218.780560665] [offboard_node]: WP1 도달·안정 (dist=0.0m speed=0.0m/s) → VISION_SEARCH (비전 착륙 활성)
[offboard_node-2] [INFO] [1785264218.880066848] [offboard_node]: 탐색 1회차 — 고도 25m AGL 반경 6.1→30m 링간격 12.2m 속도상한 5.0m/s (풋프린트 단폭 18.8m)
[offboard_node-2] [INFO] [1785264218.880685149] [offboard_node]: WP1 도달·안정 (dist=0.0m speed=0.0m/s) → VISION_SEARCH (비전 착륙 활성)
[offboard_node-2] [INFO] [1785264218.980086493] [offboard_node]: 탐색 1회차 — 고도 25m AGL 반경 6.1→30m 링간격 12.2m 속도상한 5.0m/s (풋프린트 단폭 18.8m)
[offboard_node-2] [INFO] [1785264218.980775437] [offboard_node]: WP1 도달·안정 (dist=0.0m speed=0.0m/s) → VISION_SEARCH (비전 착륙 활성)
[offboard_node-2] [INFO] [1785264219.080346663] [offboard_node]: 탐색 1회차 — 고도 25m AGL 반경 6.1→30m 링간격 12.2m 속도상한 5.0m/s (풋프린트 단폭 18.8m)
[offboard_node-2] [INFO] [1785264219.080905114] [offboard_node]: WP1 도달·안정 (dist=0.0m speed=0.0m/s) → VISION_SEARCH (비전 착륙 활성)
[offboard_node-2] [INFO] [1785264219.180237017] [offboard_node]: 탐색 1회차 — 고도 25m AGL 반경 6.1→30m 링간격 12.2m 속도상한 5.0m/s (풋프린트 단폭 18.8m)
[offboard_node-2] [INFO] [1785264219.180669308] [offboard_node]: WP1 도달·안정 (dist=0.0m speed=0.0m/s) → VISION_SEARCH (비전 착륙 활성)
[offboard_node-2] [INFO] [1785264219.280208213] [offboard_node]: 탐색 1회차 — 고도 25m AGL 반경 6.1→30m 링간격 12.2m 속도상한 5.0m/s (풋프린트 단폭 18.8m)
[offboard_node-2] [INFO] [1785264219.280857024] [offboard_node]: WP1 도달·안정 (dist=0.0m speed=0.0m/s) → VISION_SEARCH (비전 착륙 활성)
[offboard_node-2] [INFO] [1785264219.380411807] [offboard_node]: 탐색 1회차 — 고도 25m AGL 반경 6.1→30m 링간격 12.2m 속도상한 5.0m/s (풋프린트 단폭 18.8m)
[offboard_node-2] [INFO] [1785264219.380785735] [offboard_node]: WP1 도달·안정 (dist=0.0m speed=0.0m/s) → VISION_SEARCH (비전 착륙 활성)
[offboard_node-2] [INFO] [1785264219.480587814] [offboard_node]: 탐색 1회차 — 고도 25m AGL 반경 6.1→30m 링간격 12.2m 속도상한 5.0m/s (풋프린트 단폭 18.8m)
[offboard_node-2] [INFO] [1785264219.481175341] [offboard_node]: WP1 도달·안정 (dist=0.0m speed=0.0m/s) → VISION_SEARCH (비전 착륙 활성)
[offboard_node-2] [INFO] [1785264219.580968211] [offboard_node]: 탐색 1회차 — 고도 25m AGL 반경 6.1→30m 링간격 12.2m 속도상한 5.0m/s (풋프린트 단폭 18.8m)
[offboard_node-2] [INFO] [1785264219.581732840] [offboard_node]: WP1 도달·안정 (dist=0.0m speed=0.0m/s) → VISION_SEARCH (비전 착륙 활성)
[offboard_node-2] [INFO] [1785264219.685480838] [offboard_node]: 탐색 1회차 — 고도 25m AGL 반경 6.1→30m 링간격 12.2m 속도상한 5.0m/s (풋프린트 단폭 18.8m)
[offboard_node-2] [INFO] [1785264219.686094407] [offboard_node]: WP1 도달·안정 (dist=0.0m speed=0.0m/s) → VISION_SEARCH (비전 착륙 활성)
[offboard_node-2] [INFO] [1785264219.780557375] [offboard_node]: 탐색 1회차 — 고도 25m AGL 반경 6.1→30m 링간격 12.2m 속도상한 5.0m/s (풋프린트 단폭 18.8m)
[offboard_node-2] [INFO] [1785264219.781194222] [offboard_node]: WP1 도달·안정 (dist=0.0m speed=0.0m/s) → VISION_SEARCH (비전 착륙 활성)
[offboard_node-2] [INFO] [1785264219.881064877] [offboard_node]: 탐색 1회차 — 고도 25m AGL 반경 6.1→30m 링간격 12.2m 속도상한 5.0m/s (풋프린트 단폭 18.8m)
[offboard_node-2] [INFO] [1785264219.881694015] [offboard_node]: WP1 도달·안정 (dist=0.0m speed=0.0m/s) → VISION_SEARCH (비전 착륙 활성)
[offboard_node-2] [INFO] [1785264219.981311525] [offboard_node]: 탐색 1회차 — 고도 25m AGL 반경 6.1→30m 링간격 12.2m 속도상한 5.0m/s (풋프린트 단폭 18.8m)
[offboard_node-2] [INFO] [1785264219.982900664] [offboard_node]: WP1 도달·안정 (dist=0.0m speed=0.0m/s) → VISION_SEARCH (비전 착륙 활성)
[offboard_node-2] [INFO] [1785264220.080678572] [offboard_node]: 탐색 1회차 — 고도 25m AGL 반경 6.1→30m 링간격 12.2m 속도상한 5.0m/s (풋프린트 단폭 18.8m)
[offboard_node-2] [INFO] [1785264220.081414778] [offboard_node]: WP1 도달·안정 (dist=0.0m speed=0.0m/s) → VISION_SEARCH (비전 착륙 활성)
[offboard_node-2] [INFO] [1785264220.180667490] [offboard_node]: 탐색 1회차 — 고도 25m AGL 반경 6.1→30m 링간격 12.2m 속도상한 5.0m/s (풋프린트 단폭 18.8m)
[offboard_node-2] [INFO] [1785264220.181317933] [offboard_node]: WP1 도달·안정 (dist=0.0m speed=0.0m/s) → VISION_SEARCH (비전 착륙 활성)
[offboard_node-2] [INFO] [1785264220.280262388] [offboard_node]: 탐색 1회차 — 고도 25m AGL 반경 6.1→30m 링간격 12.2m 속도상한 5.0m/s (풋프린트 단폭 18.8m)
[offboard_node-2] [INFO] [1785264220.280708257] [offboard_node]: WP1 도달·안정 (dist=0.0m speed=0.0m/s) → VISION_SEARCH (비전 착륙 활성)
[offboard_node-2] [INFO] [1785264220.380043459] [offboard_node]: 탐색 1회차 — 고도 25m AGL 반경 6.1→30m 링간격 12.2m 속도상한 5.0m/s (풋프린트 단폭 18.8m)
[offboard_node-2] [INFO] [1785264220.380451403] [offboard_node]: WP1 도달·안정 (dist=0.0m speed=0.0m/s) → VISION_SEARCH (비전 착륙 활성)
[telemetry_node-1] [INFO] [1785264220.393373429] [telemetry_node]: pos_ned=[3.00028320e+02 1.08782398e-02 5.02023087e+01]  yaw=0.068  armed=True  vtol=3  batt=15.30V/50%
[offboard_node-2] [INFO] [1785264220.480046932] [offboard_node]: 탐색 1회차 — 고도 25m AGL 반경 6.1→30m 링간격 12.2m 속도상한 5.0m/s (풋프린트 단폭 18.8m)
[offboard_node-2] [INFO] [1785264220.480568577] [offboard_node]: WP1 도달·안정 (dist=0.0m speed=0.0m/s) → VISION_SEARCH (비전 착륙 활성)
[offboard_node-2] [INFO] [1785264220.580791240] [offboard_node]: 탐색 1회차 — 고도 25m AGL 반경 6.1→30m 링간격 12.2m 속도상한 5.0m/s (풋프린트 단폭 18.8m)
[offboard_node-2] [INFO] [1785264220.581381793] [offboard_node]: WP1 도달·안정 (dist=0.0m speed=0.0m/s) → VISION_SEARCH (비전 착륙 활성)
[offboard_node-2] [INFO] [1785264220.680494368] [offboard_node]: WP1 홀드 dist=0.0m speed=0.0m/s stable=3345/10
[offboard_node-2] [INFO] [1785264220.681079422] [offboard_node]: 탐색 1회차 — 고도 25m AGL 반경 6.1→30m 링간격 12.2m 속도상한 5.0m/s (풋프린트 단폭 18.8m)
[offboard_node-2] [INFO] [1785264220.681610226] [offboard_node]: WP1 도달·안정 (dist=0.0m speed=0.0m/s) → VISION_SEARCH (비전 착륙 활성)
[offboard_node-2] [INFO] [1785264220.780465563] [offboard_node]: 탐색 1회차 — 고도 25m AGL 반경 6.1→30m 링간격 12.2m 속도상한 5.0m/s (풋프린트 단폭 18.8m)
[offboard_node-2] [INFO] [1785264220.780999696] [offboard_node]: WP1 도달·안정 (dist=0.0m speed=0.0m/s) → VISION_SEARCH (비전 착륙 활성)
[offboard_node-2] [INFO] [1785264220.880693864] [offboard_node]: 탐색 1회차 — 고도 25m AGL 반경 6.1→30m 링간격 12.2m 속도상한 5.0m/s (풋프린트 단폭 18.8m)
[offboard_node-2] [INFO] [1785264220.881560941] [offboard_node]: WP1 도달·안정 (dist=0.0m speed=0.0m/s) → VISION_SEARCH (비전 착륙 활성)
[offboard_node-2] [INFO] [1785264220.980085388] [offboard_node]: 탐색 1회차 — 고도 25m AGL 반경 6.1→30m 링간격 12.2m 속도상한 5.0m/s (풋프린트 단폭 18.8m)
[offboard_node-2] [INFO] [1785264220.980490297] [offboard_node]: WP1 도달·안정 (dist=0.0m speed=0.0m/s) → VISION_SEARCH (비전 착륙 활성)
[offboard_node-2] [INFO] [1785264221.080529073] [offboard_node]: 탐색 1회차 — 고도 25m AGL 반경 6.1→30m 링간격 12.2m 속도상한 5.0m/s (풋프린트 단폭 18.8m)
[offboard_node-2] [INFO] [1785264221.081119693] [offboard_node]: WP1 도달·안정 (dist=0.0m speed=0.0m/s) → VISION_SEARCH (비전 착륙 활성)
[offboard_node-2] [INFO] [1785264221.180500490] [offboard_node]: 탐색 1회차 — 고도 25m AGL 반경 6.1→30m 링간격 12.2m 속도상한 5.0m/s (풋프린트 단폭 18.8m)
[offboard_node-2] [INFO] [1785264221.181149242] [offboard_node]: WP1 도달·안정 (dist=0.0m speed=0.0m/s) → VISION_SEARCH (비전 착륙 활성)
[offboard_node-2] [INFO] [1785264221.280186228] [offboard_node]: 탐색 1회차 — 고도 25m AGL 반경 6.1→30m 링간격 12.2m 속도상한 5.0m/s (풋프린트 단폭 18.8m)
[offboard_node-2] [INFO] [1785264221.280639536] [offboard_node]: WP1 도달·안정 (dist=0.0m speed=0.0m/s) → VISION_SEARCH (비전 착륙 활성)
[offboard_node-2] [INFO] [1785264221.380182762] [offboard_node]: 탐색 1회차 — 고도 25m AGL 반경 6.1→30m 링간격 12.2m 속도상한 5.0m/s (풋프린트 단폭 18.8m)
[offboard_node-2] [INFO] [1785264221.380528439] [offboard_node]: WP1 도달·안정 (dist=0.0m speed=0.0m/s) → VISION_SEARCH (비전 착륙 활성)
[offboard_node-2] [INFO] [1785264221.480050922] [offboard_node]: 탐색 1회차 — 고도 25m AGL 반경 6.1→30m 링간격 12.2m 속도상한 5.0m/s (풋프린트 단폭 18.8m)
[offboard_node-2] [INFO] [1785264221.480402267] [offboard_node]: WP1 도달·안정 (dist=0.0m speed=0.0m/s) → VISION_SEARCH (비전 착륙 활성)
[offboard_node-2] [INFO] [1785264221.580359436] [offboard_node]: 탐색 1회차 — 고도 25m AGL 반경 6.1→30m 링간격 12.2m 속도상한 5.0m/s (풋프린트 단폭 18.8m)
[offboard_node-2] [INFO] [1785264221.580858590] [offboard_node]: WP1 도달·안정 (dist=0.0m speed=0.0m/s) → VISION_SEARCH (비전 착륙 활성)
[offboard_node-2] [INFO] [1785264221.679989344] [offboard_node]: 탐색 1회차 — 고도 25m AGL 반경 6.1→30m 링간격 12.2m 속도상한 5.0m/s (풋프린트 단폭 18.8m)
[offboard_node-2] [INFO] [1785264221.680440860] [offboard_node]: WP1 도달·안정 (dist=0.0m speed=0.0m/s) → VISION_SEARCH (비전 착륙 활성)
[offboard_node-2] [INFO] [1785264221.780302816] [offboard_node]: 탐색 1회차 — 고도 25m AGL 반경 6.1→30m 링간격 12.2m 속도상한 5.0m/s (풋프린트 단폭 18.8m)
[offboard_node-2] [INFO] [1785264221.780758027] [offboard_node]: WP1 도달·안정 (dist=0.0m speed=0.0m/s) → VISION_SEARCH (비전 착륙 활성)
[offboard_node-2] [INFO] [1785264221.880085429] [offboard_node]: 탐색 1회차 — 고도 25m AGL 반경 6.1→30m 링간격 12.2m 속도상한 5.0m/s (풋프린트 단폭 18.8m)
[offboard_node-2] [INFO] [1785264221.880617834] [offboard_node]: WP1 도달·안정 (dist=0.0m speed=0.0m/s) → VISION_SEARCH (비전 착륙 활성)
[offboard_node-2] [INFO] [1785264221.979845801] [offboard_node]: 탐색 1회차 — 고도 25m AGL 반경 6.1→30m 링간격 12.2m 속도상한 5.0m/s (풋프린트 단폭 18.8m)
[offboard_node-2] [INFO] [1785264221.980184539] [offboard_node]: WP1 도달·안정 (dist=0.0m speed=0.0m/s) → VISION_SEARCH (비전 착륙 활성)
[offboard_node-2] [INFO] [1785264222.080302420] [offboard_node]: 탐색 1회차 — 고도 25m AGL 반경 6.1→30m 링간격 12.2m 속도상한 5.0m/s (풋프린트 단폭 18.8m)
[offboard_node-2] [INFO] [1785264222.080842324] [offboard_node]: WP1 도달·안정 (dist=0.0m speed=0.0m/s) → VISION_SEARCH (비전 착륙 활성)
[offboard_node-2] [INFO] [1785264222.180008520] [offboard_node]: 탐색 1회차 — 고도 25m AGL 반경 6.1→30m 링간격 12.2m 속도상한 5.0m/s (풋프린트 단폭 18.8m)
[offboard_node-2] [INFO] [1785264222.180868691] [offboard_node]: WP1 도달·안정 (dist=0.0m speed=0.0m/s) → VISION_SEARCH (비전 착륙 활성)
[offboard_node-2] [INFO] [1785264222.280485921] [offboard_node]: 탐색 1회차 — 고도 25m AGL 반경 6.1→30m 링간격 12.2m 속도상한 5.0m/s (풋프린트 단폭 18.8m)
[offboard_node-2] [INFO] [1785264222.280985595] [offboard_node]: WP1 도달·안정 (dist=0.0m speed=0.0m/s) → VISION_SEARCH (비전 착륙 활성)
[offboard_node-2] [INFO] [1785264222.379861219] [offboard_node]: 탐색 1회차 — 고도 25m AGL 반경 6.1→30m 링간격 12.2m 속도상한 5.0m/s (풋프린트 단폭 18.8m)
[offboard_node-2] [INFO] [1785264222.380188966] [offboard_node]: WP1 도달·안정 (dist=0.0m speed=0.0m/s) → VISION_SEARCH (비전 착륙 활성)
[telemetry_node-1] [INFO] [1785264222.392937024] [telemetry_node]: pos_ned=[ 2.99995972e+02 -1.23712849e-02  5.01855507e+01]  yaw=0.068  armed=True  vtol=3  batt=15.30V/50%
[offboard_node-2] [INFO] [1785264222.479936179] [offboard_node]: 탐색 1회차 — 고도 25m AGL 반경 6.1→30m 링간격 12.2m 속도상한 5.0m/s (풋프린트 단폭 18.8m)
[offboard_node-2] [INFO] [1785264222.480310308] [offboard_node]: WP1 도달·안정 (dist=0.0m speed=0.0m/s) → VISION_SEARCH (비전 착륙 활성)
[offboard_node-2] [INFO] [1785264222.580500521] [offboard_node]: 탐색 1회차 — 고도 25m AGL 반경 6.1→30m 링간격 12.2m 속도상한 5.0m/s (풋프린트 단폭 18.8m)
[offboard_node-2] [INFO] [1785264222.581071247] [offboard_node]: WP1 도달·안정 (dist=0.0m speed=0.0m/s) → VISION_SEARCH (비전 착륙 활성)
[offboard_node-2] [INFO] [1785264222.680251944] [offboard_node]: WP1 홀드 dist=0.0m speed=0.0m/s stable=3365/10
[offboard_node-2] [INFO] [1785264222.680889480] [offboard_node]: 탐색 1회차 — 고도 25m AGL 반경 6.1→30m 링간격 12.2m 속도상한 5.0m/s (풋프린트 단폭 18.8m)
[offboard_node-2] [INFO] [1785264222.681394433] [offboard_node]: WP1 도달·안정 (dist=0.0m speed=0.0m/s) → VISION_SEARCH (비전 착륙 활성)
[offboard_node-2] [INFO] [1785264222.779996411] [offboard_node]: 탐색 1회차 — 고도 25m AGL 반경 6.1→30m 링간격 12.2m 속도상한 5.0m/s (풋프린트 단폭 18.8m)
[offboard_node-2] [INFO] [1785264222.780455725] [offboard_node]: WP1 도달·안정 (dist=0.0m speed=0.0m/s) → VISION_SEARCH (비전 착륙 활성)
[offboard_node-2] [INFO] [1785264222.879952068] [offboard_node]: 탐색 1회차 — 고도 25m AGL 반경 6.1→30m 링간격 12.2m 속도상한 5.0m/s (풋프린트 단폭 18.8m)
[offboard_node-2] [INFO] [1785264222.880493737] [offboard_node]: WP1 도달·안정 (dist=0.0m speed=0.0m/s) → VISION_SEARCH (비전 착륙 활성)
[offboard_node-2] [INFO] [1785264222.979961372] [offboard_node]: 탐색 1회차 — 고도 25m AGL 반경 6.1→30m 링간격 12.2m 속도상한 5.0m/s (풋프린트 단폭 18.8m)
[offboard_node-2] [INFO] [1785264222.980301132] [offboard_node]: WP1 도달·안정 (dist=0.0m speed=0.0m/s) → VISION_SEARCH (비전 착륙 활성)
[offboard_node-2] [INFO] [1785264223.080097337] [offboard_node]: 탐색 1회차 — 고도 25m AGL 반경 6.1→30m 링간격 12.2m 속도상한 5.0m/s (풋프린트 단폭 18.8m)
[offboard_node-2] [INFO] [1785264223.080607494] [offboard_node]: WP1 도달·안정 (dist=0.0m speed=0.0m/s) → VISION_SEARCH (비전 착륙 활성)
[offboard_node-2] [INFO] [1785264223.180098593] [offboard_node]: 탐색 1회차 — 고도 25m AGL 반경 6.1→30m 링간격 12.2m 속도상한 5.0m/s (풋프린트 단폭 18.8m)
[offboard_node-2] [INFO] [1785264223.180550243] [offboard_node]: WP1 도달·안정 (dist=0.0m speed=0.0m/s) → VISION_SEARCH (비전 착륙 활성)
[offboard_node-2] [INFO] [1785264223.280397504] [offboard_node]: 탐색 1회차 — 고도 25m AGL 반경 6.1→30m 링간격 12.2m 속도상한 5.0m/s (풋프린트 단폭 18.8m)
[offboard_node-2] [INFO] [1785264223.280945718] [offboard_node]: WP1 도달·안정 (dist=0.0m speed=0.0m/s) → VISION_SEARCH (비전 착륙 활성)
[offboard_node-2] [INFO] [1785264223.379974572] [offboard_node]: 탐색 1회차 — 고도 25m AGL 반경 6.1→30m 링간격 12.2m 속도상한 5.0m/s (풋프린트 단폭 18.8m)
[offboard_node-2] [INFO] [1785264223.380468784] [offboard_node]: WP1 도달·안정 (dist=0.0m speed=0.0m/s) → VISION_SEARCH (비전 착륙 활성)
[offboard_node-2] [INFO] [1785264223.479966762] [offboard_node]: 탐색 1회차 — 고도 25m AGL 반경 6.1→30m 링간격 12.2m 속도상한 5.0m/s (풋프린트 단폭 18.8m)
[offboard_node-2] [INFO] [1785264223.480470406] [offboard_node]: WP1 도달·안정 (dist=0.0m speed=0.0m/s) → VISION_SEARCH (비전 착륙 활성)
[offboard_node-2] [INFO] [1785264223.579970369] [offboard_node]: 탐색 1회차 — 고도 25m AGL 반경 6.1→30m 링간격 12.2m 속도상한 5.0m/s (풋프린트 단폭 18.8m)
[offboard_node-2] [INFO] [1785264223.580346050] [offboard_node]: WP1 도달·안정 (dist=0.0m speed=0.0m/s) → VISION_SEARCH (비전 착륙 활성)
[offboard_node-2] [INFO] [1785264223.680068659] [offboard_node]: 탐색 1회차 — 고도 25m AGL 반경 6.1→30m 링간격 12.2m 속도상한 5.0m/s (풋프린트 단폭 18.8m)
[offboard_node-2] [INFO] [1785264223.680567337] [offboard_node]: WP1 도달·안정 (dist=0.0m speed=0.0m/s) → VISION_SEARCH (비전 착륙 활성)
[offboard_node-2] [INFO] [1785264223.779962505] [offboard_node]: 탐색 1회차 — 고도 25m AGL 반경 6.1→30m 링간격 12.2m 속도상한 5.0m/s (풋프린트 단폭 18.8m)
[offboard_node-2] [INFO] [1785264223.780365561] [offboard_node]: WP1 도달·안정 (dist=0.0m speed=0.1m/s) → VISION_SEARCH (비전 착륙 활성)
[offboard_node-2] [INFO] [1785264223.879926154] [offboard_node]: 탐색 1회차 — 고도 25m AGL 반경 6.1→30m 링간격 12.2m 속도상한 5.0m/s (풋프린트 단폭 18.8m)
[offboard_node-2] [INFO] [1785264223.880369754] [offboard_node]: WP1 도달·안정 (dist=0.0m speed=0.1m/s) → VISION_SEARCH (비전 착륙 활성)
[offboard_node-2] [INFO] [1785264223.979861339] [offboard_node]: 탐색 1회차 — 고도 25m AGL 반경 6.1→30m 링간격 12.2m 속도상한 5.0m/s (풋프린트 단폭 18.8m)
[offboard_node-2] [INFO] [1785264223.980233672] [offboard_node]: WP1 도달·안정 (dist=0.0m speed=0.0m/s) → VISION_SEARCH (비전 착륙 활성)
[offboard_node-2] [INFO] [1785264224.079945984] [offboard_node]: 탐색 1회차 — 고도 25m AGL 반경 6.1→30m 링간격 12.2m 속도상한 5.0m/s (풋프린트 단폭 18.8m)
[offboard_node-2] [INFO] [1785264224.080452779] [offboard_node]: WP1 도달·안정 (dist=0.0m speed=0.0m/s) → VISION_SEARCH (비전 착륙 활성)
[offboard_node-2] [INFO] [1785264224.179977699] [offboard_node]: 탐색 1회차 — 고도 25m AGL 반경 6.1→30m 링간격 12.2m 속도상한 5.0m/s (풋프린트 단폭 18.8m)
[offboard_node-2] [INFO] [1785264224.180379520] [offboard_node]: WP1 도달·안정 (dist=0.0m speed=0.0m/s) → VISION_SEARCH (비전 착륙 활성)
[offboard_node-2] [INFO] [1785264224.280386137] [offboard_node]: 탐색 1회차 — 고도 25m AGL 반경 6.1→30m 링간격 12.2m 속도상한 5.0m/s (풋프린트 단폭 18.8m)
[offboard_node-2] [INFO] [1785264224.281672510] [offboard_node]: WP1 도달·안정 (dist=0.0m speed=0.0m/s) → VISION_SEARCH (비전 착륙 활성)
[offboard_node-2] [INFO] [1785264224.379965472] [offboard_node]: 탐색 1회차 — 고도 25m AGL 반경 6.1→30m 링간격 12.2m 속도상한 5.0m/s (풋프린트 단폭 18.8m)
[offboard_node-2] [INFO] [1785264224.380423858] [offboard_node]: WP1 도달·안정 (dist=0.0m speed=0.0m/s) → VISION_SEARCH (비전 착륙 활성)
[telemetry_node-1] [INFO] [1785264224.393069994] [telemetry_node]: pos_ned=[ 2.99994507e+02 -2.95866318e-02  5.02064514e+01]  yaw=0.069  armed=True  vtol=3  batt=15.30V/50%
[offboard_node-2] [INFO] [1785264224.479956371] [offboard_node]: 탐색 1회차 — 고도 25m AGL 반경 6.1→30m 링간격 12.2m 속도상한 5.0m/s (풋프린트 단폭 18.8m)
[offboard_node-2] [INFO] [1785264224.480371026] [offboard_node]: WP1 도달·안정 (dist=0.0m speed=0.0m/s) → VISION_SEARCH (비전 착륙 활성)
[offboard_node-2] [INFO] [1785264224.579943572] [offboard_node]: 탐색 1회차 — 고도 25m AGL 반경 6.1→30m 링간격 12.2m 속도상한 5.0m/s (풋프린트 단폭 18.8m)
[offboard_node-2] [INFO] [1785264224.580357886] [offboard_node]: WP1 도달·안정 (dist=0.0m speed=0.0m/s) → VISION_SEARCH (비전 착륙 활성)
[offboard_node-2] [INFO] [1785264224.680198252] [offboard_node]: WP1 홀드 dist=0.0m speed=0.0m/s stable=3385/10
[offboard_node-2] [INFO] [1785264224.680863142] [offboard_node]: 탐색 1회차 — 고도 25m AGL 반경 6.1→30m 링간격 12.2m 속도상한 5.0m/s (풋프린트 단폭 18.8m)
[offboard_node-2] [INFO] [1785264224.681330680] [offboard_node]: WP1 도달·안정 (dist=0.0m speed=0.0m/s) → VISION_SEARCH (비전 착륙 활성)
[offboard_node-2] [INFO] [1785264224.780023251] [offboard_node]: 탐색 1회차 — 고도 25m AGL 반경 6.1→30m 링간격 12.2m 속도상한 5.0m/s (풋프린트 단폭 18.8m)
[offboard_node-2] [INFO] [1785264224.780404809] [offboard_node]: WP1 도달·안정 (dist=0.0m speed=0.0m/s) → VISION_SEARCH (비전 착륙 활성)
[offboard_node-2] [INFO] [1785264224.880066762] [offboard_node]: 탐색 1회차 — 고도 25m AGL 반경 6.1→30m 링간격 12.2m 속도상한 5.0m/s (풋프린트 단폭 18.8m)
[offboard_node-2] [INFO] [1785264224.880493562] [offboard_node]: WP1 도달·안정 (dist=0.0m speed=0.0m/s) → VISION_SEARCH (비전 착륙 활성)
[offboard_node-2] [INFO] [1785264224.979864536] [offboard_node]: 탐색 1회차 — 고도 25m AGL 반경 6.1→30m 링간격 12.2m 속도상한 5.0m/s (풋프린트 단폭 18.8m)
[offboard_node-2] [INFO] [1785264224.980196901] [offboard_node]: WP1 도달·안정 (dist=0.0m speed=0.0m/s) → VISION_SEARCH (비전 착륙 활성)
[offboard_node-2] [INFO] [1785264225.079995593] [offboard_node]: 탐색 1회차 — 고도 25m AGL 반경 6.1→30m 링간격 12.2m 속도상한 5.0m/s (풋프린트 단폭 18.8m)
[offboard_node-2] [INFO] [1785264225.080564663] [offboard_node]: WP1 도달·안정 (dist=0.0m speed=0.0m/s) → VISION_SEARCH (비전 착륙 활성)
[offboard_node-2] [INFO] [1785264225.180129645] [offboard_node]: 탐색 1회차 — 고도 25m AGL 반경 6.1→30m 링간격 12.2m 속도상한 5.0m/s (풋프린트 단폭 18.8m)
[offboard_node-2] [INFO] [1785264225.180542777] [offboard_node]: WP1 도달·안정 (dist=0.0m speed=0.0m/s) → VISION_SEARCH (비전 착륙 활성)
[offboard_node-2] [INFO] [1785264225.280190911] [offboard_node]: 탐색 1회차 — 고도 25m AGL 반경 6.1→30m 링간격 12.2m 속도상한 5.0m/s (풋프린트 단폭 18.8m)
[offboard_node-2] [INFO] [1785264225.280672109] [offboard_node]: WP1 도달·안정 (dist=0.0m speed=0.0m/s) → VISION_SEARCH (비전 착륙 활성)
[offboard_node-2] [INFO] [1785264225.380333195] [offboard_node]: 탐색 1회차 — 고도 25m AGL 반경 6.1→30m 링간격 12.2m 속도상한 5.0m/s (풋프린트 단폭 18.8m)
[offboard_node-2] [INFO] [1785264225.380872263] [offboard_node]: WP1 도달·안정 (dist=0.0m speed=0.0m/s) → VISION_SEARCH (비전 착륙 활성)
[offboard_node-2] [INFO] [1785264225.480545817] [offboard_node]: 탐색 1회차 — 고도 25m AGL 반경 6.1→30m 링간격 12.2m 속도상한 5.0m/s (풋프린트 단폭 18.8m)
[offboard_node-2] [INFO] [1785264225.481338059] [offboard_node]: WP1 도달·안정 (dist=0.0m speed=0.0m/s) → VISION_SEARCH (비전 착륙 활성)
[offboard_node-2] [INFO] [1785264225.579974551] [offboard_node]: 탐색 1회차 — 고도 25m AGL 반경 6.1→30m 링간격 12.2m 속도상한 5.0m/s (풋프린트 단폭 18.8m)
[offboard_node-2] [INFO] [1785264225.580536413] [offboard_node]: WP1 도달·안정 (dist=0.0m speed=0.0m/s) → VISION_SEARCH (비전 착륙 활성)
[offboard_node-2] [INFO] [1785264225.680274402] [offboard_node]: 탐색 1회차 — 고도 25m AGL 반경 6.1→30m 링간격 12.2m 속도상한 5.0m/s (풋프린트 단폭 18.8m)
[offboard_node-2] [INFO] [1785264225.680767432] [offboard_node]: WP1 도달·안정 (dist=0.0m speed=0.0m/s) → VISION_SEARCH (비전 착륙 활성)
[offboard_node-2] [INFO] [1785264225.779880178] [offboard_node]: 탐색 1회차 — 고도 25m AGL 반경 6.1→30m 링간격 12.2m 속도상한 5.0m/s (풋프린트 단폭 18.8m)
[offboard_node-2] [INFO] [1785264225.780248546] [offboard_node]: WP1 도달·안정 (dist=0.0m speed=0.0m/s) → VISION_SEARCH (비전 착륙 활성)
[offboard_node-2] [INFO] [1785264225.880362933] [offboard_node]: 탐색 1회차 — 고도 25m AGL 반경 6.1→30m 링간격 12.2m 속도상한 5.0m/s (풋프린트 단폭 18.8m)
[offboard_node-2] [INFO] [1785264225.880789387] [offboard_node]: WP1 도달·안정 (dist=0.0m speed=0.0m/s) → VISION_SEARCH (비전 착륙 활성)
[offboard_node-2] [INFO] [1785264225.980429862] [offboard_node]: 탐색 1회차 — 고도 25m AGL 반경 6.1→30m 링간격 12.2m 속도상한 5.0m/s (풋프린트 단폭 18.8m)
[offboard_node-2] [INFO] [1785264225.980898190] [offboard_node]: WP1 도달·안정 (dist=0.0m speed=0.0m/s) → VISION_SEARCH (비전 착륙 활성)
[telemetry_node-1] [INFO] [1785264227.782865434] [telemetry_node]: pos_ned=[ 3.00010620e+02 -2.36927494e-02  5.01868706e+01]  yaw=0.069  armed=True  vtol=3  batt=15.30V/50%
[offboard_node-2] [INFO] [1785264227.783470929] [offboard_node]: 탐색 1회차 — 고도 25m AGL 반경 6.1→30m 링간격 12.2m 속도상한 5.0m/s (풋프린트 단폭 18.8m)
[offboard_node-2] [INFO] [1785264227.784093152] [offboard_node]: WP1 도달·안정 (dist=0.0m speed=0.0m/s) → VISION_SEARCH (비전 착륙 활성)
[offboard_node-2] [INFO] [1785264227.880171340] [offboard_node]: 탐색 1회차 — 고도 25m AGL 반경 6.1→30m 링간격 12.2m 속도상한 5.0m/s (풋프린트 단폭 18.8m)
[offboard_node-2] [INFO] [1785264227.880730868] [offboard_node]: WP1 도달·안정 (dist=0.0m speed=0.0m/s) → VISION_SEARCH (비전 착륙 활성)
[offboard_node-2] [INFO] [1785264227.980160607] [offboard_node]: 탐색 1회차 — 고도 25m AGL 반경 6.1→30m 링간격 12.2m 속도상한 5.0m/s (풋프린트 단폭 18.8m)
[offboard_node-2] [INFO] [1785264227.980613011] [offboard_node]: WP1 도달·안정 (dist=0.0m speed=0.0m/s) → VISION_SEARCH (비전 착륙 활성)
[offboard_node-2] [INFO] [1785264228.080772720] [offboard_node]: 탐색 1회차 — 고도 25m AGL 반경 6.1→30m 링간격 12.2m 속도상한 5.0m/s (풋프린트 단폭 18.8m)
[offboard_node-2] [INFO] [1785264228.081432449] [offboard_node]: WP1 도달·안정 (dist=0.0m speed=0.0m/s) → VISION_SEARCH (비전 착륙 활성)
[offboard_node-2] [INFO] [1785264228.180483758] [offboard_node]: 탐색 1회차 — 고도 25m AGL 반경 6.1→30m 링간격 12.2m 속도상한 5.0m/s (풋프린트 단폭 18.8m)
[offboard_node-2] [INFO] [1785264228.181128660] [offboard_node]: WP1 도달·안정 (dist=0.0m speed=0.0m/s) → VISION_SEARCH (비전 착륙 활성)
[offboard_node-2] [INFO] [1785264228.280545336] [offboard_node]: 탐색 1회차 — 고도 25m AGL 반경 6.1→30m 링간격 12.2m 속도상한 5.0m/s (풋프린트 단폭 18.8m)
[offboard_node-2] [INFO] [1785264228.281162306] [offboard_node]: WP1 도달·안정 (dist=0.0m speed=0.0m/s) → VISION_SEARCH (비전 착륙 활성)
[WARNING] [launch]: user interrupted with ctrl-c (SIGINT)
[INFO] [offboard_node-2]: sending signal 'SIGINT' to process[offboard_node-2]
[INFO] [telemetry_node-1]: sending signal 'SIGINT' to process[telemetry_node-1]
[offboard_node-2] Traceback (most recent call last):
[offboard_node-2]   File "/root/ws_f2/install/fc_ros/lib/python3.10/site-packages/fc_ros/nodes/offboard_node.py", line 2048, in main
[telemetry_node-1] Traceback (most recent call last):
[offboard_node-2]     rclpy.spin(node)
[offboard_node-2]   File "/opt/ros/humble/local/lib/python3.10/dist-packages/rclpy/__init__.py", line 229, in spin
[telemetry_node-1]   File "/root/ws_f2/install/fc_ros/lib/python3.10/site-packages/fc_ros/nodes/telemetry_node.py", line 109, in main
[telemetry_node-1]     rclpy.spin(node)
[telemetry_node-1]   File "/opt/ros/humble/local/lib/python3.10/dist-packages/rclpy/__init__.py", line 229, in spin
[offboard_node-2]     executor.spin_once()
[offboard_node-2]   File "/opt/ros/humble/local/lib/python3.10/dist-packages/rclpy/executors.py", line 808, in spin_once
[telemetry_node-1]     executor.spin_once()
[telemetry_node-1]   File "/opt/ros/humble/local/lib/python3.10/dist-packages/rclpy/executors.py", line 808, in spin_once
[telemetry_node-1]     self._spin_once_impl(timeout_sec)
[telemetry_node-1]   File "/opt/ros/humble/local/lib/python3.10/dist-packages/rclpy/executors.py", line 797, in _spin_once_impl
[offboard_node-2]     self._spin_once_impl(timeout_sec)
[offboard_node-2]   File "/opt/ros/humble/local/lib/python3.10/dist-packages/rclpy/executors.py", line 797, in _spin_once_impl
[telemetry_node-1]     handler, entity, node = self.wait_for_ready_callbacks(timeout_sec=timeout_sec)
[telemetry_node-1]   File "/opt/ros/humble/local/lib/python3.10/dist-packages/rclpy/executors.py", line 780, in wait_for_ready_callbacks
[offboard_node-2]     handler, entity, node = self.wait_for_ready_callbacks(timeout_sec=timeout_sec)
[offboard_node-2]   File "/opt/ros/humble/local/lib/python3.10/dist-packages/rclpy/executors.py", line 780, in wait_for_ready_callbacks
[offboard_node-2]     return next(self._cb_iter)
[offboard_node-2]   File "/opt/ros/humble/local/lib/python3.10/dist-packages/rclpy/executors.py", line 677, in _wait_for_ready_callbacks
[telemetry_node-1]     return next(self._cb_iter)
[telemetry_node-1]   File "/opt/ros/humble/local/lib/python3.10/dist-packages/rclpy/executors.py", line 651, in _wait_for_ready_callbacks
[telemetry_node-1]     context_stack.enter_context(self._context.handle)
[telemetry_node-1]   File "/usr/lib/python3.10/contextlib.py", line 493, in enter_context
[offboard_node-2]     wait_set.wait(timeout_nsec)
[offboard_node-2] KeyboardInterrupt
[offboard_node-2] 
[offboard_node-2] During handling of the above exception, another exception occurred:
[offboard_node-2] 
[offboard_node-2] Traceback (most recent call last):
[offboard_node-2]   File "/root/ws_f2/install/fc_ros/lib/fc_ros/offboard_node", line 33, in <module>
[offboard_node-2]     sys.exit(load_entry_point('fc-ros==0.1.0', 'console_scripts', 'offboard_node')())
[offboard_node-2]   File "/root/ws_f2/install/fc_ros/lib/python3.10/site-packages/fc_ros/nodes/offboard_node.py", line 2050, in main
[telemetry_node-1]     self._push_cm_exit(cm, _exit)
[telemetry_node-1]   File "/usr/lib/python3.10/contextlib.py", line 512, in _push_cm_exit
[telemetry_node-1]     self._push_exit_callback(_exit_wrapper, True)
[telemetry_node-1] KeyboardInterrupt
[telemetry_node-1] 
[telemetry_node-1] During handling of the above exception, another exception occurred:
[telemetry_node-1] 
[telemetry_node-1] Traceback (most recent call last):
[telemetry_node-1]   File "/root/ws_f2/install/fc_ros/lib/fc_ros/telemetry_node", line 33, in <module>
[telemetry_node-1]     sys.exit(load_entry_point('fc-ros==0.1.0', 'console_scripts', 'telemetry_node')())
[telemetry_node-1]   File "/root/ws_f2/install/fc_ros/lib/python3.10/site-packages/fc_ros/nodes/telemetry_node.py", line 111, in main
[telemetry_node-1]     node.destroy_node()
[telemetry_node-1]   File "/opt/ros/humble/local/lib/python3.10/dist-packages/rclpy/node.py", line 1687, in destroy_node
[offboard_node-2]     node.destroy_node()
[offboard_node-2]   File "/opt/ros/humble/local/lib/python3.10/dist-packages/rclpy/node.py", line 1685, in destroy_node
[offboard_node-2]     self.destroy_publisher(self._publishers[0])
[offboard_node-2]   File "/opt/ros/humble/local/lib/python3.10/dist-packages/rclpy/node.py", line 1565, in destroy_publisher
[offboard_node-2]     publisher.destroy()
[offboard_node-2]   File "/opt/ros/humble/local/lib/python3.10/dist-packages/rclpy/publisher.py", line 99, in destroy
[telemetry_node-1]     self.destroy_subscription(self._subscriptions[0])
[telemetry_node-1]   File "/opt/ros/humble/local/lib/python3.10/dist-packages/rclpy/node.py", line 1583, in destroy_subscription
[telemetry_node-1]     subscription.destroy()
[telemetry_node-1]   File "/opt/ros/humble/local/lib/python3.10/dist-packages/rclpy/subscription.py", line 80, in destroy
[offboard_node-2]     self.__publisher.destroy_when_not_in_use()
[offboard_node-2] KeyboardInterrupt
[telemetry_node-1]     self.handle.destroy_when_not_in_use()
[telemetry_node-1] KeyboardInterrupt
[ERROR] [telemetry_node-1]: process has died [pid 1483, exit code -2, cmd '/root/ws_f2/install/fc_ros/lib/fc_ros/telemetry_node --ros-args -r __node:=telemetry_node'].
[ERROR] [offboard_node-2]: process has died [pid 1485, exit code -2, cmd '/root/ws_f2/install/fc_ros/lib/fc_ros/offboard_node --ros-args -r __node:=offboard_node --params-file /root/ws_f2/install/fc_ros/share/fc_ros/params/fc_ros_params.yaml --params-file /tmp/launch_params_ifebhf7s'].
