### t=1785263753 i=1
Type: geometry_msgs/msg/PoseStamped

Publisher count: 1

Node name: fake_vision
Node namespace: /
Topic type: geometry_msgs/msg/PoseStamped
Endpoint type: PUBLISHER
GID: 01.0f.df.56.74.01.88.0c.00.00.00.00.00.00.11.03.00.00.00.00.00.00.00.00
QoS profile:
  Reliability: BEST_EFFORT
  History (Depth): UNKNOWN
  Durability: VOLATILE
  Lifespan: Infinite
  Deadline: Infinite
  Liveliness: AUTOMATIC
  Liveliness lease duration: Infinite

Subscription count: 0

Type: diagnostic_msgs/msg/DiagnosticArray

Publisher count: 1

Node name: fake_vision
Node namespace: /
Topic type: diagnostic_msgs/msg/DiagnosticArray
Endpoint type: PUBLISHER
GID: 01.0f.df.56.74.01.88.0c.00.00.00.00.00.00.12.03.00.00.00.00.00.00.00.00
QoS profile:
  Reliability: BEST_EFFORT
  History (Depth): UNKNOWN
  Durability: VOLATILE
  Lifespan: Infinite
  Deadline: Infinite
  Liveliness: AUTOMATIC
  Liveliness lease duration: Infinite

Subscription count: 0

### t=1785263760 i=2
Type: geometry_msgs/msg/PoseStamped

Publisher count: 1

Node name: fake_vision
Node namespace: /
Topic type: geometry_msgs/msg/PoseStamped
Endpoint type: PUBLISHER
GID: 01.0f.df.56.74.01.88.0c.00.00.00.00.00.00.11.03.00.00.00.00.00.00.00.00
QoS profile:
  Reliability: BEST_EFFORT
  History (Depth): UNKNOWN
  Durability: VOLATILE
  Lifespan: Infinite
  Deadline: Infinite
  Liveliness: AUTOMATIC
  Liveliness lease duration: Infinite

Subscription count: 0

Type: diagnostic_msgs/msg/DiagnosticArray

Publisher count: 1

Node name: fake_vision
Node namespace: /
Topic type: diagnostic_msgs/msg/DiagnosticArray
Endpoint type: PUBLISHER
GID: 01.0f.df.56.74.01.88.0c.00.00.00.00.00.00.12.03.00.00.00.00.00.00.00.00
QoS profile:
  Reliability: BEST_EFFORT
  History (Depth): UNKNOWN
  Durability: VOLATILE
  Lifespan: Infinite
  Deadline: Infinite
  Liveliness: AUTOMATIC
  Liveliness lease duration: Infinite

Subscription count: 0

### t=1785263765 i=3
Type: geometry_msgs/msg/PoseStamped

Publisher count: 1

Node name: fake_vision
Node namespace: /
Topic type: geometry_msgs/msg/PoseStamped
Endpoint type: PUBLISHER
GID: 01.0f.df.56.74.01.88.0c.00.00.00.00.00.00.11.03.00.00.00.00.00.00.00.00
QoS profile:
  Reliability: BEST_EFFORT
  History (Depth): UNKNOWN
  Durability: VOLATILE
  Lifespan: Infinite
  Deadline: Infinite
  Liveliness: AUTOMATIC
  Liveliness lease duration: Infinite

Subscription count: 0

Type: diagnostic_msgs/msg/DiagnosticArray

Publisher count: 1

Node name: fake_vision
Node namespace: /
Topic type: diagnostic_msgs/msg/DiagnosticArray
Endpoint type: PUBLISHER
GID: 01.0f.df.56.74.01.88.0c.00.00.00.00.00.00.12.03.00.00.00.00.00.00.00.00
QoS profile:
  Reliability: BEST_EFFORT
  History (Depth): UNKNOWN
  Durability: VOLATILE
  Lifespan: Infinite
  Deadline: Infinite
  Liveliness: AUTOMATIC
  Liveliness lease duration: Infinite

Subscription count: 0

### t=1785263771 i=4
Type: geometry_msgs/msg/PoseStamped

Publisher count: 1

Node name: fake_vision
Node namespace: /
Topic type: geometry_msgs/msg/PoseStamped
Endpoint type: PUBLISHER
GID: 01.0f.df.56.74.01.88.0c.00.00.00.00.00.00.11.03.00.00.00.00.00.00.00.00
QoS profile:
  Reliability: BEST_EFFORT
  History (Depth): UNKNOWN
  Durability: VOLATILE
  Lifespan: Infinite
  Deadline: Infinite
  Liveliness: AUTOMATIC
  Liveliness lease duration: Infinite

Subscription count: 0

Type: diagnostic_msgs/msg/DiagnosticArray

Publisher count: 1

Node name: fake_vision
Node namespace: /
Topic type: diagnostic_msgs/msg/DiagnosticArray
Endpoint type: PUBLISHER
GID: 01.0f.df.56.74.01.88.0c.00.00.00.00.00.00.12.03.00.00.00.00.00.00.00.00
QoS profile:
  Reliability: BEST_EFFORT
  History (Depth): UNKNOWN
  Durability: VOLATILE
  Lifespan: Infinite
  Deadline: Infinite
  Liveliness: AUTOMATIC
  Liveliness lease duration: Infinite

Subscription count: 0

### t=1785263778 i=5
Type: geometry_msgs/msg/PoseStamped

Publisher count: 1

Node name: fake_vision
Node namespace: /
Topic type: geometry_msgs/msg/PoseStamped
Endpoint type: PUBLISHER
GID: 01.0f.df.56.74.01.88.0c.00.00.00.00.00.00.11.03.00.00.00.00.00.00.00.00
QoS profile:
  Reliability: BEST_EFFORT
  History (Depth): UNKNOWN
  Durability: VOLATILE
  Lifespan: Infinite
  Deadline: Infinite
  Liveliness: AUTOMATIC
  Liveliness lease duration: Infinite

Subscription count: 0

Type: diagnostic_msgs/msg/DiagnosticArray

Publisher count: 1

Node name: fake_vision
Node namespace: /
Topic type: diagnostic_msgs/msg/DiagnosticArray
Endpoint type: PUBLISHER
GID: 01.0f.df.56.74.01.88.0c.00.00.00.00.00.00.12.03.00.00.00.00.00.00.00.00
QoS profile:
  Reliability: BEST_EFFORT
  History (Depth): UNKNOWN
  Durability: VOLATILE
  Lifespan: Infinite
  Deadline: Infinite
  Liveliness: AUTOMATIC
  Liveliness lease duration: Infinite

Subscription count: 0

### t=1785263786 i=6
Type: geometry_msgs/msg/PoseStamped

Publisher count: 1

Node name: fake_vision
Node namespace: /
Topic type: geometry_msgs/msg/PoseStamped
Endpoint type: PUBLISHER
GID: 01.0f.df.56.74.01.88.0c.00.00.00.00.00.00.11.03.00.00.00.00.00.00.00.00
QoS profile:
  Reliability: BEST_EFFORT
  History (Depth): UNKNOWN
  Durability: VOLATILE
  Lifespan: Infinite
  Deadline: Infinite
  Liveliness: AUTOMATIC
  Liveliness lease duration: Infinite

Subscription count: 1

Node name: offboard_node
Node namespace: /
Topic type: geometry_msgs/msg/PoseStamped
Endpoint type: SUBSCRIPTION
GID: 01.0f.df.56.cd.05.70.ce.00.00.00.00.00.00.11.04.00.00.00.00.00.00.00.00
QoS profile:
  Reliability: BEST_EFFORT
  History (Depth): UNKNOWN
  Durability: VOLATILE
  Lifespan: Infinite
  Deadline: Infinite
  Liveliness: AUTOMATIC
  Liveliness lease duration: Infinite

Type: diagnostic_msgs/msg/DiagnosticArray

Publisher count: 1

Node name: fake_vision
Node namespace: /
Topic type: diagnostic_msgs/msg/DiagnosticArray
Endpoint type: PUBLISHER
GID: 01.0f.df.56.74.01.88.0c.00.00.00.00.00.00.12.03.00.00.00.00.00.00.00.00
QoS profile:
  Reliability: BEST_EFFORT
  History (Depth): UNKNOWN
  Durability: VOLATILE
  Lifespan: Infinite
  Deadline: Infinite
  Liveliness: AUTOMATIC
  Liveliness lease duration: Infinite

Subscription count: 1

Node name: offboard_node
Node namespace: /
Topic type: diagnostic_msgs/msg/DiagnosticArray
Endpoint type: SUBSCRIPTION
GID: 01.0f.df.56.cd.05.70.ce.00.00.00.00.00.00.12.04.00.00.00.00.00.00.00.00
QoS profile:
  Reliability: BEST_EFFORT
  History (Depth): UNKNOWN
  Durability: VOLATILE
  Lifespan: Infinite
  Deadline: Infinite
  Liveliness: AUTOMATIC
  Liveliness lease duration: Infinite

### t=1785263793 i=7
Type: geometry_msgs/msg/PoseStamped

Publisher count: 1

Node name: fake_vision
Node namespace: /
Topic type: geometry_msgs/msg/PoseStamped
Endpoint type: PUBLISHER
GID: 01.0f.df.56.74.01.88.0c.00.00.00.00.00.00.11.03.00.00.00.00.00.00.00.00
QoS profile:
  Reliability: BEST_EFFORT
  History (Depth): UNKNOWN
  Durability: VOLATILE
  Lifespan: Infinite
  Deadline: Infinite
  Liveliness: AUTOMATIC
  Liveliness lease duration: Infinite

Subscription count: 1

Node name: offboard_node
Node namespace: /
Topic type: geometry_msgs/msg/PoseStamped
Endpoint type: SUBSCRIPTION
GID: 01.0f.df.56.cd.05.70.ce.00.00.00.00.00.00.11.04.00.00.00.00.00.00.00.00
QoS profile:
  Reliability: BEST_EFFORT
  History (Depth): UNKNOWN
  Durability: VOLATILE
  Lifespan: Infinite
  Deadline: Infinite
  Liveliness: AUTOMATIC
  Liveliness lease duration: Infinite

Type: diagnostic_msgs/msg/DiagnosticArray

Publisher count: 1

Node name: fake_vision
Node namespace: /
Topic type: diagnostic_msgs/msg/DiagnosticArray
Endpoint type: PUBLISHER
GID: 01.0f.df.56.74.01.88.0c.00.00.00.00.00.00.12.03.00.00.00.00.00.00.00.00
QoS profile:
  Reliability: BEST_EFFORT
  History (Depth): UNKNOWN
  Durability: VOLATILE
  Lifespan: Infinite
  Deadline: Infinite
  Liveliness: AUTOMATIC
  Liveliness lease duration: Infinite

Subscription count: 1

Node name: offboard_node
Node namespace: /
Topic type: diagnostic_msgs/msg/DiagnosticArray
Endpoint type: SUBSCRIPTION
GID: 01.0f.df.56.cd.05.70.ce.00.00.00.00.00.00.12.04.00.00.00.00.00.00.00.00
QoS profile:
  Reliability: BEST_EFFORT
  History (Depth): UNKNOWN
  Durability: VOLATILE
  Lifespan: Infinite
  Deadline: Infinite
  Liveliness: AUTOMATIC
  Liveliness lease duration: Infinite

### t=1785263799 i=8
Type: geometry_msgs/msg/PoseStamped

Publisher count: 1

Node name: fake_vision
Node namespace: /
Topic type: geometry_msgs/msg/PoseStamped
Endpoint type: PUBLISHER
GID: 01.0f.df.56.74.01.88.0c.00.00.00.00.00.00.11.03.00.00.00.00.00.00.00.00
QoS profile:
  Reliability: BEST_EFFORT
  History (Depth): UNKNOWN
  Durability: VOLATILE
  Lifespan: Infinite
  Deadline: Infinite
  Liveliness: AUTOMATIC
  Liveliness lease duration: Infinite

Subscription count: 1

Node name: offboard_node
Node namespace: /
Topic type: geometry_msgs/msg/PoseStamped
Endpoint type: SUBSCRIPTION
GID: 01.0f.df.56.cd.05.70.ce.00.00.00.00.00.00.11.04.00.00.00.00.00.00.00.00
QoS profile:
  Reliability: BEST_EFFORT
  History (Depth): UNKNOWN
  Durability: VOLATILE
  Lifespan: Infinite
  Deadline: Infinite
  Liveliness: AUTOMATIC
  Liveliness lease duration: Infinite

Type: diagnostic_msgs/msg/DiagnosticArray

Publisher count: 1

Node name: fake_vision
Node namespace: /
Topic type: diagnostic_msgs/msg/DiagnosticArray
Endpoint type: PUBLISHER
GID: 01.0f.df.56.74.01.88.0c.00.00.00.00.00.00.12.03.00.00.00.00.00.00.00.00
QoS profile:
  Reliability: BEST_EFFORT
  History (Depth): UNKNOWN
  Durability: VOLATILE
  Lifespan: Infinite
  Deadline: Infinite
  Liveliness: AUTOMATIC
  Liveliness lease duration: Infinite

Subscription count: 1

Node name: offboard_node
Node namespace: /
Topic type: diagnostic_msgs/msg/DiagnosticArray
Endpoint type: SUBSCRIPTION
GID: 01.0f.df.56.cd.05.70.ce.00.00.00.00.00.00.12.04.00.00.00.00.00.00.00.00
QoS profile:
  Reliability: BEST_EFFORT
  History (Depth): UNKNOWN
  Durability: VOLATILE
  Lifespan: Infinite
  Deadline: Infinite
  Liveliness: AUTOMATIC
  Liveliness lease duration: Infinite

### t=1785263805 i=9
Type: geometry_msgs/msg/PoseStamped

Publisher count: 1

Node name: fake_vision
Node namespace: /
Topic type: geometry_msgs/msg/PoseStamped
Endpoint type: PUBLISHER
GID: 01.0f.df.56.74.01.88.0c.00.00.00.00.00.00.11.03.00.00.00.00.00.00.00.00
QoS profile:
  Reliability: BEST_EFFORT
  History (Depth): UNKNOWN
  Durability: VOLATILE
  Lifespan: Infinite
  Deadline: Infinite
  Liveliness: AUTOMATIC
  Liveliness lease duration: Infinite

Subscription count: 1

Node name: offboard_node
Node namespace: /
Topic type: geometry_msgs/msg/PoseStamped
Endpoint type: SUBSCRIPTION
GID: 01.0f.df.56.cd.05.70.ce.00.00.00.00.00.00.11.04.00.00.00.00.00.00.00.00
QoS profile:
  Reliability: BEST_EFFORT
  History (Depth): UNKNOWN
  Durability: VOLATILE
  Lifespan: Infinite
  Deadline: Infinite
  Liveliness: AUTOMATIC
  Liveliness lease duration: Infinite

Type: diagnostic_msgs/msg/DiagnosticArray

Publisher count: 1

Node name: fake_vision
Node namespace: /
Topic type: diagnostic_msgs/msg/DiagnosticArray
Endpoint type: PUBLISHER
GID: 01.0f.df.56.74.01.88.0c.00.00.00.00.00.00.12.03.00.00.00.00.00.00.00.00
QoS profile:
  Reliability: BEST_EFFORT
  History (Depth): UNKNOWN
  Durability: VOLATILE
  Lifespan: Infinite
  Deadline: Infinite
  Liveliness: AUTOMATIC
  Liveliness lease duration: Infinite

Subscription count: 1

Node name: offboard_node
Node namespace: /
Topic type: diagnostic_msgs/msg/DiagnosticArray
Endpoint type: SUBSCRIPTION
GID: 01.0f.df.56.cd.05.70.ce.00.00.00.00.00.00.12.04.00.00.00.00.00.00.00.00
QoS profile:
  Reliability: BEST_EFFORT
  History (Depth): UNKNOWN
  Durability: VOLATILE
  Lifespan: Infinite
  Deadline: Infinite
  Liveliness: AUTOMATIC
  Liveliness lease duration: Infinite

### t=1785263811 i=10
Type: geometry_msgs/msg/PoseStamped

Publisher count: 1

Node name: fake_vision
Node namespace: /
Topic type: geometry_msgs/msg/PoseStamped
Endpoint type: PUBLISHER
GID: 01.0f.df.56.74.01.88.0c.00.00.00.00.00.00.11.03.00.00.00.00.00.00.00.00
QoS profile:
  Reliability: BEST_EFFORT
  History (Depth): UNKNOWN
  Durability: VOLATILE
  Lifespan: Infinite
  Deadline: Infinite
  Liveliness: AUTOMATIC
  Liveliness lease duration: Infinite

Subscription count: 1

Node name: offboard_node
Node namespace: /
Topic type: geometry_msgs/msg/PoseStamped
Endpoint type: SUBSCRIPTION
GID: 01.0f.df.56.cd.05.70.ce.00.00.00.00.00.00.11.04.00.00.00.00.00.00.00.00
QoS profile:
  Reliability: BEST_EFFORT
  History (Depth): UNKNOWN
  Durability: VOLATILE
  Lifespan: Infinite
  Deadline: Infinite
  Liveliness: AUTOMATIC
  Liveliness lease duration: Infinite

Type: diagnostic_msgs/msg/DiagnosticArray

Publisher count: 1

Node name: fake_vision
Node namespace: /
Topic type: diagnostic_msgs/msg/DiagnosticArray
Endpoint type: PUBLISHER
GID: 01.0f.df.56.74.01.88.0c.00.00.00.00.00.00.12.03.00.00.00.00.00.00.00.00
QoS profile:
  Reliability: BEST_EFFORT
  History (Depth): UNKNOWN
  Durability: VOLATILE
  Lifespan: Infinite
  Deadline: Infinite
  Liveliness: AUTOMATIC
  Liveliness lease duration: Infinite

Subscription count: 1

Node name: offboard_node
Node namespace: /
Topic type: diagnostic_msgs/msg/DiagnosticArray
Endpoint type: SUBSCRIPTION
GID: 01.0f.df.56.cd.05.70.ce.00.00.00.00.00.00.12.04.00.00.00.00.00.00.00.00
QoS profile:
  Reliability: BEST_EFFORT
  History (Depth): UNKNOWN
  Durability: VOLATILE
  Lifespan: Infinite
  Deadline: Infinite
  Liveliness: AUTOMATIC
  Liveliness lease duration: Infinite

### t=1785263819 i=11
Type: geometry_msgs/msg/PoseStamped

Publisher count: 1

Node name: fake_vision
Node namespace: /
Topic type: geometry_msgs/msg/PoseStamped
Endpoint type: PUBLISHER
GID: 01.0f.df.56.74.01.88.0c.00.00.00.00.00.00.11.03.00.00.00.00.00.00.00.00
QoS profile:
  Reliability: BEST_EFFORT
  History (Depth): UNKNOWN
  Durability: VOLATILE
  Lifespan: Infinite
  Deadline: Infinite
  Liveliness: AUTOMATIC
  Liveliness lease duration: Infinite

Subscription count: 1

Node name: offboard_node
Node namespace: /
Topic type: geometry_msgs/msg/PoseStamped
Endpoint type: SUBSCRIPTION
GID: 01.0f.df.56.cd.05.70.ce.00.00.00.00.00.00.11.04.00.00.00.00.00.00.00.00
QoS profile:
  Reliability: BEST_EFFORT
  History (Depth): UNKNOWN
  Durability: VOLATILE
  Lifespan: Infinite
  Deadline: Infinite
  Liveliness: AUTOMATIC
  Liveliness lease duration: Infinite

Type: diagnostic_msgs/msg/DiagnosticArray

Publisher count: 1

Node name: fake_vision
Node namespace: /
Topic type: diagnostic_msgs/msg/DiagnosticArray
Endpoint type: PUBLISHER
GID: 01.0f.df.56.74.01.88.0c.00.00.00.00.00.00.12.03.00.00.00.00.00.00.00.00
QoS profile:
  Reliability: BEST_EFFORT
  History (Depth): UNKNOWN
  Durability: VOLATILE
  Lifespan: Infinite
  Deadline: Infinite
  Liveliness: AUTOMATIC
  Liveliness lease duration: Infinite

Subscription count: 1

Node name: offboard_node
Node namespace: /
Topic type: diagnostic_msgs/msg/DiagnosticArray
Endpoint type: SUBSCRIPTION
GID: 01.0f.df.56.cd.05.70.ce.00.00.00.00.00.00.12.04.00.00.00.00.00.00.00.00
QoS profile:
  Reliability: BEST_EFFORT
  History (Depth): UNKNOWN
  Durability: VOLATILE
  Lifespan: Infinite
  Deadline: Infinite
  Liveliness: AUTOMATIC
  Liveliness lease duration: Infinite

### t=1785263825 i=12
Type: geometry_msgs/msg/PoseStamped

Publisher count: 1

Node name: fake_vision
Node namespace: /
Topic type: geometry_msgs/msg/PoseStamped
Endpoint type: PUBLISHER
GID: 01.0f.df.56.74.01.88.0c.00.00.00.00.00.00.11.03.00.00.00.00.00.00.00.00
QoS profile:
  Reliability: BEST_EFFORT
  History (Depth): UNKNOWN
  Durability: VOLATILE
  Lifespan: Infinite
  Deadline: Infinite
  Liveliness: AUTOMATIC
  Liveliness lease duration: Infinite

Subscription count: 1

Node name: offboard_node
Node namespace: /
Topic type: geometry_msgs/msg/PoseStamped
Endpoint type: SUBSCRIPTION
GID: 01.0f.df.56.cd.05.70.ce.00.00.00.00.00.00.11.04.00.00.00.00.00.00.00.00
QoS profile:
  Reliability: BEST_EFFORT
  History (Depth): UNKNOWN
  Durability: VOLATILE
  Lifespan: Infinite
  Deadline: Infinite
  Liveliness: AUTOMATIC
  Liveliness lease duration: Infinite

Type: diagnostic_msgs/msg/DiagnosticArray

Publisher count: 1

Node name: fake_vision
Node namespace: /
Topic type: diagnostic_msgs/msg/DiagnosticArray
Endpoint type: PUBLISHER
GID: 01.0f.df.56.74.01.88.0c.00.00.00.00.00.00.12.03.00.00.00.00.00.00.00.00
QoS profile:
  Reliability: BEST_EFFORT
  History (Depth): UNKNOWN
  Durability: VOLATILE
  Lifespan: Infinite
  Deadline: Infinite
  Liveliness: AUTOMATIC
  Liveliness lease duration: Infinite

Subscription count: 1

Node name: offboard_node
Node namespace: /
Topic type: diagnostic_msgs/msg/DiagnosticArray
Endpoint type: SUBSCRIPTION
GID: 01.0f.df.56.cd.05.70.ce.00.00.00.00.00.00.12.04.00.00.00.00.00.00.00.00
QoS profile:
  Reliability: BEST_EFFORT
  History (Depth): UNKNOWN
  Durability: VOLATILE
  Lifespan: Infinite
  Deadline: Infinite
  Liveliness: AUTOMATIC
  Liveliness lease duration: Infinite

### t=1785263831 i=13
Type: geometry_msgs/msg/PoseStamped

Publisher count: 1

Node name: fake_vision
Node namespace: /
Topic type: geometry_msgs/msg/PoseStamped
Endpoint type: PUBLISHER
GID: 01.0f.df.56.74.01.88.0c.00.00.00.00.00.00.11.03.00.00.00.00.00.00.00.00
QoS profile:
  Reliability: BEST_EFFORT
  History (Depth): UNKNOWN
  Durability: VOLATILE
  Lifespan: Infinite
  Deadline: Infinite
  Liveliness: AUTOMATIC
  Liveliness lease duration: Infinite

Subscription count: 1

Node name: offboard_node
Node namespace: /
Topic type: geometry_msgs/msg/PoseStamped
Endpoint type: SUBSCRIPTION
GID: 01.0f.df.56.cd.05.70.ce.00.00.00.00.00.00.11.04.00.00.00.00.00.00.00.00
QoS profile:
  Reliability: BEST_EFFORT
  History (Depth): UNKNOWN
  Durability: VOLATILE
  Lifespan: Infinite
  Deadline: Infinite
  Liveliness: AUTOMATIC
  Liveliness lease duration: Infinite

Type: diagnostic_msgs/msg/DiagnosticArray

Publisher count: 1

Node name: fake_vision
Node namespace: /
Topic type: diagnostic_msgs/msg/DiagnosticArray
Endpoint type: PUBLISHER
GID: 01.0f.df.56.74.01.88.0c.00.00.00.00.00.00.12.03.00.00.00.00.00.00.00.00
QoS profile:
  Reliability: BEST_EFFORT
  History (Depth): UNKNOWN
  Durability: VOLATILE
  Lifespan: Infinite
  Deadline: Infinite
  Liveliness: AUTOMATIC
  Liveliness lease duration: Infinite

Subscription count: 1

Node name: offboard_node
Node namespace: /
Topic type: diagnostic_msgs/msg/DiagnosticArray
Endpoint type: SUBSCRIPTION
GID: 01.0f.df.56.cd.05.70.ce.00.00.00.00.00.00.12.04.00.00.00.00.00.00.00.00
QoS profile:
  Reliability: BEST_EFFORT
  History (Depth): UNKNOWN
  Durability: VOLATILE
  Lifespan: Infinite
  Deadline: Infinite
  Liveliness: AUTOMATIC
  Liveliness lease duration: Infinite

### t=1785263837 i=14
Type: geometry_msgs/msg/PoseStamped

Publisher count: 1

Node name: fake_vision
Node namespace: /
Topic type: geometry_msgs/msg/PoseStamped
Endpoint type: PUBLISHER
GID: 01.0f.df.56.74.01.88.0c.00.00.00.00.00.00.11.03.00.00.00.00.00.00.00.00
QoS profile:
  Reliability: BEST_EFFORT
  History (Depth): UNKNOWN
  Durability: VOLATILE
  Lifespan: Infinite
  Deadline: Infinite
  Liveliness: AUTOMATIC
  Liveliness lease duration: Infinite

Subscription count: 1

Node name: offboard_node
Node namespace: /
Topic type: geometry_msgs/msg/PoseStamped
Endpoint type: SUBSCRIPTION
GID: 01.0f.df.56.cd.05.70.ce.00.00.00.00.00.00.11.04.00.00.00.00.00.00.00.00
QoS profile:
  Reliability: BEST_EFFORT
  History (Depth): UNKNOWN
  Durability: VOLATILE
  Lifespan: Infinite
  Deadline: Infinite
  Liveliness: AUTOMATIC
  Liveliness lease duration: Infinite

Type: diagnostic_msgs/msg/DiagnosticArray

Publisher count: 1

Node name: fake_vision
Node namespace: /
Topic type: diagnostic_msgs/msg/DiagnosticArray
Endpoint type: PUBLISHER
GID: 01.0f.df.56.74.01.88.0c.00.00.00.00.00.00.12.03.00.00.00.00.00.00.00.00
QoS profile:
  Reliability: BEST_EFFORT
  History (Depth): UNKNOWN
  Durability: VOLATILE
  Lifespan: Infinite
  Deadline: Infinite
  Liveliness: AUTOMATIC
  Liveliness lease duration: Infinite

Subscription count: 1

Node name: offboard_node
Node namespace: /
Topic type: diagnostic_msgs/msg/DiagnosticArray
Endpoint type: SUBSCRIPTION
GID: 01.0f.df.56.cd.05.70.ce.00.00.00.00.00.00.12.04.00.00.00.00.00.00.00.00
QoS profile:
  Reliability: BEST_EFFORT
  History (Depth): UNKNOWN
  Durability: VOLATILE
  Lifespan: Infinite
  Deadline: Infinite
  Liveliness: AUTOMATIC
  Liveliness lease duration: Infinite

### t=1785263843 i=15
Type: geometry_msgs/msg/PoseStamped

Publisher count: 1

Node name: fake_vision
Node namespace: /
Topic type: geometry_msgs/msg/PoseStamped
Endpoint type: PUBLISHER
GID: 01.0f.df.56.74.01.88.0c.00.00.00.00.00.00.11.03.00.00.00.00.00.00.00.00
QoS profile:
  Reliability: BEST_EFFORT
  History (Depth): UNKNOWN
  Durability: VOLATILE
  Lifespan: Infinite
  Deadline: Infinite
  Liveliness: AUTOMATIC
  Liveliness lease duration: Infinite

Subscription count: 1

Node name: offboard_node
Node namespace: /
Topic type: geometry_msgs/msg/PoseStamped
Endpoint type: SUBSCRIPTION
GID: 01.0f.df.56.cd.05.70.ce.00.00.00.00.00.00.11.04.00.00.00.00.00.00.00.00
QoS profile:
  Reliability: BEST_EFFORT
  History (Depth): UNKNOWN
  Durability: VOLATILE
  Lifespan: Infinite
  Deadline: Infinite
  Liveliness: AUTOMATIC
  Liveliness lease duration: Infinite

Type: diagnostic_msgs/msg/DiagnosticArray

Publisher count: 1

Node name: fake_vision
Node namespace: /
Topic type: diagnostic_msgs/msg/DiagnosticArray
Endpoint type: PUBLISHER
GID: 01.0f.df.56.74.01.88.0c.00.00.00.00.00.00.12.03.00.00.00.00.00.00.00.00
QoS profile:
  Reliability: BEST_EFFORT
  History (Depth): UNKNOWN
  Durability: VOLATILE
  Lifespan: Infinite
  Deadline: Infinite
  Liveliness: AUTOMATIC
  Liveliness lease duration: Infinite

Subscription count: 1

Node name: offboard_node
Node namespace: /
Topic type: diagnostic_msgs/msg/DiagnosticArray
Endpoint type: SUBSCRIPTION
GID: 01.0f.df.56.cd.05.70.ce.00.00.00.00.00.00.12.04.00.00.00.00.00.00.00.00
QoS profile:
  Reliability: BEST_EFFORT
  History (Depth): UNKNOWN
  Durability: VOLATILE
  Lifespan: Infinite
  Deadline: Infinite
  Liveliness: AUTOMATIC
  Liveliness lease duration: Infinite

### t=1785263849 i=16
Type: geometry_msgs/msg/PoseStamped

Publisher count: 1

Node name: fake_vision
Node namespace: /
Topic type: geometry_msgs/msg/PoseStamped
Endpoint type: PUBLISHER
GID: 01.0f.df.56.74.01.88.0c.00.00.00.00.00.00.11.03.00.00.00.00.00.00.00.00
QoS profile:
  Reliability: BEST_EFFORT
  History (Depth): UNKNOWN
  Durability: VOLATILE
  Lifespan: Infinite
  Deadline: Infinite
  Liveliness: AUTOMATIC
  Liveliness lease duration: Infinite

Subscription count: 1

Node name: offboard_node
Node namespace: /
Topic type: geometry_msgs/msg/PoseStamped
Endpoint type: SUBSCRIPTION
GID: 01.0f.df.56.cd.05.70.ce.00.00.00.00.00.00.11.04.00.00.00.00.00.00.00.00
QoS profile:
  Reliability: BEST_EFFORT
  History (Depth): UNKNOWN
  Durability: VOLATILE
  Lifespan: Infinite
  Deadline: Infinite
  Liveliness: AUTOMATIC
  Liveliness lease duration: Infinite

Type: diagnostic_msgs/msg/DiagnosticArray

Publisher count: 1

Node name: fake_vision
Node namespace: /
Topic type: diagnostic_msgs/msg/DiagnosticArray
Endpoint type: PUBLISHER
GID: 01.0f.df.56.74.01.88.0c.00.00.00.00.00.00.12.03.00.00.00.00.00.00.00.00
QoS profile:
  Reliability: BEST_EFFORT
  History (Depth): UNKNOWN
  Durability: VOLATILE
  Lifespan: Infinite
  Deadline: Infinite
  Liveliness: AUTOMATIC
  Liveliness lease duration: Infinite

Subscription count: 1

Node name: offboard_node
Node namespace: /
Topic type: diagnostic_msgs/msg/DiagnosticArray
Endpoint type: SUBSCRIPTION
GID: 01.0f.df.56.cd.05.70.ce.00.00.00.00.00.00.12.04.00.00.00.00.00.00.00.00
QoS profile:
  Reliability: BEST_EFFORT
  History (Depth): UNKNOWN
  Durability: VOLATILE
  Lifespan: Infinite
  Deadline: Infinite
  Liveliness: AUTOMATIC
  Liveliness lease duration: Infinite

### t=1785263857 i=17
Type: geometry_msgs/msg/PoseStamped

Publisher count: 1

Node name: fake_vision
Node namespace: /
Topic type: geometry_msgs/msg/PoseStamped
Endpoint type: PUBLISHER
GID: 01.0f.df.56.74.01.88.0c.00.00.00.00.00.00.11.03.00.00.00.00.00.00.00.00
QoS profile:
  Reliability: BEST_EFFORT
  History (Depth): UNKNOWN
  Durability: VOLATILE
  Lifespan: Infinite
  Deadline: Infinite
  Liveliness: AUTOMATIC
  Liveliness lease duration: Infinite

Subscription count: 1

Node name: offboard_node
Node namespace: /
Topic type: geometry_msgs/msg/PoseStamped
Endpoint type: SUBSCRIPTION
GID: 01.0f.df.56.cd.05.70.ce.00.00.00.00.00.00.11.04.00.00.00.00.00.00.00.00
QoS profile:
  Reliability: BEST_EFFORT
  History (Depth): UNKNOWN
  Durability: VOLATILE
  Lifespan: Infinite
  Deadline: Infinite
  Liveliness: AUTOMATIC
  Liveliness lease duration: Infinite

Type: diagnostic_msgs/msg/DiagnosticArray

Publisher count: 1

Node name: fake_vision
Node namespace: /
Topic type: diagnostic_msgs/msg/DiagnosticArray
Endpoint type: PUBLISHER
GID: 01.0f.df.56.74.01.88.0c.00.00.00.00.00.00.12.03.00.00.00.00.00.00.00.00
QoS profile:
  Reliability: BEST_EFFORT
  History (Depth): UNKNOWN
  Durability: VOLATILE
  Lifespan: Infinite
  Deadline: Infinite
  Liveliness: AUTOMATIC
  Liveliness lease duration: Infinite

Subscription count: 1

Node name: offboard_node
Node namespace: /
Topic type: diagnostic_msgs/msg/DiagnosticArray
Endpoint type: SUBSCRIPTION
GID: 01.0f.df.56.cd.05.70.ce.00.00.00.00.00.00.12.04.00.00.00.00.00.00.00.00
QoS profile:
  Reliability: BEST_EFFORT
  History (Depth): UNKNOWN
  Durability: VOLATILE
  Lifespan: Infinite
  Deadline: Infinite
  Liveliness: AUTOMATIC
  Liveliness lease duration: Infinite

### t=1785263863 i=18
Type: geometry_msgs/msg/PoseStamped

Publisher count: 1

Node name: fake_vision
Node namespace: /
Topic type: geometry_msgs/msg/PoseStamped
Endpoint type: PUBLISHER
GID: 01.0f.df.56.74.01.88.0c.00.00.00.00.00.00.11.03.00.00.00.00.00.00.00.00
QoS profile:
  Reliability: BEST_EFFORT
  History (Depth): UNKNOWN
  Durability: VOLATILE
  Lifespan: Infinite
  Deadline: Infinite
  Liveliness: AUTOMATIC
  Liveliness lease duration: Infinite

Subscription count: 1

Node name: offboard_node
Node namespace: /
Topic type: geometry_msgs/msg/PoseStamped
Endpoint type: SUBSCRIPTION
GID: 01.0f.df.56.cd.05.70.ce.00.00.00.00.00.00.11.04.00.00.00.00.00.00.00.00
QoS profile:
  Reliability: BEST_EFFORT
  History (Depth): UNKNOWN
  Durability: VOLATILE
  Lifespan: Infinite
  Deadline: Infinite
  Liveliness: AUTOMATIC
  Liveliness lease duration: Infinite

Type: diagnostic_msgs/msg/DiagnosticArray

Publisher count: 1

Node name: fake_vision
Node namespace: /
Topic type: diagnostic_msgs/msg/DiagnosticArray
Endpoint type: PUBLISHER
GID: 01.0f.df.56.74.01.88.0c.00.00.00.00.00.00.12.03.00.00.00.00.00.00.00.00
QoS profile:
  Reliability: BEST_EFFORT
  History (Depth): UNKNOWN
  Durability: VOLATILE
  Lifespan: Infinite
  Deadline: Infinite
  Liveliness: AUTOMATIC
  Liveliness lease duration: Infinite

Subscription count: 1

Node name: offboard_node
Node namespace: /
Topic type: diagnostic_msgs/msg/DiagnosticArray
Endpoint type: SUBSCRIPTION
GID: 01.0f.df.56.cd.05.70.ce.00.00.00.00.00.00.12.04.00.00.00.00.00.00.00.00
QoS profile:
  Reliability: BEST_EFFORT
  History (Depth): UNKNOWN
  Durability: VOLATILE
  Lifespan: Infinite
  Deadline: Infinite
  Liveliness: AUTOMATIC
  Liveliness lease duration: Infinite

### t=1785263869 i=19
Type: geometry_msgs/msg/PoseStamped

Publisher count: 1

Node name: fake_vision
Node namespace: /
Topic type: geometry_msgs/msg/PoseStamped
Endpoint type: PUBLISHER
GID: 01.0f.df.56.74.01.88.0c.00.00.00.00.00.00.11.03.00.00.00.00.00.00.00.00
QoS profile:
  Reliability: BEST_EFFORT
  History (Depth): UNKNOWN
  Durability: VOLATILE
  Lifespan: Infinite
  Deadline: Infinite
  Liveliness: AUTOMATIC
  Liveliness lease duration: Infinite

Subscription count: 1

Node name: offboard_node
Node namespace: /
Topic type: geometry_msgs/msg/PoseStamped
Endpoint type: SUBSCRIPTION
GID: 01.0f.df.56.cd.05.70.ce.00.00.00.00.00.00.11.04.00.00.00.00.00.00.00.00
QoS profile:
  Reliability: BEST_EFFORT
  History (Depth): UNKNOWN
  Durability: VOLATILE
  Lifespan: Infinite
  Deadline: Infinite
  Liveliness: AUTOMATIC
  Liveliness lease duration: Infinite

Type: diagnostic_msgs/msg/DiagnosticArray

Publisher count: 1

Node name: fake_vision
Node namespace: /
Topic type: diagnostic_msgs/msg/DiagnosticArray
Endpoint type: PUBLISHER
GID: 01.0f.df.56.74.01.88.0c.00.00.00.00.00.00.12.03.00.00.00.00.00.00.00.00
QoS profile:
  Reliability: BEST_EFFORT
  History (Depth): UNKNOWN
  Durability: VOLATILE
  Lifespan: Infinite
  Deadline: Infinite
  Liveliness: AUTOMATIC
  Liveliness lease duration: Infinite

Subscription count: 1

Node name: offboard_node
Node namespace: /
Topic type: diagnostic_msgs/msg/DiagnosticArray
Endpoint type: SUBSCRIPTION
GID: 01.0f.df.56.cd.05.70.ce.00.00.00.00.00.00.12.04.00.00.00.00.00.00.00.00
QoS profile:
  Reliability: BEST_EFFORT
  History (Depth): UNKNOWN
  Durability: VOLATILE
  Lifespan: Infinite
  Deadline: Infinite
  Liveliness: AUTOMATIC
  Liveliness lease duration: Infinite

### t=1785263875 i=20
Type: geometry_msgs/msg/PoseStamped

Publisher count: 1

Node name: fake_vision
Node namespace: /
Topic type: geometry_msgs/msg/PoseStamped
Endpoint type: PUBLISHER
GID: 01.0f.df.56.74.01.88.0c.00.00.00.00.00.00.11.03.00.00.00.00.00.00.00.00
QoS profile:
  Reliability: BEST_EFFORT
  History (Depth): UNKNOWN
  Durability: VOLATILE
  Lifespan: Infinite
  Deadline: Infinite
  Liveliness: AUTOMATIC
  Liveliness lease duration: Infinite

Subscription count: 1

Node name: offboard_node
Node namespace: /
Topic type: geometry_msgs/msg/PoseStamped
Endpoint type: SUBSCRIPTION
GID: 01.0f.df.56.cd.05.70.ce.00.00.00.00.00.00.11.04.00.00.00.00.00.00.00.00
QoS profile:
  Reliability: BEST_EFFORT
  History (Depth): UNKNOWN
  Durability: VOLATILE
  Lifespan: Infinite
  Deadline: Infinite
  Liveliness: AUTOMATIC
  Liveliness lease duration: Infinite

Type: diagnostic_msgs/msg/DiagnosticArray

Publisher count: 1

Node name: fake_vision
Node namespace: /
Topic type: diagnostic_msgs/msg/DiagnosticArray
Endpoint type: PUBLISHER
GID: 01.0f.df.56.74.01.88.0c.00.00.00.00.00.00.12.03.00.00.00.00.00.00.00.00
QoS profile:
  Reliability: BEST_EFFORT
  History (Depth): UNKNOWN
  Durability: VOLATILE
  Lifespan: Infinite
  Deadline: Infinite
  Liveliness: AUTOMATIC
  Liveliness lease duration: Infinite

Subscription count: 1

Node name: offboard_node
Node namespace: /
Topic type: diagnostic_msgs/msg/DiagnosticArray
Endpoint type: SUBSCRIPTION
GID: 01.0f.df.56.cd.05.70.ce.00.00.00.00.00.00.12.04.00.00.00.00.00.00.00.00
QoS profile:
  Reliability: BEST_EFFORT
  History (Depth): UNKNOWN
  Durability: VOLATILE
  Lifespan: Infinite
  Deadline: Infinite
  Liveliness: AUTOMATIC
  Liveliness lease duration: Infinite

### t=1785263882 i=21
Type: geometry_msgs/msg/PoseStamped

Publisher count: 1

Node name: fake_vision
Node namespace: /
Topic type: geometry_msgs/msg/PoseStamped
Endpoint type: PUBLISHER
GID: 01.0f.df.56.74.01.88.0c.00.00.00.00.00.00.11.03.00.00.00.00.00.00.00.00
QoS profile:
  Reliability: BEST_EFFORT
  History (Depth): UNKNOWN
  Durability: VOLATILE
  Lifespan: Infinite
  Deadline: Infinite
  Liveliness: AUTOMATIC
  Liveliness lease duration: Infinite

Subscription count: 1

Node name: offboard_node
Node namespace: /
Topic type: geometry_msgs/msg/PoseStamped
Endpoint type: SUBSCRIPTION
GID: 01.0f.df.56.cd.05.70.ce.00.00.00.00.00.00.11.04.00.00.00.00.00.00.00.00
QoS profile:
  Reliability: BEST_EFFORT
  History (Depth): UNKNOWN
  Durability: VOLATILE
  Lifespan: Infinite
  Deadline: Infinite
  Liveliness: AUTOMATIC
  Liveliness lease duration: Infinite

Type: diagnostic_msgs/msg/DiagnosticArray

Publisher count: 1

Node name: fake_vision
Node namespace: /
Topic type: diagnostic_msgs/msg/DiagnosticArray
Endpoint type: PUBLISHER
GID: 01.0f.df.56.74.01.88.0c.00.00.00.00.00.00.12.03.00.00.00.00.00.00.00.00
QoS profile:
  Reliability: BEST_EFFORT
  History (Depth): UNKNOWN
  Durability: VOLATILE
  Lifespan: Infinite
  Deadline: Infinite
  Liveliness: AUTOMATIC
  Liveliness lease duration: Infinite

Subscription count: 1

Node name: offboard_node
Node namespace: /
Topic type: diagnostic_msgs/msg/DiagnosticArray
Endpoint type: SUBSCRIPTION
GID: 01.0f.df.56.cd.05.70.ce.00.00.00.00.00.00.12.04.00.00.00.00.00.00.00.00
QoS profile:
  Reliability: BEST_EFFORT
  History (Depth): UNKNOWN
  Durability: VOLATILE
  Lifespan: Infinite
  Deadline: Infinite
  Liveliness: AUTOMATIC
  Liveliness lease duration: Infinite

### t=1785263889 i=22
Type: geometry_msgs/msg/PoseStamped

Publisher count: 1

Node name: fake_vision
Node namespace: /
Topic type: geometry_msgs/msg/PoseStamped
Endpoint type: PUBLISHER
GID: 01.0f.df.56.74.01.88.0c.00.00.00.00.00.00.11.03.00.00.00.00.00.00.00.00
QoS profile:
  Reliability: BEST_EFFORT
  History (Depth): UNKNOWN
  Durability: VOLATILE
  Lifespan: Infinite
  Deadline: Infinite
  Liveliness: AUTOMATIC
  Liveliness lease duration: Infinite

Subscription count: 1

Node name: offboard_node
Node namespace: /
Topic type: geometry_msgs/msg/PoseStamped
Endpoint type: SUBSCRIPTION
GID: 01.0f.df.56.cd.05.70.ce.00.00.00.00.00.00.11.04.00.00.00.00.00.00.00.00
QoS profile:
  Reliability: BEST_EFFORT
  History (Depth): UNKNOWN
  Durability: VOLATILE
  Lifespan: Infinite
  Deadline: Infinite
  Liveliness: AUTOMATIC
  Liveliness lease duration: Infinite

Type: diagnostic_msgs/msg/DiagnosticArray

Publisher count: 1

Node name: fake_vision
Node namespace: /
Topic type: diagnostic_msgs/msg/DiagnosticArray
Endpoint type: PUBLISHER
GID: 01.0f.df.56.74.01.88.0c.00.00.00.00.00.00.12.03.00.00.00.00.00.00.00.00
QoS profile:
  Reliability: BEST_EFFORT
  History (Depth): UNKNOWN
  Durability: VOLATILE
  Lifespan: Infinite
  Deadline: Infinite
  Liveliness: AUTOMATIC
  Liveliness lease duration: Infinite

Subscription count: 1

Node name: offboard_node
Node namespace: /
Topic type: diagnostic_msgs/msg/DiagnosticArray
Endpoint type: SUBSCRIPTION
GID: 01.0f.df.56.cd.05.70.ce.00.00.00.00.00.00.12.04.00.00.00.00.00.00.00.00
QoS profile:
  Reliability: BEST_EFFORT
  History (Depth): UNKNOWN
  Durability: VOLATILE
  Lifespan: Infinite
  Deadline: Infinite
  Liveliness: AUTOMATIC
  Liveliness lease duration: Infinite

### t=1785263895 i=23
Type: geometry_msgs/msg/PoseStamped

Publisher count: 1

Node name: fake_vision
Node namespace: /
Topic type: geometry_msgs/msg/PoseStamped
Endpoint type: PUBLISHER
GID: 01.0f.df.56.74.01.88.0c.00.00.00.00.00.00.11.03.00.00.00.00.00.00.00.00
QoS profile:
  Reliability: BEST_EFFORT
  History (Depth): UNKNOWN
  Durability: VOLATILE
  Lifespan: Infinite
  Deadline: Infinite
  Liveliness: AUTOMATIC
  Liveliness lease duration: Infinite

Subscription count: 1

Node name: offboard_node
Node namespace: /
Topic type: geometry_msgs/msg/PoseStamped
Endpoint type: SUBSCRIPTION
GID: 01.0f.df.56.cd.05.70.ce.00.00.00.00.00.00.11.04.00.00.00.00.00.00.00.00
QoS profile:
  Reliability: BEST_EFFORT
  History (Depth): UNKNOWN
  Durability: VOLATILE
  Lifespan: Infinite
  Deadline: Infinite
  Liveliness: AUTOMATIC
  Liveliness lease duration: Infinite

Type: diagnostic_msgs/msg/DiagnosticArray

Publisher count: 1

Node name: fake_vision
Node namespace: /
Topic type: diagnostic_msgs/msg/DiagnosticArray
Endpoint type: PUBLISHER
GID: 01.0f.df.56.74.01.88.0c.00.00.00.00.00.00.12.03.00.00.00.00.00.00.00.00
QoS profile:
  Reliability: BEST_EFFORT
  History (Depth): UNKNOWN
  Durability: VOLATILE
  Lifespan: Infinite
  Deadline: Infinite
  Liveliness: AUTOMATIC
  Liveliness lease duration: Infinite

Subscription count: 1

Node name: offboard_node
Node namespace: /
Topic type: diagnostic_msgs/msg/DiagnosticArray
Endpoint type: SUBSCRIPTION
GID: 01.0f.df.56.cd.05.70.ce.00.00.00.00.00.00.12.04.00.00.00.00.00.00.00.00
QoS profile:
  Reliability: BEST_EFFORT
  History (Depth): UNKNOWN
  Durability: VOLATILE
  Lifespan: Infinite
  Deadline: Infinite
  Liveliness: AUTOMATIC
  Liveliness lease duration: Infinite

### t=1785263901 i=24
Type: geometry_msgs/msg/PoseStamped

Publisher count: 1

Node name: fake_vision
Node namespace: /
Topic type: geometry_msgs/msg/PoseStamped
Endpoint type: PUBLISHER
GID: 01.0f.df.56.74.01.88.0c.00.00.00.00.00.00.11.03.00.00.00.00.00.00.00.00
QoS profile:
  Reliability: BEST_EFFORT
  History (Depth): UNKNOWN
  Durability: VOLATILE
  Lifespan: Infinite
  Deadline: Infinite
  Liveliness: AUTOMATIC
  Liveliness lease duration: Infinite

Subscription count: 1

Node name: offboard_node
Node namespace: /
Topic type: geometry_msgs/msg/PoseStamped
Endpoint type: SUBSCRIPTION
GID: 01.0f.df.56.cd.05.70.ce.00.00.00.00.00.00.11.04.00.00.00.00.00.00.00.00
QoS profile:
  Reliability: BEST_EFFORT
  History (Depth): UNKNOWN
  Durability: VOLATILE
  Lifespan: Infinite
  Deadline: Infinite
  Liveliness: AUTOMATIC
  Liveliness lease duration: Infinite

Type: diagnostic_msgs/msg/DiagnosticArray

Publisher count: 1

Node name: fake_vision
Node namespace: /
Topic type: diagnostic_msgs/msg/DiagnosticArray
Endpoint type: PUBLISHER
GID: 01.0f.df.56.74.01.88.0c.00.00.00.00.00.00.12.03.00.00.00.00.00.00.00.00
QoS profile:
  Reliability: BEST_EFFORT
  History (Depth): UNKNOWN
  Durability: VOLATILE
  Lifespan: Infinite
  Deadline: Infinite
  Liveliness: AUTOMATIC
  Liveliness lease duration: Infinite

Subscription count: 1

Node name: offboard_node
Node namespace: /
Topic type: diagnostic_msgs/msg/DiagnosticArray
Endpoint type: SUBSCRIPTION
GID: 01.0f.df.56.cd.05.70.ce.00.00.00.00.00.00.12.04.00.00.00.00.00.00.00.00
QoS profile:
  Reliability: BEST_EFFORT
  History (Depth): UNKNOWN
  Durability: VOLATILE
  Lifespan: Infinite
  Deadline: Infinite
  Liveliness: AUTOMATIC
  Liveliness lease duration: Infinite

### t=1785263908 i=25
Type: geometry_msgs/msg/PoseStamped

Publisher count: 1

Node name: fake_vision
Node namespace: /
Topic type: geometry_msgs/msg/PoseStamped
Endpoint type: PUBLISHER
GID: 01.0f.df.56.74.01.88.0c.00.00.00.00.00.00.11.03.00.00.00.00.00.00.00.00
QoS profile:
  Reliability: BEST_EFFORT
  History (Depth): UNKNOWN
  Durability: VOLATILE
  Lifespan: Infinite
  Deadline: Infinite
  Liveliness: AUTOMATIC
  Liveliness lease duration: Infinite

Subscription count: 1

Node name: offboard_node
Node namespace: /
Topic type: geometry_msgs/msg/PoseStamped
Endpoint type: SUBSCRIPTION
GID: 01.0f.df.56.cd.05.70.ce.00.00.00.00.00.00.11.04.00.00.00.00.00.00.00.00
QoS profile:
  Reliability: BEST_EFFORT
  History (Depth): UNKNOWN
  Durability: VOLATILE
  Lifespan: Infinite
  Deadline: Infinite
  Liveliness: AUTOMATIC
  Liveliness lease duration: Infinite

Type: diagnostic_msgs/msg/DiagnosticArray

Publisher count: 1

Node name: fake_vision
Node namespace: /
Topic type: diagnostic_msgs/msg/DiagnosticArray
Endpoint type: PUBLISHER
GID: 01.0f.df.56.74.01.88.0c.00.00.00.00.00.00.12.03.00.00.00.00.00.00.00.00
QoS profile:
  Reliability: BEST_EFFORT
  History (Depth): UNKNOWN
  Durability: VOLATILE
  Lifespan: Infinite
  Deadline: Infinite
  Liveliness: AUTOMATIC
  Liveliness lease duration: Infinite

Subscription count: 1

Node name: offboard_node
Node namespace: /
Topic type: diagnostic_msgs/msg/DiagnosticArray
Endpoint type: SUBSCRIPTION
GID: 01.0f.df.56.cd.05.70.ce.00.00.00.00.00.00.12.04.00.00.00.00.00.00.00.00
QoS profile:
  Reliability: BEST_EFFORT
  History (Depth): UNKNOWN
  Durability: VOLATILE
  Lifespan: Infinite
  Deadline: Infinite
  Liveliness: AUTOMATIC
  Liveliness lease duration: Infinite

### t=1785263914 i=26
Type: geometry_msgs/msg/PoseStamped

Publisher count: 1

Node name: fake_vision
Node namespace: /
Topic type: geometry_msgs/msg/PoseStamped
Endpoint type: PUBLISHER
GID: 01.0f.df.56.74.01.88.0c.00.00.00.00.00.00.11.03.00.00.00.00.00.00.00.00
QoS profile:
  Reliability: BEST_EFFORT
  History (Depth): UNKNOWN
  Durability: VOLATILE
  Lifespan: Infinite
  Deadline: Infinite
  Liveliness: AUTOMATIC
  Liveliness lease duration: Infinite

Subscription count: 1

Node name: offboard_node
Node namespace: /
Topic type: geometry_msgs/msg/PoseStamped
Endpoint type: SUBSCRIPTION
GID: 01.0f.df.56.cd.05.70.ce.00.00.00.00.00.00.11.04.00.00.00.00.00.00.00.00
QoS profile:
  Reliability: BEST_EFFORT
  History (Depth): UNKNOWN
  Durability: VOLATILE
  Lifespan: Infinite
  Deadline: Infinite
  Liveliness: AUTOMATIC
  Liveliness lease duration: Infinite

Type: diagnostic_msgs/msg/DiagnosticArray

Publisher count: 1

Node name: fake_vision
Node namespace: /
Topic type: diagnostic_msgs/msg/DiagnosticArray
Endpoint type: PUBLISHER
GID: 01.0f.df.56.74.01.88.0c.00.00.00.00.00.00.12.03.00.00.00.00.00.00.00.00
QoS profile:
  Reliability: BEST_EFFORT
  History (Depth): UNKNOWN
  Durability: VOLATILE
  Lifespan: Infinite
  Deadline: Infinite
  Liveliness: AUTOMATIC
  Liveliness lease duration: Infinite

Subscription count: 1

Node name: offboard_node
Node namespace: /
Topic type: diagnostic_msgs/msg/DiagnosticArray
Endpoint type: SUBSCRIPTION
GID: 01.0f.df.56.cd.05.70.ce.00.00.00.00.00.00.12.04.00.00.00.00.00.00.00.00
QoS profile:
  Reliability: BEST_EFFORT
  History (Depth): UNKNOWN
  Durability: VOLATILE
  Lifespan: Infinite
  Deadline: Infinite
  Liveliness: AUTOMATIC
  Liveliness lease duration: Infinite

### t=1785263921 i=27
Type: geometry_msgs/msg/PoseStamped

Publisher count: 1

Node name: fake_vision
Node namespace: /
Topic type: geometry_msgs/msg/PoseStamped
Endpoint type: PUBLISHER
GID: 01.0f.df.56.74.01.88.0c.00.00.00.00.00.00.11.03.00.00.00.00.00.00.00.00
QoS profile:
  Reliability: BEST_EFFORT
  History (Depth): UNKNOWN
  Durability: VOLATILE
  Lifespan: Infinite
  Deadline: Infinite
  Liveliness: AUTOMATIC
  Liveliness lease duration: Infinite

Subscription count: 1

Node name: offboard_node
Node namespace: /
Topic type: geometry_msgs/msg/PoseStamped
Endpoint type: SUBSCRIPTION
GID: 01.0f.df.56.cd.05.70.ce.00.00.00.00.00.00.11.04.00.00.00.00.00.00.00.00
QoS profile:
  Reliability: BEST_EFFORT
  History (Depth): UNKNOWN
  Durability: VOLATILE
  Lifespan: Infinite
  Deadline: Infinite
  Liveliness: AUTOMATIC
  Liveliness lease duration: Infinite

Type: diagnostic_msgs/msg/DiagnosticArray

Publisher count: 1

Node name: fake_vision
Node namespace: /
Topic type: diagnostic_msgs/msg/DiagnosticArray
Endpoint type: PUBLISHER
GID: 01.0f.df.56.74.01.88.0c.00.00.00.00.00.00.12.03.00.00.00.00.00.00.00.00
QoS profile:
  Reliability: BEST_EFFORT
  History (Depth): UNKNOWN
  Durability: VOLATILE
  Lifespan: Infinite
  Deadline: Infinite
  Liveliness: AUTOMATIC
  Liveliness lease duration: Infinite

Subscription count: 1

Node name: offboard_node
Node namespace: /
Topic type: diagnostic_msgs/msg/DiagnosticArray
Endpoint type: SUBSCRIPTION
GID: 01.0f.df.56.cd.05.70.ce.00.00.00.00.00.00.12.04.00.00.00.00.00.00.00.00
QoS profile:
  Reliability: BEST_EFFORT
  History (Depth): UNKNOWN
  Durability: VOLATILE
  Lifespan: Infinite
  Deadline: Infinite
  Liveliness: AUTOMATIC
  Liveliness lease duration: Infinite

### t=1785263927 i=28
Type: geometry_msgs/msg/PoseStamped

Publisher count: 1

Node name: fake_vision
Node namespace: /
Topic type: geometry_msgs/msg/PoseStamped
Endpoint type: PUBLISHER
GID: 01.0f.df.56.74.01.88.0c.00.00.00.00.00.00.11.03.00.00.00.00.00.00.00.00
QoS profile:
  Reliability: BEST_EFFORT
  History (Depth): UNKNOWN
  Durability: VOLATILE
  Lifespan: Infinite
  Deadline: Infinite
  Liveliness: AUTOMATIC
  Liveliness lease duration: Infinite

Subscription count: 1

Node name: offboard_node
Node namespace: /
Topic type: geometry_msgs/msg/PoseStamped
Endpoint type: SUBSCRIPTION
GID: 01.0f.df.56.cd.05.70.ce.00.00.00.00.00.00.11.04.00.00.00.00.00.00.00.00
QoS profile:
  Reliability: BEST_EFFORT
  History (Depth): UNKNOWN
  Durability: VOLATILE
  Lifespan: Infinite
  Deadline: Infinite
  Liveliness: AUTOMATIC
  Liveliness lease duration: Infinite

Type: diagnostic_msgs/msg/DiagnosticArray

Publisher count: 1

Node name: fake_vision
Node namespace: /
Topic type: diagnostic_msgs/msg/DiagnosticArray
Endpoint type: PUBLISHER
GID: 01.0f.df.56.74.01.88.0c.00.00.00.00.00.00.12.03.00.00.00.00.00.00.00.00
QoS profile:
  Reliability: BEST_EFFORT
  History (Depth): UNKNOWN
  Durability: VOLATILE
  Lifespan: Infinite
  Deadline: Infinite
  Liveliness: AUTOMATIC
  Liveliness lease duration: Infinite

Subscription count: 1

Node name: offboard_node
Node namespace: /
Topic type: diagnostic_msgs/msg/DiagnosticArray
Endpoint type: SUBSCRIPTION
GID: 01.0f.df.56.cd.05.70.ce.00.00.00.00.00.00.12.04.00.00.00.00.00.00.00.00
QoS profile:
  Reliability: BEST_EFFORT
  History (Depth): UNKNOWN
  Durability: VOLATILE
  Lifespan: Infinite
  Deadline: Infinite
  Liveliness: AUTOMATIC
  Liveliness lease duration: Infinite

### t=1785263933 i=29
Type: geometry_msgs/msg/PoseStamped

Publisher count: 1

Node name: fake_vision
Node namespace: /
Topic type: geometry_msgs/msg/PoseStamped
Endpoint type: PUBLISHER
GID: 01.0f.df.56.74.01.88.0c.00.00.00.00.00.00.11.03.00.00.00.00.00.00.00.00
QoS profile:
  Reliability: BEST_EFFORT
  History (Depth): UNKNOWN
  Durability: VOLATILE
  Lifespan: Infinite
  Deadline: Infinite
  Liveliness: AUTOMATIC
  Liveliness lease duration: Infinite

Subscription count: 1

Node name: offboard_node
Node namespace: /
Topic type: geometry_msgs/msg/PoseStamped
Endpoint type: SUBSCRIPTION
GID: 01.0f.df.56.cd.05.70.ce.00.00.00.00.00.00.11.04.00.00.00.00.00.00.00.00
QoS profile:
  Reliability: BEST_EFFORT
  History (Depth): UNKNOWN
  Durability: VOLATILE
  Lifespan: Infinite
  Deadline: Infinite
  Liveliness: AUTOMATIC
  Liveliness lease duration: Infinite

Type: diagnostic_msgs/msg/DiagnosticArray

Publisher count: 1

Node name: fake_vision
Node namespace: /
Topic type: diagnostic_msgs/msg/DiagnosticArray
Endpoint type: PUBLISHER
GID: 01.0f.df.56.74.01.88.0c.00.00.00.00.00.00.12.03.00.00.00.00.00.00.00.00
QoS profile:
  Reliability: BEST_EFFORT
  History (Depth): UNKNOWN
  Durability: VOLATILE
  Lifespan: Infinite
  Deadline: Infinite
  Liveliness: AUTOMATIC
  Liveliness lease duration: Infinite

Subscription count: 1

Node name: offboard_node
Node namespace: /
Topic type: diagnostic_msgs/msg/DiagnosticArray
Endpoint type: SUBSCRIPTION
GID: 01.0f.df.56.cd.05.70.ce.00.00.00.00.00.00.12.04.00.00.00.00.00.00.00.00
QoS profile:
  Reliability: BEST_EFFORT
  History (Depth): UNKNOWN
  Durability: VOLATILE
  Lifespan: Infinite
  Deadline: Infinite
  Liveliness: AUTOMATIC
  Liveliness lease duration: Infinite

### t=1785263940 i=30
Type: geometry_msgs/msg/PoseStamped

Publisher count: 1

Node name: fake_vision
Node namespace: /
Topic type: geometry_msgs/msg/PoseStamped
Endpoint type: PUBLISHER
GID: 01.0f.df.56.74.01.88.0c.00.00.00.00.00.00.11.03.00.00.00.00.00.00.00.00
QoS profile:
  Reliability: BEST_EFFORT
  History (Depth): UNKNOWN
  Durability: VOLATILE
  Lifespan: Infinite
  Deadline: Infinite
  Liveliness: AUTOMATIC
  Liveliness lease duration: Infinite

Subscription count: 1

Node name: offboard_node
Node namespace: /
Topic type: geometry_msgs/msg/PoseStamped
Endpoint type: SUBSCRIPTION
GID: 01.0f.df.56.cd.05.70.ce.00.00.00.00.00.00.11.04.00.00.00.00.00.00.00.00
QoS profile:
  Reliability: BEST_EFFORT
  History (Depth): UNKNOWN
  Durability: VOLATILE
  Lifespan: Infinite
  Deadline: Infinite
  Liveliness: AUTOMATIC
  Liveliness lease duration: Infinite

Type: diagnostic_msgs/msg/DiagnosticArray

Publisher count: 1

Node name: fake_vision
Node namespace: /
Topic type: diagnostic_msgs/msg/DiagnosticArray
Endpoint type: PUBLISHER
GID: 01.0f.df.56.74.01.88.0c.00.00.00.00.00.00.12.03.00.00.00.00.00.00.00.00
QoS profile:
  Reliability: BEST_EFFORT
  History (Depth): UNKNOWN
  Durability: VOLATILE
  Lifespan: Infinite
  Deadline: Infinite
  Liveliness: AUTOMATIC
  Liveliness lease duration: Infinite

Subscription count: 1

Node name: offboard_node
Node namespace: /
Topic type: diagnostic_msgs/msg/DiagnosticArray
Endpoint type: SUBSCRIPTION
GID: 01.0f.df.56.cd.05.70.ce.00.00.00.00.00.00.12.04.00.00.00.00.00.00.00.00
QoS profile:
  Reliability: BEST_EFFORT
  History (Depth): UNKNOWN
  Durability: VOLATILE
  Lifespan: Infinite
  Deadline: Infinite
  Liveliness: AUTOMATIC
  Liveliness lease duration: Infinite

### t=1785263946 i=31
Type: geometry_msgs/msg/PoseStamped

Publisher count: 1

Node name: fake_vision
Node namespace: /
Topic type: geometry_msgs/msg/PoseStamped
Endpoint type: PUBLISHER
GID: 01.0f.df.56.74.01.88.0c.00.00.00.00.00.00.11.03.00.00.00.00.00.00.00.00
QoS profile:
  Reliability: BEST_EFFORT
  History (Depth): UNKNOWN
  Durability: VOLATILE
  Lifespan: Infinite
  Deadline: Infinite
  Liveliness: AUTOMATIC
  Liveliness lease duration: Infinite

Subscription count: 1

Node name: offboard_node
Node namespace: /
Topic type: geometry_msgs/msg/PoseStamped
Endpoint type: SUBSCRIPTION
GID: 01.0f.df.56.cd.05.70.ce.00.00.00.00.00.00.11.04.00.00.00.00.00.00.00.00
QoS profile:
  Reliability: BEST_EFFORT
  History (Depth): UNKNOWN
  Durability: VOLATILE
  Lifespan: Infinite
  Deadline: Infinite
  Liveliness: AUTOMATIC
  Liveliness lease duration: Infinite

Type: diagnostic_msgs/msg/DiagnosticArray

Publisher count: 1

Node name: fake_vision
Node namespace: /
Topic type: diagnostic_msgs/msg/DiagnosticArray
Endpoint type: PUBLISHER
GID: 01.0f.df.56.74.01.88.0c.00.00.00.00.00.00.12.03.00.00.00.00.00.00.00.00
QoS profile:
  Reliability: BEST_EFFORT
  History (Depth): UNKNOWN
  Durability: VOLATILE
  Lifespan: Infinite
  Deadline: Infinite
  Liveliness: AUTOMATIC
  Liveliness lease duration: Infinite

Subscription count: 1

Node name: offboard_node
Node namespace: /
Topic type: diagnostic_msgs/msg/DiagnosticArray
Endpoint type: SUBSCRIPTION
GID: 01.0f.df.56.cd.05.70.ce.00.00.00.00.00.00.12.04.00.00.00.00.00.00.00.00
QoS profile:
  Reliability: BEST_EFFORT
  History (Depth): UNKNOWN
  Durability: VOLATILE
  Lifespan: Infinite
  Deadline: Infinite
  Liveliness: AUTOMATIC
  Liveliness lease duration: Infinite

### t=1785263952 i=32
Type: geometry_msgs/msg/PoseStamped

Publisher count: 1

Node name: fake_vision
Node namespace: /
Topic type: geometry_msgs/msg/PoseStamped
Endpoint type: PUBLISHER
GID: 01.0f.df.56.74.01.88.0c.00.00.00.00.00.00.11.03.00.00.00.00.00.00.00.00
QoS profile:
  Reliability: BEST_EFFORT
  History (Depth): UNKNOWN
  Durability: VOLATILE
  Lifespan: Infinite
  Deadline: Infinite
  Liveliness: AUTOMATIC
  Liveliness lease duration: Infinite

Subscription count: 1

Node name: offboard_node
Node namespace: /
Topic type: geometry_msgs/msg/PoseStamped
Endpoint type: SUBSCRIPTION
GID: 01.0f.df.56.cd.05.70.ce.00.00.00.00.00.00.11.04.00.00.00.00.00.00.00.00
QoS profile:
  Reliability: BEST_EFFORT
  History (Depth): UNKNOWN
  Durability: VOLATILE
  Lifespan: Infinite
  Deadline: Infinite
  Liveliness: AUTOMATIC
  Liveliness lease duration: Infinite

Type: diagnostic_msgs/msg/DiagnosticArray

Publisher count: 1

Node name: fake_vision
Node namespace: /
Topic type: diagnostic_msgs/msg/DiagnosticArray
Endpoint type: PUBLISHER
GID: 01.0f.df.56.74.01.88.0c.00.00.00.00.00.00.12.03.00.00.00.00.00.00.00.00
QoS profile:
  Reliability: BEST_EFFORT
  History (Depth): UNKNOWN
  Durability: VOLATILE
  Lifespan: Infinite
  Deadline: Infinite
  Liveliness: AUTOMATIC
  Liveliness lease duration: Infinite

Subscription count: 1

Node name: offboard_node
Node namespace: /
Topic type: diagnostic_msgs/msg/DiagnosticArray
Endpoint type: SUBSCRIPTION
GID: 01.0f.df.56.cd.05.70.ce.00.00.00.00.00.00.12.04.00.00.00.00.00.00.00.00
QoS profile:
  Reliability: BEST_EFFORT
  History (Depth): UNKNOWN
  Durability: VOLATILE
  Lifespan: Infinite
  Deadline: Infinite
  Liveliness: AUTOMATIC
  Liveliness lease duration: Infinite

### t=1785263959 i=33
Type: geometry_msgs/msg/PoseStamped

Publisher count: 1

Node name: fake_vision
Node namespace: /
Topic type: geometry_msgs/msg/PoseStamped
Endpoint type: PUBLISHER
GID: 01.0f.df.56.74.01.88.0c.00.00.00.00.00.00.11.03.00.00.00.00.00.00.00.00
QoS profile:
  Reliability: BEST_EFFORT
  History (Depth): UNKNOWN
  Durability: VOLATILE
  Lifespan: Infinite
  Deadline: Infinite
  Liveliness: AUTOMATIC
  Liveliness lease duration: Infinite

Subscription count: 1

Node name: offboard_node
Node namespace: /
Topic type: geometry_msgs/msg/PoseStamped
Endpoint type: SUBSCRIPTION
GID: 01.0f.df.56.cd.05.70.ce.00.00.00.00.00.00.11.04.00.00.00.00.00.00.00.00
QoS profile:
  Reliability: BEST_EFFORT
  History (Depth): UNKNOWN
  Durability: VOLATILE
  Lifespan: Infinite
  Deadline: Infinite
  Liveliness: AUTOMATIC
  Liveliness lease duration: Infinite

Type: diagnostic_msgs/msg/DiagnosticArray

Publisher count: 1

Node name: fake_vision
Node namespace: /
Topic type: diagnostic_msgs/msg/DiagnosticArray
Endpoint type: PUBLISHER
GID: 01.0f.df.56.74.01.88.0c.00.00.00.00.00.00.12.03.00.00.00.00.00.00.00.00
QoS profile:
  Reliability: BEST_EFFORT
  History (Depth): UNKNOWN
  Durability: VOLATILE
  Lifespan: Infinite
  Deadline: Infinite
  Liveliness: AUTOMATIC
  Liveliness lease duration: Infinite

Subscription count: 1

Node name: offboard_node
Node namespace: /
Topic type: diagnostic_msgs/msg/DiagnosticArray
Endpoint type: SUBSCRIPTION
GID: 01.0f.df.56.cd.05.70.ce.00.00.00.00.00.00.12.04.00.00.00.00.00.00.00.00
QoS profile:
  Reliability: BEST_EFFORT
  History (Depth): UNKNOWN
  Durability: VOLATILE
  Lifespan: Infinite
  Deadline: Infinite
  Liveliness: AUTOMATIC
  Liveliness lease duration: Infinite

### t=1785263965 i=34
Type: geometry_msgs/msg/PoseStamped

Publisher count: 1

Node name: fake_vision
Node namespace: /
Topic type: geometry_msgs/msg/PoseStamped
Endpoint type: PUBLISHER
GID: 01.0f.df.56.74.01.88.0c.00.00.00.00.00.00.11.03.00.00.00.00.00.00.00.00
QoS profile:
  Reliability: BEST_EFFORT
  History (Depth): UNKNOWN
  Durability: VOLATILE
  Lifespan: Infinite
  Deadline: Infinite
  Liveliness: AUTOMATIC
  Liveliness lease duration: Infinite

Subscription count: 1

Node name: offboard_node
Node namespace: /
Topic type: geometry_msgs/msg/PoseStamped
Endpoint type: SUBSCRIPTION
GID: 01.0f.df.56.cd.05.70.ce.00.00.00.00.00.00.11.04.00.00.00.00.00.00.00.00
QoS profile:
  Reliability: BEST_EFFORT
  History (Depth): UNKNOWN
  Durability: VOLATILE
  Lifespan: Infinite
  Deadline: Infinite
  Liveliness: AUTOMATIC
  Liveliness lease duration: Infinite

Type: diagnostic_msgs/msg/DiagnosticArray

Publisher count: 1

Node name: fake_vision
Node namespace: /
Topic type: diagnostic_msgs/msg/DiagnosticArray
Endpoint type: PUBLISHER
GID: 01.0f.df.56.74.01.88.0c.00.00.00.00.00.00.12.03.00.00.00.00.00.00.00.00
QoS profile:
  Reliability: BEST_EFFORT
  History (Depth): UNKNOWN
  Durability: VOLATILE
  Lifespan: Infinite
  Deadline: Infinite
  Liveliness: AUTOMATIC
  Liveliness lease duration: Infinite

Subscription count: 1

Node name: offboard_node
Node namespace: /
Topic type: diagnostic_msgs/msg/DiagnosticArray
Endpoint type: SUBSCRIPTION
GID: 01.0f.df.56.cd.05.70.ce.00.00.00.00.00.00.12.04.00.00.00.00.00.00.00.00
QoS profile:
  Reliability: BEST_EFFORT
  History (Depth): UNKNOWN
  Durability: VOLATILE
  Lifespan: Infinite
  Deadline: Infinite
  Liveliness: AUTOMATIC
  Liveliness lease duration: Infinite

### t=1785263972 i=35
Type: geometry_msgs/msg/PoseStamped

Publisher count: 1

Node name: fake_vision
Node namespace: /
Topic type: geometry_msgs/msg/PoseStamped
Endpoint type: PUBLISHER
GID: 01.0f.df.56.74.01.88.0c.00.00.00.00.00.00.11.03.00.00.00.00.00.00.00.00
QoS profile:
  Reliability: BEST_EFFORT
  History (Depth): UNKNOWN
  Durability: VOLATILE
  Lifespan: Infinite
  Deadline: Infinite
  Liveliness: AUTOMATIC
  Liveliness lease duration: Infinite

Subscription count: 1

Node name: offboard_node
Node namespace: /
Topic type: geometry_msgs/msg/PoseStamped
Endpoint type: SUBSCRIPTION
GID: 01.0f.df.56.cd.05.70.ce.00.00.00.00.00.00.11.04.00.00.00.00.00.00.00.00
QoS profile:
  Reliability: BEST_EFFORT
  History (Depth): UNKNOWN
  Durability: VOLATILE
  Lifespan: Infinite
  Deadline: Infinite
  Liveliness: AUTOMATIC
  Liveliness lease duration: Infinite

Type: diagnostic_msgs/msg/DiagnosticArray

Publisher count: 1

Node name: fake_vision
Node namespace: /
Topic type: diagnostic_msgs/msg/DiagnosticArray
Endpoint type: PUBLISHER
GID: 01.0f.df.56.74.01.88.0c.00.00.00.00.00.00.12.03.00.00.00.00.00.00.00.00
QoS profile:
  Reliability: BEST_EFFORT
  History (Depth): UNKNOWN
  Durability: VOLATILE
  Lifespan: Infinite
  Deadline: Infinite
  Liveliness: AUTOMATIC
  Liveliness lease duration: Infinite

Subscription count: 1

Node name: offboard_node
Node namespace: /
Topic type: diagnostic_msgs/msg/DiagnosticArray
Endpoint type: SUBSCRIPTION
GID: 01.0f.df.56.cd.05.70.ce.00.00.00.00.00.00.12.04.00.00.00.00.00.00.00.00
QoS profile:
  Reliability: BEST_EFFORT
  History (Depth): UNKNOWN
  Durability: VOLATILE
  Lifespan: Infinite
  Deadline: Infinite
  Liveliness: AUTOMATIC
  Liveliness lease duration: Infinite

### t=1785263978 i=36
Type: geometry_msgs/msg/PoseStamped

Publisher count: 1

Node name: fake_vision
Node namespace: /
Topic type: geometry_msgs/msg/PoseStamped
Endpoint type: PUBLISHER
GID: 01.0f.df.56.74.01.88.0c.00.00.00.00.00.00.11.03.00.00.00.00.00.00.00.00
QoS profile:
  Reliability: BEST_EFFORT
  History (Depth): UNKNOWN
  Durability: VOLATILE
  Lifespan: Infinite
  Deadline: Infinite
  Liveliness: AUTOMATIC
  Liveliness lease duration: Infinite

Subscription count: 1

Node name: offboard_node
Node namespace: /
Topic type: geometry_msgs/msg/PoseStamped
Endpoint type: SUBSCRIPTION
GID: 01.0f.df.56.cd.05.70.ce.00.00.00.00.00.00.11.04.00.00.00.00.00.00.00.00
QoS profile:
  Reliability: BEST_EFFORT
  History (Depth): UNKNOWN
  Durability: VOLATILE
  Lifespan: Infinite
  Deadline: Infinite
  Liveliness: AUTOMATIC
  Liveliness lease duration: Infinite

Type: diagnostic_msgs/msg/DiagnosticArray

Publisher count: 1

Node name: fake_vision
Node namespace: /
Topic type: diagnostic_msgs/msg/DiagnosticArray
Endpoint type: PUBLISHER
GID: 01.0f.df.56.74.01.88.0c.00.00.00.00.00.00.12.03.00.00.00.00.00.00.00.00
QoS profile:
  Reliability: BEST_EFFORT
  History (Depth): UNKNOWN
  Durability: VOLATILE
  Lifespan: Infinite
  Deadline: Infinite
  Liveliness: AUTOMATIC
  Liveliness lease duration: Infinite

Subscription count: 1

Node name: offboard_node
Node namespace: /
Topic type: diagnostic_msgs/msg/DiagnosticArray
Endpoint type: SUBSCRIPTION
GID: 01.0f.df.56.cd.05.70.ce.00.00.00.00.00.00.12.04.00.00.00.00.00.00.00.00
QoS profile:
  Reliability: BEST_EFFORT
  History (Depth): UNKNOWN
  Durability: VOLATILE
  Lifespan: Infinite
  Deadline: Infinite
  Liveliness: AUTOMATIC
  Liveliness lease duration: Infinite

### t=1785263984 i=37
Type: geometry_msgs/msg/PoseStamped

Publisher count: 1

Node name: fake_vision
Node namespace: /
Topic type: geometry_msgs/msg/PoseStamped
Endpoint type: PUBLISHER
GID: 01.0f.df.56.74.01.88.0c.00.00.00.00.00.00.11.03.00.00.00.00.00.00.00.00
QoS profile:
  Reliability: BEST_EFFORT
  History (Depth): UNKNOWN
  Durability: VOLATILE
  Lifespan: Infinite
  Deadline: Infinite
  Liveliness: AUTOMATIC
  Liveliness lease duration: Infinite

Subscription count: 1

Node name: offboard_node
Node namespace: /
Topic type: geometry_msgs/msg/PoseStamped
Endpoint type: SUBSCRIPTION
GID: 01.0f.df.56.cd.05.70.ce.00.00.00.00.00.00.11.04.00.00.00.00.00.00.00.00
QoS profile:
  Reliability: BEST_EFFORT
  History (Depth): UNKNOWN
  Durability: VOLATILE
  Lifespan: Infinite
  Deadline: Infinite
  Liveliness: AUTOMATIC
  Liveliness lease duration: Infinite

Type: diagnostic_msgs/msg/DiagnosticArray

Publisher count: 1

Node name: fake_vision
Node namespace: /
Topic type: diagnostic_msgs/msg/DiagnosticArray
Endpoint type: PUBLISHER
GID: 01.0f.df.56.74.01.88.0c.00.00.00.00.00.00.12.03.00.00.00.00.00.00.00.00
QoS profile:
  Reliability: BEST_EFFORT
  History (Depth): UNKNOWN
  Durability: VOLATILE
  Lifespan: Infinite
  Deadline: Infinite
  Liveliness: AUTOMATIC
  Liveliness lease duration: Infinite

Subscription count: 1

Node name: offboard_node
Node namespace: /
Topic type: diagnostic_msgs/msg/DiagnosticArray
Endpoint type: SUBSCRIPTION
GID: 01.0f.df.56.cd.05.70.ce.00.00.00.00.00.00.12.04.00.00.00.00.00.00.00.00
QoS profile:
  Reliability: BEST_EFFORT
  History (Depth): UNKNOWN
  Durability: VOLATILE
  Lifespan: Infinite
  Deadline: Infinite
  Liveliness: AUTOMATIC
  Liveliness lease duration: Infinite

### t=1785263992 i=38
Type: geometry_msgs/msg/PoseStamped

Publisher count: 1

Node name: fake_vision
Node namespace: /
Topic type: geometry_msgs/msg/PoseStamped
Endpoint type: PUBLISHER
GID: 01.0f.df.56.74.01.88.0c.00.00.00.00.00.00.11.03.00.00.00.00.00.00.00.00
QoS profile:
  Reliability: BEST_EFFORT
  History (Depth): UNKNOWN
  Durability: VOLATILE
  Lifespan: Infinite
  Deadline: Infinite
  Liveliness: AUTOMATIC
  Liveliness lease duration: Infinite

Subscription count: 1

Node name: offboard_node
Node namespace: /
Topic type: geometry_msgs/msg/PoseStamped
Endpoint type: SUBSCRIPTION
GID: 01.0f.df.56.cd.05.70.ce.00.00.00.00.00.00.11.04.00.00.00.00.00.00.00.00
QoS profile:
  Reliability: BEST_EFFORT
  History (Depth): UNKNOWN
  Durability: VOLATILE
  Lifespan: Infinite
  Deadline: Infinite
  Liveliness: AUTOMATIC
  Liveliness lease duration: Infinite

Type: diagnostic_msgs/msg/DiagnosticArray

Publisher count: 1

Node name: fake_vision
Node namespace: /
Topic type: diagnostic_msgs/msg/DiagnosticArray
Endpoint type: PUBLISHER
GID: 01.0f.df.56.74.01.88.0c.00.00.00.00.00.00.12.03.00.00.00.00.00.00.00.00
QoS profile:
  Reliability: BEST_EFFORT
  History (Depth): UNKNOWN
  Durability: VOLATILE
  Lifespan: Infinite
  Deadline: Infinite
  Liveliness: AUTOMATIC
  Liveliness lease duration: Infinite

Subscription count: 1

Node name: offboard_node
Node namespace: /
Topic type: diagnostic_msgs/msg/DiagnosticArray
Endpoint type: SUBSCRIPTION
GID: 01.0f.df.56.cd.05.70.ce.00.00.00.00.00.00.12.04.00.00.00.00.00.00.00.00
QoS profile:
  Reliability: BEST_EFFORT
  History (Depth): UNKNOWN
  Durability: VOLATILE
  Lifespan: Infinite
  Deadline: Infinite
  Liveliness: AUTOMATIC
  Liveliness lease duration: Infinite

### t=1785263998 i=39
Type: geometry_msgs/msg/PoseStamped

Publisher count: 1

Node name: fake_vision
Node namespace: /
Topic type: geometry_msgs/msg/PoseStamped
Endpoint type: PUBLISHER
GID: 01.0f.df.56.74.01.88.0c.00.00.00.00.00.00.11.03.00.00.00.00.00.00.00.00
QoS profile:
  Reliability: BEST_EFFORT
  History (Depth): UNKNOWN
  Durability: VOLATILE
  Lifespan: Infinite
  Deadline: Infinite
  Liveliness: AUTOMATIC
  Liveliness lease duration: Infinite

Subscription count: 1

Node name: offboard_node
Node namespace: /
Topic type: geometry_msgs/msg/PoseStamped
Endpoint type: SUBSCRIPTION
GID: 01.0f.df.56.cd.05.70.ce.00.00.00.00.00.00.11.04.00.00.00.00.00.00.00.00
QoS profile:
  Reliability: BEST_EFFORT
  History (Depth): UNKNOWN
  Durability: VOLATILE
  Lifespan: Infinite
  Deadline: Infinite
  Liveliness: AUTOMATIC
  Liveliness lease duration: Infinite

Type: diagnostic_msgs/msg/DiagnosticArray

Publisher count: 1

Node name: fake_vision
Node namespace: /
Topic type: diagnostic_msgs/msg/DiagnosticArray
Endpoint type: PUBLISHER
GID: 01.0f.df.56.74.01.88.0c.00.00.00.00.00.00.12.03.00.00.00.00.00.00.00.00
QoS profile:
  Reliability: BEST_EFFORT
  History (Depth): UNKNOWN
  Durability: VOLATILE
  Lifespan: Infinite
  Deadline: Infinite
  Liveliness: AUTOMATIC
  Liveliness lease duration: Infinite

Subscription count: 1

Node name: offboard_node
Node namespace: /
Topic type: diagnostic_msgs/msg/DiagnosticArray
Endpoint type: SUBSCRIPTION
GID: 01.0f.df.56.cd.05.70.ce.00.00.00.00.00.00.12.04.00.00.00.00.00.00.00.00
QoS profile:
  Reliability: BEST_EFFORT
  History (Depth): UNKNOWN
  Durability: VOLATILE
  Lifespan: Infinite
  Deadline: Infinite
  Liveliness: AUTOMATIC
  Liveliness lease duration: Infinite

### t=1785264004 i=40
Type: geometry_msgs/msg/PoseStamped

Publisher count: 1

Node name: fake_vision
Node namespace: /
Topic type: geometry_msgs/msg/PoseStamped
Endpoint type: PUBLISHER
GID: 01.0f.df.56.74.01.88.0c.00.00.00.00.00.00.11.03.00.00.00.00.00.00.00.00
QoS profile:
  Reliability: BEST_EFFORT
  History (Depth): UNKNOWN
  Durability: VOLATILE
  Lifespan: Infinite
  Deadline: Infinite
  Liveliness: AUTOMATIC
  Liveliness lease duration: Infinite

Subscription count: 1

Node name: offboard_node
Node namespace: /
Topic type: geometry_msgs/msg/PoseStamped
Endpoint type: SUBSCRIPTION
GID: 01.0f.df.56.cd.05.70.ce.00.00.00.00.00.00.11.04.00.00.00.00.00.00.00.00
QoS profile:
  Reliability: BEST_EFFORT
  History (Depth): UNKNOWN
  Durability: VOLATILE
  Lifespan: Infinite
  Deadline: Infinite
  Liveliness: AUTOMATIC
  Liveliness lease duration: Infinite

Type: diagnostic_msgs/msg/DiagnosticArray

Publisher count: 1

Node name: fake_vision
Node namespace: /
Topic type: diagnostic_msgs/msg/DiagnosticArray
Endpoint type: PUBLISHER
GID: 01.0f.df.56.74.01.88.0c.00.00.00.00.00.00.12.03.00.00.00.00.00.00.00.00
QoS profile:
  Reliability: BEST_EFFORT
  History (Depth): UNKNOWN
  Durability: VOLATILE
  Lifespan: Infinite
  Deadline: Infinite
  Liveliness: AUTOMATIC
  Liveliness lease duration: Infinite

Subscription count: 1

Node name: offboard_node
Node namespace: /
Topic type: diagnostic_msgs/msg/DiagnosticArray
Endpoint type: SUBSCRIPTION
GID: 01.0f.df.56.cd.05.70.ce.00.00.00.00.00.00.12.04.00.00.00.00.00.00.00.00
QoS profile:
  Reliability: BEST_EFFORT
  History (Depth): UNKNOWN
  Durability: VOLATILE
  Lifespan: Infinite
  Deadline: Infinite
  Liveliness: AUTOMATIC
  Liveliness lease duration: Infinite

### t=1785264010 i=41
Type: geometry_msgs/msg/PoseStamped

Publisher count: 1

Node name: fake_vision
Node namespace: /
Topic type: geometry_msgs/msg/PoseStamped
Endpoint type: PUBLISHER
GID: 01.0f.df.56.74.01.88.0c.00.00.00.00.00.00.11.03.00.00.00.00.00.00.00.00
QoS profile:
  Reliability: BEST_EFFORT
  History (Depth): UNKNOWN
  Durability: VOLATILE
  Lifespan: Infinite
  Deadline: Infinite
  Liveliness: AUTOMATIC
  Liveliness lease duration: Infinite

Subscription count: 1

Node name: offboard_node
Node namespace: /
Topic type: geometry_msgs/msg/PoseStamped
Endpoint type: SUBSCRIPTION
GID: 01.0f.df.56.cd.05.70.ce.00.00.00.00.00.00.11.04.00.00.00.00.00.00.00.00
QoS profile:
  Reliability: BEST_EFFORT
  History (Depth): UNKNOWN
  Durability: VOLATILE
  Lifespan: Infinite
  Deadline: Infinite
  Liveliness: AUTOMATIC
  Liveliness lease duration: Infinite

Type: diagnostic_msgs/msg/DiagnosticArray

Publisher count: 1

Node name: fake_vision
Node namespace: /
Topic type: diagnostic_msgs/msg/DiagnosticArray
Endpoint type: PUBLISHER
GID: 01.0f.df.56.74.01.88.0c.00.00.00.00.00.00.12.03.00.00.00.00.00.00.00.00
QoS profile:
  Reliability: BEST_EFFORT
  History (Depth): UNKNOWN
  Durability: VOLATILE
  Lifespan: Infinite
  Deadline: Infinite
  Liveliness: AUTOMATIC
  Liveliness lease duration: Infinite

Subscription count: 1

Node name: offboard_node
Node namespace: /
Topic type: diagnostic_msgs/msg/DiagnosticArray
Endpoint type: SUBSCRIPTION
GID: 01.0f.df.56.cd.05.70.ce.00.00.00.00.00.00.12.04.00.00.00.00.00.00.00.00
QoS profile:
  Reliability: BEST_EFFORT
  History (Depth): UNKNOWN
  Durability: VOLATILE
  Lifespan: Infinite
  Deadline: Infinite
  Liveliness: AUTOMATIC
  Liveliness lease duration: Infinite

### t=1785264016 i=42
Type: geometry_msgs/msg/PoseStamped

Publisher count: 1

Node name: fake_vision
Node namespace: /
Topic type: geometry_msgs/msg/PoseStamped
Endpoint type: PUBLISHER
GID: 01.0f.df.56.74.01.88.0c.00.00.00.00.00.00.11.03.00.00.00.00.00.00.00.00
QoS profile:
  Reliability: BEST_EFFORT
  History (Depth): UNKNOWN
  Durability: VOLATILE
  Lifespan: Infinite
  Deadline: Infinite
  Liveliness: AUTOMATIC
  Liveliness lease duration: Infinite

Subscription count: 1

Node name: offboard_node
Node namespace: /
Topic type: geometry_msgs/msg/PoseStamped
Endpoint type: SUBSCRIPTION
GID: 01.0f.df.56.cd.05.70.ce.00.00.00.00.00.00.11.04.00.00.00.00.00.00.00.00
QoS profile:
  Reliability: BEST_EFFORT
  History (Depth): UNKNOWN
  Durability: VOLATILE
  Lifespan: Infinite
  Deadline: Infinite
  Liveliness: AUTOMATIC
  Liveliness lease duration: Infinite

Type: diagnostic_msgs/msg/DiagnosticArray

Publisher count: 1

Node name: fake_vision
Node namespace: /
Topic type: diagnostic_msgs/msg/DiagnosticArray
Endpoint type: PUBLISHER
GID: 01.0f.df.56.74.01.88.0c.00.00.00.00.00.00.12.03.00.00.00.00.00.00.00.00
QoS profile:
  Reliability: BEST_EFFORT
  History (Depth): UNKNOWN
  Durability: VOLATILE
  Lifespan: Infinite
  Deadline: Infinite
  Liveliness: AUTOMATIC
  Liveliness lease duration: Infinite

Subscription count: 1

Node name: offboard_node
Node namespace: /
Topic type: diagnostic_msgs/msg/DiagnosticArray
Endpoint type: SUBSCRIPTION
GID: 01.0f.df.56.cd.05.70.ce.00.00.00.00.00.00.12.04.00.00.00.00.00.00.00.00
QoS profile:
  Reliability: BEST_EFFORT
  History (Depth): UNKNOWN
  Durability: VOLATILE
  Lifespan: Infinite
  Deadline: Infinite
  Liveliness: AUTOMATIC
  Liveliness lease duration: Infinite

### t=1785264024 i=43
Type: geometry_msgs/msg/PoseStamped

Publisher count: 1

Node name: fake_vision
Node namespace: /
Topic type: geometry_msgs/msg/PoseStamped
Endpoint type: PUBLISHER
GID: 01.0f.df.56.74.01.88.0c.00.00.00.00.00.00.11.03.00.00.00.00.00.00.00.00
QoS profile:
  Reliability: BEST_EFFORT
  History (Depth): UNKNOWN
  Durability: VOLATILE
  Lifespan: Infinite
  Deadline: Infinite
  Liveliness: AUTOMATIC
  Liveliness lease duration: Infinite

Subscription count: 1

Node name: offboard_node
Node namespace: /
Topic type: geometry_msgs/msg/PoseStamped
Endpoint type: SUBSCRIPTION
GID: 01.0f.df.56.cd.05.70.ce.00.00.00.00.00.00.11.04.00.00.00.00.00.00.00.00
QoS profile:
  Reliability: BEST_EFFORT
  History (Depth): UNKNOWN
  Durability: VOLATILE
  Lifespan: Infinite
  Deadline: Infinite
  Liveliness: AUTOMATIC
  Liveliness lease duration: Infinite

Type: diagnostic_msgs/msg/DiagnosticArray

Publisher count: 1

Node name: fake_vision
Node namespace: /
Topic type: diagnostic_msgs/msg/DiagnosticArray
Endpoint type: PUBLISHER
GID: 01.0f.df.56.74.01.88.0c.00.00.00.00.00.00.12.03.00.00.00.00.00.00.00.00
QoS profile:
  Reliability: BEST_EFFORT
  History (Depth): UNKNOWN
  Durability: VOLATILE
  Lifespan: Infinite
  Deadline: Infinite
  Liveliness: AUTOMATIC
  Liveliness lease duration: Infinite

Subscription count: 1

Node name: offboard_node
Node namespace: /
Topic type: diagnostic_msgs/msg/DiagnosticArray
Endpoint type: SUBSCRIPTION
GID: 01.0f.df.56.cd.05.70.ce.00.00.00.00.00.00.12.04.00.00.00.00.00.00.00.00
QoS profile:
  Reliability: BEST_EFFORT
  History (Depth): UNKNOWN
  Durability: VOLATILE
  Lifespan: Infinite
  Deadline: Infinite
  Liveliness: AUTOMATIC
  Liveliness lease duration: Infinite

### t=1785264030 i=44
Type: geometry_msgs/msg/PoseStamped

Publisher count: 1

Node name: fake_vision
Node namespace: /
Topic type: geometry_msgs/msg/PoseStamped
Endpoint type: PUBLISHER
GID: 01.0f.df.56.74.01.88.0c.00.00.00.00.00.00.11.03.00.00.00.00.00.00.00.00
QoS profile:
  Reliability: BEST_EFFORT
  History (Depth): UNKNOWN
  Durability: VOLATILE
  Lifespan: Infinite
  Deadline: Infinite
  Liveliness: AUTOMATIC
  Liveliness lease duration: Infinite

Subscription count: 1

Node name: offboard_node
Node namespace: /
Topic type: geometry_msgs/msg/PoseStamped
Endpoint type: SUBSCRIPTION
GID: 01.0f.df.56.cd.05.70.ce.00.00.00.00.00.00.11.04.00.00.00.00.00.00.00.00
QoS profile:
  Reliability: BEST_EFFORT
  History (Depth): UNKNOWN
  Durability: VOLATILE
  Lifespan: Infinite
  Deadline: Infinite
  Liveliness: AUTOMATIC
  Liveliness lease duration: Infinite

Type: diagnostic_msgs/msg/DiagnosticArray

Publisher count: 1

Node name: fake_vision
Node namespace: /
Topic type: diagnostic_msgs/msg/DiagnosticArray
Endpoint type: PUBLISHER
GID: 01.0f.df.56.74.01.88.0c.00.00.00.00.00.00.12.03.00.00.00.00.00.00.00.00
QoS profile:
  Reliability: BEST_EFFORT
  History (Depth): UNKNOWN
  Durability: VOLATILE
  Lifespan: Infinite
  Deadline: Infinite
  Liveliness: AUTOMATIC
  Liveliness lease duration: Infinite

Subscription count: 1

Node name: offboard_node
Node namespace: /
Topic type: diagnostic_msgs/msg/DiagnosticArray
Endpoint type: SUBSCRIPTION
GID: 01.0f.df.56.cd.05.70.ce.00.00.00.00.00.00.12.04.00.00.00.00.00.00.00.00
QoS profile:
  Reliability: BEST_EFFORT
  History (Depth): UNKNOWN
  Durability: VOLATILE
  Lifespan: Infinite
  Deadline: Infinite
  Liveliness: AUTOMATIC
  Liveliness lease duration: Infinite

### t=1785264036 i=45
Type: geometry_msgs/msg/PoseStamped

Publisher count: 1

Node name: fake_vision
Node namespace: /
Topic type: geometry_msgs/msg/PoseStamped
Endpoint type: PUBLISHER
GID: 01.0f.df.56.74.01.88.0c.00.00.00.00.00.00.11.03.00.00.00.00.00.00.00.00
QoS profile:
  Reliability: BEST_EFFORT
  History (Depth): UNKNOWN
  Durability: VOLATILE
  Lifespan: Infinite
  Deadline: Infinite
  Liveliness: AUTOMATIC
  Liveliness lease duration: Infinite

Subscription count: 1

Node name: offboard_node
Node namespace: /
Topic type: geometry_msgs/msg/PoseStamped
Endpoint type: SUBSCRIPTION
GID: 01.0f.df.56.cd.05.70.ce.00.00.00.00.00.00.11.04.00.00.00.00.00.00.00.00
QoS profile:
  Reliability: BEST_EFFORT
  History (Depth): UNKNOWN
  Durability: VOLATILE
  Lifespan: Infinite
  Deadline: Infinite
  Liveliness: AUTOMATIC
  Liveliness lease duration: Infinite

Type: diagnostic_msgs/msg/DiagnosticArray

Publisher count: 1

Node name: fake_vision
Node namespace: /
Topic type: diagnostic_msgs/msg/DiagnosticArray
Endpoint type: PUBLISHER
GID: 01.0f.df.56.74.01.88.0c.00.00.00.00.00.00.12.03.00.00.00.00.00.00.00.00
QoS profile:
  Reliability: BEST_EFFORT
  History (Depth): UNKNOWN
  Durability: VOLATILE
  Lifespan: Infinite
  Deadline: Infinite
  Liveliness: AUTOMATIC
  Liveliness lease duration: Infinite

Subscription count: 1

Node name: offboard_node
Node namespace: /
Topic type: diagnostic_msgs/msg/DiagnosticArray
Endpoint type: SUBSCRIPTION
GID: 01.0f.df.56.cd.05.70.ce.00.00.00.00.00.00.12.04.00.00.00.00.00.00.00.00
QoS profile:
  Reliability: BEST_EFFORT
  History (Depth): UNKNOWN
  Durability: VOLATILE
  Lifespan: Infinite
  Deadline: Infinite
  Liveliness: AUTOMATIC
  Liveliness lease duration: Infinite

### t=1785264043 i=46
Type: geometry_msgs/msg/PoseStamped

Publisher count: 1

Node name: fake_vision
Node namespace: /
Topic type: geometry_msgs/msg/PoseStamped
Endpoint type: PUBLISHER
GID: 01.0f.df.56.74.01.88.0c.00.00.00.00.00.00.11.03.00.00.00.00.00.00.00.00
QoS profile:
  Reliability: BEST_EFFORT
  History (Depth): UNKNOWN
  Durability: VOLATILE
  Lifespan: Infinite
  Deadline: Infinite
  Liveliness: AUTOMATIC
  Liveliness lease duration: Infinite

Subscription count: 1

Node name: offboard_node
Node namespace: /
Topic type: geometry_msgs/msg/PoseStamped
Endpoint type: SUBSCRIPTION
GID: 01.0f.df.56.cd.05.70.ce.00.00.00.00.00.00.11.04.00.00.00.00.00.00.00.00
QoS profile:
  Reliability: BEST_EFFORT
  History (Depth): UNKNOWN
  Durability: VOLATILE
  Lifespan: Infinite
  Deadline: Infinite
  Liveliness: AUTOMATIC
  Liveliness lease duration: Infinite

Type: diagnostic_msgs/msg/DiagnosticArray

Publisher count: 1

Node name: fake_vision
Node namespace: /
Topic type: diagnostic_msgs/msg/DiagnosticArray
Endpoint type: PUBLISHER
GID: 01.0f.df.56.74.01.88.0c.00.00.00.00.00.00.12.03.00.00.00.00.00.00.00.00
QoS profile:
  Reliability: BEST_EFFORT
  History (Depth): UNKNOWN
  Durability: VOLATILE
  Lifespan: Infinite
  Deadline: Infinite
  Liveliness: AUTOMATIC
  Liveliness lease duration: Infinite

Subscription count: 1

Node name: offboard_node
Node namespace: /
Topic type: diagnostic_msgs/msg/DiagnosticArray
Endpoint type: SUBSCRIPTION
GID: 01.0f.df.56.cd.05.70.ce.00.00.00.00.00.00.12.04.00.00.00.00.00.00.00.00
QoS profile:
  Reliability: BEST_EFFORT
  History (Depth): UNKNOWN
  Durability: VOLATILE
  Lifespan: Infinite
  Deadline: Infinite
  Liveliness: AUTOMATIC
  Liveliness lease duration: Infinite

### t=1785264049 i=47
Type: geometry_msgs/msg/PoseStamped

Publisher count: 1

Node name: fake_vision
Node namespace: /
Topic type: geometry_msgs/msg/PoseStamped
Endpoint type: PUBLISHER
GID: 01.0f.df.56.74.01.88.0c.00.00.00.00.00.00.11.03.00.00.00.00.00.00.00.00
QoS profile:
  Reliability: BEST_EFFORT
  History (Depth): UNKNOWN
  Durability: VOLATILE
  Lifespan: Infinite
  Deadline: Infinite
  Liveliness: AUTOMATIC
  Liveliness lease duration: Infinite

Subscription count: 1

Node name: offboard_node
Node namespace: /
Topic type: geometry_msgs/msg/PoseStamped
Endpoint type: SUBSCRIPTION
GID: 01.0f.df.56.cd.05.70.ce.00.00.00.00.00.00.11.04.00.00.00.00.00.00.00.00
QoS profile:
  Reliability: BEST_EFFORT
  History (Depth): UNKNOWN
  Durability: VOLATILE
  Lifespan: Infinite
  Deadline: Infinite
  Liveliness: AUTOMATIC
  Liveliness lease duration: Infinite

Type: diagnostic_msgs/msg/DiagnosticArray

Publisher count: 1

Node name: fake_vision
Node namespace: /
Topic type: diagnostic_msgs/msg/DiagnosticArray
Endpoint type: PUBLISHER
GID: 01.0f.df.56.74.01.88.0c.00.00.00.00.00.00.12.03.00.00.00.00.00.00.00.00
QoS profile:
  Reliability: BEST_EFFORT
  History (Depth): UNKNOWN
  Durability: VOLATILE
  Lifespan: Infinite
  Deadline: Infinite
  Liveliness: AUTOMATIC
  Liveliness lease duration: Infinite

Subscription count: 1

Node name: offboard_node
Node namespace: /
Topic type: diagnostic_msgs/msg/DiagnosticArray
Endpoint type: SUBSCRIPTION
GID: 01.0f.df.56.cd.05.70.ce.00.00.00.00.00.00.12.04.00.00.00.00.00.00.00.00
QoS profile:
  Reliability: BEST_EFFORT
  History (Depth): UNKNOWN
  Durability: VOLATILE
  Lifespan: Infinite
  Deadline: Infinite
  Liveliness: AUTOMATIC
  Liveliness lease duration: Infinite

### t=1785264057 i=48
Type: geometry_msgs/msg/PoseStamped

Publisher count: 1

Node name: fake_vision
Node namespace: /
Topic type: geometry_msgs/msg/PoseStamped
Endpoint type: PUBLISHER
GID: 01.0f.df.56.74.01.88.0c.00.00.00.00.00.00.11.03.00.00.00.00.00.00.00.00
QoS profile:
  Reliability: BEST_EFFORT
  History (Depth): UNKNOWN
  Durability: VOLATILE
  Lifespan: Infinite
  Deadline: Infinite
  Liveliness: AUTOMATIC
  Liveliness lease duration: Infinite

Subscription count: 1

Node name: offboard_node
Node namespace: /
Topic type: geometry_msgs/msg/PoseStamped
Endpoint type: SUBSCRIPTION
GID: 01.0f.df.56.cd.05.70.ce.00.00.00.00.00.00.11.04.00.00.00.00.00.00.00.00
QoS profile:
  Reliability: BEST_EFFORT
  History (Depth): UNKNOWN
  Durability: VOLATILE
  Lifespan: Infinite
  Deadline: Infinite
  Liveliness: AUTOMATIC
  Liveliness lease duration: Infinite

Type: diagnostic_msgs/msg/DiagnosticArray

Publisher count: 1

Node name: fake_vision
Node namespace: /
Topic type: diagnostic_msgs/msg/DiagnosticArray
Endpoint type: PUBLISHER
GID: 01.0f.df.56.74.01.88.0c.00.00.00.00.00.00.12.03.00.00.00.00.00.00.00.00
QoS profile:
  Reliability: BEST_EFFORT
  History (Depth): UNKNOWN
  Durability: VOLATILE
  Lifespan: Infinite
  Deadline: Infinite
  Liveliness: AUTOMATIC
  Liveliness lease duration: Infinite

Subscription count: 1

Node name: offboard_node
Node namespace: /
Topic type: diagnostic_msgs/msg/DiagnosticArray
Endpoint type: SUBSCRIPTION
GID: 01.0f.df.56.cd.05.70.ce.00.00.00.00.00.00.12.04.00.00.00.00.00.00.00.00
QoS profile:
  Reliability: BEST_EFFORT
  History (Depth): UNKNOWN
  Durability: VOLATILE
  Lifespan: Infinite
  Deadline: Infinite
  Liveliness: AUTOMATIC
  Liveliness lease duration: Infinite

### t=1785264063 i=49
Type: geometry_msgs/msg/PoseStamped

Publisher count: 1

Node name: fake_vision
Node namespace: /
Topic type: geometry_msgs/msg/PoseStamped
Endpoint type: PUBLISHER
GID: 01.0f.df.56.74.01.88.0c.00.00.00.00.00.00.11.03.00.00.00.00.00.00.00.00
QoS profile:
  Reliability: BEST_EFFORT
  History (Depth): UNKNOWN
  Durability: VOLATILE
  Lifespan: Infinite
  Deadline: Infinite
  Liveliness: AUTOMATIC
  Liveliness lease duration: Infinite

Subscription count: 1

Node name: offboard_node
Node namespace: /
Topic type: geometry_msgs/msg/PoseStamped
Endpoint type: SUBSCRIPTION
GID: 01.0f.df.56.cd.05.70.ce.00.00.00.00.00.00.11.04.00.00.00.00.00.00.00.00
QoS profile:
  Reliability: BEST_EFFORT
  History (Depth): UNKNOWN
  Durability: VOLATILE
  Lifespan: Infinite
  Deadline: Infinite
  Liveliness: AUTOMATIC
  Liveliness lease duration: Infinite

Type: diagnostic_msgs/msg/DiagnosticArray

Publisher count: 1

Node name: fake_vision
Node namespace: /
Topic type: diagnostic_msgs/msg/DiagnosticArray
Endpoint type: PUBLISHER
GID: 01.0f.df.56.74.01.88.0c.00.00.00.00.00.00.12.03.00.00.00.00.00.00.00.00
QoS profile:
  Reliability: BEST_EFFORT
  History (Depth): UNKNOWN
  Durability: VOLATILE
  Lifespan: Infinite
  Deadline: Infinite
  Liveliness: AUTOMATIC
  Liveliness lease duration: Infinite

Subscription count: 1

Node name: offboard_node
Node namespace: /
Topic type: diagnostic_msgs/msg/DiagnosticArray
Endpoint type: SUBSCRIPTION
GID: 01.0f.df.56.cd.05.70.ce.00.00.00.00.00.00.12.04.00.00.00.00.00.00.00.00
QoS profile:
  Reliability: BEST_EFFORT
  History (Depth): UNKNOWN
  Durability: VOLATILE
  Lifespan: Infinite
  Deadline: Infinite
  Liveliness: AUTOMATIC
  Liveliness lease duration: Infinite

### t=1785264069 i=50
Type: geometry_msgs/msg/PoseStamped

Publisher count: 1

Node name: fake_vision
Node namespace: /
Topic type: geometry_msgs/msg/PoseStamped
Endpoint type: PUBLISHER
GID: 01.0f.df.56.74.01.88.0c.00.00.00.00.00.00.11.03.00.00.00.00.00.00.00.00
QoS profile:
  Reliability: BEST_EFFORT
  History (Depth): UNKNOWN
  Durability: VOLATILE
  Lifespan: Infinite
  Deadline: Infinite
  Liveliness: AUTOMATIC
  Liveliness lease duration: Infinite

Subscription count: 1

Node name: offboard_node
Node namespace: /
Topic type: geometry_msgs/msg/PoseStamped
Endpoint type: SUBSCRIPTION
GID: 01.0f.df.56.cd.05.70.ce.00.00.00.00.00.00.11.04.00.00.00.00.00.00.00.00
QoS profile:
  Reliability: BEST_EFFORT
  History (Depth): UNKNOWN
  Durability: VOLATILE
  Lifespan: Infinite
  Deadline: Infinite
  Liveliness: AUTOMATIC
  Liveliness lease duration: Infinite

Type: diagnostic_msgs/msg/DiagnosticArray

Publisher count: 1

Node name: fake_vision
Node namespace: /
Topic type: diagnostic_msgs/msg/DiagnosticArray
Endpoint type: PUBLISHER
GID: 01.0f.df.56.74.01.88.0c.00.00.00.00.00.00.12.03.00.00.00.00.00.00.00.00
QoS profile:
  Reliability: BEST_EFFORT
  History (Depth): UNKNOWN
  Durability: VOLATILE
  Lifespan: Infinite
  Deadline: Infinite
  Liveliness: AUTOMATIC
  Liveliness lease duration: Infinite

Subscription count: 1

Node name: offboard_node
Node namespace: /
Topic type: diagnostic_msgs/msg/DiagnosticArray
Endpoint type: SUBSCRIPTION
GID: 01.0f.df.56.cd.05.70.ce.00.00.00.00.00.00.12.04.00.00.00.00.00.00.00.00
QoS profile:
  Reliability: BEST_EFFORT
  History (Depth): UNKNOWN
  Durability: VOLATILE
  Lifespan: Infinite
  Deadline: Infinite
  Liveliness: AUTOMATIC
  Liveliness lease duration: Infinite

### t=1785264076 i=51
Type: geometry_msgs/msg/PoseStamped

Publisher count: 1

Node name: fake_vision
Node namespace: /
Topic type: geometry_msgs/msg/PoseStamped
Endpoint type: PUBLISHER
GID: 01.0f.df.56.74.01.88.0c.00.00.00.00.00.00.11.03.00.00.00.00.00.00.00.00
QoS profile:
  Reliability: BEST_EFFORT
  History (Depth): UNKNOWN
  Durability: VOLATILE
  Lifespan: Infinite
  Deadline: Infinite
  Liveliness: AUTOMATIC
  Liveliness lease duration: Infinite

Subscription count: 1

Node name: offboard_node
Node namespace: /
Topic type: geometry_msgs/msg/PoseStamped
Endpoint type: SUBSCRIPTION
GID: 01.0f.df.56.cd.05.70.ce.00.00.00.00.00.00.11.04.00.00.00.00.00.00.00.00
QoS profile:
  Reliability: BEST_EFFORT
  History (Depth): UNKNOWN
  Durability: VOLATILE
  Lifespan: Infinite
  Deadline: Infinite
  Liveliness: AUTOMATIC
  Liveliness lease duration: Infinite

Type: diagnostic_msgs/msg/DiagnosticArray

Publisher count: 1

Node name: fake_vision
Node namespace: /
Topic type: diagnostic_msgs/msg/DiagnosticArray
Endpoint type: PUBLISHER
GID: 01.0f.df.56.74.01.88.0c.00.00.00.00.00.00.12.03.00.00.00.00.00.00.00.00
QoS profile:
  Reliability: BEST_EFFORT
  History (Depth): UNKNOWN
  Durability: VOLATILE
  Lifespan: Infinite
  Deadline: Infinite
  Liveliness: AUTOMATIC
  Liveliness lease duration: Infinite

Subscription count: 1

Node name: offboard_node
Node namespace: /
Topic type: diagnostic_msgs/msg/DiagnosticArray
Endpoint type: SUBSCRIPTION
GID: 01.0f.df.56.cd.05.70.ce.00.00.00.00.00.00.12.04.00.00.00.00.00.00.00.00
QoS profile:
  Reliability: BEST_EFFORT
  History (Depth): UNKNOWN
  Durability: VOLATILE
  Lifespan: Infinite
  Deadline: Infinite
  Liveliness: AUTOMATIC
  Liveliness lease duration: Infinite

### t=1785264082 i=52
Type: geometry_msgs/msg/PoseStamped

Publisher count: 1

Node name: fake_vision
Node namespace: /
Topic type: geometry_msgs/msg/PoseStamped
Endpoint type: PUBLISHER
GID: 01.0f.df.56.74.01.88.0c.00.00.00.00.00.00.11.03.00.00.00.00.00.00.00.00
QoS profile:
  Reliability: BEST_EFFORT
  History (Depth): UNKNOWN
  Durability: VOLATILE
  Lifespan: Infinite
  Deadline: Infinite
  Liveliness: AUTOMATIC
  Liveliness lease duration: Infinite

Subscription count: 1

Node name: offboard_node
Node namespace: /
Topic type: geometry_msgs/msg/PoseStamped
Endpoint type: SUBSCRIPTION
GID: 01.0f.df.56.cd.05.70.ce.00.00.00.00.00.00.11.04.00.00.00.00.00.00.00.00
QoS profile:
  Reliability: BEST_EFFORT
  History (Depth): UNKNOWN
  Durability: VOLATILE
  Lifespan: Infinite
  Deadline: Infinite
  Liveliness: AUTOMATIC
  Liveliness lease duration: Infinite

Type: diagnostic_msgs/msg/DiagnosticArray

Publisher count: 1

Node name: fake_vision
Node namespace: /
Topic type: diagnostic_msgs/msg/DiagnosticArray
Endpoint type: PUBLISHER
GID: 01.0f.df.56.74.01.88.0c.00.00.00.00.00.00.12.03.00.00.00.00.00.00.00.00
QoS profile:
  Reliability: BEST_EFFORT
  History (Depth): UNKNOWN
  Durability: VOLATILE
  Lifespan: Infinite
  Deadline: Infinite
  Liveliness: AUTOMATIC
  Liveliness lease duration: Infinite

Subscription count: 1

Node name: offboard_node
Node namespace: /
Topic type: diagnostic_msgs/msg/DiagnosticArray
Endpoint type: SUBSCRIPTION
GID: 01.0f.df.56.cd.05.70.ce.00.00.00.00.00.00.12.04.00.00.00.00.00.00.00.00
QoS profile:
  Reliability: BEST_EFFORT
  History (Depth): UNKNOWN
  Durability: VOLATILE
  Lifespan: Infinite
  Deadline: Infinite
  Liveliness: AUTOMATIC
  Liveliness lease duration: Infinite

### t=1785264088 i=53
Type: geometry_msgs/msg/PoseStamped

Publisher count: 1

Node name: fake_vision
Node namespace: /
Topic type: geometry_msgs/msg/PoseStamped
Endpoint type: PUBLISHER
GID: 01.0f.df.56.74.01.88.0c.00.00.00.00.00.00.11.03.00.00.00.00.00.00.00.00
QoS profile:
  Reliability: BEST_EFFORT
  History (Depth): UNKNOWN
  Durability: VOLATILE
  Lifespan: Infinite
  Deadline: Infinite
  Liveliness: AUTOMATIC
  Liveliness lease duration: Infinite

Subscription count: 1

Node name: offboard_node
Node namespace: /
Topic type: geometry_msgs/msg/PoseStamped
Endpoint type: SUBSCRIPTION
GID: 01.0f.df.56.cd.05.70.ce.00.00.00.00.00.00.11.04.00.00.00.00.00.00.00.00
QoS profile:
  Reliability: BEST_EFFORT
  History (Depth): UNKNOWN
  Durability: VOLATILE
  Lifespan: Infinite
  Deadline: Infinite
  Liveliness: AUTOMATIC
  Liveliness lease duration: Infinite

Type: diagnostic_msgs/msg/DiagnosticArray

Publisher count: 1

Node name: fake_vision
Node namespace: /
Topic type: diagnostic_msgs/msg/DiagnosticArray
Endpoint type: PUBLISHER
GID: 01.0f.df.56.74.01.88.0c.00.00.00.00.00.00.12.03.00.00.00.00.00.00.00.00
QoS profile:
  Reliability: BEST_EFFORT
  History (Depth): UNKNOWN
  Durability: VOLATILE
  Lifespan: Infinite
  Deadline: Infinite
  Liveliness: AUTOMATIC
  Liveliness lease duration: Infinite

Subscription count: 1

Node name: offboard_node
Node namespace: /
Topic type: diagnostic_msgs/msg/DiagnosticArray
Endpoint type: SUBSCRIPTION
GID: 01.0f.df.56.cd.05.70.ce.00.00.00.00.00.00.12.04.00.00.00.00.00.00.00.00
QoS profile:
  Reliability: BEST_EFFORT
  History (Depth): UNKNOWN
  Durability: VOLATILE
  Lifespan: Infinite
  Deadline: Infinite
  Liveliness: AUTOMATIC
  Liveliness lease duration: Infinite

### t=1785264096 i=54
Type: geometry_msgs/msg/PoseStamped

Publisher count: 1

Node name: fake_vision
Node namespace: /
Topic type: geometry_msgs/msg/PoseStamped
Endpoint type: PUBLISHER
GID: 01.0f.df.56.74.01.88.0c.00.00.00.00.00.00.11.03.00.00.00.00.00.00.00.00
QoS profile:
  Reliability: BEST_EFFORT
  History (Depth): UNKNOWN
  Durability: VOLATILE
  Lifespan: Infinite
  Deadline: Infinite
  Liveliness: AUTOMATIC
  Liveliness lease duration: Infinite

Subscription count: 1

Node name: offboard_node
Node namespace: /
Topic type: geometry_msgs/msg/PoseStamped
Endpoint type: SUBSCRIPTION
GID: 01.0f.df.56.cd.05.70.ce.00.00.00.00.00.00.11.04.00.00.00.00.00.00.00.00
QoS profile:
  Reliability: BEST_EFFORT
  History (Depth): UNKNOWN
  Durability: VOLATILE
  Lifespan: Infinite
  Deadline: Infinite
  Liveliness: AUTOMATIC
  Liveliness lease duration: Infinite

Type: diagnostic_msgs/msg/DiagnosticArray

Publisher count: 1

Node name: fake_vision
Node namespace: /
Topic type: diagnostic_msgs/msg/DiagnosticArray
Endpoint type: PUBLISHER
GID: 01.0f.df.56.74.01.88.0c.00.00.00.00.00.00.12.03.00.00.00.00.00.00.00.00
QoS profile:
  Reliability: BEST_EFFORT
  History (Depth): UNKNOWN
  Durability: VOLATILE
  Lifespan: Infinite
  Deadline: Infinite
  Liveliness: AUTOMATIC
  Liveliness lease duration: Infinite

Subscription count: 1

Node name: offboard_node
Node namespace: /
Topic type: diagnostic_msgs/msg/DiagnosticArray
Endpoint type: SUBSCRIPTION
GID: 01.0f.df.56.cd.05.70.ce.00.00.00.00.00.00.12.04.00.00.00.00.00.00.00.00
QoS profile:
  Reliability: BEST_EFFORT
  History (Depth): UNKNOWN
  Durability: VOLATILE
  Lifespan: Infinite
  Deadline: Infinite
  Liveliness: AUTOMATIC
  Liveliness lease duration: Infinite

### t=1785264103 i=55
Type: geometry_msgs/msg/PoseStamped

Publisher count: 1

Node name: fake_vision
Node namespace: /
Topic type: geometry_msgs/msg/PoseStamped
Endpoint type: PUBLISHER
GID: 01.0f.df.56.74.01.88.0c.00.00.00.00.00.00.11.03.00.00.00.00.00.00.00.00
QoS profile:
  Reliability: BEST_EFFORT
  History (Depth): UNKNOWN
  Durability: VOLATILE
  Lifespan: Infinite
  Deadline: Infinite
  Liveliness: AUTOMATIC
  Liveliness lease duration: Infinite

Subscription count: 1

Node name: offboard_node
Node namespace: /
Topic type: geometry_msgs/msg/PoseStamped
Endpoint type: SUBSCRIPTION
GID: 01.0f.df.56.cd.05.70.ce.00.00.00.00.00.00.11.04.00.00.00.00.00.00.00.00
QoS profile:
  Reliability: BEST_EFFORT
  History (Depth): UNKNOWN
  Durability: VOLATILE
  Lifespan: Infinite
  Deadline: Infinite
  Liveliness: AUTOMATIC
  Liveliness lease duration: Infinite

Type: diagnostic_msgs/msg/DiagnosticArray

Publisher count: 1

Node name: fake_vision
Node namespace: /
Topic type: diagnostic_msgs/msg/DiagnosticArray
Endpoint type: PUBLISHER
GID: 01.0f.df.56.74.01.88.0c.00.00.00.00.00.00.12.03.00.00.00.00.00.00.00.00
QoS profile:
  Reliability: BEST_EFFORT
  History (Depth): UNKNOWN
  Durability: VOLATILE
  Lifespan: Infinite
  Deadline: Infinite
  Liveliness: AUTOMATIC
  Liveliness lease duration: Infinite

Subscription count: 1

Node name: offboard_node
Node namespace: /
Topic type: diagnostic_msgs/msg/DiagnosticArray
Endpoint type: SUBSCRIPTION
GID: 01.0f.df.56.cd.05.70.ce.00.00.00.00.00.00.12.04.00.00.00.00.00.00.00.00
QoS profile:
  Reliability: BEST_EFFORT
  History (Depth): UNKNOWN
  Durability: VOLATILE
  Lifespan: Infinite
  Deadline: Infinite
  Liveliness: AUTOMATIC
  Liveliness lease duration: Infinite

### t=1785264109 i=56
Type: geometry_msgs/msg/PoseStamped

Publisher count: 1

Node name: fake_vision
Node namespace: /
Topic type: geometry_msgs/msg/PoseStamped
Endpoint type: PUBLISHER
GID: 01.0f.df.56.74.01.88.0c.00.00.00.00.00.00.11.03.00.00.00.00.00.00.00.00
QoS profile:
  Reliability: BEST_EFFORT
  History (Depth): UNKNOWN
  Durability: VOLATILE
  Lifespan: Infinite
  Deadline: Infinite
  Liveliness: AUTOMATIC
  Liveliness lease duration: Infinite

Subscription count: 1

Node name: offboard_node
Node namespace: /
Topic type: geometry_msgs/msg/PoseStamped
Endpoint type: SUBSCRIPTION
GID: 01.0f.df.56.cd.05.70.ce.00.00.00.00.00.00.11.04.00.00.00.00.00.00.00.00
QoS profile:
  Reliability: BEST_EFFORT
  History (Depth): UNKNOWN
  Durability: VOLATILE
  Lifespan: Infinite
  Deadline: Infinite
  Liveliness: AUTOMATIC
  Liveliness lease duration: Infinite

Type: diagnostic_msgs/msg/DiagnosticArray

Publisher count: 1

Node name: fake_vision
Node namespace: /
Topic type: diagnostic_msgs/msg/DiagnosticArray
Endpoint type: PUBLISHER
GID: 01.0f.df.56.74.01.88.0c.00.00.00.00.00.00.12.03.00.00.00.00.00.00.00.00
QoS profile:
  Reliability: BEST_EFFORT
  History (Depth): UNKNOWN
  Durability: VOLATILE
  Lifespan: Infinite
  Deadline: Infinite
  Liveliness: AUTOMATIC
  Liveliness lease duration: Infinite

Subscription count: 1

Node name: offboard_node
Node namespace: /
Topic type: diagnostic_msgs/msg/DiagnosticArray
Endpoint type: SUBSCRIPTION
GID: 01.0f.df.56.cd.05.70.ce.00.00.00.00.00.00.12.04.00.00.00.00.00.00.00.00
QoS profile:
  Reliability: BEST_EFFORT
  History (Depth): UNKNOWN
  Durability: VOLATILE
  Lifespan: Infinite
  Deadline: Infinite
  Liveliness: AUTOMATIC
  Liveliness lease duration: Infinite

### t=1785264115 i=57
Type: geometry_msgs/msg/PoseStamped

Publisher count: 1

Node name: fake_vision
Node namespace: /
Topic type: geometry_msgs/msg/PoseStamped
Endpoint type: PUBLISHER
GID: 01.0f.df.56.74.01.88.0c.00.00.00.00.00.00.11.03.00.00.00.00.00.00.00.00
QoS profile:
  Reliability: BEST_EFFORT
  History (Depth): UNKNOWN
  Durability: VOLATILE
  Lifespan: Infinite
  Deadline: Infinite
  Liveliness: AUTOMATIC
  Liveliness lease duration: Infinite

Subscription count: 1

Node name: offboard_node
Node namespace: /
Topic type: geometry_msgs/msg/PoseStamped
Endpoint type: SUBSCRIPTION
GID: 01.0f.df.56.cd.05.70.ce.00.00.00.00.00.00.11.04.00.00.00.00.00.00.00.00
QoS profile:
  Reliability: BEST_EFFORT
  History (Depth): UNKNOWN
  Durability: VOLATILE
  Lifespan: Infinite
  Deadline: Infinite
  Liveliness: AUTOMATIC
  Liveliness lease duration: Infinite

Type: diagnostic_msgs/msg/DiagnosticArray

Publisher count: 1

Node name: fake_vision
Node namespace: /
Topic type: diagnostic_msgs/msg/DiagnosticArray
Endpoint type: PUBLISHER
GID: 01.0f.df.56.74.01.88.0c.00.00.00.00.00.00.12.03.00.00.00.00.00.00.00.00
QoS profile:
  Reliability: BEST_EFFORT
  History (Depth): UNKNOWN
  Durability: VOLATILE
  Lifespan: Infinite
  Deadline: Infinite
  Liveliness: AUTOMATIC
  Liveliness lease duration: Infinite

Subscription count: 1

Node name: offboard_node
Node namespace: /
Topic type: diagnostic_msgs/msg/DiagnosticArray
Endpoint type: SUBSCRIPTION
GID: 01.0f.df.56.cd.05.70.ce.00.00.00.00.00.00.12.04.00.00.00.00.00.00.00.00
QoS profile:
  Reliability: BEST_EFFORT
  History (Depth): UNKNOWN
  Durability: VOLATILE
  Lifespan: Infinite
  Deadline: Infinite
  Liveliness: AUTOMATIC
  Liveliness lease duration: Infinite

### t=1785264122 i=58
Type: geometry_msgs/msg/PoseStamped

Publisher count: 1

Node name: fake_vision
Node namespace: /
Topic type: geometry_msgs/msg/PoseStamped
Endpoint type: PUBLISHER
GID: 01.0f.df.56.74.01.88.0c.00.00.00.00.00.00.11.03.00.00.00.00.00.00.00.00
QoS profile:
  Reliability: BEST_EFFORT
  History (Depth): UNKNOWN
  Durability: VOLATILE
  Lifespan: Infinite
  Deadline: Infinite
  Liveliness: AUTOMATIC
  Liveliness lease duration: Infinite

Subscription count: 1

Node name: offboard_node
Node namespace: /
Topic type: geometry_msgs/msg/PoseStamped
Endpoint type: SUBSCRIPTION
GID: 01.0f.df.56.cd.05.70.ce.00.00.00.00.00.00.11.04.00.00.00.00.00.00.00.00
QoS profile:
  Reliability: BEST_EFFORT
  History (Depth): UNKNOWN
  Durability: VOLATILE
  Lifespan: Infinite
  Deadline: Infinite
  Liveliness: AUTOMATIC
  Liveliness lease duration: Infinite

Type: diagnostic_msgs/msg/DiagnosticArray

Publisher count: 1

Node name: fake_vision
Node namespace: /
Topic type: diagnostic_msgs/msg/DiagnosticArray
Endpoint type: PUBLISHER
GID: 01.0f.df.56.74.01.88.0c.00.00.00.00.00.00.12.03.00.00.00.00.00.00.00.00
QoS profile:
  Reliability: BEST_EFFORT
  History (Depth): UNKNOWN
  Durability: VOLATILE
  Lifespan: Infinite
  Deadline: Infinite
  Liveliness: AUTOMATIC
  Liveliness lease duration: Infinite

Subscription count: 1

Node name: offboard_node
Node namespace: /
Topic type: diagnostic_msgs/msg/DiagnosticArray
Endpoint type: SUBSCRIPTION
GID: 01.0f.df.56.cd.05.70.ce.00.00.00.00.00.00.12.04.00.00.00.00.00.00.00.00
QoS profile:
  Reliability: BEST_EFFORT
  History (Depth): UNKNOWN
  Durability: VOLATILE
  Lifespan: Infinite
  Deadline: Infinite
  Liveliness: AUTOMATIC
  Liveliness lease duration: Infinite

### t=1785264132 i=59
Type: geometry_msgs/msg/PoseStamped

Publisher count: 1

Node name: fake_vision
Node namespace: /
Topic type: geometry_msgs/msg/PoseStamped
Endpoint type: PUBLISHER
GID: 01.0f.df.56.74.01.88.0c.00.00.00.00.00.00.11.03.00.00.00.00.00.00.00.00
QoS profile:
  Reliability: BEST_EFFORT
  History (Depth): UNKNOWN
  Durability: VOLATILE
  Lifespan: Infinite
  Deadline: Infinite
  Liveliness: AUTOMATIC
  Liveliness lease duration: Infinite

Subscription count: 1

Node name: offboard_node
Node namespace: /
Topic type: geometry_msgs/msg/PoseStamped
Endpoint type: SUBSCRIPTION
GID: 01.0f.df.56.cd.05.70.ce.00.00.00.00.00.00.11.04.00.00.00.00.00.00.00.00
QoS profile:
  Reliability: BEST_EFFORT
  History (Depth): UNKNOWN
  Durability: VOLATILE
  Lifespan: Infinite
  Deadline: Infinite
  Liveliness: AUTOMATIC
  Liveliness lease duration: Infinite

Type: diagnostic_msgs/msg/DiagnosticArray

Publisher count: 1

Node name: fake_vision
Node namespace: /
Topic type: diagnostic_msgs/msg/DiagnosticArray
Endpoint type: PUBLISHER
GID: 01.0f.df.56.74.01.88.0c.00.00.00.00.00.00.12.03.00.00.00.00.00.00.00.00
QoS profile:
  Reliability: BEST_EFFORT
  History (Depth): UNKNOWN
  Durability: VOLATILE
  Lifespan: Infinite
  Deadline: Infinite
  Liveliness: AUTOMATIC
  Liveliness lease duration: Infinite

Subscription count: 1

Node name: offboard_node
Node namespace: /
Topic type: diagnostic_msgs/msg/DiagnosticArray
Endpoint type: SUBSCRIPTION
GID: 01.0f.df.56.cd.05.70.ce.00.00.00.00.00.00.12.04.00.00.00.00.00.00.00.00
QoS profile:
  Reliability: BEST_EFFORT
  History (Depth): UNKNOWN
  Durability: VOLATILE
  Lifespan: Infinite
  Deadline: Infinite
  Liveliness: AUTOMATIC
  Liveliness lease duration: Infinite

### t=1785264139 i=60
Type: geometry_msgs/msg/PoseStamped

Publisher count: 1

Node name: fake_vision
Node namespace: /
Topic type: geometry_msgs/msg/PoseStamped
Endpoint type: PUBLISHER
GID: 01.0f.df.56.74.01.88.0c.00.00.00.00.00.00.11.03.00.00.00.00.00.00.00.00
QoS profile:
  Reliability: BEST_EFFORT
  History (Depth): UNKNOWN
  Durability: VOLATILE
  Lifespan: Infinite
  Deadline: Infinite
  Liveliness: AUTOMATIC
  Liveliness lease duration: Infinite

Subscription count: 1

Node name: offboard_node
Node namespace: /
Topic type: geometry_msgs/msg/PoseStamped
Endpoint type: SUBSCRIPTION
GID: 01.0f.df.56.cd.05.70.ce.00.00.00.00.00.00.11.04.00.00.00.00.00.00.00.00
QoS profile:
  Reliability: BEST_EFFORT
  History (Depth): UNKNOWN
  Durability: VOLATILE
  Lifespan: Infinite
  Deadline: Infinite
  Liveliness: AUTOMATIC
  Liveliness lease duration: Infinite

Type: diagnostic_msgs/msg/DiagnosticArray

Publisher count: 1

Node name: fake_vision
Node namespace: /
Topic type: diagnostic_msgs/msg/DiagnosticArray
Endpoint type: PUBLISHER
GID: 01.0f.df.56.74.01.88.0c.00.00.00.00.00.00.12.03.00.00.00.00.00.00.00.00
QoS profile:
  Reliability: BEST_EFFORT
  History (Depth): UNKNOWN
  Durability: VOLATILE
  Lifespan: Infinite
  Deadline: Infinite
  Liveliness: AUTOMATIC
  Liveliness lease duration: Infinite

Subscription count: 1

Node name: offboard_node
Node namespace: /
Topic type: diagnostic_msgs/msg/DiagnosticArray
Endpoint type: SUBSCRIPTION
GID: 01.0f.df.56.cd.05.70.ce.00.00.00.00.00.00.12.04.00.00.00.00.00.00.00.00
QoS profile:
  Reliability: BEST_EFFORT
  History (Depth): UNKNOWN
  Durability: VOLATILE
  Lifespan: Infinite
  Deadline: Infinite
  Liveliness: AUTOMATIC
  Liveliness lease duration: Infinite

### t=1785264147 i=61
Type: geometry_msgs/msg/PoseStamped

Publisher count: 1

Node name: fake_vision
Node namespace: /
Topic type: geometry_msgs/msg/PoseStamped
Endpoint type: PUBLISHER
GID: 01.0f.df.56.74.01.88.0c.00.00.00.00.00.00.11.03.00.00.00.00.00.00.00.00
QoS profile:
  Reliability: BEST_EFFORT
  History (Depth): UNKNOWN
  Durability: VOLATILE
  Lifespan: Infinite
  Deadline: Infinite
  Liveliness: AUTOMATIC
  Liveliness lease duration: Infinite

Subscription count: 1

Node name: offboard_node
Node namespace: /
Topic type: geometry_msgs/msg/PoseStamped
Endpoint type: SUBSCRIPTION
GID: 01.0f.df.56.cd.05.70.ce.00.00.00.00.00.00.11.04.00.00.00.00.00.00.00.00
QoS profile:
  Reliability: BEST_EFFORT
  History (Depth): UNKNOWN
  Durability: VOLATILE
  Lifespan: Infinite
  Deadline: Infinite
  Liveliness: AUTOMATIC
  Liveliness lease duration: Infinite

Type: diagnostic_msgs/msg/DiagnosticArray

Publisher count: 1

Node name: fake_vision
Node namespace: /
Topic type: diagnostic_msgs/msg/DiagnosticArray
Endpoint type: PUBLISHER
GID: 01.0f.df.56.74.01.88.0c.00.00.00.00.00.00.12.03.00.00.00.00.00.00.00.00
QoS profile:
  Reliability: BEST_EFFORT
  History (Depth): UNKNOWN
  Durability: VOLATILE
  Lifespan: Infinite
  Deadline: Infinite
  Liveliness: AUTOMATIC
  Liveliness lease duration: Infinite

Subscription count: 1

Node name: offboard_node
Node namespace: /
Topic type: diagnostic_msgs/msg/DiagnosticArray
Endpoint type: SUBSCRIPTION
GID: 01.0f.df.56.cd.05.70.ce.00.00.00.00.00.00.12.04.00.00.00.00.00.00.00.00
QoS profile:
  Reliability: BEST_EFFORT
  History (Depth): UNKNOWN
  Durability: VOLATILE
  Lifespan: Infinite
  Deadline: Infinite
  Liveliness: AUTOMATIC
  Liveliness lease duration: Infinite

### t=1785264153 i=62
Type: geometry_msgs/msg/PoseStamped

Publisher count: 1

Node name: fake_vision
Node namespace: /
Topic type: geometry_msgs/msg/PoseStamped
Endpoint type: PUBLISHER
GID: 01.0f.df.56.74.01.88.0c.00.00.00.00.00.00.11.03.00.00.00.00.00.00.00.00
QoS profile:
  Reliability: BEST_EFFORT
  History (Depth): UNKNOWN
  Durability: VOLATILE
  Lifespan: Infinite
  Deadline: Infinite
  Liveliness: AUTOMATIC
  Liveliness lease duration: Infinite

Subscription count: 1

Node name: offboard_node
Node namespace: /
Topic type: geometry_msgs/msg/PoseStamped
Endpoint type: SUBSCRIPTION
GID: 01.0f.df.56.cd.05.70.ce.00.00.00.00.00.00.11.04.00.00.00.00.00.00.00.00
QoS profile:
  Reliability: BEST_EFFORT
  History (Depth): UNKNOWN
  Durability: VOLATILE
  Lifespan: Infinite
  Deadline: Infinite
  Liveliness: AUTOMATIC
  Liveliness lease duration: Infinite

Type: diagnostic_msgs/msg/DiagnosticArray

Publisher count: 1

Node name: fake_vision
Node namespace: /
Topic type: diagnostic_msgs/msg/DiagnosticArray
Endpoint type: PUBLISHER
GID: 01.0f.df.56.74.01.88.0c.00.00.00.00.00.00.12.03.00.00.00.00.00.00.00.00
QoS profile:
  Reliability: BEST_EFFORT
  History (Depth): UNKNOWN
  Durability: VOLATILE
  Lifespan: Infinite
  Deadline: Infinite
  Liveliness: AUTOMATIC
  Liveliness lease duration: Infinite

Subscription count: 1

Node name: offboard_node
Node namespace: /
Topic type: diagnostic_msgs/msg/DiagnosticArray
Endpoint type: SUBSCRIPTION
GID: 01.0f.df.56.cd.05.70.ce.00.00.00.00.00.00.12.04.00.00.00.00.00.00.00.00
QoS profile:
  Reliability: BEST_EFFORT
  History (Depth): UNKNOWN
  Durability: VOLATILE
  Lifespan: Infinite
  Deadline: Infinite
  Liveliness: AUTOMATIC
  Liveliness lease duration: Infinite

### t=1785264163 i=63
Type: geometry_msgs/msg/PoseStamped

Publisher count: 1

Node name: fake_vision
Node namespace: /
Topic type: geometry_msgs/msg/PoseStamped
Endpoint type: PUBLISHER
GID: 01.0f.df.56.74.01.88.0c.00.00.00.00.00.00.11.03.00.00.00.00.00.00.00.00
QoS profile:
  Reliability: BEST_EFFORT
  History (Depth): UNKNOWN
  Durability: VOLATILE
  Lifespan: Infinite
  Deadline: Infinite
  Liveliness: AUTOMATIC
  Liveliness lease duration: Infinite

Subscription count: 1

Node name: offboard_node
Node namespace: /
Topic type: geometry_msgs/msg/PoseStamped
Endpoint type: SUBSCRIPTION
GID: 01.0f.df.56.cd.05.70.ce.00.00.00.00.00.00.11.04.00.00.00.00.00.00.00.00
QoS profile:
  Reliability: BEST_EFFORT
  History (Depth): UNKNOWN
  Durability: VOLATILE
  Lifespan: Infinite
  Deadline: Infinite
  Liveliness: AUTOMATIC
  Liveliness lease duration: Infinite

Type: diagnostic_msgs/msg/DiagnosticArray

Publisher count: 1

Node name: fake_vision
Node namespace: /
Topic type: diagnostic_msgs/msg/DiagnosticArray
Endpoint type: PUBLISHER
GID: 01.0f.df.56.74.01.88.0c.00.00.00.00.00.00.12.03.00.00.00.00.00.00.00.00
QoS profile:
  Reliability: BEST_EFFORT
  History (Depth): UNKNOWN
  Durability: VOLATILE
  Lifespan: Infinite
  Deadline: Infinite
  Liveliness: AUTOMATIC
  Liveliness lease duration: Infinite

Subscription count: 1

Node name: offboard_node
Node namespace: /
Topic type: diagnostic_msgs/msg/DiagnosticArray
Endpoint type: SUBSCRIPTION
GID: 01.0f.df.56.cd.05.70.ce.00.00.00.00.00.00.12.04.00.00.00.00.00.00.00.00
QoS profile:
  Reliability: BEST_EFFORT
  History (Depth): UNKNOWN
  Durability: VOLATILE
  Lifespan: Infinite
  Deadline: Infinite
  Liveliness: AUTOMATIC
  Liveliness lease duration: Infinite

### t=1785264169 i=64
Type: geometry_msgs/msg/PoseStamped

Publisher count: 1

Node name: fake_vision
Node namespace: /
Topic type: geometry_msgs/msg/PoseStamped
Endpoint type: PUBLISHER
GID: 01.0f.df.56.74.01.88.0c.00.00.00.00.00.00.11.03.00.00.00.00.00.00.00.00
QoS profile:
  Reliability: BEST_EFFORT
  History (Depth): UNKNOWN
  Durability: VOLATILE
  Lifespan: Infinite
  Deadline: Infinite
  Liveliness: AUTOMATIC
  Liveliness lease duration: Infinite

Subscription count: 1

Node name: offboard_node
Node namespace: /
Topic type: geometry_msgs/msg/PoseStamped
Endpoint type: SUBSCRIPTION
GID: 01.0f.df.56.cd.05.70.ce.00.00.00.00.00.00.11.04.00.00.00.00.00.00.00.00
QoS profile:
  Reliability: BEST_EFFORT
  History (Depth): UNKNOWN
  Durability: VOLATILE
  Lifespan: Infinite
  Deadline: Infinite
  Liveliness: AUTOMATIC
  Liveliness lease duration: Infinite

Type: diagnostic_msgs/msg/DiagnosticArray

Publisher count: 1

Node name: fake_vision
Node namespace: /
Topic type: diagnostic_msgs/msg/DiagnosticArray
Endpoint type: PUBLISHER
GID: 01.0f.df.56.74.01.88.0c.00.00.00.00.00.00.12.03.00.00.00.00.00.00.00.00
QoS profile:
  Reliability: BEST_EFFORT
  History (Depth): UNKNOWN
  Durability: VOLATILE
  Lifespan: Infinite
  Deadline: Infinite
  Liveliness: AUTOMATIC
  Liveliness lease duration: Infinite

Subscription count: 1

Node name: offboard_node
Node namespace: /
Topic type: diagnostic_msgs/msg/DiagnosticArray
Endpoint type: SUBSCRIPTION
GID: 01.0f.df.56.cd.05.70.ce.00.00.00.00.00.00.12.04.00.00.00.00.00.00.00.00
QoS profile:
  Reliability: BEST_EFFORT
  History (Depth): UNKNOWN
  Durability: VOLATILE
  Lifespan: Infinite
  Deadline: Infinite
  Liveliness: AUTOMATIC
  Liveliness lease duration: Infinite

### t=1785264175 i=65
Type: geometry_msgs/msg/PoseStamped

Publisher count: 1

Node name: fake_vision
Node namespace: /
Topic type: geometry_msgs/msg/PoseStamped
Endpoint type: PUBLISHER
GID: 01.0f.df.56.74.01.88.0c.00.00.00.00.00.00.11.03.00.00.00.00.00.00.00.00
QoS profile:
  Reliability: BEST_EFFORT
  History (Depth): UNKNOWN
  Durability: VOLATILE
  Lifespan: Infinite
  Deadline: Infinite
  Liveliness: AUTOMATIC
  Liveliness lease duration: Infinite

Subscription count: 1

Node name: offboard_node
Node namespace: /
Topic type: geometry_msgs/msg/PoseStamped
Endpoint type: SUBSCRIPTION
GID: 01.0f.df.56.cd.05.70.ce.00.00.00.00.00.00.11.04.00.00.00.00.00.00.00.00
QoS profile:
  Reliability: BEST_EFFORT
  History (Depth): UNKNOWN
  Durability: VOLATILE
  Lifespan: Infinite
  Deadline: Infinite
  Liveliness: AUTOMATIC
  Liveliness lease duration: Infinite

Type: diagnostic_msgs/msg/DiagnosticArray

Publisher count: 1

Node name: fake_vision
Node namespace: /
Topic type: diagnostic_msgs/msg/DiagnosticArray
Endpoint type: PUBLISHER
GID: 01.0f.df.56.74.01.88.0c.00.00.00.00.00.00.12.03.00.00.00.00.00.00.00.00
QoS profile:
  Reliability: BEST_EFFORT
  History (Depth): UNKNOWN
  Durability: VOLATILE
  Lifespan: Infinite
  Deadline: Infinite
  Liveliness: AUTOMATIC
  Liveliness lease duration: Infinite

Subscription count: 1

Node name: offboard_node
Node namespace: /
Topic type: diagnostic_msgs/msg/DiagnosticArray
Endpoint type: SUBSCRIPTION
GID: 01.0f.df.56.cd.05.70.ce.00.00.00.00.00.00.12.04.00.00.00.00.00.00.00.00
QoS profile:
  Reliability: BEST_EFFORT
  History (Depth): UNKNOWN
  Durability: VOLATILE
  Lifespan: Infinite
  Deadline: Infinite
  Liveliness: AUTOMATIC
  Liveliness lease duration: Infinite

### t=1785264181 i=66
Type: geometry_msgs/msg/PoseStamped

Publisher count: 1

Node name: fake_vision
Node namespace: /
Topic type: geometry_msgs/msg/PoseStamped
Endpoint type: PUBLISHER
GID: 01.0f.df.56.74.01.88.0c.00.00.00.00.00.00.11.03.00.00.00.00.00.00.00.00
QoS profile:
  Reliability: BEST_EFFORT
  History (Depth): UNKNOWN
  Durability: VOLATILE
  Lifespan: Infinite
  Deadline: Infinite
  Liveliness: AUTOMATIC
  Liveliness lease duration: Infinite

Subscription count: 1

Node name: offboard_node
Node namespace: /
Topic type: geometry_msgs/msg/PoseStamped
Endpoint type: SUBSCRIPTION
GID: 01.0f.df.56.cd.05.70.ce.00.00.00.00.00.00.11.04.00.00.00.00.00.00.00.00
QoS profile:
  Reliability: BEST_EFFORT
  History (Depth): UNKNOWN
  Durability: VOLATILE
  Lifespan: Infinite
  Deadline: Infinite
  Liveliness: AUTOMATIC
  Liveliness lease duration: Infinite

Type: diagnostic_msgs/msg/DiagnosticArray

Publisher count: 1

Node name: fake_vision
Node namespace: /
Topic type: diagnostic_msgs/msg/DiagnosticArray
Endpoint type: PUBLISHER
GID: 01.0f.df.56.74.01.88.0c.00.00.00.00.00.00.12.03.00.00.00.00.00.00.00.00
QoS profile:
  Reliability: BEST_EFFORT
  History (Depth): UNKNOWN
  Durability: VOLATILE
  Lifespan: Infinite
  Deadline: Infinite
  Liveliness: AUTOMATIC
  Liveliness lease duration: Infinite

Subscription count: 1

Node name: offboard_node
Node namespace: /
Topic type: diagnostic_msgs/msg/DiagnosticArray
Endpoint type: SUBSCRIPTION
GID: 01.0f.df.56.cd.05.70.ce.00.00.00.00.00.00.12.04.00.00.00.00.00.00.00.00
QoS profile:
  Reliability: BEST_EFFORT
  History (Depth): UNKNOWN
  Durability: VOLATILE
  Lifespan: Infinite
  Deadline: Infinite
  Liveliness: AUTOMATIC
  Liveliness lease duration: Infinite

### t=1785264193 i=67
Type: geometry_msgs/msg/PoseStamped

Publisher count: 1

Node name: fake_vision
Node namespace: /
Topic type: geometry_msgs/msg/PoseStamped
Endpoint type: PUBLISHER
GID: 01.0f.df.56.74.01.88.0c.00.00.00.00.00.00.11.03.00.00.00.00.00.00.00.00
QoS profile:
  Reliability: BEST_EFFORT
  History (Depth): UNKNOWN
  Durability: VOLATILE
  Lifespan: Infinite
  Deadline: Infinite
  Liveliness: AUTOMATIC
  Liveliness lease duration: Infinite

Subscription count: 1

Node name: offboard_node
Node namespace: /
Topic type: geometry_msgs/msg/PoseStamped
Endpoint type: SUBSCRIPTION
GID: 01.0f.df.56.cd.05.70.ce.00.00.00.00.00.00.11.04.00.00.00.00.00.00.00.00
QoS profile:
  Reliability: BEST_EFFORT
  History (Depth): UNKNOWN
  Durability: VOLATILE
  Lifespan: Infinite
  Deadline: Infinite
  Liveliness: AUTOMATIC
  Liveliness lease duration: Infinite

Type: diagnostic_msgs/msg/DiagnosticArray

Publisher count: 1

Node name: fake_vision
Node namespace: /
Topic type: diagnostic_msgs/msg/DiagnosticArray
Endpoint type: PUBLISHER
GID: 01.0f.df.56.74.01.88.0c.00.00.00.00.00.00.12.03.00.00.00.00.00.00.00.00
QoS profile:
  Reliability: BEST_EFFORT
  History (Depth): UNKNOWN
  Durability: VOLATILE
  Lifespan: Infinite
  Deadline: Infinite
  Liveliness: AUTOMATIC
  Liveliness lease duration: Infinite

Subscription count: 1

Node name: offboard_node
Node namespace: /
Topic type: diagnostic_msgs/msg/DiagnosticArray
Endpoint type: SUBSCRIPTION
GID: 01.0f.df.56.cd.05.70.ce.00.00.00.00.00.00.12.04.00.00.00.00.00.00.00.00
QoS profile:
  Reliability: BEST_EFFORT
  History (Depth): UNKNOWN
  Durability: VOLATILE
  Lifespan: Infinite
  Deadline: Infinite
  Liveliness: AUTOMATIC
  Liveliness lease duration: Infinite

### t=1785264201 i=68
Type: geometry_msgs/msg/PoseStamped

Publisher count: 1

Node name: fake_vision
Node namespace: /
Topic type: geometry_msgs/msg/PoseStamped
Endpoint type: PUBLISHER
GID: 01.0f.df.56.74.01.88.0c.00.00.00.00.00.00.11.03.00.00.00.00.00.00.00.00
QoS profile:
  Reliability: BEST_EFFORT
  History (Depth): UNKNOWN
  Durability: VOLATILE
  Lifespan: Infinite
  Deadline: Infinite
  Liveliness: AUTOMATIC
  Liveliness lease duration: Infinite

Subscription count: 1

Node name: offboard_node
Node namespace: /
Topic type: geometry_msgs/msg/PoseStamped
Endpoint type: SUBSCRIPTION
GID: 01.0f.df.56.cd.05.70.ce.00.00.00.00.00.00.11.04.00.00.00.00.00.00.00.00
QoS profile:
  Reliability: BEST_EFFORT
  History (Depth): UNKNOWN
  Durability: VOLATILE
  Lifespan: Infinite
  Deadline: Infinite
  Liveliness: AUTOMATIC
  Liveliness lease duration: Infinite

Type: diagnostic_msgs/msg/DiagnosticArray

Publisher count: 1

Node name: fake_vision
Node namespace: /
Topic type: diagnostic_msgs/msg/DiagnosticArray
Endpoint type: PUBLISHER
GID: 01.0f.df.56.74.01.88.0c.00.00.00.00.00.00.12.03.00.00.00.00.00.00.00.00
QoS profile:
  Reliability: BEST_EFFORT
  History (Depth): UNKNOWN
  Durability: VOLATILE
  Lifespan: Infinite
  Deadline: Infinite
  Liveliness: AUTOMATIC
  Liveliness lease duration: Infinite

Subscription count: 1

Node name: offboard_node
Node namespace: /
Topic type: diagnostic_msgs/msg/DiagnosticArray
Endpoint type: SUBSCRIPTION
GID: 01.0f.df.56.cd.05.70.ce.00.00.00.00.00.00.12.04.00.00.00.00.00.00.00.00
QoS profile:
  Reliability: BEST_EFFORT
  History (Depth): UNKNOWN
  Durability: VOLATILE
  Lifespan: Infinite
  Deadline: Infinite
  Liveliness: AUTOMATIC
  Liveliness lease duration: Infinite

### t=1785264207 i=69
Type: geometry_msgs/msg/PoseStamped

Publisher count: 1

Node name: fake_vision
Node namespace: /
Topic type: geometry_msgs/msg/PoseStamped
Endpoint type: PUBLISHER
GID: 01.0f.df.56.74.01.88.0c.00.00.00.00.00.00.11.03.00.00.00.00.00.00.00.00
QoS profile:
  Reliability: BEST_EFFORT
  History (Depth): UNKNOWN
  Durability: VOLATILE
  Lifespan: Infinite
  Deadline: Infinite
  Liveliness: AUTOMATIC
  Liveliness lease duration: Infinite

Subscription count: 1

Node name: offboard_node
Node namespace: /
Topic type: geometry_msgs/msg/PoseStamped
Endpoint type: SUBSCRIPTION
GID: 01.0f.df.56.cd.05.70.ce.00.00.00.00.00.00.11.04.00.00.00.00.00.00.00.00
QoS profile:
  Reliability: BEST_EFFORT
  History (Depth): UNKNOWN
  Durability: VOLATILE
  Lifespan: Infinite
  Deadline: Infinite
  Liveliness: AUTOMATIC
  Liveliness lease duration: Infinite

Type: diagnostic_msgs/msg/DiagnosticArray

Publisher count: 1

Node name: fake_vision
Node namespace: /
Topic type: diagnostic_msgs/msg/DiagnosticArray
Endpoint type: PUBLISHER
GID: 01.0f.df.56.74.01.88.0c.00.00.00.00.00.00.12.03.00.00.00.00.00.00.00.00
QoS profile:
  Reliability: BEST_EFFORT
  History (Depth): UNKNOWN
  Durability: VOLATILE
  Lifespan: Infinite
  Deadline: Infinite
  Liveliness: AUTOMATIC
  Liveliness lease duration: Infinite

Subscription count: 1

Node name: offboard_node
Node namespace: /
Topic type: diagnostic_msgs/msg/DiagnosticArray
Endpoint type: SUBSCRIPTION
GID: 01.0f.df.56.cd.05.70.ce.00.00.00.00.00.00.12.04.00.00.00.00.00.00.00.00
QoS profile:
  Reliability: BEST_EFFORT
  History (Depth): UNKNOWN
  Durability: VOLATILE
  Lifespan: Infinite
  Deadline: Infinite
  Liveliness: AUTOMATIC
  Liveliness lease duration: Infinite

### t=1785264213 i=70
Type: geometry_msgs/msg/PoseStamped

Publisher count: 1

Node name: fake_vision
Node namespace: /
Topic type: geometry_msgs/msg/PoseStamped
Endpoint type: PUBLISHER
GID: 01.0f.df.56.74.01.88.0c.00.00.00.00.00.00.11.03.00.00.00.00.00.00.00.00
QoS profile:
  Reliability: BEST_EFFORT
  History (Depth): UNKNOWN
  Durability: VOLATILE
  Lifespan: Infinite
  Deadline: Infinite
  Liveliness: AUTOMATIC
  Liveliness lease duration: Infinite

Subscription count: 1

Node name: offboard_node
Node namespace: /
Topic type: geometry_msgs/msg/PoseStamped
Endpoint type: SUBSCRIPTION
GID: 01.0f.df.56.cd.05.70.ce.00.00.00.00.00.00.11.04.00.00.00.00.00.00.00.00
QoS profile:
  Reliability: BEST_EFFORT
  History (Depth): UNKNOWN
  Durability: VOLATILE
  Lifespan: Infinite
  Deadline: Infinite
  Liveliness: AUTOMATIC
  Liveliness lease duration: Infinite

Type: diagnostic_msgs/msg/DiagnosticArray

Publisher count: 1

Node name: fake_vision
Node namespace: /
Topic type: diagnostic_msgs/msg/DiagnosticArray
Endpoint type: PUBLISHER
GID: 01.0f.df.56.74.01.88.0c.00.00.00.00.00.00.12.03.00.00.00.00.00.00.00.00
QoS profile:
  Reliability: BEST_EFFORT
  History (Depth): UNKNOWN
  Durability: VOLATILE
  Lifespan: Infinite
  Deadline: Infinite
  Liveliness: AUTOMATIC
  Liveliness lease duration: Infinite

Subscription count: 1

Node name: offboard_node
Node namespace: /
Topic type: diagnostic_msgs/msg/DiagnosticArray
Endpoint type: SUBSCRIPTION
GID: 01.0f.df.56.cd.05.70.ce.00.00.00.00.00.00.12.04.00.00.00.00.00.00.00.00
QoS profile:
  Reliability: BEST_EFFORT
  History (Depth): UNKNOWN
  Durability: VOLATILE
  Lifespan: Infinite
  Deadline: Infinite
  Liveliness: AUTOMATIC
  Liveliness lease duration: Infinite

### t=1785264219 i=71
Type: geometry_msgs/msg/PoseStamped

Publisher count: 1

Node name: fake_vision
Node namespace: /
Topic type: geometry_msgs/msg/PoseStamped
Endpoint type: PUBLISHER
GID: 01.0f.df.56.74.01.88.0c.00.00.00.00.00.00.11.03.00.00.00.00.00.00.00.00
QoS profile:
  Reliability: BEST_EFFORT
  History (Depth): UNKNOWN
  Durability: VOLATILE
  Lifespan: Infinite
  Deadline: Infinite
  Liveliness: AUTOMATIC
  Liveliness lease duration: Infinite

Subscription count: 1

Node name: offboard_node
Node namespace: /
Topic type: geometry_msgs/msg/PoseStamped
Endpoint type: SUBSCRIPTION
GID: 01.0f.df.56.cd.05.70.ce.00.00.00.00.00.00.11.04.00.00.00.00.00.00.00.00
QoS profile:
  Reliability: BEST_EFFORT
  History (Depth): UNKNOWN
  Durability: VOLATILE
  Lifespan: Infinite
  Deadline: Infinite
  Liveliness: AUTOMATIC
  Liveliness lease duration: Infinite

Type: diagnostic_msgs/msg/DiagnosticArray

Publisher count: 1

Node name: fake_vision
Node namespace: /
Topic type: diagnostic_msgs/msg/DiagnosticArray
Endpoint type: PUBLISHER
GID: 01.0f.df.56.74.01.88.0c.00.00.00.00.00.00.12.03.00.00.00.00.00.00.00.00
QoS profile:
  Reliability: BEST_EFFORT
  History (Depth): UNKNOWN
  Durability: VOLATILE
  Lifespan: Infinite
  Deadline: Infinite
  Liveliness: AUTOMATIC
  Liveliness lease duration: Infinite

Subscription count: 1

Node name: offboard_node
Node namespace: /
Topic type: diagnostic_msgs/msg/DiagnosticArray
Endpoint type: SUBSCRIPTION
GID: 01.0f.df.56.cd.05.70.ce.00.00.00.00.00.00.12.04.00.00.00.00.00.00.00.00
QoS profile:
  Reliability: BEST_EFFORT
  History (Depth): UNKNOWN
  Durability: VOLATILE
  Lifespan: Infinite
  Deadline: Infinite
  Liveliness: AUTOMATIC
  Liveliness lease duration: Infinite

### t=1785264225 i=72
Type: geometry_msgs/msg/PoseStamped

Publisher count: 1

Node name: fake_vision
Node namespace: /
Topic type: geometry_msgs/msg/PoseStamped
Endpoint type: PUBLISHER
GID: 01.0f.df.56.74.01.88.0c.00.00.00.00.00.00.11.03.00.00.00.00.00.00.00.00
QoS profile:
  Reliability: BEST_EFFORT
  History (Depth): UNKNOWN
  Durability: VOLATILE
  Lifespan: Infinite
  Deadline: Infinite
  Liveliness: AUTOMATIC
  Liveliness lease duration: Infinite

Subscription count: 1

Node name: offboard_node
Node namespace: /
Topic type: geometry_msgs/msg/PoseStamped
Endpoint type: SUBSCRIPTION
GID: 01.0f.df.56.cd.05.70.ce.00.00.00.00.00.00.11.04.00.00.00.00.00.00.00.00
QoS profile:
  Reliability: BEST_EFFORT
  History (Depth): UNKNOWN
  Durability: VOLATILE
  Lifespan: Infinite
  Deadline: Infinite
  Liveliness: AUTOMATIC
  Liveliness lease duration: Infinite

Type: diagnostic_msgs/msg/DiagnosticArray

Publisher count: 1

Node name: fake_vision
Node namespace: /
Topic type: diagnostic_msgs/msg/DiagnosticArray
Endpoint type: PUBLISHER
GID: 01.0f.df.56.74.01.88.0c.00.00.00.00.00.00.12.03.00.00.00.00.00.00.00.00
QoS profile:
  Reliability: BEST_EFFORT
  History (Depth): UNKNOWN
  Durability: VOLATILE
  Lifespan: Infinite
  Deadline: Infinite
  Liveliness: AUTOMATIC
  Liveliness lease duration: Infinite

Subscription count: 1

Node name: offboard_node
Node namespace: /
Topic type: diagnostic_msgs/msg/DiagnosticArray
Endpoint type: SUBSCRIPTION
GID: 01.0f.df.56.cd.05.70.ce.00.00.00.00.00.00.12.04.00.00.00.00.00.00.00.00
QoS profile:
  Reliability: BEST_EFFORT
  History (Depth): UNKNOWN
  Durability: VOLATILE
  Lifespan: Infinite
  Deadline: Infinite
  Liveliness: AUTOMATIC
  Liveliness lease duration: Infinite

