t,n,e,seg_old,seg_new,seg_diff,tgt_old_n,tgt_old_e,tgt_new_n,tgt_new_e,tgt_dist_m
5.848,0.0,0.0,0,0,0,69.99999999251222,0.009743528839455586,69.99999999251222,0.009743528839455586,0.0
6.048,0.0,0.0,0,0,0,69.99999999251222,0.009743528839455586,69.99999999251222,0.009743528839455586,0.0
6.248,0.0,0.0,0,0,0,69.99999999251222,0.009743528839455586,69.99999999251222,0.009743528839455586,0.0
6.448,0.0,0.0,0,0,0,69.99999999251222,0.009743528839455586,69.99999999251222,0.009743528839455586,0.0
6.656,0.001,0.0,0,0,0,70.00099999251216,0.009743518319364807,70.00099999251216,0.009743518319364807,0.0
6.856,0.001,0.0,0,0,0,70.00099999251216,0.009743518319364807,70.00099999251216,0.009743518319364807,0.0
7.056,0.001,0.0,0,0,0,70.00099999251216,0.009743518319364807,70.00099999251216,0.009743518319364807,0.0
7.256,0.001,0.001,0,0,0,70.00099999262513,0.009743518319363617,70.00099999262513,0.009743518319363617,0.0
7.456,-0.0,0.002,0,0,0,69.99999999273814,0.00974352883945321,69.99999999273814,0.00974352883945321,0.0
7.664,-0.002,0.004,0,0,0,69.99799999296418,0.009743549879632394,69.99799999296418,0.009743549879632394,0.0
7.864,-0.004,0.009,0,0,0,69.99599999352908,0.009743570919808013,69.99599999352908,0.009743570919808013,0.0
8.064,-0.008,0.011,0,0,0,69.99199999375523,0.009743613000168757,69.99199999375523,0.009743613000168757,0.0
8.272,-0.013,0.008,0,0,0,69.98999999364239,0.009743634040351506,69.98999999364239,0.009743634040351506,0.0
8.48,-0.019,0.001,0,0,0,69.98999999364239,0.009743634040351506,69.98999999364239,0.009743634040351506,0.0
8.688,-0.023,-0.007,0,0,0,69.98999999364239,0.009743634040351506,69.98999999364239,0.009743634040351506,0.0
8.896,-0.023,-0.014,0,0,0,69.98999999364239,0.009743634040351506,69.98999999364239,0.009743634040351506,0.0
9.104,-0.022,-0.017,0,0,0,69.98999999364239,0.009743634040351506,69.98999999364239,0.009743634040351506,0.0
9.304,-0.018,-0.02,0,0,0,69.98999999364239,0.009743634040351506,69.98999999364239,0.009743634040351506,0.0
9.512,-0.012,-0.023,0,0,0,69.98999999364239,0.009743634040351506,69.98999999364239,0.009743634040351506,0.0
9.72,-0.006,-0.025,0,0,0,69.99399998968849,0.009743591960029978,69.99399998968849,0.009743591960029978,0.0
9.928,-0.002,-0.026,0,0,0,69.99799998957532,0.009743549879668046,69.99799998957532,0.009743549879668046,0.0
10.136,-0.003,-0.022,0,0,0,69.99699999002722,0.009743560399754072,69.99699999002722,0.009743560399754072,0.0
10.336,-0.007,-0.017,0,0,0,69.99299999059225,0.009743602480111252,69.99299999059225,0.009743602480111252,0.0
10.544,-0.012,-0.012,0,0,0,69.98999999364239,0.009743634040351506,69.98999999364239,0.009743634040351506,0.0
10.752,-0.011,-0.008,0,0,0,69.98999999364239,0.009743634040351506,69.98999999364239,0.009743634040351506,0.0
10.96,-0.009,-0.006,0,0,0,69.99099999183494,0.00974362352027974,69.99099999183494,0.00974362352027974,0.0
11.168,-0.007,-0.006,0,0,0,69.99299999183482,0.009743602480098179,69.99299999183482,0.009743602480098179,0.0
11.368,-0.008,-0.007,0,0,0,69.99199999172193,0.009743613000190148,69.99199999172193,0.009743613000190148,0.0
11.576,-0.007,-0.008,0,0,0,69.9929999916089,0.009743602480100555,69.9929999916089,0.009743602480100555,0.0
11.784,-0.007,-0.006,0,0,0,69.99299999183482,0.009743602480098179,69.99299999183482,0.009743602480098179,0.0
11.992,-0.007,-0.001,0,0,0,69.99299999239963,0.009743602480092237,69.99299999239963,0.009743602480092237,0.0
12.2,-0.008,0.004,0,0,0,69.99199999296451,0.009743613000177075,69.99199999296451,0.009743613000177075,0.0
12.4,-0.006,0.01,0,0,0,69.99399999364216,0.009743591959988385,69.99399999364216,0.009743591959988385,0.0
12.608,-0.003,0.015,0,0,0,69.99699999420682,0.009743560399710102,69.99699999420682,0.009743560399710102,0.0
12.816,0.001,0.018,0,0,0,70.00099999454547,0.009743518319343416,70.00099999454547,0.009743518319343416,0.0
13.024,0.009,0.02,0,0,0,70.00899999477096,0.009743434158614795,70.00899999477096,0.009743434158614795,0.0
13.224,0.02,0.021,0,0,0,70.0199999948833,0.009743318437615023,70.0199999948833,0.009743318437615023,0.0
13.432,0.029,0.023,0,0,0,70.02899999510873,0.009743223756795623,70.02899999510873,0.009743223756795623,0.0
13.64,0.036,0.023,0,0,0,70.03599999510834,0.00974315011616016,70.03599999510834,0.00974315011616016,0.0
13.848,0.039,0.023,0,0,0,70.03899999510817,0.009743118555887819,70.03899999510817,0.009743118555887819,0.0
14.056,0.041,0.023,0,0,0,70.04099999510807,0.009743097515706258,70.04099999510807,0.009743097515706258,0.0
14.256,0.042,0.019,0,0,0,70.04199999465617,0.009743086995620232,70.04199999465617,0.009743086995620232,0.0
14.464,0.042,0.014,0,0,0,70.04199999409136,0.009743086995626173,70.04199999409136,0.009743086995626173,0.0
14.672,0.042,0.009,0,0,0,70.04199999352655,0.009743086995632115,70.04199999352655,0.009743086995632115,0.0
14.88,0.041,0.004,0,0,0,70.04099999296179,0.009743097515728837,70.04099999296179,0.009743097515728837,0.0
15.088,0.04,-0.001,0,0,0,70.03999999239704,0.00974310803582556,70.03999999239704,0.00974310803582556,0.0
15.288,0.037,-0.006,0,0,0,70.0369999918324,0.009743139596103843,70.0369999918324,0.009743139596103843,0.0
15.496,0.033,-0.012,0,0,0,70.03299999115484,0.009743181676474094,70.03299999115484,0.009743181676474094,0.0
15.704,0.027,-0.016,0,0,0,70.02699999070333,0.00974324479702353,70.02699999070333,0.00974324479702353,0.0
15.912,0.022,-0.017,0,0,0,70.02199999059064,0.009743297397478621,70.02199999059064,0.009743297397478621,0.0
16.12,0.018,-0.019,0,0,0,70.01799999036494,0.009743339477844119,70.01799999036494,0.009743339477844119,0.0
16.328,0.015,-0.022,0,0,0,70.01499999002621,0.009743371038120025,70.01499999002621,0.009743371038120025,0.0
16.536,0.011,-0.024,0,0,0,70.01099998980052,0.009743413118485523,70.01099998980052,0.009743413118485523,0.0
16.744,0.006,-0.028,0,0,0,70.00599998934894,0.009743465718944178,70.00599998934894,0.009743465718944178,0.0
16.952,0.0,-0.031,0,0,0,69.99999998901039,0.009743528839492427,69.99999998901039,0.009743528839492427,0.0
17.16,-0.004,-0.033,0,0,0,69.99599998878469,0.009743570919857924,69.99599998878469,0.009743570919857924,0.0
17.368,-0.005,-0.033,0,0,0,69.99499998878474,0.009743581439948705,69.99499998878474,0.009743581439948705,0.0
17.568,-0.004,-0.032,0,0,0,69.99599998889765,0.009743570919856736,69.99599998889765,0.009743570919856736,0.0
17.776,-0.006,-0.031,0,0,0,69.99399998901072,0.009743591960037108,69.99399998901072,0.009743591960037108,0.0
17.984,-0.01,-0.028,0,0,0,69.98999999364239,0.009743634040351506,69.98999999364239,0.009743634040351506,0.0
18.192,-0.016,-0.025,0,0,0,69.98999999364239,0.009743634040351506,69.98999999364239,0.009743634040351506,0.0
18.4,-0.023,-0.02,0,0,0,69.98999999364239,0.009743634040351506,69.98999999364239,0.009743634040351506,0.0
18.6,-0.032,-0.015,0,0,0,69.98999999364239,0.009743634040351506,69.98999999364239,0.009743634040351506,0.0
18.808,-0.041,-0.013,0,0,0,69.98999999364239,0.009743634040351506,69.98999999364239,0.009743634040351506,0.0
19.016,-0.047,-0.011,0,0,0,69.98999999364239,0.009743634040351506,69.98999999364239,0.009743634040351506,0.0
19.216,-0.049,-0.012,0,0,0,69.98999999364239,0.009743634040351506,69.98999999364239,0.009743634040351506,0.0
19.42,-0.05,-0.014,0,0,0,69.98999999364239,0.009743634040351506,69.98999999364239,0.009743634040351506,0.0
19.628,-0.052,-0.015,0,0,0,69.98999999364239,0.009743634040351506,69.98999999364239,0.009743634040351506,0.0
19.836,-0.054,-0.013,0,0,0,69.98999999364239,0.009743634040351506,69.98999999364239,0.009743634040351506,0.0
20.036,-0.053,-0.015,0,0,0,69.98999999364239,0.009743634040351506,69.98999999364239,0.009743634040351506,0.0
20.244,-0.05,-0.018,0,0,0,69.98999999364239,0.009743634040351506,69.98999999364239,0.009743634040351506,0.0
20.448,-0.045,-0.02,0,0,0,69.98999999364239,0.009743634040351506,69.98999999364239,0.009743634040351506,0.0
20.652,-0.04,-0.021,0,0,0,69.98999999364239,0.009743634040351506,69.98999999364239,0.009743634040351506,0.0
20.86,-0.035,-0.018,0,0,0,69.98999999364239,0.009743634040351506,69.98999999364239,0.009743634040351506,0.0
21.068,-0.03,-0.013,0,0,0,69.98999999364239,0.009743634040351506,69.98999999364239,0.009743634040351506,0.0
21.276,-0.025,-0.009,0,0,0,69.98999999364239,0.009743634040351506,69.98999999364239,0.009743634040351506,0.0
21.484,-0.019,-0.007,0,0,0,69.98999999364239,0.009743634040351506,69.98999999364239,0.009743634040351506,0.0
21.692,-0.016,-0.008,0,0,0,69.98999999364239,0.009743634040351506,69.98999999364239,0.009743634040351506,0.0
21.9,-0.016,-0.009,0,0,0,69.98999999364239,0.009743634040351506,69.98999999364239,0.009743634040351506,0.0
22.1,-0.017,-0.011,0,0,0,69.98999999364239,0.009743634040351506,69.98999999364239,0.009743634040351506,0.0
22.308,-0.017,-0.012,0,0,0,69.98999999364239,0.009743634040351506,69.98999999364239,0.009743634040351506,0.0
22.516,-0.018,-0.012,0,0,0,69.98999999364239,0.009743634040351506,69.98999999364239,0.009743634040351506,0.0
22.716,-0.019,-0.013,0,0,0,69.98999999364239,0.009743634040351506,69.98999999364239,0.009743634040351506,0.0
22.924,-0.018,-0.011,0,0,0,69.98999999364239,0.009743634040351506,69.98999999364239,0.009743634040351506,0.0
23.132,-0.017,-0.008,0,0,0,69.98999999364239,0.009743634040351506,69.98999999364239,0.009743634040351506,0.0
23.34,-0.016,-0.007,0,0,0,69.98999999364239,0.009743634040351506,69.98999999364239,0.009743634040351506,0.0
23.548,-0.017,-0.007,0,0,0,69.98999999364239,0.009743634040351506,69.98999999364239,0.009743634040351506,0.0
23.748,-0.02,-0.004,0,0,0,69.98999999364239,0.009743634040351506,69.98999999364239,0.009743634040351506,0.0
23.956,-0.023,0.001,0,0,0,69.98999999364239,0.009743634040351506,69.98999999364239,0.009743634040351506,0.0
24.164,-0.023,0.008,0,0,0,69.98999999364239,0.009743634040351506,69.98999999364239,0.009743634040351506,0.0
24.372,-0.024,0.013,0,0,0,69.98999999364239,0.009743634040351506,69.98999999364239,0.009743634040351506,0.0
24.58,-0.025,0.015,0,0,0,69.98999999364239,0.009743634040351506,69.98999999364239,0.009743634040351506,0.0
24.78,-0.027,0.016,0,0,0,69.98999999364239,0.009743634040351506,69.98999999364239,0.009743634040351506,0.0
24.988,-0.028,0.019,0,0,0,69.98999999364239,0.009743634040351506,69.98999999364239,0.009743634040351506,0.0
25.196,-0.027,0.022,0,0,0,69.98999999364239,0.009743634040351506,69.98999999364239,0.009743634040351506,0.0
25.404,-0.023,0.026,0,0,0,69.98999999364239,0.009743634040351506,69.98999999364239,0.009743634040351506,0.0
25.608,-0.02,0.03,0,0,0,69.98999999364239,0.009743634040351506,69.98999999364239,0.009743634040351506,0.0
25.82,-0.019,0.031,0,0,0,69.98999999364239,0.009743634040351506,69.98999999364239,0.009743634040351506,0.0
26.024,-0.018,0.029,0,0,0,69.98999999364239,0.009743634040351506,69.98999999364239,0.009743634040351506,0.0
26.232,-0.019,0.028,0,0,0,69.98999999364239,0.009743634040351506,69.98999999364239,0.009743634040351506,0.0
26.44,-0.023,0.026,0,0,0,69.98999999364239,0.009743634040351506,69.98999999364239,0.009743634040351506,0.0
26.648,-0.03,0.022,0,0,0,69.98999999364239,0.009743634040351506,69.98999999364239,0.009743634040351506,0.0
26.856,-0.037,0.017,0,0,0,69.98999999364239,0.009743634040351506,69.98999999364239,0.009743634040351506,0.0
27.064,-0.04,0.013,0,0,0,69.98999999364239,0.009743634040351506,69.98999999364239,0.009743634040351506,0.0
27.272,-0.042,0.008,0,0,0,69.98999999364239,0.009743634040351506,69.98999999364239,0.009743634040351506,0.0
27.472,-0.042,0.006,0,0,0,69.98999999364239,0.009743634040351506,69.98999999364239,0.009743634040351506,0.0
27.68,-0.039,0.004,0,0,0,69.98999999364239,0.009743634040351506,69.98999999364239,0.009743634040351506,0.0
27.888,-0.035,0.003,0,0,0,69.98999999364239,0.009743634040351506,69.98999999364239,0.009743634040351506,0.0
28.096,-0.03,0.0,0,0,0,69.98999999364239,0.009743634040351506,69.98999999364239,0.009743634040351506,0.0
28.304,-0.027,-0.001,0,0,0,69.98999999364239,0.009743634040351506,69.98999999364239,0.009743634040351506,0.0
28.504,-0.026,0.0,0,0,0,69.98999999364239,0.009743634040351506,69.98999999364239,0.009743634040351506,0.0
28.712,-0.027,0.001,0,0,0,69.98999999364239,0.009743634040351506,69.98999999364239,0.009743634040351506,0.0
28.92,-0.027,-0.002,0,0,0,69.98999999364239,0.009743634040351506,69.98999999364239,0.009743634040351506,0.0
29.128,-0.028,-0.005,0,0,0,69.98999999364239,0.009743634040351506,69.98999999364239,0.009743634040351506,0.0
29.336,-0.031,-0.008,0,0,0,69.98999999364239,0.009743634040351506,69.98999999364239,0.009743634040351506,0.0
29.536,-0.035,-0.012,0,0,0,69.98999999364239,0.009743634040351506,69.98999999364239,0.009743634040351506,0.0
29.74,-0.035,-0.016,0,0,0,69.98999999364239,0.009743634040351506,69.98999999364239,0.009743634040351506,0.0
29.94,-0.035,-0.018,0,0,0,69.98999999364239,0.009743634040351506,69.98999999364239,0.009743634040351506,0.0
30.148,-0.034,-0.018,0,0,0,69.98999999364239,0.009743634040351506,69.98999999364239,0.009743634040351506,0.0
30.36,-0.031,-0.016,0,0,0,69.98999999364239,0.009743634040351506,69.98999999364239,0.009743634040351506,0.0
30.564,-0.026,-0.012,0,0,0,69.98999999364239,0.009743634040351506,69.98999999364239,0.009743634040351506,0.0
30.772,-0.02,-0.008,0,0,0,69.98999999364239,0.009743634040351506,69.98999999364239,0.009743634040351506,0.0
30.972,-0.015,-0.008,0,0,0,69.98999999364239,0.009743634040351506,69.98999999364239,0.009743634040351506,0.0
31.18,-0.009,-0.009,0,0,0,69.99099999149605,0.009743623520283306,69.99099999149605,0.009743623520283306,0.0
31.388,-0.004,-0.013,0,0,0,69.99599999104393,0.009743570919834157,69.99599999104393,0.009743570919834157,0.0
31.596,-0.002,-0.016,0,0,0,69.99799999070494,0.009743549879656161,69.99799999070494,0.009743549879656161,0.0
31.804,-0.001,-0.019,0,0,0,69.998999990366,0.009743539359568947,69.998999990366,0.009743539359568947,0.0
32.012,0.001,-0.023,0,0,0,70.00099998991404,0.009743518319392139,70.00099998991404,0.009743518319392139,0.0
32.212,0.004,-0.026,0,0,0,70.00399998957498,0.009743486759123362,70.00399998957498,0.009743486759123362,0.0
32.416,0.009,-0.026,0,0,0,70.0089999895747,0.00974343415866946,70.0089999895747,0.00974343415866946,0.0
32.616,0.014,-0.026,0,0,0,70.01399998957443,0.009743381558215558,70.01399998957443,0.009743381558215558,0.0
32.816,0.018,-0.028,0,0,0,70.01799998934828,0.009743339477854813,70.01799998934828,0.009743339477854813,0.0
33.024,0.02,-0.031,0,0,0,70.01999998900929,0.009743318437676817,70.01999998900929,0.009743318437676817,0.0
33.232,0.019,-0.032,0,0,0,70.01899998889638,0.009743328957768787,70.01899998889638,0.009743328957768787,0.0
33.436,0.019,-0.031,0,0,0,70.01899998900934,0.009743328957767599,70.01899998900934,0.009743328957767599,0.0
33.64,0.019,-0.029,0,0,0,70.01899998923527,0.009743328957765222,70.01899998923527,0.009743328957765222,0.0
33.84,0.019,-0.027,0,0,0,70.0189999894612,0.009743328957762845,70.0189999894612,0.009743328957762845,0.0
34.048,0.02,-0.026,0,0,0,70.0199999895741,0.009743318437670876,70.0199999895741,0.009743318437670876,0.0
34.256,0.021,-0.025,0,0,0,70.020999989687,0.009743307917578908,70.020999989687,0.009743307917578908,0.0
34.456,0.024,-0.025,0,0,0,70.02399998968683,0.009743276357306567,70.02399998968683,0.009743276357306567,0.0
34.664,0.028,-0.025,0,0,0,70.02799998968662,0.009743234276943446,70.02799998968662,0.009743234276943446,0.0
34.872,0.029,-0.027,0,0,0,70.02899998946064,0.009743223756855041,70.02899998946064,0.009743223756855041,0.0
35.072,0.029,-0.029,0,0,0,70.02899998923472,0.009743223756857418,70.02899998923472,0.009743223756857418,0.0
35.28,0.024,-0.028,0,0,0,70.02399998934794,0.009743276357310132,70.02399998934794,0.009743276357310132,0.0
35.488,0.018,-0.027,0,0,0,70.01799998946125,0.009743339477853625,70.01799998946125,0.009743339477853625,0.0
35.692,0.011,-0.029,0,0,0,70.01099998923571,0.009743413118491464,70.01099998923571,0.009743413118491464,0.0
35.896,0.007,-0.03,0,0,0,70.00699998912297,0.009743455198855775,70.00699998912297,0.009743455198855775,0.0
36.104,0.004,-0.031,0,0,0,70.00399998901017,0.009743486759129304,70.00399998901017,0.009743486759129304,0.0
36.304,0.003,-0.028,0,0,0,70.0029999893491,0.00974349727921652,70.0029999893491,0.00974349727921652,0.0
36.512,0.004,-0.023,0,0,0,70.00399998991386,0.009743486759119797,70.00399998991386,0.009743486759119797,0.0
36.712,0.006,-0.016,0,0,0,70.00599999070448,0.009743465718929919,70.00599999070448,0.009743465718929919,0.0
36.92,0.007,-0.011,0,0,0,70.00699999126925,0.009743455198833196,70.00699999126925,0.009743455198833196,0.0
37.128,0.005,-0.007,0,0,0,70.00499999172119,0.009743476239010004,70.00499999172119,0.009743476239010004,0.0
37.328,0.004,-0.006,0,0,0,70.00399999183422,0.009743486759099595,70.00399999183422,0.009743486759099595,0.0
37.536,0.003,-0.006,0,0,0,70.00299999183427,0.009743497279190376,70.00299999183427,0.009743497279190376,0.0
37.744,0.001,-0.008,0,0,0,70.00099999160847,0.009743518319374313,70.00099999160847,0.009743518319374313,0.0
37.944,0.001,-0.011,0,0,0,70.00099999126958,0.009743518319377878,70.00099999126958,0.009743518319377878,0.0
38.152,0.0,-0.014,0,0,0,69.99999999093075,0.009743528839472224,69.99999999093075,0.009743528839472224,0.0
38.36,-0.002,-0.013,0,0,0,69.99799999104383,0.009743549879652596,69.99799999104383,0.009743549879652596,0.0
38.56,-0.005,-0.011,0,0,0,69.9949999912699,0.00974358143992256,69.9949999912699,0.00974358143992256,0.0
38.768,-0.007,-0.008,0,0,0,69.9929999916089,0.009743602480100555,69.9929999916089,0.009743602480100555,0.0
38.968,-0.009,-0.005,0,0,0,69.9909999919479,0.009743623520278551,69.9909999919479,0.009743623520278551,0.0
39.176,-0.01,-0.002,0,0,0,69.98999999364239,0.009743634040351506,69.98999999364239,0.009743634040351506,0.0
39.384,-0.011,-0.002,0,0,0,69.98999999364239,0.009743634040351506,69.98999999364239,0.009743634040351506,0.0
39.584,-0.011,-0.004,0,0,0,69.98999999364239,0.009743634040351506,69.98999999364239,0.009743634040351506,0.0
39.792,-0.011,-0.006,0,0,0,69.98999999364239,0.009743634040351506,69.98999999364239,0.009743634040351506,0.0
40.0,-0.01,-0.006,0,0,0,69.98999999364239,0.009743634040351506,69.98999999364239,0.009743634040351506,0.0
40.2,-0.009,-0.005,0,0,0,69.9909999919479,0.009743623520278551,69.9909999919479,0.009743623520278551,0.0
40.408,-0.006,-0.005,0,0,0,69.99399999194773,0.009743591960006211,69.99399999194773,0.009743591960006211,0.0
40.616,-0.004,-0.007,0,0,0,69.99599999172169,0.009743570919827027,69.99599999172169,0.009743570919827027,0.0
40.816,-0.003,-0.011,0,0,0,69.9969999912698,0.009743560399740999,69.9969999912698,0.009743560399740999,0.0
41.024,-0.001,-0.012,0,0,0,69.99899999115674,0.009743539359560627,69.99899999115674,0.009743539359560627,0.0
41.232,-0.001,-0.014,0,0,0,69.99899999093081,0.009743539359563003,69.99899999093081,0.009743539359563003,0.0
41.432,-0.002,-0.016,0,0,0,69.99799999070494,0.009743549879656161,69.99799999070494,0.009743549879656161,0.0
41.64,-0.004,-0.019,0,0,0,69.99599999036616,0.009743570919841286,69.99599999036616,0.009743570919841286,0.0
41.84,-0.007,-0.02,0,0,0,69.99299999025337,0.009743602480114816,69.99299999025337,0.009743602480114816,0.0
42.044,-0.01,-0.02,0,0,0,69.98999999364239,0.009743634040351506,69.98999999364239,0.009743634040351506,0.0
42.244,-0.012,-0.018,0,0,0,69.98999999364239,0.009743634040351506,69.98999999364239,0.009743634040351506,0.0
42.444,-0.014,-0.015,0,0,0,69.98999999364239,0.009743634040351506,69.98999999364239,0.009743634040351506,0.0
42.652,-0.015,-0.012,0,0,0,69.98999999364239,0.009743634040351506,69.98999999364239,0.009743634040351506,0.0
42.86,-0.015,-0.007,0,0,0,69.98999999364239,0.009743634040351506,69.98999999364239,0.009743634040351506,0.0
43.06,-0.012,-0.003,0,0,0,69.98999999364239,0.009743634040351506,69.98999999364239,0.009743634040351506,0.0
43.268,-0.008,0.003,0,0,0,69.99199999285155,0.009743613000178264,69.99199999285155,0.009743613000178264,0.0
43.468,-0.006,0.007,0,0,0,69.99399999330328,0.00974359195999195,69.99399999330328,0.00974359195999195,0.0
43.676,-0.006,0.01,0,0,0,69.99399999364216,0.009743591959988385,69.99399999364216,0.009743591959988385,0.0
43.884,-0.005,0.011,0,0,0,69.99499999375506,0.009743581439896416,69.99499999375506,0.009743581439896416,0.0
44.084,-0.006,0.01,0,0,0,69.99399999364216,0.009743591959988385,69.99399999364216,0.009743591959988385,0.0
44.292,-0.008,0.007,0,0,0,69.9919999933034,0.00974361300017351,69.9919999933034,0.00974361300017351,0.0
44.5,-0.011,0.002,0,0,0,69.98999999364239,0.009743634040351506,69.98999999364239,0.009743634040351506,0.0
44.7,-0.016,-0.004,0,0,0,69.98999999364239,0.009743634040351506,69.98999999364239,0.009743634040351506,0.0
44.908,-0.022,-0.008,0,0,0,69.98999999364239,0.009743634040351506,69.98999999364239,0.009743634040351506,0.0
45.116,-0.025,-0.009,0,0,0,69.98999999364239,0.009743634040351506,69.98999999364239,0.009743634040351506,0.0
45.32,-0.027,-0.009,0,0,0,69.98999999364239,0.009743634040351506,69.98999999364239,0.009743634040351506,0.0
45.524,-0.026,-0.01,0,0,0,69.98999999364239,0.009743634040351506,69.98999999364239,0.009743634040351506,0.0
45.732,-0.025,-0.011,0,0,0,69.98999999364239,0.009743634040351506,69.98999999364239,0.009743634040351506,0.0
45.932,-0.025,-0.013,0,0,0,69.98999999364239,0.009743634040351506,69.98999999364239,0.009743634040351506,0.0
46.14,-0.023,-0.015,0,0,0,69.98999999364239,0.009743634040351506,69.98999999364239,0.009743634040351506,0.0
46.34,-0.019,-0.018,0,0,0,69.98999999364239,0.009743634040351506,69.98999999364239,0.009743634040351506,0.0
46.548,-0.016,-0.021,0,0,0,69.98999999364239,0.009743634040351506,69.98999999364239,0.009743634040351506,0.0
46.756,-0.013,-0.024,0,0,0,69.98999999364239,0.009743634040351506,69.98999999364239,0.009743634040351506,0.0
46.956,-0.012,-0.023,0,0,0,69.98999999364239,0.009743634040351506,69.98999999364239,0.009743634040351506,0.0
47.164,-0.009,-0.022,0,0,0,69.99099999002755,0.009743623520298754,69.99099999002755,0.009743623520298754,0.0
47.372,-0.006,-0.021,0,0,0,69.99399999014034,0.009743591960025225,69.99399999014034,0.009743591960025225,0.0
47.572,-0.007,-0.018,0,0,0,69.99299999047929,0.00974360248011244,69.99299999047929,0.00974360248011244,0.0
47.78,-0.007,-0.013,0,0,0,69.9929999910441,0.009743602480106498,69.9929999910441,0.009743602480106498,0.0
47.988,-0.009,-0.011,0,0,0,69.99099999127013,0.009743623520285682,69.99099999127013,0.009743623520285682,0.0
48.188,-0.01,-0.013,0,0,0,69.98999999364239,0.009743634040351506,69.98999999364239,0.009743634040351506,0.0
48.396,-0.011,-0.015,0,0,0,69.98999999364239,0.009743634040351506,69.98999999364239,0.009743634040351506,0.0
48.604,-0.01,-0.017,0,0,0,69.98999999364239,0.009743634040351506,69.98999999364239,0.009743634040351506,0.0
48.804,-0.008,-0.018,0,0,0,69.99199999047934,0.00974361300020322,69.99199999047934,0.00974361300020322,0.0
49.012,-0.005,-0.018,0,0,0,69.99499999047917,0.00974358143993088,69.99499999047917,0.00974358143993088,0.0
49.212,-0.003,-0.019,0,0,0,69.9969999903661,0.009743560399750507,69.9969999903661,0.009743560399750507,0.0
49.42,-0.002,-0.019,0,0,0,69.99799999036605,0.009743549879659726,69.99799999036605,0.009743549879659726,0.0
49.628,-0.008,-0.018,0,0,0,69.99199999047934,0.00974361300020322,69.99199999047934,0.00974361300020322,0.0
49.828,-0.016,-0.016,0,0,0,69.98999999364239,0.009743634040351506,69.98999999364239,0.009743634040351506,0.0
50.036,-0.025,-0.017,0,0,0,69.98999999364239,0.009743634040351506,69.98999999364239,0.009743634040351506,0.0
50.244,-0.035,-0.021,0,0,0,69.98999999364239,0.009743634040351506,69.98999999364239,0.009743634040351506,0.0
50.444,-0.041,-0.026,0,0,0,69.98999999364239,0.009743634040351506,69.98999999364239,0.009743634040351506,0.0
50.652,-0.043,-0.028,0,0,0,69.98999999364239,0.009743634040351506,69.98999999364239,0.009743634040351506,0.0
50.86,-0.043,-0.031,0,0,0,69.98999999364239,0.009743634040351506,69.98999999364239,0.009743634040351506,0.0
51.064,-0.04,-0.032,0,0,0,69.98999999364239,0.009743634040351506,69.98999999364239,0.009743634040351506,0.0
51.268,-0.033,-0.032,0,0,0,69.98999999364239,0.009743634040351506,69.98999999364239,0.009743634040351506,0.0
51.468,-0.026,-0.032,0,0,0,69.98999999364239,0.009743634040351506,69.98999999364239,0.009743634040351506,0.0
51.676,-0.02,-0.029,0,0,0,69.98999999364239,0.009743634040351506,69.98999999364239,0.009743634040351506,0.0
51.884,-0.016,-0.027,0,0,0,69.98999999364239,0.009743634040351506,69.98999999364239,0.009743634040351506,0.0
52.084,-0.014,-0.029,0,0,0,69.98999999364239,0.009743634040351506,69.98999999364239,0.009743634040351506,0.0
52.292,-0.012,-0.033,0,0,0,69.98999999364239,0.009743634040351506,69.98999999364239,0.009743634040351506,0.0
52.5,-0.009,-0.034,0,0,0,69.99099998867202,0.009743623520313015,69.99099998867202,0.009743623520313015,0.0
52.7,-0.007,-0.033,0,0,0,69.99299998878486,0.009743602480130266,69.99299998878486,0.009743602480130266,0.0
52.908,-0.006,-0.031,0,0,0,69.99399998901072,0.009743591960037108,69.99399998901072,0.009743591960037108,0.0
53.116,-0.006,-0.029,0,0,0,69.99399998923664,0.009743591960034732,69.99399998923664,0.009743591960034732,0.0
53.316,-0.009,-0.03,0,0,0,69.99099998912385,0.009743623520308262,69.99099998912385,0.009743623520308262,0.0
53.524,-0.013,-0.029,0,0,0,69.98999999364239,0.009743634040351506,69.98999999364239,0.009743634040351506,0.0
53.732,-0.02,-0.028,0,0,0,69.98999999364239,0.009743634040351506,69.98999999364239,0.009743634040351506,0.0
53.932,-0.023,-0.027,0,0,0,69.98999999364239,0.009743634040351506,69.98999999364239,0.009743634040351506,0.0
54.14,-0.025,-0.022,0,0,0,69.98999999364239,0.009743634040351506,69.98999999364239,0.009743634040351506,0.0
54.34,-0.024,-0.02,0,0,0,69.98999999364239,0.009743634040351506,69.98999999364239,0.009743634040351506,0.0
54.548,-0.022,-0.018,0,0,0,69.98999999364239,0.009743634040351506,69.98999999364239,0.009743634040351506,0.0
54.756,-0.017,-0.015,0,0,0,69.98999999364239,0.009743634040351506,69.98999999364239,0.009743634040351506,0.0
54.956,-0.012,-0.013,0,0,0,69.98999999364239,0.009743634040351506,69.98999999364239,0.009743634040351506,0.0
55.164,-0.01,-0.009,0,0,0,69.98999999364239,0.009743634040351506,69.98999999364239,0.009743634040351506,0.0
55.372,-0.01,-0.005,0,0,0,69.98999999364239,0.009743634040351506,69.98999999364239,0.009743634040351506,0.0
55.572,-0.01,-0.002,0,0,0,69.98999999364239,0.009743634040351506,69.98999999364239,0.009743634040351506,0.0
55.78,-0.011,-0.002,0,0,0,69.98999999364239,0.009743634040351506,69.98999999364239,0.009743634040351506,0.0
55.988,-0.01,-0.001,0,0,0,69.98999999364239,0.009743634040351506,69.98999999364239,0.009743634040351506,0.0
56.188,-0.008,-0.003,0,0,0,69.99199999217377,0.009743613000185395,69.99199999217377,0.009743613000185395,0.0
56.392,-0.005,-0.004,0,0,0,69.99499999206064,0.009743581439914242,69.99499999206064,0.009743581439914242,0.0
56.596,-0.001,-0.003,0,0,0,69.99899999217338,0.009743539359549932,69.99899999217338,0.009743539359549932,0.0
56.796,0.001,-0.001,0,0,0,70.0009999923992,0.009743518319365995,70.0009999923992,0.009743518319365995,0.0
56.996,0.001,0.002,0,0,0,70.00099999273809,0.009743518319362428,70.00099999273809,0.009743518319362428,0.0
57.204,-0.002,0.005,0,0,0,69.99799999307714,0.009743549879631205,69.99799999307714,0.009743549879631205,0.0
57.404,-0.007,0.009,0,0,0,69.99299999352925,0.009743602480080354,69.99299999352925,0.009743602480080354,0.0
57.612,-0.013,0.01,0,0,0,69.98999999364239,0.009743634040351506,69.98999999364239,0.009743634040351506,0.0
57.82,-0.02,0.008,0,0,0,69.98999999364239,0.009743634040351506,69.98999999364239,0.009743634040351506,0.0
58.02,-0.028,0.006,0,0,0,69.98999999364239,0.009743634040351506,69.98999999364239,0.009743634040351506,0.0
58.228,-0.035,0.004,0,0,0,69.98999999364239,0.009743634040351506,69.98999999364239,0.009743634040351506,0.0
58.436,-0.042,0.002,0,0,0,69.98999999364239,0.009743634040351506,69.98999999364239,0.009743634040351506,0.0
58.636,-0.045,-0.001,0,0,0,69.98999999364239,0.009743634040351506,69.98999999364239,0.009743634040351506,0.0
58.844,-0.045,-0.001,0,0,0,69.98999999364239,0.009743634040351506,69.98999999364239,0.009743634040351506,0.0
59.052,-0.044,0.0,0,0,0,69.98999999364239,0.009743634040351506,69.98999999364239,0.009743634040351506,0.0
59.252,-0.043,0.001,0,0,0,69.98999999364239,0.009743634040351506,69.98999999364239,0.009743634040351506,0.0
59.456,-0.04,0.002,0,0,0,69.98999999364239,0.009743634040351506,69.98999999364239,0.009743634040351506,0.0
59.66,-0.038,0.004,0,0,0,69.98999999364239,0.009743634040351506,69.98999999364239,0.009743634040351506,0.0
59.864,-0.036,0.007,0,0,0,69.98999999364239,0.009743634040351506,69.98999999364239,0.009743634040351506,0.0
60.064,-0.034,0.009,0,0,0,69.98999999364239,0.009743634040351506,69.98999999364239,0.009743634040351506,0.0
60.264,-0.033,0.009,0,0,0,69.98999999364239,0.009743634040351506,69.98999999364239,0.009743634040351506,0.0
60.472,-0.03,0.007,0,0,0,69.98999999364239,0.009743634040351506,69.98999999364239,0.009743634040351506,0.0
60.68,-0.027,0.005,0,0,0,69.98999999364239,0.009743634040351506,69.98999999364239,0.009743634040351506,0.0
60.88,-0.025,0.003,0,0,0,69.98999999364239,0.009743634040351506,69.98999999364239,0.009743634040351506,0.0
61.088,-0.026,0.001,0,0,0,69.98999999364239,0.009743634040351506,69.98999999364239,0.009743634040351506,0.0
61.296,-0.029,0.0,0,0,0,69.98999999364239,0.009743634040351506,69.98999999364239,0.009743634040351506,0.0
61.496,-0.033,-0.002,0,0,0,69.98999999364239,0.009743634040351506,69.98999999364239,0.009743634040351506,0.0
61.7,-0.036,-0.004,0,0,0,69.98999999364239,0.009743634040351506,69.98999999364239,0.009743634040351506,0.0
61.908,-0.039,-0.007,0,0,0,69.98999999364239,0.009743634040351506,69.98999999364239,0.009743634040351506,0.0
62.112,-0.041,-0.01,0,0,0,69.98999999364239,0.009743634040351506,69.98999999364239,0.009743634040351506,0.0
62.32,-0.04,-0.012,0,0,0,69.98999999364239,0.009743634040351506,69.98999999364239,0.009743634040351506,0.0
62.524,-0.039,-0.014,0,0,0,69.98999999364239,0.009743634040351506,69.98999999364239,0.009743634040351506,0.0
62.732,-0.036,-0.017,0,0,0,69.98999999364239,0.009743634040351506,69.98999999364239,0.009743634040351506,0.0
62.932,-0.033,-0.022,0,0,0,69.98999999364239,0.009743634040351506,69.98999999364239,0.009743634040351506,0.0
63.14,-0.031,-0.028,0,0,0,69.98999999364239,0.009743634040351506,69.98999999364239,0.009743634040351506,0.0
63.34,-0.029,-0.03,0,0,0,69.98999999364239,0.009743634040351506,69.98999999364239,0.009743634040351506,0.0
63.548,-0.028,-0.031,0,0,0,69.98999999364239,0.009743634040351506,69.98999999364239,0.009743634040351506,0.0
63.756,-0.028,-0.029,0,0,0,69.98999999364239,0.009743634040351506,69.98999999364239,0.009743634040351506,0.0
63.956,-0.025,-0.027,0,0,0,69.98999999364239,0.009743634040351506,69.98999999364239,0.009743634040351506,0.0
64.156,-0.021,-0.026,0,0,0,69.98999999364239,0.009743634040351506,69.98999999364239,0.009743634040351506,0.0
64.364,-0.017,-0.026,0,0,0,69.98999999364239,0.009743634040351506,69.98999999364239,0.009743634040351506,0.0
64.572,-0.018,-0.024,0,0,0,69.98999999364239,0.009743634040351506,69.98999999364239,0.009743634040351506,0.0
64.772,-0.02,-0.021,0,0,0,69.98999999364239,0.009743634040351506,69.98999999364239,0.009743634040351506,0.0
64.98,-0.022,-0.02,0,0,0,69.98999999364239,0.009743634040351506,69.98999999364239,0.009743634040351506,0.0
65.18,-0.022,-0.02,0,0,0,69.98999999364239,0.009743634040351506,69.98999999364239,0.009743634040351506,0.0
65.384,-0.02,-0.02,0,0,0,69.98999999364239,0.009743634040351506,69.98999999364239,0.009743634040351506,0.0
65.584,-0.017,-0.019,0,0,0,69.98999999364239,0.009743634040351506,69.98999999364239,0.009743634040351506,0.0
65.784,-0.015,-0.022,0,0,0,69.98999999364239,0.009743634040351506,69.98999999364239,0.009743634040351506,0.0
65.992,-0.013,-0.025,0,0,0,69.98999999364239,0.009743634040351506,69.98999999364239,0.009743634040351506,0.0
66.2,-0.01,-0.026,0,0,0,69.98999999364239,0.009743634040351506,69.98999999364239,0.009743634040351506,0.0
66.4,-0.008,-0.025,0,0,0,69.99199998968861,0.009743613000211539,69.99199998968861,0.009743613000211539,0.0
66.608,-0.007,-0.023,0,0,0,69.99299998991448,0.009743602480118381,69.99299998991448,0.009743602480118381,0.0
66.808,-0.005,-0.02,0,0,0,69.99499999025325,0.009743581439933256,69.99499999025325,0.009743581439933256,0.0
67.016,-0.005,-0.017,0,0,0,69.99499999059213,0.009743581439929691,69.99499999059213,0.009743581439929691,0.0
67.224,-0.005,-0.016,0,0,0,69.9949999907051,0.009743581439928503,69.9949999907051,0.009743581439928503,0.0
67.424,-0.006,-0.016,0,0,0,69.99399999070515,0.009743591960019282,69.99399999070515,0.009743591960019282,0.0
67.632,-0.005,-0.016,0,0,0,69.9949999907051,0.009743581439928503,69.9949999907051,0.009743581439928503,0.0
67.84,-0.005,-0.014,0,0,0,69.99499999093102,0.009743581439926126,69.99499999093102,0.009743581439926126,0.0
68.04,-0.007,-0.011,0,0,0,69.99299999127001,0.009743602480104122,69.99299999127001,0.009743602480104122,0.0
68.248,-0.01,-0.01,0,0,0,69.98999999364239,0.009743634040351506,69.98999999364239,0.009743634040351506,0.0
68.452,-0.015,-0.01,0,0,0,69.98999999364239,0.009743634040351506,69.98999999364239,0.009743634040351506,0.0
68.652,-0.018,-0.01,0,0,0,69.98999999364239,0.009743634040351506,69.98999999364239,0.009743634040351506,0.0
68.852,-0.018,-0.009,0,0,0,69.98999999364239,0.009743634040351506,69.98999999364239,0.009743634040351506,0.0
69.052,-0.017,-0.007,0,0,0,69.98999999364239,0.009743634040351506,69.98999999364239,0.009743634040351506,0.0
69.26,-0.018,-0.007,0,0,0,69.98999999364239,0.009743634040351506,69.98999999364239,0.009743634040351506,0.0
69.468,-0.02,-0.006,0,0,0,69.98999999364239,0.009743634040351506,69.98999999364239,0.009743634040351506,0.0
69.668,-0.023,-0.004,0,0,0,69.98999999364239,0.009743634040351506,69.98999999364239,0.009743634040351506,0.0
69.872,-0.027,-0.002,0,0,0,69.98999999364239,0.009743634040351506,69.98999999364239,0.009743634040351506,0.0
70.076,-0.032,-0.0,0,0,0,69.98999999364239,0.009743634040351506,69.98999999364239,0.009743634040351506,0.0
70.276,-0.033,0.002,0,0,0,69.98999999364239,0.009743634040351506,69.98999999364239,0.009743634040351506,0.0
70.48,-0.032,0.005,0,0,0,69.98999999364239,0.009743634040351506,69.98999999364239,0.009743634040351506,0.0
70.68,-0.03,0.007,0,0,0,69.98999999364239,0.009743634040351506,69.98999999364239,0.009743634040351506,0.0
70.888,-0.028,0.01,0,0,0,69.98999999364239,0.009743634040351506,69.98999999364239,0.009743634040351506,0.0
71.096,-0.027,0.012,0,0,0,69.98999999364239,0.009743634040351506,69.98999999364239,0.009743634040351506,0.0
71.296,-0.027,0.014,0,0,0,69.98999999364239,0.009743634040351506,69.98999999364239,0.009743634040351506,0.0
71.504,-0.025,0.017,0,0,0,69.98999999364239,0.009743634040351506,69.98999999364239,0.009743634040351506,0.0
71.712,-0.023,0.019,0,0,0,69.98999999364239,0.009743634040351506,69.98999999364239,0.009743634040351506,0.0
71.912,-0.018,0.022,0,0,0,69.98999999364239,0.009743634040351506,69.98999999364239,0.009743634040351506,0.0
72.12,-0.012,0.025,0,0,0,69.98999999364239,0.009743634040351506,69.98999999364239,0.009743634040351506,0.0
72.328,-0.007,0.029,0,0,0,69.9929999957885,0.009743602480056587,69.9929999957885,0.009743602480056587,0.0
72.528,-0.005,0.033,0,0,0,69.99499999624022,0.009743581439870272,69.99499999624022,0.009743581439870272,0.0
72.736,-0.005,0.035,0,0,0,69.99499999646615,0.009743581439867895,69.99499999646615,0.009743581439867895,0.0
72.936,-0.008,0.033,0,0,0,69.9919999962404,0.009743613000142613,69.9919999962404,0.009743613000142613,0.0
73.144,-0.013,0.029,0,0,0,69.98999999364239,0.009743634040351506,69.98999999364239,0.009743634040351506,0.0
73.352,-0.017,0.025,0,0,0,69.98999999364239,0.009743634040351506,69.98999999364239,0.009743634040351506,0.0
73.556,-0.02,0.022,0,0,0,69.98999999364239,0.009743634040351506,69.98999999364239,0.009743634040351506,0.0
73.76,-0.019,0.017,0,0,0,69.98999999364239,0.009743634040351506,69.98999999364239,0.009743634040351506,0.0
73.968,-0.016,0.012,0,0,0,69.98999999364239,0.009743634040351506,69.98999999364239,0.009743634040351506,0.0
74.168,-0.014,0.006,0,0,0,69.98999999364239,0.009743634040351506,69.98999999364239,0.009743634040351506,0.0
74.376,-0.014,-0.0,0,0,0,69.98999999364239,0.009743634040351506,69.98999999364239,0.009743634040351506,0.0
74.584,-0.016,-0.005,0,0,0,69.98999999364239,0.009743634040351506,69.98999999364239,0.009743634040351506,0.0
74.784,-0.019,-0.009,0,0,0,69.98999999364239,0.009743634040351506,69.98999999364239,0.009743634040351506,0.0
74.992,-0.02,-0.013,0,0,0,69.98999999364239,0.009743634040351506,69.98999999364239,0.009743634040351506,0.0
75.2,-0.018,-0.016,0,0,0,69.98999999364239,0.009743634040351506,69.98999999364239,0.009743634040351506,0.0
75.4,-0.014,-0.02,0,0,0,69.98999999364239,0.009743634040351506,69.98999999364239,0.009743634040351506,0.0
75.608,-0.01,-0.021,0,0,0,69.98999999364239,0.009743634040351506,69.98999999364239,0.009743634040351506,0.0
75.808,-0.006,-0.022,0,0,0,69.99399999002738,0.009743591960026414,69.99399999002738,0.009743591960026414,0.0
76.016,-0.003,-0.021,0,0,0,69.99699999014018,0.009743560399752884,69.99699999014018,0.009743560399752884,0.0
76.22,0.001,-0.019,0,0,0,70.00099999036588,0.009743518319387384,70.00099999036588,0.009743518319387384,0.0
76.424,0.008,-0.018,0,0,0,70.00799999047847,0.009743444678750733,70.00799999047847,0.009743444678750733,0.0
76.632,0.014,-0.017,0,0,0,70.01399999059109,0.009743381558204863,70.01399999059109,0.009743381558204863,0.0
76.84,0.019,-0.016,0,0,0,70.01899999070378,0.009743328957749773,70.01899999070378,0.009743328957749773,0.0
77.04,0.023,-0.012,0,0,0,70.02299999115539,0.009743286877381898,70.02299999115539,0.009743286877381898,0.0
77.244,0.025,-0.007,0,0,0,70.02499999172011,0.009743265837194395,70.02499999172011,0.009743265837194395,0.0
77.448,0.026,-0.005,0,0,0,70.02599999194597,0.009743255317101239,70.02599999194597,0.009743255317101239,0.0
77.648,0.023,-0.004,0,0,0,70.02299999205908,0.00974328687737239,70.02299999205908,0.00974328687737239,0.0
77.848,0.017,-0.002,0,0,0,70.01699999228535,0.009743349997914697,70.01699999228535,0.009743349997914697,0.0
78.048,0.011,-0.0,0,0,0,70.0109999925116,0.009743413118457002,70.0109999925116,0.009743413118457002,0.0
78.248,0.003,-0.0,0,0,0,70.00299999251204,0.009743497279183244,70.00299999251204,0.009743497279183244,0.0
78.452,-0.002,-0.002,0,0,0,69.99799999228641,0.009743549879639523,69.99799999228641,0.009743549879639523,0.0
78.656,-0.006,-0.005,0,0,0,69.99399999194773,0.009743591960006211,69.99399999194773,0.009743591960006211,0.0
78.864,-0.008,-0.009,0,0,0,69.991999991496,0.009743613000192525,69.991999991496,0.009743613000192525,0.0
79.072,-0.013,-0.013,0,0,0,69.98999999364239,0.009743634040351506,69.98999999364239,0.009743634040351506,0.0
79.272,-0.019,-0.016,0,0,0,69.98999999364239,0.009743634040351506,69.98999999364239,0.009743634040351506,0.0
79.476,-0.022,-0.018,0,0,0,69.98999999364239,0.009743634040351506,69.98999999364239,0.009743634040351506,0.0
79.68,-0.024,-0.017,0,0,0,69.98999999364239,0.009743634040351506,69.98999999364239,0.009743634040351506,0.0
79.888,-0.024,-0.014,0,0,0,69.98999999364239,0.009743634040351506,69.98999999364239,0.009743634040351506,0.0
80.092,-0.022,-0.011,0,0,0,69.98999999364239,0.009743634040351506,69.98999999364239,0.009743634040351506,0.0
80.292,-0.02,-0.011,0,0,0,69.98999999364239,0.009743634040351506,69.98999999364239,0.009743634040351506,0.0
80.492,-0.019,-0.012,0,0,0,69.98999999364239,0.009743634040351506,69.98999999364239,0.009743634040351506,0.0
80.7,-0.017,-0.011,0,0,0,69.98999999364239,0.009743634040351506,69.98999999364239,0.009743634040351506,0.0
80.9,-0.016,-0.007,0,0,0,69.98999999364239,0.009743634040351506,69.98999999364239,0.009743634040351506,0.0
81.108,-0.015,-0.005,0,0,0,69.98999999364239,0.009743634040351506,69.98999999364239,0.009743634040351506,0.0
81.308,-0.014,-0.006,0,0,0,69.98999999364239,0.009743634040351506,69.98999999364239,0.009743634040351506,0.0
81.512,-0.013,-0.011,0,0,0,69.98999999364239,0.009743634040351506,69.98999999364239,0.009743634040351506,0.0
81.712,-0.014,-0.016,0,0,0,69.98999999364239,0.009743634040351506,69.98999999364239,0.009743634040351506,0.0
81.912,-0.015,-0.022,0,0,0,69.98999999364239,0.009743634040351506,69.98999999364239,0.009743634040351506,0.0
82.12,-0.016,-0.03,0,0,0,69.98999999364239,0.009743634040351506,69.98999999364239,0.009743634040351506,0.0
82.328,-0.017,-0.036,0,0,0,69.98999999364239,0.009743634040351506,69.98999999364239,0.009743634040351506,0.0
82.528,-0.018,-0.037,0,0,0,69.98999999364239,0.009743634040351506,69.98999999364239,0.009743634040351506,0.0
82.74,-0.02,-0.037,0,0,0,69.98999999364239,0.009743634040351506,69.98999999364239,0.009743634040351506,0.0
82.944,-0.023,-0.036,0,0,0,69.98999999364239,0.009743634040351506,69.98999999364239,0.009743634040351506,0.0
83.144,-0.025,-0.035,0,0,0,69.98999999364239,0.009743634040351506,69.98999999364239,0.009743634040351506,0.0
83.352,-0.028,-0.035,0,0,0,69.98999999364239,0.009743634040351506,69.98999999364239,0.009743634040351506,0.0
83.552,-0.027,-0.037,0,0,0,69.98999999364239,0.009743634040351506,69.98999999364239,0.009743634040351506,0.0
83.76,-0.025,-0.039,0,0,0,69.98999999364239,0.009743634040351506,69.98999999364239,0.009743634040351506,0.0
83.968,-0.022,-0.04,0,0,0,69.98999999364239,0.009743634040351506,69.98999999364239,0.009743634040351506,0.0
84.168,-0.018,-0.041,0,0,0,69.98999999364239,0.009743634040351506,69.98999999364239,0.009743634040351506,0.0
84.376,-0.015,-0.044,0,0,0,69.98999999364239,0.009743634040351506,69.98999999364239,0.009743634040351506,0.0
84.584,-0.01,-0.046,0,0,0,69.98999999364239,0.009743634040351506,69.98999999364239,0.009743634040351506,0.0
84.784,-0.007,-0.045,0,0,0,69.99299998742931,0.009743602480144525,69.99299998742931,0.009743602480144525,0.0
84.992,-0.004,-0.044,0,0,0,69.9959999875421,0.009743570919870995,69.9959999875421,0.009743570919870995,0.0
85.2,-0.003,-0.041,0,0,0,69.99699998788095,0.009743560399776651,69.99699998788095,0.009743560399776651,0.0
85.4,-0.003,-0.039,0,0,0,69.99699998810688,0.009743560399774275,69.99699998810688,0.009743560399774275,0.0
85.608,-0.004,-0.038,0,0,0,69.99599998821988,0.009743570919863866,69.99599998821988,0.009743570919863866,0.0
85.808,-0.005,-0.036,0,0,0,69.99499998844585,0.00974358143995227,69.99499998844585,0.00974358143995227,0.0
86.016,-0.004,-0.034,0,0,0,69.99599998867173,0.009743570919859113,69.99599998867173,0.009743570919859113,0.0
86.224,-0.004,-0.031,0,0,0,69.99599998901061,0.009743570919855548,69.99599998901061,0.009743570919855548,0.0
86.424,-0.004,-0.026,0,0,0,69.99599998957542,0.009743570919849606,69.99599998957542,0.009743570919849606,0.0
86.632,-0.005,-0.017,0,0,0,69.99499999059213,0.009743581439929691,69.99499999059213,0.009743581439929691,0.0
86.84,-0.007,-0.008,0,0,0,69.9929999916089,0.009743602480100555,69.9929999916089,0.009743602480100555,0.0
87.04,-0.007,-0.003,0,0,0,69.99299999217371,0.009743602480094614,69.99299999217371,0.009743602480094614,0.0
87.248,-0.006,-0.001,0,0,0,69.99399999239958,0.009743591960001458,69.99399999239958,0.009743591960001458,0.0
87.456,-0.007,0.001,0,0,0,69.99299999262556,0.00974360248008986,69.99299999262556,0.00974360248008986,0.0
87.656,-0.008,0.001,0,0,0,69.99199999262562,0.009743613000180642,69.99199999262562,0.009743613000180642,0.0
87.864,-0.008,-0.001,0,0,0,69.9919999923997,0.009743613000183018,69.9919999923997,0.009743613000183018,0.0
88.072,-0.008,-0.002,0,0,0,69.99199999228674,0.009743613000184207,69.99199999228674,0.009743613000184207,0.0
88.272,-0.008,-0.001,0,0,0,69.9919999923997,0.009743613000183018,69.9919999923997,0.009743613000183018,0.0
88.48,-0.008,0.001,0,0,0,69.99199999262562,0.009743613000180642,69.99199999262562,0.009743613000180642,0.0
88.68,-0.008,0.002,0,0,0,69.99199999273858,0.009743613000179454,69.99199999273858,0.009743613000179454,0.0
88.888,-0.007,0.0,0,0,0,69.9929999925126,0.009743602480091049,69.9929999925126,0.009743602480091049,0.0
89.092,-0.005,-0.005,0,0,0,69.99499999194768,0.00974358143991543,69.99499999194768,0.00974358143991543,0.0
89.296,-0.004,-0.01,0,0,0,69.9959999913828,0.009743570919830592,69.9959999913828,0.009743570919830592,0.0
89.504,-0.003,-0.012,0,0,0,69.99699999115684,0.009743560399742187,69.99699999115684,0.009743560399742187,0.0
89.712,-0.003,-0.013,0,0,0,69.99699999104388,0.009743560399743376,69.99699999104388,0.009743560399743376,0.0
89.912,-0.003,-0.014,0,0,0,69.99699999093092,0.009743560399744566,69.99699999093092,0.009743560399744566,0.0
90.12,-0.005,-0.014,0,0,0,69.99499999093102,0.009743581439926126,69.99499999093102,0.009743581439926126,0.0
90.328,-0.005,-0.014,0,0,0,69.99499999093102,0.009743581439926126,69.99499999093102,0.009743581439926126,0.0
90.528,-0.004,-0.013,0,0,0,69.99599999104393,0.009743570919834157,69.99599999104393,0.009743570919834157,0.0
90.736,-0.004,-0.011,0,0,0,69.99599999126984,0.00974357091983178,69.99599999126984,0.00974357091983178,0.0
90.936,-0.008,-0.011,0,0,0,69.99199999127008,0.009743613000194901,69.99199999127008,0.009743613000194901,0.0
91.144,-0.012,-0.011,0,0,0,69.98999999364239,0.009743634040351506,69.98999999364239,0.009743634040351506,0.0
91.352,-0.012,-0.011,0,0,0,69.98999999364239,0.009743634040351506,69.98999999364239,0.009743634040351506,0.0
91.552,-0.01,-0.011,0,0,0,69.98999999364239,0.009743634040351506,69.98999999364239,0.009743634040351506,0.0
91.76,-0.007,-0.011,0,0,0,69.99299999127001,0.009743602480104122,69.99299999127001,0.009743602480104122,0.0
91.968,-0.004,-0.007,0,0,0,69.99599999172169,0.009743570919827027,69.99599999172169,0.009743570919827027,0.0
92.168,-0.005,-0.005,0,0,0,69.99499999194768,0.00974358143991543,69.99499999194768,0.00974358143991543,0.0
92.376,-0.005,-0.005,0,0,0,69.99499999194768,0.00974358143991543,69.99499999194768,0.00974358143991543,0.0
92.584,-0.005,-0.008,0,0,0,69.9949999916088,0.009743581439918995,69.9949999916088,0.009743581439918995,0.0
92.784,-0.005,-0.009,0,0,0,69.99499999149583,0.009743581439920183,69.99499999149583,0.009743581439920183,0.0
92.992,-0.005,-0.008,0,0,0,69.9949999916088,0.009743581439918995,69.9949999916088,0.009743581439918995,0.0
93.2,-0.006,-0.006,0,0,0,69.99399999183477,0.0097435919600074,69.99399999183477,0.0097435919600074,0.0
93.404,-0.006,-0.005,0,0,0,69.99399999194773,0.009743591960006211,69.99399999194773,0.009743591960006211,0.0
93.608,-0.004,-0.006,0,0,0,69.99599999183465,0.009743570919825839,69.99599999183465,0.009743570919825839,0.0
93.816,-0.001,-0.009,0,0,0,69.99899999149561,0.009743539359557062,69.99899999149561,0.009743539359557062,0.0
94.02,0.001,-0.014,0,0,0,70.0009999909307,0.009743518319381443,70.0009999909307,0.009743518319381443,0.0
94.22,-0.002,-0.019,0,0,0,69.99799999036605,0.009743549879659726,69.99799999036605,0.009743549879659726,0.0
94.42,-0.007,-0.021,0,0,0,69.9929999901404,0.009743602480116005,69.9929999901404,0.009743602480116005,0.0
94.62,-0.012,-0.021,0,0,0,69.98999999364239,0.009743634040351506,69.98999999364239,0.009743634040351506,0.0
94.828,-0.017,-0.02,0,0,0,69.98999999364239,0.009743634040351506,69.98999999364239,0.009743634040351506,0.0
95.028,-0.02,-0.019,0,0,0,69.98999999364239,0.009743634040351506,69.98999999364239,0.009743634040351506,0.0
95.236,-0.019,-0.022,0,0,0,69.98999999364239,0.009743634040351506,69.98999999364239,0.009743634040351506,0.0
95.436,-0.02,-0.026,0,0,0,69.98999999364239,0.009743634040351506,69.98999999364239,0.009743634040351506,0.0
95.644,-0.022,-0.03,0,0,0,69.98999999364239,0.009743634040351506,69.98999999364239,0.009743634040351506,0.0
95.848,-0.023,-0.033,0,0,0,69.98999999364239,0.009743634040351506,69.98999999364239,0.009743634040351506,0.0
96.052,-0.025,-0.035,0,0,0,69.98999999364239,0.009743634040351506,69.98999999364239,0.009743634040351506,0.0
96.26,-0.028,-0.037,0,0,0,69.98999999364239,0.009743634040351506,69.98999999364239,0.009743634040351506,0.0
96.468,-0.03,-0.04,0,0,0,69.98999999364239,0.009743634040351506,69.98999999364239,0.009743634040351506,0.0
96.668,-0.03,-0.042,0,0,0,69.98999999364239,0.009743634040351506,69.98999999364239,0.009743634040351506,0.0
96.876,-0.029,-0.042,0,0,0,69.98999999364239,0.009743634040351506,69.98999999364239,0.009743634040351506,0.0
97.084,-0.027,-0.039,0,0,0,69.98999999364239,0.009743634040351506,69.98999999364239,0.009743634040351506,0.0
97.284,-0.023,-0.036,0,0,0,69.98999999364239,0.009743634040351506,69.98999999364239,0.009743634040351506,0.0
97.492,-0.018,-0.036,0,0,0,69.98999999364239,0.009743634040351506,69.98999999364239,0.009743634040351506,0.0
97.7,-0.013,-0.038,0,0,0,69.98999999364239,0.009743634040351506,69.98999999364239,0.009743634040351506,0.0
97.9,-0.01,-0.04,0,0,0,69.98999999364239,0.009743634040351506,69.98999999364239,0.009743634040351506,0.0
98.108,-0.009,-0.044,0,0,0,69.9909999875424,0.009743623520324898,69.9909999875424,0.009743623520324898,0.0
98.308,-0.009,-0.046,0,0,0,69.99099998731647,0.009743623520327274,69.99099998731647,0.009743623520327274,0.0
98.52,-0.01,-0.049,0,0,0,69.98999999364239,0.009743634040351506,69.98999999364239,0.009743634040351506,0.0
98.724,-0.013,-0.052,0,0,0,69.98999999364239,0.009743634040351506,69.98999999364239,0.009743634040351506,0.0
98.924,-0.016,-0.051,0,0,0,69.98999999364239,0.009743634040351506,69.98999999364239,0.009743634040351506,0.0
99.132,-0.022,-0.045,0,0,0,69.98999999364239,0.009743634040351506,69.98999999364239,0.009743634040351506,0.0
99.34,-0.027,-0.037,0,0,0,69.98999999364239,0.009743634040351506,69.98999999364239,0.009743634040351506,0.0
99.54,-0.034,-0.03,0,0,0,69.98999999364239,0.009743634040351506,69.98999999364239,0.009743634040351506,0.0
99.748,-0.042,-0.023,0,0,0,69.98999999364239,0.009743634040351506,69.98999999364239,0.009743634040351506,0.0
99.956,-0.05,-0.016,0,0,0,69.98999999364239,0.009743634040351506,69.98999999364239,0.009743634040351506,0.0
100.156,-0.057,-0.013,0,0,0,69.98999999364239,0.009743634040351506,69.98999999364239,0.009743634040351506,0.0
100.364,-0.062,-0.011,0,0,0,69.98999999364239,0.009743634040351506,69.98999999364239,0.009743634040351506,0.0
100.572,-0.065,-0.01,0,0,0,69.98999999364239,0.009743634040351506,69.98999999364239,0.009743634040351506,0.0
100.772,-0.064,-0.011,0,0,0,69.98999999364239,0.009743634040351506,69.98999999364239,0.009743634040351506,0.0
100.98,-0.058,-0.013,0,0,0,69.98999999364239,0.009743634040351506,69.98999999364239,0.009743634040351506,0.0
101.18,-0.051,-0.016,0,0,0,69.98999999364239,0.009743634040351506,69.98999999364239,0.009743634040351506,0.0
101.388,-0.043,-0.021,0,0,0,69.98999999364239,0.009743634040351506,69.98999999364239,0.009743634040351506,0.0
101.596,-0.036,-0.024,0,0,0,69.98999999364239,0.009743634040351506,69.98999999364239,0.009743634040351506,0.0
101.796,-0.033,-0.024,0,0,0,69.98999999364239,0.009743634040351506,69.98999999364239,0.009743634040351506,0.0
102.004,-0.03,-0.026,0,0,0,69.98999999364239,0.009743634040351506,69.98999999364239,0.009743634040351506,0.0
102.212,-0.027,-0.027,0,0,0,69.98999999364239,0.009743634040351506,69.98999999364239,0.009743634040351506,0.0
102.412,-0.022,-0.025,0,0,0,69.98999999364239,0.009743634040351506,69.98999999364239,0.009743634040351506,0.0
102.62,-0.017,-0.02,0,0,0,69.98999999364239,0.009743634040351506,69.98999999364239,0.009743634040351506,0.0
102.828,-0.015,-0.014,0,0,0,69.98999999364239,0.009743634040351506,69.98999999364239,0.009743634040351506,0.0
103.028,-0.012,-0.009,0,0,0,69.98999999364239,0.009743634040351506,69.98999999364239,0.009743634040351506,0.0
103.236,-0.014,-0.005,0,0,0,69.98999999364239,0.009743634040351506,69.98999999364239,0.009743634040351506,0.0
103.436,-0.017,-0.003,0,0,0,69.98999999364239,0.009743634040351506,69.98999999364239,0.009743634040351506,0.0
103.644,-0.019,-0.002,0,0,0,69.98999999364239,0.009743634040351506,69.98999999364239,0.009743634040351506,0.0
103.852,-0.018,-0.002,0,0,0,69.98999999364239,0.009743634040351506,69.98999999364239,0.009743634040351506,0.0
104.052,-0.017,-0.001,0,0,0,69.98999999364239,0.009743634040351506,69.98999999364239,0.009743634040351506,0.0
104.26,-0.019,0.001,0,0,0,69.98999999364239,0.009743634040351506,69.98999999364239,0.009743634040351506,0.0
104.468,-0.022,0.005,0,0,0,69.98999999364239,0.009743634040351506,69.98999999364239,0.009743634040351506,0.0
104.668,-0.025,0.007,0,0,0,69.98999999364239,0.009743634040351506,69.98999999364239,0.009743634040351506,0.0
104.876,-0.026,0.007,0,0,0,69.98999999364239,0.009743634040351506,69.98999999364239,0.009743634040351506,0.0
105.084,-0.025,0.007,0,0,0,69.98999999364239,0.009743634040351506,69.98999999364239,0.009743634040351506,0.0
105.284,-0.024,0.007,0,0,0,69.98999999364239,0.009743634040351506,69.98999999364239,0.009743634040351506,0.0
105.492,-0.022,0.008,0,0,0,69.98999999364239,0.009743634040351506,69.98999999364239,0.009743634040351506,0.0
105.7,-0.019,0.01,0,0,0,69.98999999364239,0.009743634040351506,69.98999999364239,0.009743634040351506,0.0
105.9,-0.015,0.013,0,0,0,69.98999999364239,0.009743634040351506,69.98999999364239,0.009743634040351506,0.0
106.108,-0.013,0.015,0,0,0,69.98999999364239,0.009743634040351506,69.98999999364239,0.009743634040351506,0.0
106.308,-0.014,0.017,0,0,0,69.98999999364239,0.009743634040351506,69.98999999364239,0.009743634040351506,0.0
106.516,-0.016,0.02,0,0,0,69.98999999364239,0.009743634040351506,69.98999999364239,0.009743634040351506,0.0
106.724,-0.019,0.024,0,0,0,69.98999999364239,0.009743634040351506,69.98999999364239,0.009743634040351506,0.0
106.924,-0.021,0.028,0,0,0,69.98999999364239,0.009743634040351506,69.98999999364239,0.009743634040351506,0.0
107.132,-0.023,0.031,0,0,0,69.98999999364239,0.009743634040351506,69.98999999364239,0.009743634040351506,0.0
107.34,-0.026,0.033,0,0,0,69.98999999364239,0.009743634040351506,69.98999999364239,0.009743634040351506,0.0
107.544,-0.029,0.034,0,0,0,69.98999999364239,0.009743634040351506,69.98999999364239,0.009743634040351506,0.0
107.748,-0.031,0.033,0,0,0,69.98999999364239,0.009743634040351506,69.98999999364239,0.009743634040351506,0.0
107.956,-0.033,0.03,0,0,0,69.98999999364239,0.009743634040351506,69.98999999364239,0.009743634040351506,0.0
108.156,-0.033,0.026,0,0,0,69.98999999364239,0.009743634040351506,69.98999999364239,0.009743634040351506,0.0
108.364,-0.033,0.021,0,0,0,69.98999999364239,0.009743634040351506,69.98999999364239,0.009743634040351506,0.0
108.572,-0.033,0.017,0,0,0,69.98999999364239,0.009743634040351506,69.98999999364239,0.009743634040351506,0.0
108.772,-0.031,0.012,0,0,0,69.98999999364239,0.009743634040351506,69.98999999364239,0.009743634040351506,0.0
108.98,-0.029,0.007,0,0,0,69.98999999364239,0.009743634040351506,69.98999999364239,0.009743634040351506,0.0
109.18,-0.027,0.003,0,0,0,69.98999999364239,0.009743634040351506,69.98999999364239,0.009743634040351506,0.0
109.388,-0.028,-0.002,0,0,0,69.98999999364239,0.009743634040351506,69.98999999364239,0.009743634040351506,0.0
109.604,-0.03,-0.008,0,0,0,69.98999999364239,0.009743634040351506,69.98999999364239,0.009743634040351506,0.0
109.808,-0.031,-0.014,0,0,0,69.98999999364239,0.009743634040351506,69.98999999364239,0.009743634040351506,0.0
110.016,-0.032,-0.013,0,0,0,69.98999999364239,0.009743634040351506,69.98999999364239,0.009743634040351506,0.0
110.228,-0.031,-0.01,0,0,0,69.98999999364239,0.009743634040351506,69.98999999364239,0.009743634040351506,0.0
110.432,-0.031,-0.01,0,0,0,69.98999999364239,0.009743634040351506,69.98999999364239,0.009743634040351506,0.0
110.632,-0.031,-0.01,0,0,0,69.98999999364239,0.009743634040351506,69.98999999364239,0.009743634040351506,0.0
110.836,-0.03,-0.01,0,0,0,69.98999999364239,0.009743634040351506,69.98999999364239,0.009743634040351506,0.0
111.036,-0.031,-0.009,0,0,0,69.98999999364239,0.009743634040351506,69.98999999364239,0.009743634040351506,0.0
111.236,-0.032,-0.007,0,0,0,69.98999999364239,0.009743634040351506,69.98999999364239,0.009743634040351506,0.0
111.436,-0.031,-0.005,0,0,0,69.98999999364239,0.009743634040351506,69.98999999364239,0.009743634040351506,0.0
111.644,-0.029,-0.003,0,0,0,69.98999999364239,0.009743634040351506,69.98999999364239,0.009743634040351506,0.0
111.852,-0.025,-0.003,0,0,0,69.98999999364239,0.009743634040351506,69.98999999364239,0.009743634040351506,0.0
112.052,-0.021,-0.003,0,0,0,69.98999999364239,0.009743634040351506,69.98999999364239,0.009743634040351506,0.0
112.26,-0.016,-0.001,0,0,0,69.98999999364239,0.009743634040351506,69.98999999364239,0.009743634040351506,0.0
112.468,-0.011,0.002,0,0,0,69.98999999364239,0.009743634040351506,69.98999999364239,0.009743634040351506,0.0
112.668,-0.005,0.004,0,0,0,69.99499999296434,0.009743581439904735,69.99499999296434,0.009743581439904735,0.0
112.876,0.001,0.004,0,0,0,70.00099999296401,0.009743518319360052,70.00099999296401,0.009743518319360052,0.0
113.084,0.004,0.003,0,0,0,70.00399999285088,0.0097434867590889,70.00399999285088,0.0097434867590889,0.0
113.284,0.004,-0.001,0,0,0,70.00399999239903,0.009743486759093653,70.00399999239903,0.009743486759093653,0.0
113.492,-0.0,-0.007,0,0,0,69.99999999172148,0.009743528839463904,69.99999999172148,0.009743528839463904,0.0
113.7,-0.006,-0.014,0,0,0,69.99399999093107,0.009743591960016906,69.99399999093107,0.009743591960016906,0.0
113.9,-0.012,-0.018,0,0,0,69.98999999364239,0.009743634040351506,69.98999999364239,0.009743634040351506,0.0
114.108,-0.018,-0.019,0,0,0,69.98999999364239,0.009743634040351506,69.98999999364239,0.009743634040351506,0.0
114.308,-0.022,-0.02,0,0,0,69.98999999364239,0.009743634040351506,69.98999999364239,0.009743634040351506,0.0
114.516,-0.023,-0.021,0,0,0,69.98999999364239,0.009743634040351506,69.98999999364239,0.009743634040351506,0.0
114.724,-0.025,-0.022,0,0,0,69.98999999364239,0.009743634040351506,69.98999999364239,0.009743634040351506,0.0
114.924,-0.027,-0.021,0,0,0,69.98999999364239,0.009743634040351506,69.98999999364239,0.009743634040351506,0.0
115.132,-0.028,-0.021,0,0,0,69.98999999364239,0.009743634040351506,69.98999999364239,0.009743634040351506,0.0
115.34,-0.028,-0.023,0,0,0,69.98999999364239,0.009743634040351506,69.98999999364239,0.009743634040351506,0.0
115.54,-0.027,-0.022,0,0,0,69.98999999364239,0.009743634040351506,69.98999999364239,0.009743634040351506,0.0
115.748,-0.025,-0.022,0,0,0,69.98999999364239,0.009743634040351506,69.98999999364239,0.009743634040351506,0.0
115.956,-0.023,-0.023,0,0,0,69.98999999364239,0.009743634040351506,69.98999999364239,0.009743634040351506,0.0
116.156,-0.021,-0.023,0,0,0,69.98999999364239,0.009743634040351506,69.98999999364239,0.009743634040351506,0.0
116.364,-0.021,-0.025,0,0,0,69.98999999364239,0.009743634040351506,69.98999999364239,0.009743634040351506,0.0
116.572,-0.019,-0.026,0,0,0,69.98999999364239,0.009743634040351506,69.98999999364239,0.009743634040351506,0.0
116.772,-0.018,-0.025,0,0,0,69.98999999364239,0.009743634040351506,69.98999999364239,0.009743634040351506,0.0
116.98,-0.016,-0.023,0,0,0,69.98999999364239,0.009743634040351506,69.98999999364239,0.009743634040351506,0.0
117.18,-0.015,-0.024,0,0,0,69.98999999364239,0.009743634040351506,69.98999999364239,0.009743634040351506,0.0
117.388,-0.014,-0.025,0,0,0,69.98999999364239,0.009743634040351506,69.98999999364239,0.009743634040351506,0.0
117.596,-0.015,-0.026,0,0,0,69.98999999364239,0.009743634040351506,69.98999999364239,0.009743634040351506,0.0
117.796,-0.014,-0.025,0,0,0,69.98999999364239,0.009743634040351506,69.98999999364239,0.009743634040351506,0.0
118.008,-0.013,-0.023,0,0,0,69.98999999364239,0.009743634040351506,69.98999999364239,0.009743634040351506,0.0
118.212,-0.013,-0.02,0,0,0,69.98999999364239,0.009743634040351506,69.98999999364239,0.009743634040351506,0.0
118.412,-0.015,-0.017,0,0,0,69.98999999364239,0.009743634040351506,69.98999999364239,0.009743634040351506,0.0
118.62,-0.017,-0.012,0,0,0,69.98999999364239,0.009743634040351506,69.98999999364239,0.009743634040351506,0.0
118.828,-0.016,-0.009,0,0,0,69.98999999364239,0.009743634040351506,69.98999999364239,0.009743634040351506,0.0
119.028,-0.015,-0.008,0,0,0,69.98999999364239,0.009743634040351506,69.98999999364239,0.009743634040351506,0.0
119.236,-0.011,-0.007,0,0,0,69.98999999364239,0.009743634040351506,69.98999999364239,0.009743634040351506,0.0
119.436,-0.007,-0.005,0,0,0,69.99299999194778,0.00974360248009699,69.99299999194778,0.00974360248009699,0.0
119.644,-0.002,-0.005,0,0,0,69.99799999194752,0.009743549879643088,69.99799999194752,0.009743549879643088,0.0
119.852,0.001,-0.005,0,0,0,70.00099999194735,0.009743518319370748,70.00099999194735,0.009743518319370748,0.0
120.052,0.004,-0.005,0,0,0,70.00399999194718,0.009743486759098407,70.00399999194718,0.009743486759098407,0.0
120.26,0.008,-0.006,0,0,0,70.007999991834,0.009743444678736474,70.007999991834,0.009743444678736474,0.0
120.468,0.01,-0.006,0,0,0,70.0099999918339,0.009743423638554913,70.0099999918339,0.009743423638554913,0.0
120.668,0.011,-0.005,0,0,0,70.01099999194679,0.009743413118462944,70.01099999194679,0.009743413118462944,0.0
120.876,0.011,-0.006,0,0,0,70.01099999183383,0.009743413118464132,70.01099999183383,0.009743413118464132,0.0
121.084,0.01,-0.006,0,0,0,70.0099999918339,0.009743423638554913,70.0099999918339,0.009743423638554913,0.0
121.284,0.006,-0.007,0,0,0,70.00599999172114,0.009743465718919223,70.00599999172114,0.009743465718919223,0.0
121.492,0.002,-0.007,0,0,0,70.00199999172136,0.009743507799282344,70.00199999172136,0.009743507799282344,0.0
121.7,-0.003,-0.007,0,0,0,69.99699999172165,0.009743560399736246,69.99699999172165,0.009743560399736246,0.0
121.9,-0.005,-0.005,0,0,0,69.99499999194768,0.00974358143991543,69.99499999194768,0.00974358143991543,0.0
122.108,-0.003,-0.003,0,0,0,69.9969999921735,0.009743560399731493,69.9969999921735,0.009743560399731493,0.0
122.308,0.001,-0.0,0,0,0,70.00099999251216,0.009743518319364807,70.00099999251216,0.009743518319364807,0.0
122.516,0.006,0.003,0,0,0,70.00599999285076,0.00974346571890734,70.00599999285076,0.00974346571890734,0.0
122.724,0.009,0.006,0,0,0,70.00899999318949,0.009743434158631433,70.00899999318949,0.009743434158631433,0.0
122.924,0.012,0.007,0,0,0,70.01199999330228,0.009743402598357903,70.01199999330228,0.009743402598357903,0.0
123.132,0.014,0.004,0,0,0,70.01399999296328,0.009743381558179907,70.01399999296328,0.009743381558179907,0.0
123.34,0.012,0.001,0,0,0,70.01199999262451,0.009743402598365033,70.01199999262451,0.009743402598365033,0.0
123.54,0.008,-0.001,0,0,0,70.00799999239881,0.009743444678730532,70.00799999239881,0.009743444678730532,0.0
123.748,0.004,-0.002,0,0,0,70.00399999228607,0.009743486759094842,70.00399999228607,0.009743486759094842,0.0
123.952,0.001,-0.003,0,0,0,70.00099999217328,0.009743518319368372,70.00099999217328,0.009743518319368372,0.0
124.156,-0.0,-0.005,0,0,0,69.9999999919474,0.009743528839461528,69.9999999919474,0.009743528839461528,0.0
124.364,-0.001,-0.005,0,0,0,69.99899999194746,0.009743539359552309,69.99899999194746,0.009743539359552309,0.0
124.572,-0.003,-0.005,0,0,0,69.99699999194758,0.00974356039973387,69.99699999194758,0.00974356039973387,0.0
124.772,-0.006,-0.007,0,0,0,69.99399999172181,0.009743591960008588,69.99399999172181,0.009743591960008588,0.0
124.98,-0.01,-0.01,0,0,0,69.98999999364239,0.009743634040351506,69.98999999364239,0.009743634040351506,0.0
125.18,-0.013,-0.013,0,0,0,69.98999999364239,0.009743634040351506,69.98999999364239,0.009743634040351506,0.0
125.388,-0.013,-0.016,0,0,0,69.98999999364239,0.009743634040351506,69.98999999364239,0.009743634040351506,0.0
125.596,-0.012,-0.019,0,0,0,69.98999999364239,0.009743634040351506,69.98999999364239,0.009743634040351506,0.0
125.796,-0.01,-0.023,0,0,0,69.98999999364239,0.009743634040351506,69.98999999364239,0.009743634040351506,0.0
126.004,-0.009,-0.026,0,0,0,69.9909999895757,0.009743623520303507,69.9909999895757,0.009743623520303507,0.0
126.212,-0.008,-0.029,0,0,0,69.99199998923676,0.009743613000216292,69.99199998923676,0.009743613000216292,0.0
126.412,-0.008,-0.029,0,0,0,69.99199998923676,0.009743613000216292,69.99199998923676,0.009743613000216292,0.0
126.62,-0.008,-0.024,0,0,0,69.99199998980157,0.00974361300021035,69.99199998980157,0.00974361300021035,0.0
126.828,-0.009,-0.018,0,0,0,69.9909999904794,0.009743623520294,69.9909999904794,0.009743623520294,0.0
127.028,-0.008,-0.013,0,0,0,69.99199999104415,0.009743613000197278,69.99199999104415,0.009743613000197278,0.0
127.236,-0.007,-0.011,0,0,0,69.99299999127001,0.009743602480104122,69.99299999127001,0.009743602480104122,0.0
127.436,-0.006,-0.012,0,0,0,69.993999991157,0.009743591960014529,69.993999991157,0.009743591960014529,0.0
127.644,-0.007,-0.014,0,0,0,69.99299999093114,0.009743602480107687,69.99299999093114,0.009743602480107687,0.0
127.852,-0.009,-0.016,0,0,0,69.99099999070532,0.009743623520291624,69.99099999070532,0.009743623520291624,0.0
128.06,-0.014,-0.018,0,0,0,69.98999999364239,0.009743634040351506,69.98999999364239,0.009743634040351506,0.0
128.268,-0.017,-0.018,0,0,0,69.98999999364239,0.009743634040351506,69.98999999364239,0.009743634040351506,0.0
128.476,-0.02,-0.017,0,0,0,69.98999999364239,0.009743634040351506,69.98999999364239,0.009743634040351506,0.0
128.684,-0.022,-0.016,0,0,0,69.98999999364239,0.009743634040351506,69.98999999364239,0.009743634040351506,0.0
128.892,-0.022,-0.016,0,0,0,69.98999999364239,0.009743634040351506,69.98999999364239,0.009743634040351506,0.0
129.092,-0.022,-0.016,0,0,0,69.98999999364239,0.009743634040351506,69.98999999364239,0.009743634040351506,0.0
129.3,-0.021,-0.016,0,0,0,69.98999999364239,0.009743634040351506,69.98999999364239,0.009743634040351506,0.0
129.508,-0.023,-0.014,0,0,0,69.98999999364239,0.009743634040351506,69.98999999364239,0.009743634040351506,0.0
129.716,-0.027,-0.013,0,0,0,69.98999999364239,0.009743634040351506,69.98999999364239,0.009743634040351506,0.0
129.924,-0.03,-0.012,0,0,0,69.98999999364239,0.009743634040351506,69.98999999364239,0.009743634040351506,0.0
130.132,-0.032,-0.012,0,0,0,69.98999999364239,0.009743634040351506,69.98999999364239,0.009743634040351506,0.0
130.34,-0.033,-0.013,0,0,0,69.98999999364239,0.009743634040351506,69.98999999364239,0.009743634040351506,0.0
130.548,-0.033,-0.014,0,0,0,69.98999999364239,0.009743634040351506,69.98999999364239,0.009743634040351506,0.0
130.756,-0.034,-0.017,0,0,0,69.98999999364239,0.009743634040351506,69.98999999364239,0.009743634040351506,0.0
130.964,-0.035,-0.02,0,0,0,69.98999999364239,0.009743634040351506,69.98999999364239,0.009743634040351506,0.0
131.172,-0.035,-0.022,0,0,0,69.98999999364239,0.009743634040351506,69.98999999364239,0.009743634040351506,0.0
131.372,-0.036,-0.023,0,0,0,69.98999999364239,0.009743634040351506,69.98999999364239,0.009743634040351506,0.0
131.58,-0.037,-0.025,0,0,0,69.98999999364239,0.009743634040351506,69.98999999364239,0.009743634040351506,0.0
131.788,-0.038,-0.023,0,0,0,69.98999999364239,0.009743634040351506,69.98999999364239,0.009743634040351506,0.0
131.996,-0.035,-0.021,0,0,0,69.98999999364239,0.009743634040351506,69.98999999364239,0.009743634040351506,0.0
132.204,-0.029,-0.02,0,0,0,69.98999999364239,0.009743634040351506,69.98999999364239,0.009743634040351506,0.0
132.412,-0.021,-0.022,0,0,0,69.98999999364239,0.009743634040351506,69.98999999364239,0.009743634040351506,0.0
132.62,-0.011,-0.024,0,0,0,69.98999999364239,0.009743634040351506,69.98999999364239,0.009743634040351506,0.0
132.828,-0.006,-0.025,0,0,0,69.99399998968849,0.009743591960029978,69.99399998968849,0.009743591960029978,0.0
133.036,-0.004,-0.026,0,0,0,69.99599998957542,0.009743570919849606,69.99599998957542,0.009743570919849606,0.0
133.244,-0.002,-0.028,0,0,0,69.9979999893494,0.009743549879670422,69.9979999893494,0.009743549879670422,0.0
133.452,-0.0,-0.033,0,0,0,69.99999998878448,0.009743528839494803,69.99999998878448,0.009743528839494803,0.0
133.66,0.002,-0.037,0,0,0,70.00199998833251,0.009743507799317996,70.00199998833251,0.009743507799317996,0.0
133.86,0.004,-0.04,0,0,0,70.00399998799351,0.00974348675914,70.00399998799351,0.00974348675914,0.0
134.068,0.007,-0.043,0,0,0,70.00699998765447,0.009743455198871223,70.00699998765447,0.009743455198871223,0.0
134.276,0.006,-0.046,0,0,0,70.00599998731563,0.00974346571896557,70.00599998731563,0.00974346571896557,0.0
134.484,0.005,-0.044,0,0,0,70.00499998754161,0.009743476239053972,70.00499998754161,0.009743476239053972,0.0
134.692,0.004,-0.041,0,0,0,70.00399998788055,0.009743486759141188,70.00399998788055,0.009743486759141188,0.0
134.9,0.005,-0.038,0,0,0,70.00499998821938,0.009743476239046842,70.00499998821938,0.009743476239046842,0.0
135.108,0.007,-0.035,0,0,0,70.00699998855816,0.009743455198861717,70.00699998855816,0.009743455198861717,0.0
135.316,0.009,-0.033,0,0,0,70.00899998878397,0.00974343415867778,70.00899998878397,0.00974343415867778,0.0
135.524,0.01,-0.029,0,0,0,70.00999998923577,0.009743423638582245,70.00999998923577,0.009743423638582245,0.0
135.732,0.008,-0.027,0,0,0,70.00799998946181,0.00974344467876143,70.00799998946181,0.00974344467876143,0.0
135.94,0.004,-0.027,0,0,0,70.00399998946202,0.00974348675912455,70.00399998946202,0.00974348675912455,0.0
136.148,0.0,-0.029,0,0,0,69.99999998923631,0.00974352883949005,69.99999998923631,0.00974352883949005,0.0
136.348,-0.003,-0.031,0,0,0,69.99699998901056,0.009743560399764766,69.99699998901056,0.009743560399764766,0.0
136.556,-0.006,-0.033,0,0,0,69.99399998878481,0.009743591960039485,69.99399998878481,0.009743591960039485,0.0
136.764,-0.009,-0.034,0,0,0,69.99099998867202,0.009743623520313015,69.99099998867202,0.009743623520313015,0.0
136.972,-0.012,-0.034,0,0,0,69.98999999364239,0.009743634040351506,69.98999999364239,0.009743634040351506,0.0
137.18,-0.015,-0.033,0,0,0,69.98999999364239,0.009743634040351506,69.98999999364239,0.009743634040351506,0.0
137.388,-0.017,-0.031,0,0,0,69.98999999364239,0.009743634040351506,69.98999999364239,0.009743634040351506,0.0
137.596,-0.019,-0.028,0,0,0,69.98999999364239,0.009743634040351506,69.98999999364239,0.009743634040351506,0.0
137.804,-0.024,-0.026,0,0,0,69.98999999364239,0.009743634040351506,69.98999999364239,0.009743634040351506,0.0
138.012,-0.029,-0.025,0,0,0,69.98999999364239,0.009743634040351506,69.98999999364239,0.009743634040351506,0.0
138.22,-0.033,-0.025,0,0,0,69.98999999364239,0.009743634040351506,69.98999999364239,0.009743634040351506,0.0
138.428,-0.036,-0.025,0,0,0,69.98999999364239,0.009743634040351506,69.98999999364239,0.009743634040351506,0.0
138.636,-0.034,-0.026,0,0,0,69.98999999364239,0.009743634040351506,69.98999999364239,0.009743634040351506,0.0
138.836,-0.031,-0.028,0,0,0,69.98999999364239,0.009743634040351506,69.98999999364239,0.009743634040351506,0.0
139.044,-0.028,-0.033,0,0,0,69.98999999364239,0.009743634040351506,69.98999999364239,0.009743634040351506,0.0
139.252,-0.026,-0.038,0,0,0,69.98999999364239,0.009743634040351506,69.98999999364239,0.009743634040351506,0.0
139.46,-0.025,-0.041,0,0,0,69.98999999364239,0.009743634040351506,69.98999999364239,0.009743634040351506,0.0
139.668,-0.022,-0.044,0,0,0,69.98999999364239,0.009743634040351506,69.98999999364239,0.009743634040351506,0.0
139.876,-0.017,-0.045,0,0,0,69.98999999364239,0.009743634040351506,69.98999999364239,0.009743634040351506,0.0
140.084,-0.013,-0.044,0,0,0,69.98999999364239,0.009743634040351506,69.98999999364239,0.009743634040351506,0.0
140.292,-0.012,-0.042,0,0,0,69.98999999364239,0.009743634040351506,69.98999999364239,0.009743634040351506,0.0
140.5,-0.009,-0.042,0,0,0,69.99099998776832,0.009743623520322521,69.99099998776832,0.009743623520322521,0.0
140.708,-0.006,-0.043,0,0,0,69.99399998765519,0.00974359196005137,69.99399998765519,0.00974359196005137,0.0
140.916,-0.006,-0.043,0,0,0,69.99399998765519,0.00974359196005137,69.99399998765519,0.00974359196005137,0.0
141.116,-0.006,-0.043,0,0,0,69.99399998765519,0.00974359196005137,69.99399998765519,0.00974359196005137,0.0
141.324,-0.007,-0.041,0,0,0,69.99299998788116,0.009743602480139772,69.99299998788116,0.009743602480139772,0.0
141.532,-0.008,-0.038,0,0,0,69.9919999882201,0.009743613000226987,69.9919999882201,0.009743613000226987,0.0
141.74,-0.012,-0.034,0,0,0,69.98999999364239,0.009743634040351506,69.98999999364239,0.009743634040351506,0.0
141.948,-0.014,-0.032,0,0,0,69.98999999364239,0.009743634040351506,69.98999999364239,0.009743634040351506,0.0
142.156,-0.014,-0.031,0,0,0,69.98999999364239,0.009743634040351506,69.98999999364239,0.009743634040351506,0.0
142.364,-0.012,-0.031,0,0,0,69.98999999364239,0.009743634040351506,69.98999999364239,0.009743634040351506,0.0
142.572,-0.007,-0.031,0,0,0,69.99299998901078,0.00974360248012789,69.99299998901078,0.00974360248012789,0.0
142.78,0.0,-0.032,0,0,0,69.99999998889744,0.009743528839493615,69.99999998889744,0.009743528839493615,0.0
142.988,0.007,-0.033,0,0,0,70.00699998878409,0.00974345519885934,70.00699998878409,0.00974345519885934,0.0
143.196,0.009,-0.033,0,0,0,70.00899998878397,0.00974343415867778,70.00899998878397,0.00974343415867778,0.0
143.404,0.008,-0.033,0,0,0,70.00799998878404,0.009743444678768559,70.00799998878404,0.009743444678768559,0.0
143.604,0.007,-0.031,0,0,0,70.00699998901001,0.009743455198856964,70.00699998901001,0.009743455198856964,0.0
143.808,0.006,-0.03,0,0,0,70.00599998912301,0.009743465718946555,70.00599998912301,0.009743465718946555,0.0
144.008,0.004,-0.026,0,0,0,70.00399998957498,0.009743486759123362,70.00399998957498,0.009743486759123362,0.0
144.216,0.003,-0.021,0,0,0,70.00299999013984,0.0097434972792082,70.00299999013984,0.0097434972792082,0.0
144.424,0.003,-0.018,0,0,0,70.00299999047873,0.009743497279204635,70.00299999047873,0.009743497279204635,0.0
144.632,-0.0,-0.015,0,0,0,69.99999999081778,0.009743528839473412,69.99999999081778,0.009743528839473412,0.0
144.84,-0.006,-0.015,0,0,0,69.99399999081811,0.009743591960018094,69.99399999081811,0.009743591960018094,0.0
145.048,-0.014,-0.015,0,0,0,69.98999999364239,0.009743634040351506,69.98999999364239,0.009743634040351506,0.0
145.256,-0.021,-0.014,0,0,0,69.98999999364239,0.009743634040351506,69.98999999364239,0.009743634040351506,0.0
145.464,-0.026,-0.013,0,0,0,69.98999999364239,0.009743634040351506,69.98999999364239,0.009743634040351506,0.0
145.672,-0.032,-0.013,0,0,0,69.98999999364239,0.009743634040351506,69.98999999364239,0.009743634040351506,0.0
145.872,-0.036,-0.015,0,0,0,69.98999999364239,0.009743634040351506,69.98999999364239,0.009743634040351506,0.0
146.08,-0.041,-0.015,0,0,0,69.98999999364239,0.009743634040351506,69.98999999364239,0.009743634040351506,0.0
146.288,-0.043,-0.011,0,0,0,69.98999999364239,0.009743634040351506,69.98999999364239,0.009743634040351506,0.0
146.492,-0.043,-0.005,0,0,0,69.98999999364239,0.009743634040351506,69.98999999364239,0.009743634040351506,0.0
146.692,-0.04,-0.001,0,0,0,69.98999999364239,0.009743634040351506,69.98999999364239,0.009743634040351506,0.0
146.896,-0.039,0.002,0,0,0,69.98999999364239,0.009743634040351506,69.98999999364239,0.009743634040351506,0.0
147.096,-0.041,0.003,0,0,0,69.98999999364239,0.009743634040351506,69.98999999364239,0.009743634040351506,0.0
147.304,-0.045,0.004,0,0,0,69.98999999364239,0.009743634040351506,69.98999999364239,0.009743634040351506,0.0
147.512,-0.048,0.003,0,0,0,69.98999999364239,0.009743634040351506,69.98999999364239,0.009743634040351506,0.0
147.716,-0.052,-0.001,0,0,0,69.98999999364239,0.009743634040351506,69.98999999364239,0.009743634040351506,0.0
147.92,-0.053,-0.004,0,0,0,69.98999999364239,0.009743634040351506,69.98999999364239,0.009743634040351506,0.0
148.12,-0.054,-0.005,0,0,0,69.98999999364239,0.009743634040351506,69.98999999364239,0.009743634040351506,0.0
148.328,-0.054,-0.005,0,0,0,69.98999999364239,0.009743634040351506,69.98999999364239,0.009743634040351506,0.0
148.536,-0.053,-0.005,0,0,0,69.98999999364239,0.009743634040351506,69.98999999364239,0.009743634040351506,0.0
148.744,-0.05,-0.003,0,0,0,69.98999999364239,0.009743634040351506,69.98999999364239,0.009743634040351506,0.0
148.952,-0.046,0.001,0,0,0,69.98999999364239,0.009743634040351506,69.98999999364239,0.009743634040351506,0.0
149.16,-0.042,0.002,0,0,0,69.98999999364239,0.009743634040351506,69.98999999364239,0.009743634040351506,0.0
149.36,-0.039,0.001,0,0,0,69.98999999364239,0.009743634040351506,69.98999999364239,0.009743634040351506,0.0
149.568,-0.036,-0.002,0,0,0,69.98999999364239,0.009743634040351506,69.98999999364239,0.009743634040351506,0.0
149.772,-0.035,-0.005,0,0,0,69.98999999364239,0.009743634040351506,69.98999999364239,0.009743634040351506,0.0
149.976,-0.036,-0.006,0,0,0,69.98999999364239,0.009743634040351506,69.98999999364239,0.009743634040351506,0.0
150.184,-0.038,-0.006,0,0,0,69.98999999364239,0.009743634040351506,69.98999999364239,0.009743634040351506,0.0
150.392,-0.04,-0.005,0,0,0,69.98999999364239,0.009743634040351506,69.98999999364239,0.009743634040351506,0.0
150.592,-0.042,-0.006,0,0,0,69.98999999364239,0.009743634040351506,69.98999999364239,0.009743634040351506,0.0
150.8,-0.045,-0.01,0,0,0,69.98999999364239,0.009743634040351506,69.98999999364239,0.009743634040351506,0.0
151.008,-0.045,-0.013,0,0,0,69.98999999364239,0.009743634040351506,69.98999999364239,0.009743634040351506,0.0
151.216,-0.044,-0.013,0,0,0,69.98999999364239,0.009743634040351506,69.98999999364239,0.009743634040351506,0.0
151.424,-0.044,-0.013,0,0,0,69.98999999364239,0.009743634040351506,69.98999999364239,0.009743634040351506,0.0
151.632,-0.046,-0.014,0,0,0,69.98999999364239,0.009743634040351506,69.98999999364239,0.009743634040351506,0.0
151.836,-0.044,-0.016,0,0,0,69.98999999364239,0.009743634040351506,69.98999999364239,0.009743634040351506,0.0
152.04,-0.041,-0.018,0,0,0,69.98999999364239,0.009743634040351506,69.98999999364239,0.009743634040351506,0.0
152.24,-0.036,-0.019,0,0,0,69.98999999364239,0.009743634040351506,69.98999999364239,0.009743634040351506,0.0
152.448,-0.031,-0.017,0,0,0,69.98999999364239,0.009743634040351506,69.98999999364239,0.009743634040351506,0.0
152.656,-0.028,-0.014,0,0,0,69.98999999364239,0.009743634040351506,69.98999999364239,0.009743634040351506,0.0
152.864,-0.026,-0.011,0,0,0,69.98999999364239,0.009743634040351506,69.98999999364239,0.009743634040351506,0.0
153.072,-0.026,-0.007,0,0,0,69.98999999364239,0.009743634040351506,69.98999999364239,0.009743634040351506,0.0
153.28,-0.026,-0.005,0,0,0,69.98999999364239,0.009743634040351506,69.98999999364239,0.009743634040351506,0.0
153.488,-0.024,-0.004,0,0,0,69.98999999364239,0.009743634040351506,69.98999999364239,0.009743634040351506,0.0
153.696,-0.02,-0.003,0,0,0,69.98999999364239,0.009743634040351506,69.98999999364239,0.009743634040351506,0.0
153.904,-0.016,-0.004,0,0,0,69.98999999364239,0.009743634040351506,69.98999999364239,0.009743634040351506,0.0
154.104,-0.012,-0.006,0,0,0,69.98999999364239,0.009743634040351506,69.98999999364239,0.009743634040351506,0.0
154.312,-0.011,-0.008,0,0,0,69.98999999364239,0.009743634040351506,69.98999999364239,0.009743634040351506,0.0
154.52,-0.011,-0.007,0,0,0,69.98999999364239,0.009743634040351506,69.98999999364239,0.009743634040351506,0.0
154.728,-0.009,-0.001,0,0,0,69.99099999239975,0.009743623520273798,69.99099999239975,0.009743623520273798,0.0
154.936,-0.008,0.004,0,0,0,69.99199999296451,0.009743613000177075,69.99199999296451,0.009743613000177075,0.0
155.144,-0.006,0.008,0,0,0,69.99399999341624,0.009743591959990762,69.99399999341624,0.009743591959990762,0.0
155.352,-0.002,0.011,0,0,0,69.9979999937549,0.009743549879624076,69.9979999937549,0.009743549879624076,0.0
155.56,0.004,0.011,0,0,0,70.00399999375456,0.009743486759079392,70.00399999375456,0.009743486759079392,0.0
155.768,0.01,0.01,0,0,0,70.00999999364127,0.009743423638535899,70.00999999364127,0.009743423638535899,0.0
155.976,0.016,0.009,0,0,0,70.01599999352798,0.009743360517992405,70.01599999352798,0.009743360517992405,0.0
156.184,0.021,0.008,0,0,0,70.02099999341475,0.009743307917539691,70.02099999341475,0.009743307917539691,0.0
156.392,0.023,0.006,0,0,0,70.0229999931887,0.009743286877360507,70.0229999931887,0.009743286877360507,0.0
156.592,0.021,0.003,0,0,0,70.02099999284994,0.009743307917545633,70.02099999284994,0.009743307917545633,0.0
156.8,0.018,-0.0,0,0,0,70.01799999251122,0.00974333947782154,70.01799999251122,0.00974333947782154,0.0
157.008,0.017,-0.002,0,0,0,70.01699999228535,0.009743349997914697,70.01699999228535,0.009743349997914697,0.0
157.216,0.014,-0.004,0,0,0,70.01399999205958,0.009743381558189414,70.01399999205958,0.009743381558189414,0.0
157.424,0.009,-0.003,0,0,0,70.00899999217283,0.009743434158642128,70.00899999217283,0.009743434158642128,0.0
157.632,0.003,-0.0,0,0,0,70.00299999251204,0.009743497279183244,70.00299999251204,0.009743497279183244,0.0
157.84,-0.001,0.0,0,0,0,69.99899999251227,0.009743539359546367,69.99899999251227,0.009743539359546367,0.0
158.048,-0.007,-0.002,0,0,0,69.99299999228667,0.009743602480093426,69.99299999228667,0.009743602480093426,0.0
158.256,-0.013,-0.006,0,0,0,69.98999999364239,0.009743634040351506,69.98999999364239,0.009743634040351506,0.0
158.464,-0.019,-0.009,0,0,0,69.98999999364239,0.009743634040351506,69.98999999364239,0.009743634040351506,0.0
158.672,-0.023,-0.011,0,0,0,69.98999999364239,0.009743634040351506,69.98999999364239,0.009743634040351506,0.0
158.872,-0.026,-0.011,0,0,0,69.98999999364239,0.009743634040351506,69.98999999364239,0.009743634040351506,0.0
159.08,-0.027,-0.012,0,0,0,69.98999999364239,0.009743634040351506,69.98999999364239,0.009743634040351506,0.0
159.288,-0.027,-0.012,0,0,0,69.98999999364239,0.009743634040351506,69.98999999364239,0.009743634040351506,0.0
159.496,-0.025,-0.012,0,0,0,69.98999999364239,0.009743634040351506,69.98999999364239,0.009743634040351506,0.0
159.704,-0.022,-0.013,0,0,0,69.98999999364239,0.009743634040351506,69.98999999364239,0.009743634040351506,0.0
159.912,-0.017,-0.015,0,0,0,69.98999999364239,0.009743634040351506,69.98999999364239,0.009743634040351506,0.0
160.12,-0.013,-0.017,0,0,0,69.98999999364239,0.009743634040351506,69.98999999364239,0.009743634040351506,0.0
160.328,-0.012,-0.016,0,0,0,69.98999999364239,0.009743634040351506,69.98999999364239,0.009743634040351506,0.0
160.536,-0.014,-0.015,0,0,0,69.98999999364239,0.009743634040351506,69.98999999364239,0.009743634040351506,0.0
160.744,-0.017,-0.015,0,0,0,69.98999999364239,0.009743634040351506,69.98999999364239,0.009743634040351506,0.0
160.952,-0.02,-0.017,0,0,0,69.98999999364239,0.009743634040351506,69.98999999364239,0.009743634040351506,0.0
161.16,-0.021,-0.017,0,0,0,69.98999999364239,0.009743634040351506,69.98999999364239,0.009743634040351506,0.0
161.36,-0.02,-0.016,0,0,0,69.98999999364239,0.009743634040351506,69.98999999364239,0.009743634040351506,0.0
161.568,-0.02,-0.012,0,0,0,69.98999999364239,0.009743634040351506,69.98999999364239,0.009743634040351506,0.0
161.776,-0.024,-0.008,0,0,0,69.98999999364239,0.009743634040351506,69.98999999364239,0.009743634040351506,0.0
161.984,-0.027,-0.004,0,0,0,69.98999999364239,0.009743634040351506,69.98999999364239,0.009743634040351506,0.0
162.192,-0.027,-0.003,0,0,0,69.98999999364239,0.009743634040351506,69.98999999364239,0.009743634040351506,0.0
162.4,-0.023,-0.005,0,0,0,69.98999999364239,0.009743634040351506,69.98999999364239,0.009743634040351506,0.0
162.608,-0.017,-0.006,0,0,0,69.98999999364239,0.009743634040351506,69.98999999364239,0.009743634040351506,0.0
162.816,-0.013,-0.007,0,0,0,69.98999999364239,0.009743634040351506,69.98999999364239,0.009743634040351506,0.0
163.024,-0.01,-0.005,0,0,0,69.98999999364239,0.009743634040351506,69.98999999364239,0.009743634040351506,0.0
163.232,-0.011,-0.004,0,0,0,69.98999999364239,0.009743634040351506,69.98999999364239,0.009743634040351506,0.0
163.44,-0.011,-0.003,0,0,0,69.98999999364239,0.009743634040351506,69.98999999364239,0.009743634040351506,0.0
163.648,-0.009,-0.003,0,0,0,69.99099999217383,0.009743623520276174,69.99099999217383,0.009743623520276174,0.0
163.848,-0.008,-0.003,0,0,0,69.99199999217377,0.009743613000185395,69.99199999217377,0.009743613000185395,0.0
164.056,-0.008,-0.004,0,0,0,69.99199999206081,0.009743613000186583,69.99199999206081,0.009743613000186583,0.0
164.264,-0.005,-0.003,0,0,0,69.9949999921736,0.009743581439913053,69.9949999921736,0.009743581439913053,0.0
164.472,-0.001,-0.001,0,0,0,69.9989999923993,0.009743539359547556,69.9989999923993,0.009743539359547556,0.0
164.68,0.003,0.0,0,0,0,70.00299999251204,0.009743497279183244,70.00299999251204,0.009743497279183244,0.0
164.888,0.006,0.002,0,0,0,70.0059999927378,0.009743465718908528,70.0059999927378,0.009743465718908528,0.0
165.092,0.007,0.003,0,0,0,70.00699999285072,0.009743455198816559,70.00699999285072,0.009743455198816559,0.0
165.296,0.009,-0.0,0,0,0,70.00899999251172,0.009743434158638563,70.00899999251172,0.009743434158638563,0.0
165.496,0.011,-0.007,0,0,0,70.01099999172087,0.00974341311846532,70.01099999172087,0.00974341311846532,0.0
165.704,0.013,-0.011,0,0,0,70.01299999126891,0.009743392078288513,70.01299999126891,0.009743392078288513,0.0
165.912,0.013,-0.016,0,0,0,70.0129999907041,0.009743392078294456,70.0129999907041,0.009743392078294456,0.0
166.12,0.014,-0.023,0,0,0,70.01399998991332,0.009743381558211993,70.01399998991332,0.009743381558211993,0.0
166.328,0.014,-0.028,0,0,0,70.0139999893485,0.009743381558217936,70.0139999893485,0.009743381558217936,0.0
166.536,0.01,-0.031,0,0,0,70.00999998900984,0.009743423638584622,70.00999998900984,0.009743423638584622,0.0
166.744,0.003,-0.034,0,0,0,70.00299998867135,0.00974349727922365,70.00299998867135,0.00974349727922365,0.0
166.956,0.001,-0.04,0,0,0,70.00099998799368,0.009743518319412342,70.00099998799368,0.009743518319412342,0.0
167.16,0.002,-0.046,0,0,0,70.00199998731586,0.00974350779932869,70.00199998731586,0.00974350779932869,0.0
167.36,0.004,-0.048,0,0,0,70.00399998708981,0.009743486759149506,70.00399998708981,0.009743486759149506,0.0
167.564,0.007,-0.046,0,0,0,70.00699998731558,0.009743455198874788,70.00699998731558,0.009743455198874788,0.0
167.768,0.008,-0.04,0,0,0,70.0079999879933,0.009743444678776879,70.0079999879933,0.009743444678776879,0.0
167.972,0.007,-0.035,0,0,0,70.00699998855816,0.009743455198861717,70.00699998855816,0.009743455198861717,0.0
168.18,0.003,-0.034,0,0,0,70.00299998867135,0.00974349727922365,70.00299998867135,0.00974349727922365,0.0
168.384,-0.001,-0.033,0,0,0,69.99899998878453,0.009743539359585583,69.99899998878453,0.009743539359585583,0.0
168.588,-0.005,-0.035,0,0,0,69.99499998855882,0.009743581439951082,69.99499998855882,0.009743581439951082,0.0
168.788,-0.009,-0.035,0,0,0,69.99099998855905,0.009743623520314203,69.99099998855905,0.009743623520314203,0.0
168.996,-0.015,-0.033,0,0,0,69.98999999364239,0.009743634040351506,69.98999999364239,0.009743634040351506,0.0
169.204,-0.017,-0.034,0,0,0,69.98999999364239,0.009743634040351506,69.98999999364239,0.009743634040351506,0.0
169.412,-0.016,-0.035,0,0,0,69.98999999364239,0.009743634040351506,69.98999999364239,0.009743634040351506,0.0
169.62,-0.014,-0.035,0,0,0,69.98999999364239,0.009743634040351506,69.98999999364239,0.009743634040351506,0.0
169.828,-0.013,-0.034,0,0,0,69.98999999364239,0.009743634040351506,69.98999999364239,0.009743634040351506,0.0
170.032,-0.016,-0.035,0,0,0,69.98999999364239,0.009743634040351506,69.98999999364239,0.009743634040351506,0.0
170.24,-0.021,-0.034,0,0,0,69.98999999364239,0.009743634040351506,69.98999999364239,0.009743634040351506,0.0
170.448,-0.024,-0.033,0,0,0,69.98999999364239,0.009743634040351506,69.98999999364239,0.009743634040351506,0.0
170.656,-0.024,-0.033,0,0,0,69.98999999364239,0.009743634040351506,69.98999999364239,0.009743634040351506,0.0
170.864,-0.023,-0.036,0,0,0,69.98999999364239,0.009743634040351506,69.98999999364239,0.009743634040351506,0.0
171.068,-0.022,-0.037,0,0,0,69.98999999364239,0.009743634040351506,69.98999999364239,0.009743634040351506,0.0
171.272,-0.02,-0.038,0,0,0,69.98999999364239,0.009743634040351506,69.98999999364239,0.009743634040351506,0.0
171.472,-0.019,-0.04,0,0,0,69.98999999364239,0.009743634040351506,69.98999999364239,0.009743634040351506,0.0
171.68,-0.021,-0.039,0,0,0,69.98999999364239,0.009743634040351506,69.98999999364239,0.009743634040351506,0.0
171.888,-0.024,-0.037,0,0,0,69.98999999364239,0.009743634040351506,69.98999999364239,0.009743634040351506,0.0
172.096,-0.026,-0.035,0,0,0,69.98999999364239,0.009743634040351506,69.98999999364239,0.009743634040351506,0.0
172.304,-0.029,-0.035,0,0,0,69.98999999364239,0.009743634040351506,69.98999999364239,0.009743634040351506,0.0
172.512,-0.033,-0.033,0,0,0,69.98999999364239,0.009743634040351506,69.98999999364239,0.009743634040351506,0.0
172.72,-0.035,-0.03,0,0,0,69.98999999364239,0.009743634040351506,69.98999999364239,0.009743634040351506,0.0
172.928,-0.037,-0.028,0,0,0,69.98999999364239,0.009743634040351506,69.98999999364239,0.009743634040351506,0.0
173.136,-0.035,-0.026,0,0,0,69.98999999364239,0.009743634040351506,69.98999999364239,0.009743634040351506,0.0
173.336,-0.034,-0.022,0,0,0,69.98999999364239,0.009743634040351506,69.98999999364239,0.009743634040351506,0.0
173.54,-0.035,-0.018,0,0,0,69.98999999364239,0.009743634040351506,69.98999999364239,0.009743634040351506,0.0
173.74,-0.037,-0.016,0,0,0,69.98999999364239,0.009743634040351506,69.98999999364239,0.009743634040351506,0.0
173.948,-0.038,-0.015,0,0,0,69.98999999364239,0.009743634040351506,69.98999999364239,0.009743634040351506,0.0
174.156,-0.038,-0.014,0,0,0,69.98999999364239,0.009743634040351506,69.98999999364239,0.009743634040351506,0.0
174.364,-0.038,-0.01,0,0,0,69.98999999364239,0.009743634040351506,69.98999999364239,0.009743634040351506,0.0
174.572,-0.038,-0.004,0,0,0,69.98999999364239,0.009743634040351506,69.98999999364239,0.009743634040351506,0.0
174.78,-0.037,0.002,0,0,0,69.98999999364239,0.009743634040351506,69.98999999364239,0.009743634040351506,0.0
174.988,-0.035,0.007,0,0,0,69.98999999364239,0.009743634040351506,69.98999999364239,0.009743634040351506,0.0
175.196,-0.031,0.008,0,0,0,69.98999999364239,0.009743634040351506,69.98999999364239,0.009743634040351506,0.0
175.404,-0.025,0.009,0,0,0,69.98999999364239,0.009743634040351506,69.98999999364239,0.009743634040351506,0.0
175.604,-0.018,0.012,0,0,0,69.98999999364239,0.009743634040351506,69.98999999364239,0.009743634040351506,0.0
175.812,-0.016,0.01,0,0,0,69.98999999364239,0.009743634040351506,69.98999999364239,0.009743634040351506,0.0
176.02,-0.018,0.003,0,0,0,69.98999999364239,0.009743634040351506,69.98999999364239,0.009743634040351506,0.0
176.228,-0.021,-0.006,0,0,0,69.98999999364239,0.009743634040351506,69.98999999364239,0.009743634040351506,0.0
176.436,-0.023,-0.012,0,0,0,69.98999999364239,0.009743634040351506,69.98999999364239,0.009743634040351506,0.0
176.644,-0.023,-0.014,0,0,0,69.98999999364239,0.009743634040351506,69.98999999364239,0.009743634040351506,0.0
176.852,-0.017,-0.015,0,0,0,69.98999999364239,0.009743634040351506,69.98999999364239,0.009743634040351506,0.0
177.056,-0.01,-0.015,0,0,0,69.98999999364239,0.009743634040351506,69.98999999364239,0.009743634040351506,0.0
177.26,-0.003,-0.015,0,0,0,69.99699999081795,0.009743560399745754,69.99699999081795,0.009743560399745754,0.0
177.464,0.004,-0.013,0,0,0,70.00399999104349,0.009743486759107913,70.00399999104349,0.009743486759107913,0.0
177.672,0.012,-0.009,0,0,0,70.01199999149489,0.009743402598376917,70.01199999149489,0.009743402598376917,0.0
177.872,0.018,-0.005,0,0,0,70.01799999194641,0.009743339477827481,70.01799999194641,0.009743339477827481,0.0
178.08,0.02,-0.003,0,0,0,70.01999999217222,0.009743318437643544,70.01999999217222,0.009743318437643544,0.0
178.288,0.021,-0.002,0,0,0,70.02099999228513,0.009743307917551574,70.02099999228513,0.009743307917551574,0.0
178.496,0.021,-0.002,0,0,0,70.02099999228513,0.009743307917551574,70.02099999228513,0.009743307917551574,0.0
178.704,0.019,-0.002,0,0,0,70.01899999228525,0.009743328957733137,70.01899999228525,0.009743328957733137,0.0
178.912,0.013,-0.004,0,0,0,70.01299999205965,0.009743392078280195,70.01299999205965,0.009743392078280195,0.0
179.12,0.005,-0.007,0,0,0,70.00499999172119,0.009743476239010004,70.00499999172119,0.009743476239010004,0.0
179.328,-0.001,-0.011,0,0,0,69.99899999126968,0.009743539359559438,69.99899999126968,0.009743539359559438,0.0
179.536,-0.002,-0.017,0,0,0,69.99799999059198,0.00974354987965735,69.99799999059198,0.00974354987965735,0.0
179.744,-0.0,-0.021,0,0,0,69.99999999014001,0.009743528839480542,69.99999999014001,0.009743528839480542,0.0
179.952,0.002,-0.022,0,0,0,70.00199999002695,0.00974350779930017,70.00199999002695,0.00974350779930017,0.0
180.16,0.003,-0.019,0,0,0,70.00299999036577,0.009743497279205824,70.00299999036577,0.009743497279205824,0.0
180.36,0.003,-0.017,0,0,0,70.00299999059169,0.009743497279203447,70.00299999059169,0.009743497279203447,0.0
180.568,0.002,-0.016,0,0,0,70.00199999070472,0.00974350779929304,70.00199999070472,0.00974350779929304,0.0
180.772,0.004,-0.016,0,0,0,70.0039999907046,0.00974348675911148,70.0039999907046,0.00974348675911148,0.0
180.972,0.005,-0.015,0,0,0,70.00499999081751,0.00974347623901951,70.00499999081751,0.00974347623901951,0.0
181.18,0.005,-0.012,0,0,0,70.00499999115638,0.009743476239015945,70.00499999115638,0.009743476239015945,0.0
181.388,0.003,-0.009,0,0,0,70.00299999149539,0.00974349727919394,70.00299999149539,0.00974349727919394,0.0
181.592,0.002,-0.006,0,0,0,70.00199999183432,0.009743507799281155,70.00199999183432,0.009743507799281155,0.0
181.796,-0.004,-0.004,0,0,0,69.99599999206058,0.009743570919823462,69.99599999206058,0.009743570919823462,0.0
181.996,-0.01,-0.003,0,0,0,69.98999999364239,0.009743634040351506,69.98999999364239,0.009743634040351506,0.0
182.204,-0.013,-0.001,0,0,0,69.98999999364239,0.009743634040351506,69.98999999364239,0.009743634040351506,0.0
182.416,-0.017,0.0,0,0,0,69.98999999364239,0.009743634040351506,69.98999999364239,0.009743634040351506,0.0
182.624,-0.022,-0.002,0,0,0,69.98999999364239,0.009743634040351506,69.98999999364239,0.009743634040351506,0.0
182.828,-0.025,-0.003,0,0,0,69.98999999364239,0.009743634040351506,69.98999999364239,0.009743634040351506,0.0
183.036,-0.024,-0.005,0,0,0,69.98999999364239,0.009743634040351506,69.98999999364239,0.009743634040351506,0.0
183.244,-0.025,-0.006,0,0,0,69.98999999364239,0.009743634040351506,69.98999999364239,0.009743634040351506,0.0
183.452,-0.024,-0.008,0,0,0,69.98999999364239,0.009743634040351506,69.98999999364239,0.009743634040351506,0.0
183.66,-0.021,-0.012,0,0,0,69.98999999364239,0.009743634040351506,69.98999999364239,0.009743634040351506,0.0
183.86,-0.019,-0.015,0,0,0,69.98999999364239,0.009743634040351506,69.98999999364239,0.009743634040351506,0.0
184.068,-0.016,-0.015,0,0,0,69.98999999364239,0.009743634040351506,69.98999999364239,0.009743634040351506,0.0
184.276,-0.013,-0.013,0,0,0,69.98999999364239,0.009743634040351506,69.98999999364239,0.009743634040351506,0.0
184.484,-0.013,-0.01,0,0,0,69.98999999364239,0.009743634040351506,69.98999999364239,0.009743634040351506,0.0
184.692,-0.014,-0.006,0,0,0,69.98999999364239,0.009743634040351506,69.98999999364239,0.009743634040351506,0.0
184.9,-0.014,-0.002,0,0,0,69.98999999364239,0.009743634040351506,69.98999999364239,0.009743634040351506,0.0
185.108,-0.014,0.001,0,0,0,69.98999999364239,0.009743634040351506,69.98999999364239,0.009743634040351506,0.0
185.316,-0.014,0.0,0,0,0,69.98999999364239,0.009743634040351506,69.98999999364239,0.009743634040351506,0.0
185.52,-0.013,-0.005,0,0,0,69.98999999364239,0.009743634040351506,69.98999999364239,0.009743634040351506,0.0
185.724,-0.01,-0.013,0,0,0,69.98999999364239,0.009743634040351506,69.98999999364239,0.009743634040351506,0.0
185.924,-0.006,-0.023,0,0,0,69.99399998991441,0.009743591960027602,69.99399998991441,0.009743591960027602,0.0
186.132,-0.001,-0.031,0,0,0,69.99899998901046,0.009743539359583206,69.99899998901046,0.009743539359583206,0.0
186.34,0.001,-0.036,0,0,0,70.00099998844553,0.009743518319407587,70.00099998844553,0.009743518319407587,0.0
186.548,0.001,-0.04,0,0,0,70.00099998799368,0.009743518319412342,70.00099998799368,0.009743518319412342,0.0
186.756,0.0,-0.042,0,0,0,69.99999998776782,0.009743528839505498,69.99999998776782,0.009743528839505498,0.0
186.964,-0.0,-0.04,0,0,0,69.99999998799375,0.009743528839503121,69.99999998799375,0.009743528839503121,0.0
187.172,-0.001,-0.036,0,0,0,69.99899998844565,0.009743539359589147,69.99899998844565,0.009743539359589147,0.0
187.372,-0.003,-0.034,0,0,0,69.99699998867169,0.009743560399768331,69.99699998867169,0.009743560399768331,0.0
187.58,-0.007,-0.032,0,0,0,69.99299998889782,0.009743602480129078,69.99299998889782,0.009743602480129078,0.0
187.788,-0.011,-0.03,0,0,0,69.98999999364239,0.009743634040351506,69.98999999364239,0.009743634040351506,0.0
187.996,-0.017,-0.027,0,0,0,69.98999999364239,0.009743634040351506,69.98999999364239,0.009743634040351506,0.0
188.204,-0.022,-0.023,0,0,0,69.98999999364239,0.009743634040351506,69.98999999364239,0.009743634040351506,0.0
188.412,-0.026,-0.017,0,0,0,69.98999999364239,0.009743634040351506,69.98999999364239,0.009743634040351506,0.0
188.62,-0.026,-0.013,0,0,0,69.98999999364239,0.009743634040351506,69.98999999364239,0.009743634040351506,0.0
188.828,-0.025,-0.015,0,0,0,69.98999999364239,0.009743634040351506,69.98999999364239,0.009743634040351506,0.0
189.036,-0.024,-0.018,0,0,0,69.98999999364239,0.009743634040351506,69.98999999364239,0.009743634040351506,0.0
189.244,-0.025,-0.023,0,0,0,69.98999999364239,0.009743634040351506,69.98999999364239,0.009743634040351506,0.0
189.452,-0.027,-0.028,0,0,0,69.98999999364239,0.009743634040351506,69.98999999364239,0.009743634040351506,0.0
189.66,-0.027,-0.033,0,0,0,69.98999999364239,0.009743634040351506,69.98999999364239,0.009743634040351506,0.0
189.86,-0.026,-0.035,0,0,0,69.98999999364239,0.009743634040351506,69.98999999364239,0.009743634040351506,0.0
190.068,-0.026,-0.034,0,0,0,69.98999999364239,0.009743634040351506,69.98999999364239,0.009743634040351506,0.0
190.276,-0.026,-0.032,0,0,0,69.98999999364239,0.009743634040351506,69.98999999364239,0.009743634040351506,0.0
190.484,-0.025,-0.026,0,0,0,69.98999999364239,0.009743634040351506,69.98999999364239,0.009743634040351506,0.0
190.692,-0.024,-0.02,0,0,0,69.98999999364239,0.009743634040351506,69.98999999364239,0.009743634040351506,0.0
190.9,-0.023,-0.017,0,0,0,69.98999999364239,0.009743634040351506,69.98999999364239,0.009743634040351506,0.0
191.108,-0.023,-0.013,0,0,0,69.98999999364239,0.009743634040351506,69.98999999364239,0.009743634040351506,0.0
191.316,-0.021,-0.011,0,0,0,69.98999999364239,0.009743634040351506,69.98999999364239,0.009743634040351506,0.0
191.524,-0.017,-0.009,0,0,0,69.98999999364239,0.009743634040351506,69.98999999364239,0.009743634040351506,0.0
191.732,-0.013,-0.008,0,0,0,69.98999999364239,0.009743634040351506,69.98999999364239,0.009743634040351506,0.0
191.94,-0.01,-0.007,0,0,0,69.98999999364239,0.009743634040351506,69.98999999364239,0.009743634040351506,0.0
192.148,-0.009,-0.004,0,0,0,69.99099999206086,0.009743623520277363,69.99099999206086,0.009743623520277363,0.0
192.348,-0.009,-0.001,0,0,0,69.99099999239975,0.009743623520273798,69.99099999239975,0.009743623520273798,0.0
192.556,-0.01,0.002,0,0,0,69.98999999364239,0.009743634040351506,69.98999999364239,0.009743634040351506,0.0
192.764,-0.009,0.007,0,0,0,69.99099999330345,0.009743623520264292,69.99099999330345,0.009743623520264292,0.0
192.968,-0.007,0.011,0,0,0,69.99299999375518,0.009743602480077978,69.99299999375518,0.009743602480077978,0.0
193.168,-0.006,0.013,0,0,0,69.99399999398105,0.00974359195998482,69.99399999398105,0.00974359195998482,0.0
193.376,-0.007,0.013,0,0,0,69.9929999939811,0.0097436024800756,69.9929999939811,0.0097436024800756,0.0
193.588,-0.008,0.011,0,0,0,69.99199999375523,0.009743613000168757,69.99199999375523,0.009743613000168757,0.0
193.792,-0.011,0.008,0,0,0,69.98999999364239,0.009743634040351506,69.98999999364239,0.009743634040351506,0.0
194.0,-0.011,0.004,0,0,0,69.98999999364239,0.009743634040351506,69.98999999364239,0.009743634040351506,0.0
194.208,-0.011,0.003,0,0,0,69.98999999364239,0.009743634040351506,69.98999999364239,0.009743634040351506,0.0
194.416,-0.012,0.001,0,0,0,69.98999999364239,0.009743634040351506,69.98999999364239,0.009743634040351506,0.0
194.616,-0.014,-0.0,0,0,0,69.98999999364239,0.009743634040351506,69.98999999364239,0.009743634040351506,0.0
194.824,-0.014,-0.002,0,0,0,69.98999999364239,0.009743634040351506,69.98999999364239,0.009743634040351506,0.0
195.032,-0.015,-0.002,0,0,0,69.98999999364239,0.009743634040351506,69.98999999364239,0.009743634040351506,0.0
195.24,-0.017,0.001,0,0,0,69.98999999364239,0.009743634040351506,69.98999999364239,0.009743634040351506,0.0
195.448,-0.021,0.007,0,0,0,69.98999999364239,0.009743634040351506,69.98999999364239,0.009743634040351506,0.0
195.656,-0.027,0.011,0,0,0,69.98999999364239,0.009743634040351506,69.98999999364239,0.009743634040351506,0.0
195.864,-0.033,0.014,0,0,0,69.98999999364239,0.009743634040351506,69.98999999364239,0.009743634040351506,0.0
196.072,-0.037,0.014,0,0,0,69.98999999364239,0.009743634040351506,69.98999999364239,0.009743634040351506,0.0
196.28,-0.04,0.011,0,0,0,69.98999999364239,0.009743634040351506,69.98999999364239,0.009743634040351506,0.0
196.488,-0.042,0.006,0,0,0,69.98999999364239,0.009743634040351506,69.98999999364239,0.009743634040351506,0.0
196.696,-0.043,0.001,0,0,0,69.98999999364239,0.009743634040351506,69.98999999364239,0.009743634040351506,0.0
196.904,-0.043,-0.005,0,0,0,69.98999999364239,0.009743634040351506,69.98999999364239,0.009743634040351506,0.0
197.104,-0.042,-0.013,0,0,0,69.98999999364239,0.009743634040351506,69.98999999364239,0.009743634040351506,0.0
197.312,-0.042,-0.023,0,0,0,69.98999999364239,0.009743634040351506,69.98999999364239,0.009743634040351506,0.0
197.52,-0.044,-0.033,0,0,0,69.98999999364239,0.009743634040351506,69.98999999364239,0.009743634040351506,0.0
197.728,-0.047,-0.041,0,0,0,69.98999999364239,0.009743634040351506,69.98999999364239,0.009743634040351506,0.0
197.936,-0.049,-0.042,0,0,0,69.98999999364239,0.009743634040351506,69.98999999364239,0.009743634040351506,0.0
198.144,-0.052,-0.04,0,0,0,69.98999999364239,0.009743634040351506,69.98999999364239,0.009743634040351506,0.0
198.352,-0.052,-0.039,0,0,0,69.98999999364239,0.009743634040351506,69.98999999364239,0.009743634040351506,0.0
198.56,-0.055,-0.038,0,0,0,69.98999999364239,0.009743634040351506,69.98999999364239,0.009743634040351506,0.0
198.768,-0.061,-0.035,0,0,0,69.98999999364239,0.009743634040351506,69.98999999364239,0.009743634040351506,0.0
198.976,-0.066,-0.031,0,0,0,69.98999999364239,0.009743634040351506,69.98999999364239,0.009743634040351506,0.0
199.184,-0.069,-0.029,0,0,0,69.98999999364239,0.009743634040351506,69.98999999364239,0.009743634040351506,0.0
199.392,-0.071,-0.027,0,0,0,69.98999999364239,0.009743634040351506,69.98999999364239,0.009743634040351506,0.0
199.592,-0.071,-0.026,0,0,0,69.98999999364239,0.009743634040351506,69.98999999364239,0.009743634040351506,0.0
199.8,-0.068,-0.024,0,0,0,69.98999999364239,0.009743634040351506,69.98999999364239,0.009743634040351506,0.0
200.008,-0.061,-0.023,0,0,0,69.98999999364239,0.009743634040351506,69.98999999364239,0.009743634040351506,0.0
200.216,-0.054,-0.025,0,0,0,69.98999999364239,0.009743634040351506,69.98999999364239,0.009743634040351506,0.0
200.424,-0.045,-0.03,0,0,0,69.98999999364239,0.009743634040351506,69.98999999364239,0.009743634040351506,0.0
200.628,-0.04,-0.035,0,0,0,69.98999999364239,0.009743634040351506,69.98999999364239,0.009743634040351506,0.0
200.832,-0.033,-0.039,0,0,0,69.98999999364239,0.009743634040351506,69.98999999364239,0.009743634040351506,0.0
201.032,-0.027,-0.04,0,0,0,69.98999999364239,0.009743634040351506,69.98999999364239,0.009743634040351506,0.0
201.24,-0.021,-0.041,0,0,0,69.98999999364239,0.009743634040351506,69.98999999364239,0.009743634040351506,0.0
201.448,-0.017,-0.042,0,0,0,69.98999999364239,0.009743634040351506,69.98999999364239,0.009743634040351506,0.0
201.656,-0.013,-0.043,0,0,0,69.98999999364239,0.009743634040351506,69.98999999364239,0.009743634040351506,0.0
201.864,-0.011,-0.042,0,0,0,69.98999999364239,0.009743634040351506,69.98999999364239,0.009743634040351506,0.0
202.072,-0.008,-0.04,0,0,0,69.99199998799418,0.009743613000229365,69.99199998799418,0.009743613000229365,0.0
202.28,-0.003,-0.041,0,0,0,69.99699998788095,0.009743560399776651,69.99699998788095,0.009743560399776651,0.0
202.488,0.002,-0.04,0,0,0,70.00199998799363,0.00974350779932156,70.00199998799363,0.00974350779932156,0.0
202.7,0.005,-0.04,0,0,0,70.00499998799346,0.009743476239049219,70.00499998799346,0.009743476239049219,0.0
202.904,0.007,-0.039,0,0,0,70.00699998810632,0.00974345519886647,70.00699998810632,0.00974345519886647,0.0
203.104,0.008,-0.036,0,0,0,70.00799998844515,0.009743444678772124,70.00799998844515,0.009743444678772124,0.0
203.312,0.008,-0.035,0,0,0,70.00799998855811,0.009743444678770936,70.00799998855811,0.009743444678770936,0.0
203.52,0.007,-0.036,0,0,0,70.0069999884452,0.009743455198862905,70.0069999884452,0.009743455198862905,0.0
203.728,0.004,-0.038,0,0,0,70.00399998821943,0.009743486759137623,70.00399998821943,0.009743486759137623,0.0
203.936,-0.001,-0.035,0,0,0,69.99899998855861,0.009743539359587959,69.99899998855861,0.009743539359587959,0.0
204.144,-0.006,-0.031,0,0,0,69.99399998901072,0.009743591960037108,69.99399998901072,0.009743591960037108,0.0
204.352,-0.009,-0.029,0,0,0,69.99099998923681,0.009743623520307073,69.99099998923681,0.009743623520307073,0.0
204.56,-0.011,-0.028,0,0,0,69.98999999364239,0.009743634040351506,69.98999999364239,0.009743634040351506,0.0
204.768,-0.014,-0.03,0,0,0,69.98999999364239,0.009743634040351506,69.98999999364239,0.009743634040351506,0.0
204.976,-0.02,-0.032,0,0,0,69.98999999364239,0.009743634040351506,69.98999999364239,0.009743634040351506,0.0
205.184,-0.024,-0.033,0,0,0,69.98999999364239,0.009743634040351506,69.98999999364239,0.009743634040351506,0.0
205.388,-0.025,-0.033,0,0,0,69.98999999364239,0.009743634040351506,69.98999999364239,0.009743634040351506,0.0
205.592,-0.023,-0.032,0,0,0,69.98999999364239,0.009743634040351506,69.98999999364239,0.009743634040351506,0.0
205.8,-0.022,-0.031,0,0,0,69.98999999364239,0.009743634040351506,69.98999999364239,0.009743634040351506,0.0
206.004,-0.02,-0.028,0,0,0,69.98999999364239,0.009743634040351506,69.98999999364239,0.009743634040351506,0.0
206.208,-0.017,-0.025,0,0,0,69.98999999364239,0.009743634040351506,69.98999999364239,0.009743634040351506,0.0
206.416,-0.012,-0.023,0,0,0,69.98999999364239,0.009743634040351506,69.98999999364239,0.009743634040351506,0.0
206.62,-0.009,-0.021,0,0,0,69.99099999014051,0.009743623520297565,69.99099999014051,0.009743623520297565,0.0
206.828,-0.007,-0.02,0,0,0,69.99299999025337,0.009743602480114816,69.99299999025337,0.009743602480114816,0.0
207.036,-0.005,-0.018,0,0,0,69.99499999047917,0.00974358143993088,69.99499999047917,0.00974358143993088,0.0
207.244,-0.004,-0.015,0,0,0,69.995999990818,0.009743570919836533,69.995999990818,0.009743570919836533,0.0
207.452,-0.006,-0.012,0,0,0,69.993999991157,0.009743591960014529,69.993999991157,0.009743591960014529,0.0
207.66,-0.01,-0.008,0,0,0,69.98999999364239,0.009743634040351506,69.98999999364239,0.009743634040351506,0.0
207.86,-0.012,-0.007,0,0,0,69.98999999364239,0.009743634040351506,69.98999999364239,0.009743634040351506,0.0
208.068,-0.014,-0.008,0,0,0,69.98999999364239,0.009743634040351506,69.98999999364239,0.009743634040351506,0.0
208.276,-0.017,-0.008,0,0,0,69.98999999364239,0.009743634040351506,69.98999999364239,0.009743634040351506,0.0
208.484,-0.02,-0.007,0,0,0,69.98999999364239,0.009743634040351506,69.98999999364239,0.009743634040351506,0.0
208.692,-0.023,-0.005,0,0,0,69.98999999364239,0.009743634040351506,69.98999999364239,0.009743634040351506,0.0
208.9,-0.022,-0.004,0,0,0,69.98999999364239,0.009743634040351506,69.98999999364239,0.009743634040351506,0.0
209.104,-0.022,-0.005,0,0,0,69.98999999364239,0.009743634040351506,69.98999999364239,0.009743634040351506,0.0
209.308,-0.021,-0.006,0,0,0,69.98999999364239,0.009743634040351506,69.98999999364239,0.009743634040351506,0.0
209.508,-0.019,-0.006,0,0,0,69.98999999364239,0.009743634040351506,69.98999999364239,0.009743634040351506,0.0
209.716,-0.019,-0.007,0,0,0,69.98999999364239,0.009743634040351506,69.98999999364239,0.009743634040351506,0.0
209.924,-0.019,-0.011,0,0,0,69.98999999364239,0.009743634040351506,69.98999999364239,0.009743634040351506,0.0
210.132,-0.02,-0.017,0,0,0,69.98999999364239,0.009743634040351506,69.98999999364239,0.009743634040351506,0.0
210.34,-0.022,-0.022,0,0,0,69.98999999364239,0.009743634040351506,69.98999999364239,0.009743634040351506,0.0
210.548,-0.024,-0.025,0,0,0,69.98999999364239,0.009743634040351506,69.98999999364239,0.009743634040351506,0.0
210.752,-0.024,-0.026,0,0,0,69.98999999364239,0.009743634040351506,69.98999999364239,0.009743634040351506,0.0
210.96,-0.023,-0.026,0,0,0,69.98999999364239,0.009743634040351506,69.98999999364239,0.009743634040351506,0.0
211.168,-0.021,-0.024,0,0,0,69.98999999364239,0.009743634040351506,69.98999999364239,0.009743634040351506,0.0
211.372,-0.02,-0.023,0,0,0,69.98999999364239,0.009743634040351506,69.98999999364239,0.009743634040351506,0.0
211.58,-0.018,-0.021,0,0,0,69.98999999364239,0.009743634040351506,69.98999999364239,0.009743634040351506,0.0
211.788,-0.016,-0.019,0,0,0,69.98999999364239,0.009743634040351506,69.98999999364239,0.009743634040351506,0.0
211.996,-0.014,-0.018,0,0,0,69.98999999364239,0.009743634040351506,69.98999999364239,0.009743634040351506,0.0
212.204,-0.012,-0.016,0,0,0,69.98999999364239,0.009743634040351506,69.98999999364239,0.009743634040351506,0.0
212.412,-0.01,-0.01,0,0,0,69.98999999364239,0.009743634040351506,69.98999999364239,0.009743634040351506,0.0
212.62,-0.01,-0.004,0,0,0,69.98999999364239,0.009743634040351506,69.98999999364239,0.009743634040351506,0.0
212.828,-0.014,0.0,0,0,0,69.98999999364239,0.009743634040351506,69.98999999364239,0.009743634040351506,0.0
213.036,-0.018,0.004,0,0,0,69.98999999364239,0.009743634040351506,69.98999999364239,0.009743634040351506,0.0
213.244,-0.021,0.007,0,0,0,69.98999999364239,0.009743634040351506,69.98999999364239,0.009743634040351506,0.0
213.452,-0.023,0.009,0,0,0,69.98999999364239,0.009743634040351506,69.98999999364239,0.009743634040351506,0.0
213.66,-0.023,0.009,0,0,0,69.98999999364239,0.009743634040351506,69.98999999364239,0.009743634040351506,0.0
213.86,-0.021,0.01,0,0,0,69.98999999364239,0.009743634040351506,69.98999999364239,0.009743634040351506,0.0
214.072,-0.02,0.011,0,0,0,69.98999999364239,0.009743634040351506,69.98999999364239,0.009743634040351506,0.0
214.276,-0.018,0.013,0,0,0,69.98999999364239,0.009743634040351506,69.98999999364239,0.009743634040351506,0.0
214.484,-0.015,0.015,0,0,0,69.98999999364239,0.009743634040351506,69.98999999364239,0.009743634040351506,0.0
214.692,-0.014,0.014,0,0,0,69.98999999364239,0.009743634040351506,69.98999999364239,0.009743634040351506,0.0
214.904,-0.014,0.013,0,0,0,69.98999999364239,0.009743634040351506,69.98999999364239,0.009743634040351506,0.0
215.104,-0.013,0.011,0,0,0,69.98999999364239,0.009743634040351506,69.98999999364239,0.009743634040351506,0.0
215.312,-0.011,0.009,0,0,0,69.98999999364239,0.009743634040351506,69.98999999364239,0.009743634040351506,0.0
215.516,-0.011,0.008,0,0,0,69.98999999364239,0.009743634040351506,69.98999999364239,0.009743634040351506,0.0
215.72,-0.011,0.007,0,0,0,69.98999999364239,0.009743634040351506,69.98999999364239,0.009743634040351506,0.0
215.928,-0.011,0.006,0,0,0,69.98999999364239,0.009743634040351506,69.98999999364239,0.009743634040351506,0.0
216.136,-0.01,0.006,0,0,0,69.98999999364239,0.009743634040351506,69.98999999364239,0.009743634040351506,0.0
216.336,-0.009,0.006,0,0,0,69.99099999319048,0.00974362352026548,69.99099999319048,0.00974362352026548,0.0
216.544,-0.009,0.004,0,0,0,69.99099999296456,0.009743623520267856,69.99099999296456,0.009743623520267856,0.0
216.752,-0.007,-0.0,0,0,0,69.9929999925126,0.009743602480091049,69.9929999925126,0.009743602480091049,0.0
216.96,-0.003,-0.006,0,0,0,69.99699999183461,0.009743560399735058,69.99699999183461,0.009743560399735058,0.0
217.168,0.0,-0.013,0,0,0,69.99999999104371,0.009743528839471036,69.99999999104371,0.009743528839471036,0.0
217.376,-0.0,-0.016,0,0,0,69.99999999070482,0.0097435288394746,69.99999999070482,0.0097435288394746,0.0
217.584,-0.002,-0.013,0,0,0,69.99799999104383,0.009743549879652596,69.99799999104383,0.009743549879652596,0.0
217.792,-0.004,-0.01,0,0,0,69.9959999913828,0.009743570919830592,69.9959999913828,0.009743570919830592,0.0
218.0,-0.006,-0.009,0,0,0,69.99399999149588,0.009743591960010964,69.99399999149588,0.009743591960010964,0.0
218.208,-0.007,-0.007,0,0,0,69.99299999172186,0.009743602480099367,69.99299999172186,0.009743602480099367,0.0
218.416,-0.008,-0.003,0,0,0,69.99199999217377,0.009743613000185395,69.99199999217377,0.009743613000185395,0.0
218.616,-0.012,-0.0,0,0,0,69.98999999364239,0.009743634040351506,69.98999999364239,0.009743634040351506,0.0
218.824,-0.017,0.001,0,0,0,69.98999999364239,0.009743634040351506,69.98999999364239,0.009743634040351506,0.0
219.032,-0.02,-0.0,0,0,0,69.98999999364239,0.009743634040351506,69.98999999364239,0.009743634040351506,0.0
219.24,-0.02,-0.004,0,0,0,69.98999999364239,0.009743634040351506,69.98999999364239,0.009743634040351506,0.0
219.448,-0.018,-0.01,0,0,0,69.98999999364239,0.009743634040351506,69.98999999364239,0.009743634040351506,0.0
219.656,-0.014,-0.02,0,0,0,69.98999999364239,0.009743634040351506,69.98999999364239,0.009743634040351506,0.0
219.864,-0.01,-0.03,0,0,0,69.98999999364239,0.009743634040351506,69.98999999364239,0.009743634040351506,0.0
220.072,-0.007,-0.04,0,0,0,69.99299998799412,0.009743602480138584,69.99299998799412,0.009743602480138584,0.0
220.28,-0.001,-0.045,0,0,0,69.99899998742899,0.009743539359599844,69.99899998742899,0.009743539359599844,0.0
220.488,0.013,-0.044,0,0,0,70.01299998754116,0.00974339207832773,70.01299998754116,0.00974339207832773,0.0
220.696,0.03,-0.04,0,0,0,70.02999998799208,0.00974321323677971,70.02999998799208,0.00974321323677971,0.0
220.904,0.044,-0.034,0,0,0,70.04399998866909,0.009743065955501654,70.04399998866909,0.009743065955501654,0.0
221.104,0.049,-0.024,0,0,0,70.04899998979842,0.009743013355035869,70.04899998979842,0.009743013355035869,0.0
221.312,0.039,-0.009,0,0,0,70.0389999914934,0.009743118555925847,70.0389999914934,0.009743118555925847,0.0
221.52,0.019,0.008,0,0,0,70.01899999341485,0.009743328957721252,70.01899999341485,0.009743328957721252,0.0
221.728,0.002,0.021,0,0,0,70.0019999948843,0.00974350779924907,70.0019999948843,0.00974350779924907,0.0
221.936,-0.005,0.025,0,0,0,69.99499999533653,0.00974358143987978,69.99499999533653,0.00974358143987978,0.0
222.144,0.002,0.016,0,0,0,70.00199999431949,0.009743507799255011,70.00199999431949,0.009743507799255011,0.0
222.352,0.015,0.001,0,0,0,70.01499999262434,0.009743371038092693,70.01499999262434,0.009743371038092693,0.0
222.56,0.024,-0.014,0,0,0,70.02399999092941,0.009743276357293494,70.02399999092941,0.009743276357293494,0.0
222.768,0.025,-0.023,0,0,0,70.02499998991271,0.009743265837213409,70.02499998991271,0.009743265837213409,0.0
222.976,0.018,-0.025,0,0,0,70.01799998968717,0.009743339477851248,70.01799998968717,0.009743339477851248,0.0
223.184,0.007,-0.021,0,0,0,70.00699999013963,0.009743455198845079,70.00699999013963,0.009743455198845079,0.0
223.392,-0.003,-0.014,0,0,0,69.99699999093092,0.009743560399744566,69.99699999093092,0.009743560399744566,0.0
223.592,-0.012,-0.009,0,0,0,69.98999999364239,0.009743634040351506,69.98999999364239,0.009743634040351506,0.0
223.8,-0.015,-0.006,0,0,0,69.98999999364239,0.009743634040351506,69.98999999364239,0.009743634040351506,0.0
224.008,-0.015,-0.006,0,0,0,69.98999999364239,0.009743634040351506,69.98999999364239,0.009743634040351506,0.0
224.216,-0.012,-0.005,0,0,0,69.98999999364239,0.009743634040351506,69.98999999364239,0.009743634040351506,0.0
224.424,-0.007,-0.004,0,0,0,69.99299999206075,0.009743602480095802,69.99299999206075,0.009743602480095802,0.0
224.632,-0.002,-0.004,0,0,0,69.99799999206049,0.0097435498796419,69.99799999206049,0.0097435498796419,0.0
224.84,0.0,-0.003,0,0,0,69.99999999217333,0.009743528839459151,69.99999999217333,0.009743528839459151,0.0
225.048,-0.002,-0.0,0,0,0,69.99799999251233,0.009743549879637147,69.99799999251233,0.009743549879637147,0.0
225.256,-0.006,0.003,0,0,0,69.99399999285143,0.009743591959996703,69.99399999285143,0.009743591959996703,0.0
225.464,-0.011,0.003,0,0,0,69.98999999364239,0.009743634040351506,69.98999999364239,0.009743634040351506,0.0
225.672,-0.015,-0.001,0,0,0,69.98999999364239,0.009743634040351506,69.98999999364239,0.009743634040351506,0.0
225.872,-0.017,-0.005,0,0,0,69.98999999364239,0.009743634040351506,69.98999999364239,0.009743634040351506,0.0
226.08,-0.018,-0.007,0,0,0,69.98999999364239,0.009743634040351506,69.98999999364239,0.009743634040351506,0.0
226.288,-0.017,-0.004,0,0,0,69.98999999364239,0.009743634040351506,69.98999999364239,0.009743634040351506,0.0
226.496,-0.018,0.002,0,0,0,69.98999999364239,0.009743634040351506,69.98999999364239,0.009743634040351506,0.0
226.704,-0.022,0.008,0,0,0,69.98999999364239,0.009743634040351506,69.98999999364239,0.009743634040351506,0.0
226.912,-0.027,0.011,0,0,0,69.98999999364239,0.009743634040351506,69.98999999364239,0.009743634040351506,0.0
227.12,-0.031,0.011,0,0,0,69.98999999364239,0.009743634040351506,69.98999999364239,0.009743634040351506,0.0
227.328,-0.033,0.006,0,0,0,69.98999999364239,0.009743634040351506,69.98999999364239,0.009743634040351506,0.0
227.536,-0.033,-0.003,0,0,0,69.98999999364239,0.009743634040351506,69.98999999364239,0.009743634040351506,0.0
227.744,-0.031,-0.011,0,0,0,69.98999999364239,0.009743634040351506,69.98999999364239,0.009743634040351506,0.0
227.952,-0.025,-0.017,0,0,0,69.98999999364239,0.009743634040351506,69.98999999364239,0.009743634040351506,0.0
228.16,-0.019,-0.022,0,0,0,69.98999999364239,0.009743634040351506,69.98999999364239,0.009743634040351506,0.0
228.36,-0.015,-0.025,0,0,0,69.98999999364239,0.009743634040351506,69.98999999364239,0.009743634040351506,0.0
228.568,-0.014,-0.024,0,0,0,69.98999999364239,0.009743634040351506,69.98999999364239,0.009743634040351506,0.0
228.776,-0.015,-0.021,0,0,0,69.98999999364239,0.009743634040351506,69.98999999364239,0.009743634040351506,0.0
228.984,-0.015,-0.018,0,0,0,69.98999999364239,0.009743634040351506,69.98999999364239,0.009743634040351506,0.0
229.192,-0.015,-0.02,0,0,0,69.98999999364239,0.009743634040351506,69.98999999364239,0.009743634040351506,0.0
229.4,-0.012,-0.024,0,0,0,69.98999999364239,0.009743634040351506,69.98999999364239,0.009743634040351506,0.0
229.608,-0.009,-0.027,0,0,0,69.99099998946274,0.009743623520304697,69.99099998946274,0.009743623520304697,0.0
229.816,-0.006,-0.026,0,0,0,69.99399998957553,0.009743591960031167,69.99399998957553,0.009743591960031167,0.0
230.024,-0.004,-0.024,0,0,0,69.99599998980135,0.00974357091984723,69.99599998980135,0.00974357091984723,0.0
230.232,-0.003,-0.022,0,0,0,69.99699999002722,0.009743560399754072,69.99699999002722,0.009743560399754072,0.0
230.44,-0.005,-0.022,0,0,0,69.99499999002732,0.009743581439935632,69.99499999002732,0.009743581439935632,0.0
230.648,-0.01,-0.026,0,0,0,69.98999999364239,0.009743634040351506,69.98999999364239,0.009743634040351506,0.0
230.848,-0.019,-0.031,0,0,0,69.98999999364239,0.009743634040351506,69.98999999364239,0.009743634040351506,0.0
231.056,-0.03,-0.031,0,0,0,69.98999999364239,0.009743634040351506,69.98999999364239,0.009743634040351506,0.0
231.264,-0.037,-0.027,0,0,0,69.98999999364239,0.009743634040351506,69.98999999364239,0.009743634040351506,0.0
231.472,-0.036,-0.023,0,0,0,69.98999999364239,0.009743634040351506,69.98999999364239,0.009743634040351506,0.0
231.68,-0.026,-0.023,0,0,0,69.98999999364239,0.009743634040351506,69.98999999364239,0.009743634040351506,0.0
231.888,-0.012,-0.025,0,0,0,69.98999999364239,0.009743634040351506,69.98999999364239,0.009743634040351506,0.0
232.096,-0.002,-0.029,0,0,0,69.99799998923643,0.00974354987967161,69.99799998923643,0.00974354987967161,0.0
232.304,0.006,-0.031,0,0,0,70.00599998901005,0.009743465718947743,70.00599998901005,0.009743465718947743,0.0
232.512,0.009,-0.029,0,0,0,70.00899998923582,0.009743434158673025,70.00899998923582,0.009743434158673025,0.0
232.72,0.006,-0.024,0,0,0,70.00599998980078,0.009743465718939425,70.00599998980078,0.009743465718939425,0.0
232.928,0.001,-0.023,0,0,0,70.00099998991404,0.009743518319392139,70.00099998991404,0.009743518319392139,0.0
233.136,-0.003,-0.025,0,0,0,69.99699998968833,0.009743560399757637,69.99699998968833,0.009743560399757637,0.0
233.336,-0.002,-0.028,0,0,0,69.9979999893494,0.009743549879670422,69.9979999893494,0.009743549879670422,0.0
233.544,0.002,-0.031,0,0,0,70.00199998901029,0.009743507799310864,70.00199998901029,0.009743507799310864,0.0
233.752,0.004,-0.029,0,0,0,70.00399998923609,0.009743486759126927,70.00399998923609,0.009743486759126927,0.0
233.96,0.006,-0.022,0,0,0,70.00599999002671,0.009743465718937049,70.00599999002671,0.009743465718937049,0.0
234.168,0.01,-0.018,0,0,0,70.00999999047835,0.009743423638569173,70.00999999047835,0.009743423638569173,0.0
234.376,0.017,-0.019,0,0,0,70.01699999036501,0.009743349997934898,70.01699999036501,0.009743349997934898,0.0
234.584,0.024,-0.024,0,0,0,70.02399998979979,0.009743276357305378,70.02399998979979,0.009743276357305378,0.0
234.792,0.029,-0.029,0,0,0,70.02899998923472,0.009743223756857418,70.02899998923472,0.009743223756857418,0.0
235.0,0.027,-0.032,0,0,0,70.02699998889594,0.009743244797042545,70.02699998889594,0.009743244797042545,0.0
235.208,0.019,-0.033,0,0,0,70.01899998878342,0.009743328957769975,70.01899998878342,0.009743328957769975,0.0
235.416,0.008,-0.032,0,0,0,70.007999988897,0.00974344467876737,70.007999988897,0.00974344467876737,0.0
235.616,0.001,-0.027,0,0,0,70.00099998946219,0.009743518319396892,70.00099998946219,0.009743518319396892,0.0
235.824,-0.0,-0.022,0,0,0,69.99999999002705,0.00974352883948173,69.99999999002705,0.00974352883948173,0.0
236.032,0.004,-0.016,0,0,0,70.0039999907046,0.00974348675911148,70.0039999907046,0.00974348675911148,0.0
236.24,0.009,-0.015,0,0,0,70.00899999081729,0.009743434158656389,70.00899999081729,0.009743434158656389,0.0
236.448,0.01,-0.016,0,0,0,70.00999999070427,0.009743423638566796,70.00999999070427,0.009743423638566796,0.0
236.656,0.007,-0.018,0,0,0,70.00699999047852,0.009743455198841514,70.00699999047852,0.009743455198841514,0.0
236.864,-0.0,-0.021,0,0,0,69.99999999014001,0.009743528839480542,69.99999999014001,0.009743528839480542,0.0
237.072,-0.011,-0.027,0,0,0,69.98999999364239,0.009743634040351506,69.98999999364239,0.009743634040351506,0.0
237.28,-0.019,-0.034,0,0,0,69.98999999364239,0.009743634040351506,69.98999999364239,0.009743634040351506,0.0
237.488,-0.021,-0.044,0,0,0,69.98999999364239,0.009743634040351506,69.98999999364239,0.009743634040351506,0.0
237.696,-0.016,-0.053,0,0,0,69.98999999364239,0.009743634040351506,69.98999999364239,0.009743634040351506,0.0
237.904,-0.01,-0.055,0,0,0,69.98999999364239,0.009743634040351506,69.98999999364239,0.009743634040351506,0.0
238.104,-0.005,-0.051,0,0,0,69.99499998675142,0.009743581439970095,69.99499998675142,0.009743581439970095,0.0
238.312,-0.006,-0.044,0,0,0,69.99399998754222,0.009743591960052558,69.99399998754222,0.009743591960052558,0.0
238.52,-0.011,-0.037,0,0,0,69.98999999364239,0.009743634040351506,69.98999999364239,0.009743634040351506,0.0
238.728,-0.018,-0.032,0,0,0,69.98999999364239,0.009743634040351506,69.98999999364239,0.009743634040351506,0.0
238.936,-0.023,-0.029,0,0,0,69.98999999364239,0.009743634040351506,69.98999999364239,0.009743634040351506,0.0
239.144,-0.026,-0.029,0,0,0,69.98999999364239,0.009743634040351506,69.98999999364239,0.009743634040351506,0.0
239.352,-0.029,-0.028,0,0,0,69.98999999364239,0.009743634040351506,69.98999999364239,0.009743634040351506,0.0
239.56,-0.032,-0.025,0,0,0,69.98999999364239,0.009743634040351506,69.98999999364239,0.009743634040351506,0.0
239.768,-0.034,-0.02,0,0,0,69.98999999364239,0.009743634040351506,69.98999999364239,0.009743634040351506,0.0
239.976,-0.03,-0.013,0,0,0,69.98999999364239,0.009743634040351506,69.98999999364239,0.009743634040351506,0.0
240.184,-0.024,-0.006,0,0,0,69.98999999364239,0.009743634040351506,69.98999999364239,0.009743634040351506,0.0
240.392,-0.017,-0.0,0,0,0,69.98999999364239,0.009743634040351506,69.98999999364239,0.009743634040351506,0.0
240.592,-0.015,0.002,0,0,0,69.98999999364239,0.009743634040351506,69.98999999364239,0.009743634040351506,0.0
240.8,-0.018,0.005,0,0,0,69.98999999364239,0.009743634040351506,69.98999999364239,0.009743634040351506,0.0
241.008,-0.024,0.007,0,0,0,69.98999999364239,0.009743634040351506,69.98999999364239,0.009743634040351506,0.0
241.216,-0.031,0.007,0,0,0,69.98999999364239,0.009743634040351506,69.98999999364239,0.009743634040351506,0.0
241.424,-0.035,0.007,0,0,0,69.98999999364239,0.009743634040351506,69.98999999364239,0.009743634040351506,0.0
241.632,-0.036,0.004,0,0,0,69.98999999364239,0.009743634040351506,69.98999999364239,0.009743634040351506,0.0
241.84,-0.034,0.004,0,0,0,69.98999999364239,0.009743634040351506,69.98999999364239,0.009743634040351506,0.0
242.048,-0.031,0.005,0,0,0,69.98999999364239,0.009743634040351506,69.98999999364239,0.009743634040351506,0.0
242.256,-0.03,0.01,0,0,0,69.98999999364239,0.009743634040351506,69.98999999364239,0.009743634040351506,0.0
242.464,-0.033,0.015,0,0,0,69.98999999364239,0.009743634040351506,69.98999999364239,0.009743634040351506,0.0
242.672,-0.036,0.021,0,0,0,69.98999999364239,0.009743634040351506,69.98999999364239,0.009743634040351506,0.0
242.872,-0.037,0.026,0,0,0,69.98999999364239,0.009743634040351506,69.98999999364239,0.009743634040351506,0.0
243.08,-0.038,0.029,0,0,0,69.98999999364239,0.009743634040351506,69.98999999364239,0.009743634040351506,0.0
243.288,-0.037,0.027,0,0,0,69.98999999364239,0.009743634040351506,69.98999999364239,0.009743634040351506,0.0
243.496,-0.035,0.021,0,0,0,69.98999999364239,0.009743634040351506,69.98999999364239,0.009743634040351506,0.0
243.704,-0.032,0.015,0,0,0,69.98999999364239,0.009743634040351506,69.98999999364239,0.009743634040351506,0.0
243.912,-0.028,0.01,0,0,0,69.98999999364239,0.009743634040351506,69.98999999364239,0.009743634040351506,0.0
244.12,-0.026,0.01,0,0,0,69.98999999364239,0.009743634040351506,69.98999999364239,0.009743634040351506,0.0
244.328,-0.025,0.013,0,0,0,69.98999999364239,0.009743634040351506,69.98999999364239,0.009743634040351506,0.0
244.536,-0.023,0.017,0,0,0,69.98999999364239,0.009743634040351506,69.98999999364239,0.009743634040351506,0.0
244.744,-0.021,0.019,0,0,0,69.98999999364239,0.009743634040351506,69.98999999364239,0.009743634040351506,0.0
244.952,-0.022,0.021,0,0,0,69.98999999364239,0.009743634040351506,69.98999999364239,0.009743634040351506,0.0
245.16,-0.026,0.022,0,0,0,69.98999999364239,0.009743634040351506,69.98999999364239,0.009743634040351506,0.0
245.36,-0.034,0.02,0,0,0,69.98999999364239,0.009743634040351506,69.98999999364239,0.009743634040351506,0.0
245.568,-0.045,0.019,0,0,0,69.98999999364239,0.009743634040351506,69.98999999364239,0.009743634040351506,0.0
245.776,-0.057,0.017,0,0,0,69.98999999364239,0.009743634040351506,69.98999999364239,0.009743634040351506,0.0
245.984,-0.071,0.012,0,0,0,69.98999999364239,0.009743634040351506,69.98999999364239,0.009743634040351506,0.0
246.192,-0.08,0.006,0,0,0,69.98999999364239,0.009743634040351506,69.98999999364239,0.009743634040351506,0.0
246.4,-0.083,-0.0,0,0,0,69.98999999364239,0.009743634040351506,69.98999999364239,0.009743634040351506,0.0
246.608,-0.085,-0.008,0,0,0,69.98999999364239,0.009743634040351506,69.98999999364239,0.009743634040351506,0.0
246.816,-0.094,-0.015,0,0,0,69.98999999364239,0.009743634040351506,69.98999999364239,0.009743634040351506,0.0
247.024,-0.11,-0.018,0,0,0,69.98999999364239,0.009743634040351506,69.98999999364239,0.009743634040351506,0.0
247.232,-0.131,-0.017,0,0,0,69.98999999364239,0.009743634040351506,69.98999999364239,0.009743634040351506,0.0
247.44,-0.151,-0.015,0,0,0,69.98999999364239,0.009743634040351506,69.98999999364239,0.009743634040351506,0.0
247.648,-0.168,-0.012,0,0,0,69.98999999364239,0.009743634040351506,69.98999999364239,0.009743634040351506,0.0
247.848,-0.177,-0.009,0,0,0,69.98999999364239,0.009743634040351506,69.98999999364239,0.009743634040351506,0.0
248.056,-0.175,-0.008,0,0,0,69.98999999364239,0.009743634040351506,69.98999999364239,0.009743634040351506,0.0
248.264,-0.164,-0.008,0,0,0,69.98999999364239,0.009743634040351506,69.98999999364239,0.009743634040351506,0.0
248.472,-0.151,-0.008,0,0,0,69.98999999364239,0.009743634040351506,69.98999999364239,0.009743634040351506,0.0
248.68,-0.135,-0.005,0,0,0,69.98999999364239,0.009743634040351506,69.98999999364239,0.009743634040351506,0.0
248.888,-0.116,0.001,0,0,0,69.98999999364239,0.009743634040351506,69.98999999364239,0.009743634040351506,0.0
249.096,-0.096,0.007,0,0,0,69.98999999364239,0.009743634040351506,69.98999999364239,0.009743634040351506,0.0
249.304,-0.077,0.01,0,0,0,69.98999999364239,0.009743634040351506,69.98999999364239,0.009743634040351506,0.0
249.512,-0.061,0.009,0,0,0,69.98999999364239,0.009743634040351506,69.98999999364239,0.009743634040351506,0.0
249.72,-0.046,0.007,0,0,0,69.98999999364239,0.009743634040351506,69.98999999364239,0.009743634040351506,0.0
249.928,-0.033,0.005,0,0,0,69.98999999364239,0.009743634040351506,69.98999999364239,0.009743634040351506,0.0
250.136,-0.021,0.004,0,0,0,69.98999999364239,0.009743634040351506,69.98999999364239,0.009743634040351506,0.0
250.336,-0.009,0.005,0,0,0,69.99099999307752,0.009743623520266668,69.99099999307752,0.009743623520266668,0.0
250.544,0.0,0.006,0,0,0,69.99999999318999,0.009743528839448456,69.99999999318999,0.009743528839448456,0.0
250.752,0.01,0.006,0,0,0,70.00999999318944,0.009743423638540652,70.00999999318944,0.009743423638540652,0.0
250.96,0.023,0.007,0,0,0,70.02299999330167,0.00974328687735932,70.02299999330167,0.00974328687735932,0.0
251.168,0.036,0.007,0,0,0,70.03599999330096,0.009743150116179175,70.03599999330096,0.009743150116179175,0.0
251.376,0.048,0.006,0,0,0,70.04799999318733,0.009743023875090998,70.04799999318733,0.009743023875090998,0.0
251.584,0.058,0.006,0,0,0,70.05799999318677,0.009742918674183193,70.05799999318677,0.009742918674183193,0.0
251.792,0.062,0.01,0,0,0,70.0619999936384,0.009742876593815319,70.0619999936384,0.009742876593815319,0.0
252.0,0.064,0.016,0,0,0,70.06399999431606,0.009742855553626627,70.06399999431606,0.009742855553626627,0.0
252.208,0.066,0.022,0,0,0,70.06599999499372,0.009742834513437937,70.06599999499372,0.009742834513437937,0.0
252.416,0.069,0.026,0,0,0,70.0689999954454,0.009742802953160842,70.0689999954454,0.009742802953160842,0.0
252.616,0.071,0.029,0,0,0,70.07099999578418,0.009742781912975717,70.07099999578418,0.009742781912975717,0.0
252.824,0.074,0.03,0,0,0,70.07399999589698,0.009742750352702187,70.07399999589698,0.009742750352702187,0.0
253.032,0.076,0.032,0,0,0,70.07599999612279,0.00974272931251825,70.07599999612279,0.00974272931251825,0.0
253.24,0.077,0.036,0,0,0,70.07699999657457,0.009742718792422715,70.07699999657457,0.009742718792422715,0.0
253.448,0.08,0.039,0,0,0,70.07999999691329,0.009742687232146809,70.07999999691329,0.009742687232146809,0.0
253.656,0.084,0.04,0,0,0,70.08399999702604,0.0097426451517825,70.08399999702604,0.0097426451517825,0.0
253.864,0.09,0.042,0,0,0,70.08999999725162,0.009742582031235441,70.08999999725162,0.009742582031235441,0.0
254.072,0.097,0.047,0,0,0,70.09699999781606,0.009742508390594035,70.09699999781606,0.009742508390594035,0.0
254.28,0.104,0.051,0,0,0,70.10399999826751,0.009742434749953819,70.10399999826751,0.009742434749953819,0.0
254.488,0.11,0.054,0,0,0,70.10999999860607,0.009742371629405572,70.10999999860607,0.009742371629405572,0.0
254.696,0.112,0.056,0,0,0,70.11199999883188,0.009742350589221634,70.11199999883188,0.009742350589221634,0.0
254.904,0.112,0.057,0,0,0,70.11199999894484,0.009742350589220445,70.11199999894484,0.009742350589220445,0.0
255.104,0.113,0.054,0,0,0,70.1129999986059,0.00974234006913323,70.1129999986059,0.00974234006913323,0.0
255.308,0.112,0.049,0,0,0,70.11199999804114,0.009742350589229953,70.11199999804114,0.009742350589229953,0.0
255.508,0.112,0.042,0,0,0,70.11199999725042,0.009742350589238271,70.11199999725042,0.009742350589238271,0.0
255.716,0.111,0.035,0,0,0,70.11099999645974,0.00974236110933737,70.11099999645974,0.00974236110933737,0.0
255.924,0.109,0.031,0,0,0,70.108999996008,0.009742382149523684,70.108999996008,0.009742382149523684,0.0
256.124,0.108,0.03,0,0,0,70.10799999589509,0.009742392669615654,70.10799999589509,0.009742392669615654,0.0
256.332,0.109,0.031,0,0,0,70.108999996008,0.009742382149523684,70.108999996008,0.009742382149523684,0.0
256.54,0.113,0.03,0,0,0,70.11299999589481,0.009742340069161751,70.11299999589481,0.009742340069161751,0.0
256.748,0.117,0.027,0,0,0,70.1169999955557,0.009742297988802195,70.1169999955557,0.009742297988802195,0.0
256.956,0.12,0.023,0,0,0,70.1199999951037,0.009742266428534608,70.1199999951037,0.009742266428534608,0.0
257.164,0.119,0.019,0,0,0,70.1189999946519,0.00974227694863014,70.1189999946519,0.00974227694863014,0.0
257.372,0.118,0.014,0,0,0,70.11799999408714,0.009742287468726863,70.11799999408714,0.009742287468726863,0.0
257.58,0.118,0.008,0,0,0,70.11799999340937,0.009742287468733993,70.11799999340937,0.009742287468733993,0.0
257.788,0.119,0.006,0,0,0,70.1189999931834,0.00974227694864559,70.1189999931834,0.00974227694864559,0.0
257.996,0.121,0.007,0,0,0,70.12099999329625,0.009742255908462841,70.12099999329625,0.009742255908462841,0.0
258.196,0.125,0.007,0,0,0,70.12499999329603,0.009742213828099719,70.12499999329603,0.009742213828099719,0.0
258.404,0.128,0.002,0,0,0,70.12799999273105,0.00974218226783332,70.12799999273105,0.00974218226783332,0.0
258.612,0.13,-0.005,0,0,0,70.12999999194021,0.009742161227660077,70.12999999194021,0.009742161227660077,0.0
258.82,0.134,-0.011,0,0,0,70.13399999126221,0.009742119147304086,70.13399999126221,0.009742119147304086,0.0
259.028,0.139,-0.016,0,0,0,70.13899999069713,0.009742066546856127,70.13899999069713,0.009742066546856127,0.0
259.236,0.144,-0.019,0,0,0,70.14399999035797,0.00974201394640579,70.14399999035797,0.00974201394640579,0.0
259.444,0.15,-0.021,0,0,0,70.14999999013172,0.009741950825863484,70.14999999013172,0.009741950825863484,0.0
259.652,0.167,-0.022,0,0,0,70.16699999001781,0.009741771984321405,70.16699999001781,0.009741771984321405,0.0
259.86,0.218,-0.021,0,0,0,70.21799999012921,0.009741837180475476,70.21799999012921,0.009741837180475476,0.0
260.068,0.333,-0.018,0,0,0,70.33299999046578,0.009742566104721422,70.33299999046578,0.009742566104721422,0.0
260.276,0.549,-0.014,0,0,0,70.54899999091329,0.00974393521460829,70.54899999091329,0.00974393521460829,0.0
260.484,0.912,-0.012,0,0,0,70.91199999113192,0.009746236079831449,70.91199999113192,0.009746236079831449,0.0
260.684,1.451,-0.023,1,1,0,71.45099998990901,0.009755881870411496,71.45099998990901,0.009755881870411496,0.0
260.892,2.268,-0.059,2,2,0,72.2679999861066,0.009781484400914602,72.2679999861066,0.009781484400914602,0.0
261.1,3.414,-0.125,3,3,0,73.41399997903133,0.009848568744896745,73.41399997903133,0.009848568744896745,0.0
261.308,4.964,-0.212,5,5,0,74.96399997207173,0.009997192099982833,74.96399997207173,0.009997192099982833,0.0
261.516,6.996,-0.322,7,7,0,76.99599997073769,0.010225499246981429,76.99599997073769,0.010225499246981429,0.0
261.724,9.609,-0.463,10,10,0,79.60899999897751,0.010574162122141082,79.60899999897751,0.010574162122141082,0.0
261.932,12.877,-0.633,13,13,0,82.87700018044694,0.010803090185880328,82.87700018044694,0.010803090185880328,0.0
262.14,16.65,-0.822,17,17,0,86.6500001701135,0.010284319129385077,86.6500001701135,0.010284319129385077,0.0
262.348,20.663,-1.015,21,21,0,90.66299953612028,0.008864387427506575,90.66299953612028,0.008864387427506575,0.0
262.556,24.688,-1.174,25,25,0,94.68799833053912,0.007629948477280128,94.68799833053912,0.007629948477280128,0.0
262.764,28.579,-1.273,29,29,0,98.57899752980457,0.008689012107946512,98.57899752980457,0.008689012107946512,0.0
262.972,32.29,-1.315,33,33,0,102.28999715748249,0.012133118909263364,102.28999715748249,0.012133118909263364,0.0
263.172,35.715,-1.318,37,37,0,105.71499845428262,0.01583847998013222,105.71499845428262,0.01583847998013222,0.0
263.38,39.17,-1.299,40,40,0,109.17000011774103,0.016368865577876902,109.17000011774103,0.016368865577876902,0.0
263.588,42.545,-1.267,44,44,0,112.54499197216228,0.009904709237014368,112.54499197216228,0.009904709237014368,0.0
263.796,45.866,-1.228,47,47,0,115.86597692851282,0.0018402024452887577,115.86597692851282,0.0018402024452887577,0.0
264.004,49.147,-1.186,51,51,0,119.14695498907705,-0.006334466906546137,119.14695498907705,-0.006334466906546137,0.0
264.212,52.397,-1.144,54,54,0,122.39694802460451,-0.004587471834197851,122.39694802460451,-0.004587471834197851,0.0
264.42,55.625,-1.102,57,57,0,125.62490597571406,0.011370667919080726,125.62490597571406,0.011370667919080726,0.0
264.628,58.841,-1.057,61,61,0,128.8408873717547,0.026802434101826787,128.8408873717547,0.026802434101826787,0.0
264.836,62.058,-1.011,64,64,0,132.0578715188802,0.042711071518719335,132.0578715188802,0.042711071518719335,0.0
265.044,65.283,-0.958,67,67,0,135.28285894105983,0.037140351935070794,135.28285894105983,0.037140351935070794,0.0
265.244,68.398,-0.905,71,71,0,138.39763024044734,0.017456290319982838,138.39763024044734,0.017456290319982838,0.0
265.452,71.653,-0.848,74,74,0,141.6525696679276,0.01710830808808368,141.6525696679276,0.01710830808808368,0.0
265.66,74.924,-0.791,77,77,0,144.923453647618,-0.0013339748775523614,144.923453647618,-0.0013339748775523614,0.0
265.868,78.211,-0.733,81,81,0,148.21042230575137,-0.005365424240018925,148.21042230575137,-0.005365424240018925,0.0
266.076,81.507,-0.678,84,84,0,151.50593116169907,-0.027474709219205144,151.50593116169907,-0.027474709219205144,0.0
266.284,84.807,-0.627,88,88,0,154.80579421925995,-0.0679526479849132,154.80579421925995,-0.0679526479849132,0.0
266.492,88.104,-0.58,91,91,0,158.1028263721831,-0.058141631262652774,158.1028263721831,-0.058141631262652774,0.0
266.7,91.39,-0.537,95,95,0,161.38852461841103,-0.011763935854529955,161.38852461841103,-0.011763935854529955,0.0
266.908,94.664,-0.5,98,98,0,164.66177908366612,-0.03019698634277913,164.66177908366612,-0.03019698634277913,0.0
267.116,97.917,-0.465,101,101,0,167.9142914658693,-0.06569349241548032,167.9142914658693,-0.06569349241548032,0.0
267.324,101.146,-0.431,105,105,0,171.14304394236166,-0.061942055729835625,171.14304394236166,-0.061942055729835625,0.0
267.532,104.354,-0.399,108,108,0,174.35052238550753,-0.007135705263072136,174.35052238550753,-0.007135705263072136,0.0
267.732,107.421,-0.368,111,111,0,177.41651167542858,-0.06272850737088764,177.41651167542858,-0.06272850737088764,0.0
267.94,110.592,-0.337,115,115,0,180.58802070878218,-0.10583466287449242,180.58802070878218,-0.10583466287449242,0.0
268.148,113.746,-0.308,118,118,0,183.7419638262705,-0.08869809850046469,183.7419638262705,-0.08869809850046469,0.0
268.356,116.886,-0.282,121,121,0,186.8810122498443,-0.011240757448669644,186.8810122498443,-0.011240757448669644,0.0
268.564,120.014,-0.26,124,124,0,190.00734168692702,-0.05040580070096506,190.00734168692702,-0.05040580070096506,0.0
268.772,123.132,-0.239,128,128,0,193.1236398741896,-0.08373353942551724,193.1236398741896,-0.08373353942551724,0.0
268.98,126.239,-0.222,131,131,0,196.2309266802492,-0.06988428240184884,196.2309266802492,-0.06988428240184884,0.0
269.188,129.341,-0.21,134,134,0,199.33183888563732,-0.008569691438317307,199.33183888563732,-0.008569691438317307,0.0
269.396,132.443,-0.203,137,137,0,200.04927176864877,2.4537017970308614,200.04927176864877,2.4537017970308614,0.0
269.604,135.544,-0.196,140,140,0,200.08296033634124,5.556628801360092,200.08296033634124,5.556628801360092,0.0
269.812,138.642,-0.186,144,144,0,200.06995671930858,8.652517319280713,200.06995671930858,8.652517319280713,0.0
270.02,141.732,-0.167,147,147,0,200.01111335257974,11.743568813181168,200.01111335257974,11.743568813181168,0.0
270.22,144.699,-0.128,150,150,0,200.05748918982547,14.709084830766255,200.05748918982547,14.709084830766255,0.0
270.428,147.774,-0.042,153,153,0,200.1035731533689,17.782947483603834,200.1035731533689,17.782947483603834,0.0
270.636,150.836,0.121,156,156,0,200.09332824337875,20.841745670815964,200.09332824337875,20.841745670815964,0.0
270.844,153.882,0.395,160,160,0,200.02775743854897,23.888139286982508,200.02775743854897,23.888139286982508,0.0
271.052,156.909,0.807,163,163,0,200.0518576116624,26.921527943629748,200.0518576116624,26.921527943629748,0.0
271.26,159.914,1.376,166,166,0,200.10512278952123,30.185823618511197,200.10512278952123,30.185823618511197,0.0
271.468,162.893,2.116,169,169,0,200.08366270308719,34.11376819347751,200.08366270308719,34.11376819347751,0.0
271.676,165.838,3.034,172,172,0,200.01505433104595,38.22070847167696,200.01505433104595,38.22070847167696,0.0
271.884,168.742,4.132,175,175,0,200.1038015683171,42.46187700218048,200.1038015683171,42.46187700218048,0.0
272.092,171.597,5.41,178,178,0,200.07713639998425,46.988312468262386,200.07713639998425,46.988312468262386,0.0
272.3,174.397,6.87,181,181,0,200.0022464328826,51.50881346813658,200.0022464328826,51.50881346813658,0.0
272.508,177.134,8.518,183,183,0,199.9935009273235,55.70195832147624,199.9935009273235,55.70195832147624,0.0
272.708,179.692,10.287,186,186,0,199.9753943430951,60.314752992248735,199.9753943430951,60.314752992248735,0.0
272.916,182.259,12.329,189,189,0,199.95832924759026,64.8387110214505,199.95832924759026,64.8387110214505,0.0
273.124,184.709,14.585,192,192,0,199.95668154731922,69.18928785484765,199.95668154731922,69.18928785484765,0.0
273.332,187.018,17.056,223,223,0,199.99097758092768,86.89647700046804,199.99097758092768,86.89647700046804,0.0
273.54,189.156,19.739,226,226,0,199.98590979413282,89.7935155545608,199.98590979413282,89.7935155545608,0.0
273.748,191.093,22.62,229,229,0,199.985611581435,92.81819385889065,199.985611581435,92.81819385889065,0.0
273.956,192.801,25.68,232,232,0,199.98774269393337,95.41934960248106,199.98774269393337,95.41934960248106,0.0
274.164,194.253,28.892,235,235,0,199.99006560780737,98.78378010030534,199.99006560780737,98.78378010030534,0.0
274.372,195.438,32.218,239,239,0,199.9896724794414,102.24019467611527,199.9896724794414,102.24019467611527,0.0
274.58,196.365,35.61,243,243,0,199.98671539943078,105.71343178549225,199.98671539943078,105.71343178549225,0.0
274.788,197.059,39.01,246,246,0,199.9852163577266,108.91966235232485,199.9852163577266,108.91966235232485,0.0
274.996,197.564,42.371,250,250,0,199.98963010606792,112.35392523197001,199.98963010606792,112.35392523197001,0.0
275.196,197.92,45.532,253,253,0,199.99674901589003,115.55547887629977,199.99674901589003,115.55547887629977,0.0
275.404,198.204,48.722,256,256,0,200.00486812513614,118.77431917365513,200.00486812513614,118.77431917365513,0.0
275.612,198.442,51.805,259,259,0,200.0054266631049,121.79662803175118,200.0054266631049,121.79662803175118,0.0
275.82,198.664,54.789,262,262,0,199.99155827084252,124.79441880316574,199.99155827084252,124.79441880316574,0.0
276.028,198.882,57.689,265,265,0,199.97681440378994,127.69485860558375,199.97681440378994,127.69485860558375,0.0
276.236,199.099,60.525,268,268,0,199.9583912253866,130.52355001588913,199.9583912253866,130.52355001588913,0.0
276.444,199.308,63.318,271,271,0,199.95047390938754,133.3291885164785,199.95047390938754,133.3291885164785,0.0
276.652,199.501,66.088,274,274,0,199.96755663739276,136.0892052757878,199.96755663739276,136.0892052757878,0.0
276.86,199.669,68.853,277,277,0,199.97853874060465,138.8510635267453,199.97853874060465,138.8510635267453,0.0
277.068,199.802,71.631,280,280,0,199.9781806726406,141.62921936647822,199.9781806726406,141.62921936647822,0.0
277.276,199.894,74.437,283,283,0,199.99419528408868,144.4360572004132,199.99419528408868,144.4360572004132,0.0
277.484,199.94,77.285,286,286,0,200.0050855684408,147.2841974013435,200.0050855684408,147.2841974013435,0.0
277.684,199.939,80.067,289,289,0,199.99198718613113,150.0663711608595,199.99198718613113,150.0663711608595,0.0
277.892,199.898,83.009,292,292,0,200.07670791503747,153.00733782422782,200.07670791503747,153.00733782422782,0.0
278.1,199.825,85.997,295,295,0,200.10859934235754,155.99523149804364,200.10859934235754,155.99523149804364,0.0
278.308,199.73,89.025,298,298,0,200.0853325070709,159.02311855453323,200.0853325070709,159.02311855453323,0.0
278.516,199.629,92.084,301,301,0,200.00513869554405,162.0805431554856,200.00513869554405,162.0805431554856,0.0
278.724,199.532,95.162,304,304,0,200.069063418236,165.1567161686205,200.069063418236,165.1567161686205,0.0
278.932,199.45,98.247,308,308,0,200.10834363880025,168.24168398196255,200.10834363880025,168.24168398196255,0.0
279.14,199.389,101.328,311,311,0,200.08892079425237,171.32291250696767,200.08892079425237,171.32291250696767,0.0
279.348,199.349,104.395,314,314,0,200.01190685657974,174.389322279078,200.01190685657974,174.389322279078,0.0
279.556,199.33,107.442,317,317,0,200.06237076166104,177.43459940007924,200.06237076166104,177.43459940007924,0.0
279.764,199.328,110.461,320,320,0,200.10445134152744,180.45232884007936,200.10445134152744,180.45232884007936,0.0
279.972,199.34,113.45,323,323,0,200.0924773242568,183.44078825228414,200.0924773242568,183.44078825228414,0.0
280.172,199.36,116.29,326,326,0,200.03115490092696,186.27931503615008,200.03115490092696,186.27931503615008,0.0
280.38,199.383,119.21,329,329,0,200.03345909134453,189.19876896868877,200.03345909134453,189.19876896868877,0.0
280.588,199.408,122.099,332,332,0,200.07732707785675,192.08945913431015,200.07732707785675,192.08945913431015,0.0
280.796,199.429,124.959,335,335,0,200.08136637912082,194.95259506375788,200.08136637912082,194.95259506375788,0.0
281.004,199.445,127.794,338,338,0,200.04548111659733,197.78669615779103,200.04548111659733,197.78669615779103,0.0
281.212,199.458,130.613,341,341,0,199.39560754304395,200.0266792292661,199.39560754304395,200.0266792292661,0.0
281.42,199.466,133.422,344,344,0,196.59031614256776,200.08486207348906,196.59031614256776,200.08486207348906,0.0
281.628,199.467,136.227,347,347,0,193.79132728307545,200.1048174812354,193.79132728307545,200.1048174812354,0.0
281.836,199.461,139.032,350,350,0,190.97747209797717,200.08545185027717,190.97747209797717,200.08545185027717,0.0
282.044,199.443,141.844,353,353,0,188.17105557704178,200.02879233703058,188.17105557704178,200.02879233703058,0.0
282.244,199.403,144.561,356,356,0,185.45633343801873,200.07367272592967,185.45633343801873,200.07367272592967,0.0
282.452,199.319,147.408,359,359,0,182.60564090509502,200.12133659540459,182.60564090509502,200.12133659540459,0.0
282.66,199.169,150.28,362,362,0,179.76332679968485,200.12029031072402,179.76332679968485,200.12029031072402,0.0
282.868,198.929,153.179,365,365,0,176.85467318568558,200.06909527816924,176.85467318568558,200.06909527816924,0.0
283.076,198.58,156.11,368,368,0,173.7268313821641,200.05279244471873,173.7268313821641,200.05279244471873,0.0
283.284,198.108,159.077,371,371,0,170.1705927637396,200.12302489492004,170.1705927637396,200.12302489492004,0.0
283.492,197.505,162.085,374,374,0,166.22722206581463,200.10966314929115,166.22722206581463,200.10966314929115,0.0
283.7,196.759,165.133,377,377,0,162.35107811234667,200.01489730005022,162.35107811234667,200.01489730005022,0.0
283.908,195.857,168.219,380,380,0,158.09432020943473,200.11811646779591,158.09432020943473,200.11811646779591,0.0
284.116,194.771,171.335,384,384,0,153.58793206989637,200.1072888896576,153.58793206989637,200.1072888896576,0.0
284.324,193.473,174.46,387,387,0,148.7448933045807,200.02098366432637,148.7448933045807,200.02098366432637,0.0
284.532,191.927,177.568,390,390,0,144.34960796355998,200.01380431258687,144.34960796355998,200.01380431258687,0.0
284.732,190.173,180.507,393,393,0,139.4025402532518,199.995694483976,139.4025402532518,199.995694483976,0.0
284.94,188.037,183.467,396,396,0,133.99661219509701,199.97168251673713,133.99661219509701,199.97168251673713,0.0
285.148,185.563,186.269,426,426,0,115.97070578262226,200.0187931283561,115.97070578262226,200.0187931283561,0.0
285.356,182.745,188.838,429,429,0,112.88373268499024,200.01076563783715,112.88373268499024,200.01076563783715,0.0
285.564,179.602,191.096,433,433,0,109.50655333528056,200.00421209410007,109.50655333528056,200.00421209410007,0.0
285.772,176.179,192.966,437,437,0,105.94240509616178,200.0040510363397,105.94240509616178,200.0040510363397,0.0
285.976,172.697,194.344,440,440,0,102.83745704916925,200.00702279469735,102.83745704916925,200.00702279469735,0.0
286.184,168.98,195.325,444,444,0,98.98523112162553,200.01106056422446,98.98523112162553,200.01106056422446,0.0
286.392,165.279,195.892,448,448,0,95.18537759555399,200.0131863416206,95.18537759555399,200.0131863416206,0.0
286.6,161.692,196.147,451,451,0,91.83225158435737,200.01284798583833,91.83225158435737,200.01284798583833,0.0
286.808,158.285,196.216,455,455,0,88.33301759152738,200.01073482308377,88.33301759152738,200.01073482308377,0.0
287.016,155.078,196.219,458,458,0,85.05720671985823,200.0080394842214,85.05720671985823,200.0080394842214,0.0
287.224,152.057,196.248,461,461,0,81.96879464302776,200.00585649362733,81.96879464302776,200.00585649362733,0.0
287.432,149.181,196.345,464,464,0,79.21816587924718,200.00539547388826,79.21816587924718,200.00539547388826,0.0
287.64,146.405,196.51,467,467,0,76.39763356806563,200.0075876576451,76.39763356806563,200.0075876576451,0.0
287.852,143.688,196.724,470,470,0,73.66773274055979,200.01223567009734,73.66773274055979,200.01223567009734,0.0
288.052,141.204,196.94,473,473,0,71.19760407424991,200.0174706089221,71.19760407424991,200.0174706089221,0.0
288.26,138.509,197.164,475,475,0,68.52362723694445,200.02203479809498,68.52362723694445,200.02203479809498,0.0
288.468,135.787,197.354,478,478,0,65.7549311349319,200.02182821866455,65.7549311349319,200.02182821866455,0.0
288.676,133.02,197.491,481,481,0,63.01938581701778,200.0128621115738,63.01938581701778,200.0128621115738,0.0
288.884,130.192,197.557,484,484,0,60.20649597131509,200.00441505155771,60.20649597131509,200.00441505155771,0.0
289.092,127.288,197.541,487,487,0,57.303912360657485,199.99272826938272,57.303912360657485,199.99272826938272,0.0
289.3,124.3,197.448,490,490,0,54.319030169536035,199.98601595779056,54.319030169536035,199.98601595779056,0.0
289.508,121.224,197.3,493,493,0,51.22881118422705,199.99748273099857,51.22881118422705,199.99748273099857,0.0
289.708,118.189,197.142,497,497,0,48.18236705116039,200.0091773684072,48.18236705116039,200.0091773684072,0.0
289.916,114.968,196.996,500,500,0,44.95961700645034,200.0243434120717,44.95961700645034,200.0243434120717,0.0
290.124,111.705,196.892,503,503,0,41.69685009503344,200.0382914028783,41.69685009503344,200.0382914028783,0.0
290.332,108.423,196.848,507,507,0,38.422669119045096,200.02349213133056,38.422669119045096,200.02349213133056,0.0
290.54,105.146,196.863,510,510,0,35.15013205938546,200.08204027282258,35.15013205938546,200.08204027282258,0.0
290.748,101.899,196.93,514,514,0,31.904226572713558,200.12778112208363,31.904226572713558,200.12778112208363,0.0
290.956,98.7,197.038,517,517,0,28.704569539973836,200.1096458503773,28.704569539973836,200.1096458503773,0.0
291.164,95.566,197.171,520,520,0,25.569871303633292,200.0305156830656,25.569871303633292,200.0305156830656,0.0
291.372,92.503,197.315,523,523,0,22.506981184746312,200.08407473526165,22.506981184746312,200.08407473526165,0.0
291.58,89.515,197.459,526,526,0,19.518274552474878,200.12516721173984,19.518274552474878,200.12516721173984,0.0
291.788,86.601,197.594,529,529,0,16.604101350999272,200.1134762191481,16.604101350999272,200.1134762191481,0.0
291.996,83.749,197.714,532,532,0,13.752862463540405,200.0522763456613,13.752862463540405,200.0522763456613,0.0
292.196,81.049,197.814,535,535,0,11.05513364537742,200.048687786924,11.05513364537742,200.048687786924,0.0
292.404,78.272,197.902,538,538,0,8.280464745024897,200.09671092133905,8.280464745024897,200.09671092133905,0.0
292.612,75.516,197.974,541,541,0,5.527178519581475,200.1055411484375,5.527178519581475,200.1055411484375,0.0
292.82,72.769,198.035,544,544,0,2.7808118201131453,200.07728434677824,2.7808118201131453,200.07728434677824,0.0
293.028,70.018,198.09,547,547,0,0.029653636095880787,200.01114182458033,0.029653636095880787,200.01114182458033,0.0
293.236,67.251,198.148,550,550,0,-0.06653528729767108,196.98989907093625,-0.06653528729767108,196.98989907093625,0.0
293.444,64.456,198.212,552,552,0,-0.08117284354432219,194.18964263394264,-0.08117284354432219,194.18964263394264,0.0
293.652,61.624,198.284,555,555,0,-0.060263067677140646,191.36534291512865,-0.060263067677140646,191.36534291512865,0.0
293.86,58.75,198.364,558,558,0,-0.01794134280330671,188.5006485135255,-0.01794134280330671,188.5006485135255,0.0
294.068,55.837,198.436,561,561,0,-0.08517562462607459,185.59455855253188,-0.08517562462607459,185.59455855253188,0.0
294.276,52.884,198.474,564,564,0,-0.10206262283329456,182.61831012446942,-0.10206262283329456,182.61831012446942,0.0
294.484,49.89,198.448,568,568,0,-0.06449750791230065,179.52248997808172,-0.06449750791230065,179.52248997808172,0.0
294.684,46.974,198.335,571,571,0,-0.04304678610426246,176.43794861463059,-0.04304678610426246,176.43794861463059,0.0
294.892,43.901,198.103,574,574,0,-0.10259395421302243,172.98765045107757,-0.10259395421302243,172.98765045107757,0.0
295.1,40.784,197.738,577,577,0,-0.08576769858526687,169.304653752594,-0.08576769858526687,169.304653752594,0.0
295.308,37.625,197.221,580,580,0,-0.03850225128824566,165.35761118348887,-0.03850225128824566,165.35761118348887,0.0
295.516,34.429,196.533,584,584,0,-0.10463448160726876,161.41495477295518,-0.10463448160726876,161.41495477295518,0.0
295.724,31.204,195.654,587,587,0,-0.06669559930172447,157.02818050079512,-0.06669559930172447,157.02818050079512,0.0
295.932,27.964,194.554,591,591,0,-0.02206003677083021,152.41273688541725,-0.02206003677083021,152.41273688541725,0.0
296.14,24.731,193.2,594,594,0,-0.003056537739835259,148.07580837960612,-0.003056537739835259,148.07580837960612,0.0
296.348,21.544,191.554,597,597,0,0.014942701051420227,142.9689212077085,0.014942701051420227,142.9689212077085,0.0
296.556,18.461,189.578,600,600,0,0.08527946272847538,137.63457843258536,0.08527946272847538,137.63457843258536,0.0
296.764,15.55,187.251,604,604,0,0.0027480579192200906,132.9143452225133,0.0027480579192200906,132.9143452225133,0.0
296.972,12.881,184.573,634,634,0,-0.026058942824433114,114.68955863221143,-0.026058942824433114,114.68955863221143,0.0
297.172,10.615,181.689,637,637,0,-0.01148368859167862,111.60852817484397,-0.01148368859167862,111.60852817484397,0.0
297.38,8.639,178.425,641,641,0,0.003998259428717927,108.16925399430563,0.003998259428717927,108.16925399430563,0.0
297.588,7.095,174.973,644,644,0,0.008318469864309232,105.12319599032669,0.008318469864309232,105.12319599032669,0.0
297.796,5.988,171.435,648,648,0,-0.0025081030647822198,101.42370330781132,-0.0025081030647822198,101.42370330781132,0.0
298.004,5.271,167.914,652,652,0,-0.013426364215275599,97.78256920884517,-0.013426364215275599,97.78256920884517,0.0
298.212,4.853,164.495,655,655,0,-0.017536244681852834,94.62617593762285,-0.017536244681852834,94.62617593762285,0.0
298.42,4.622,161.233,659,659,0,-0.014719617653519618,91.25046010391917,-0.014719617653519618,91.25046010391917,0.0
298.628,4.472,158.144,662,662,0,-0.010547986037136975,88.08237107827962,-0.010547986037136975,88.08237107827962,0.0
298.836,4.328,155.212,665,665,0,-0.007721846681235726,85.07777634733485,-0.007721846681235726,85.07777634733485,0.0
299.044,4.151,152.406,668,668,0,-0.00740816963950696,82.40940380329485,-0.00740816963950696,82.40940380329485,0.0
299.244,3.94,149.788,671,671,0,-0.008402719848027396,79.76868541304587,-0.008402719848027396,79.76868541304587,0.0
299.452,3.689,147.112,674,674,0,-0.00969355180705081,77.10469934528835,-0.00969355180705081,77.10469934528835,0.0
299.66,3.422,144.455,677,677,0,-0.010632321413249286,74.48767202795769,-0.010632321413249286,74.48767202795769,0.0
299.868,3.166,141.791,680,680,0,-0.010897744389940477,71.73026177195734,-0.010897744389940477,71.73026177195734,0.0
300.076,2.944,139.096,682,682,0,-0.01062912586521081,69.0743827977736,-0.01062912586521081,69.0743827977736,0.0
300.284,2.777,136.352,685,685,0,-0.010184805356060539,66.3767158805609,-0.010184805356060539,66.3767158805609,0.0
300.492,2.682,133.543,688,688,0,-0.009832050009466546,63.61252304858338,-0.009832050009466546,63.61252304858338,0.0
300.7,2.665,130.658,691,691,0,-0.009711069416564093,60.64779158690712,-0.009711069416564093,60.64779158690712,0.0
300.908,2.718,127.691,695,695,0,-0.00980193531444918,57.70657027343198,-0.00980193531444918,57.70657027343198,0.0
301.116,2.815,124.642,698,698,0,-0.009963077518621778,54.650024220541184,-0.009963077518621778,54.650024220541184,0.0
301.324,2.922,121.52,701,701,0,-0.010073350611416686,51.494600376696056,-0.010073350611416686,51.494600376696056,0.0
301.532,3.009,118.338,705,705,0,-0.010086220468488465,48.34105585298068,-0.010086220468488465,48.34105585298068,0.0
301.732,3.055,115.248,708,708,0,-0.010042655253551323,45.23272216104083,-0.010042655253551323,45.23272216104083,0.0
301.94,3.052,112.022,711,711,0,-0.00999356065202374,42.00927835813266,-0.00999356065202374,42.00927835813266,0.0
302.148,2.998,108.807,715,715,0,-0.009971428012907128,38.788698380892065,-0.009971428012907128,38.788698380892065,0.0
302.356,2.9,105.625,718,718,0,-0.009977129952222889,35.62594588164421,-0.009977129952222889,35.62594588164421,0.0
302.564,2.772,102.496,722,722,0,-0.009993593321125524,32.50600769515674,-0.009993593321125524,32.50600769515674,0.0
302.772,2.627,99.43,725,725,0,-0.010005277608395128,29.435535203509477,-0.010005277608395128,29.435535203509477,0.0
302.98,2.476,96.429,728,728,0,-0.010008132270500627,26.43264126331395,-0.010008132270500627,26.43264126331395,0.0
303.188,2.326,93.497,731,731,0,-0.010005914695856828,23.49555290948477,-0.010005914695856828,23.49555290948477,0.0
303.396,2.189,90.63,734,734,0,-0.010001155058550842,20.626864298915457,-0.010001155058550842,20.626864298915457,0.0
303.604,2.069,87.817,737,737,0,-0.01,20.01,-0.01,20.01,0.0
303.812,1.967,85.044,740,740,0,-0.01,20.01,-0.01,20.01,0.0
304.02,1.879,82.301,743,743,0,-0.01,20.01,-0.01,20.01,0.0
304.22,1.805,79.679,746,746,0,-0.01,20.01,-0.01,20.01,0.0
304.428,1.736,76.955,749,749,0,-0.01,20.01,-0.01,20.01,0.0
304.636,1.672,74.223,752,752,0,-0.01,20.01,-0.01,20.01,0.0
304.844,1.607,71.472,755,755,0,-0.01,20.01,-0.01,20.01,0.0
305.052,1.534,68.694,758,758,0,-0.01,20.01,-0.01,20.01,0.0
305.26,1.45,65.885,761,761,0,-0.01,20.01,-0.01,20.01,0.0
305.468,1.346,63.041,764,764,0,-0.01,20.01,-0.01,20.01,0.0
305.676,1.222,60.16,767,767,0,-0.01,20.01,-0.01,20.01,0.0
305.884,1.08,57.25,770,770,0,-0.01,20.01,-0.01,20.01,0.0
306.092,0.923,54.318,773,773,0,-0.01,20.01,-0.01,20.01,0.0
306.3,0.753,51.368,776,776,0,-0.01,20.01,-0.01,20.01,0.0
306.508,0.577,48.409,779,779,0,-0.01,20.01,-0.01,20.01,0.0
306.708,0.411,45.563,782,782,0,-0.01,20.01,-0.01,20.01,0.0
306.916,0.25,42.609,785,785,0,-0.01,20.01,-0.01,20.01,0.0
307.124,0.107,39.667,789,789,0,-0.01,20.01,-0.01,20.01,0.0
307.332,-0.018,36.74,792,792,0,-0.01,20.01,-0.01,20.01,0.0
307.54,-0.124,33.83,795,795,0,-0.01,20.01,-0.01,20.01,0.0
307.748,-0.211,30.935,798,798,0,-0.01,20.01,-0.01,20.01,0.0
307.956,-0.279,28.056,801,801,0,-0.01,20.01,-0.01,20.01,0.0
308.164,-0.333,25.179,804,804,0,-0.01,20.01,-0.01,20.01,0.0
308.372,-0.366,22.382,807,807,0,-0.01,20.01,-0.01,20.01,0.0
308.58,-0.383,19.664,809,809,0,-0.01,20.01,-0.01,20.01,0.0
308.788,-0.393,17.012,809,809,0,-0.01,20.01,-0.01,20.01,0.0
308.996,-0.404,14.415,809,809,0,-0.01,20.01,-0.01,20.01,0.0
309.196,-0.419,11.977,809,809,0,-0.01,20.01,-0.01,20.01,0.0
309.404,-0.445,9.511,0,809,809,69.98999999364239,0.009743634040351506,-0.01,20.01,72.80116931625511
309.612,-0.482,7.132,0,809,809,69.98999999364239,0.009743634040351506,-0.01,20.01,72.80116931625511
309.82,-0.525,4.85,0,809,809,69.98999999364239,0.009743634040351506,-0.01,20.01,72.80116931625511
310.028,-0.568,2.671,0,809,809,69.98999999364239,0.009743634040351506,-0.01,20.01,72.80116931625511
310.236,-0.607,0.595,0,809,809,69.98999999364239,0.009743634040351506,-0.01,20.01,72.80116931625511
310.44,-0.643,-1.312,0,809,809,69.98999999364239,0.009743634040351506,-0.01,20.01,72.80116931625511
310.644,-0.673,-3.201,0,809,809,69.98999999364239,0.009743634040351506,-0.01,20.01,72.80116931625511
310.852,-0.696,-4.999,0,809,809,69.98999999364239,0.009743634040351506,-0.01,20.01,72.80116931625511
311.052,-0.712,-6.644,0,809,809,69.98999999364239,0.009743634040351506,-0.01,20.01,72.80116931625511
311.26,-0.728,-8.272,0,809,809,69.98999999364239,0.009743634040351506,-0.01,20.01,72.80116931625511
311.468,-0.742,-9.82,0,809,809,69.98999999364239,0.009743634040351506,-0.01,20.01,72.80116931625511
311.676,-0.751,-11.295,0,809,809,69.98999999364239,0.009743634040351506,-0.01,20.01,72.80116931625511
311.884,-0.757,-12.708,0,809,809,69.98999999364239,0.009743634040351506,-0.01,20.01,72.80116931625511
312.092,-0.757,-14.062,0,809,809,69.98999999364239,0.009743634040351506,-0.01,20.01,72.80116931625511
312.3,-0.755,-15.356,0,809,809,69.98999999364239,0.009743634040351506,-0.01,20.01,72.80116931625511
312.508,-0.752,-16.592,0,809,809,69.98999999364239,0.009743634040351506,-0.01,20.01,72.80116931625511
312.708,-0.75,-17.728,0,809,809,69.98999999364239,0.009743634040351506,-0.01,20.01,72.80116931625511
312.916,-0.75,-18.853,0,809,809,69.98999999364239,0.009743634040351506,-0.01,20.01,72.80116931625511
313.124,-0.752,-19.921,0,809,809,69.98999999364239,0.009743634040351506,-0.01,20.01,72.80116931625511
313.332,-0.757,-20.994,0,809,809,69.98999999364239,0.009743634040351506,-0.01,20.01,72.80116931625511
313.54,-0.768,-22.116,0,809,809,69.98999999364239,0.009743634040351506,-0.01,20.01,72.80116931625511
313.748,-0.783,-23.088,0,809,809,69.98999999364239,0.009743634040351506,-0.01,20.01,72.80116931625511
313.956,-0.798,-23.822,0,809,809,69.98999999364239,0.009743634040351506,-0.01,20.01,72.80116931625511
314.164,-0.798,-24.139,0,809,809,69.98999999364239,0.009743634040351506,-0.01,20.01,72.80116931625511
314.372,-0.765,-23.983,0,809,809,69.98999999364239,0.009743634040351506,-0.01,20.01,72.80116931625511
314.58,-0.688,-23.377,0,809,809,69.98999999364239,0.009743634040351506,-0.01,20.01,72.80116931625511
314.788,-0.563,-22.353,0,809,809,69.98999999364239,0.009743634040351506,-0.01,20.01,72.80116931625511
314.996,-0.404,-20.992,0,809,809,69.98999999364239,0.009743634040351506,-0.01,20.01,72.80116931625511
315.196,-0.252,-19.46,0,809,809,69.98999999364239,0.009743634040351506,-0.01,20.01,72.80116931625511
315.404,-0.147,-17.781,0,809,809,69.98999999364239,0.009743634040351506,-0.01,20.01,72.80116931625511
315.612,-0.126,-16.218,0,809,809,69.98999999364239,0.009743634040351506,-0.01,20.01,72.80116931625511
315.82,-0.176,-14.833,0,809,809,69.98999999364239,0.009743634040351506,-0.01,20.01,72.80116931625511
316.028,-0.274,-13.606,0,809,809,69.98999999364239,0.009743634040351506,-0.01,20.01,72.80116931625511
316.236,-0.387,-12.494,0,809,809,69.98999999364239,0.009743634040351506,-0.01,20.01,72.80116931625511
316.444,-0.487,-11.462,0,809,809,69.98999999364239,0.009743634040351506,-0.01,20.01,72.80116931625511
316.652,-0.563,-10.482,0,809,809,69.98999999364239,0.009743634040351506,-0.01,20.01,72.80116931625511
316.86,-0.609,-9.543,0,809,809,69.98999999364239,0.009743634040351506,-0.01,20.01,72.80116931625511
317.068,-0.63,-8.637,0,809,809,69.98999999364239,0.009743634040351506,-0.01,20.01,72.80116931625511
317.276,-0.641,-7.719,0,809,809,69.98999999364239,0.009743634040351506,-0.01,20.01,72.80116931625511
317.484,-0.655,-6.726,0,809,809,69.98999999364239,0.009743634040351506,-0.01,20.01,72.80116931625511
317.684,-0.671,-5.667,0,809,809,69.98999999364239,0.009743634040351506,-0.01,20.01,72.80116931625511
317.892,-0.687,-4.468,0,809,809,69.98999999364239,0.009743634040351506,-0.01,20.01,72.80116931625511
318.1,-0.701,-3.211,0,809,809,69.98999999364239,0.009743634040351506,-0.01,20.01,72.80116931625511
318.308,-0.709,-1.963,0,809,809,69.98999999364239,0.009743634040351506,-0.01,20.01,72.80116931625511
318.516,-0.709,-0.771,0,809,809,69.98999999364239,0.009743634040351506,-0.01,20.01,72.80116931625511
318.724,-0.703,0.352,0,809,809,69.98999999364239,0.009743634040351506,-0.01,20.01,72.80116931625511
318.932,-0.696,1.413,0,809,809,69.98999999364239,0.009743634040351506,-0.01,20.01,72.80116931625511
319.14,-0.69,2.422,0,809,809,69.98999999364239,0.009743634040351506,-0.01,20.01,72.80116931625511
319.348,-0.685,3.385,0,809,809,69.98999999364239,0.009743634040351506,-0.01,20.01,72.80116931625511
319.556,-0.673,4.325,0,809,809,69.98999999364239,0.009743634040351506,-0.01,20.01,72.80116931625511
319.764,-0.655,5.284,0,809,809,69.98999999364239,0.009743634040351506,-0.01,20.01,72.80116931625511
319.972,-0.63,6.3,0,809,809,69.98999999364239,0.009743634040351506,-0.01,20.01,72.80116931625511
320.172,-0.599,7.345,0,809,809,69.98999999364239,0.009743634040351506,-0.01,20.01,72.80116931625511
320.38,-0.561,8.487,0,809,809,69.98999999364239,0.009743634040351506,-0.01,20.01,72.80116931625511
320.588,-0.519,9.651,0,809,809,69.98999999364239,0.009743634040351506,-0.01,20.01,72.80116931625511
320.796,-0.478,10.798,809,809,0,-0.01,20.01,-0.01,20.01,0.0
321.004,-0.439,11.901,809,809,0,-0.01,20.01,-0.01,20.01,0.0
321.212,-0.405,12.948,809,809,0,-0.01,20.01,-0.01,20.01,0.0
321.416,-0.375,13.909,809,809,0,-0.01,20.01,-0.01,20.01,0.0
321.624,-0.347,14.88,809,809,0,-0.01,20.01,-0.01,20.01,0.0
321.832,-0.323,15.832,809,809,0,-0.01,20.01,-0.01,20.01,0.0
322.04,-0.298,16.709,809,809,0,-0.01,20.01,-0.01,20.01,0.0
322.248,-0.273,17.461,809,809,0,-0.01,20.01,-0.01,20.01,0.0
322.456,-0.252,18.069,809,809,0,-0.01,20.01,-0.01,20.01,0.0
322.664,-0.239,18.542,809,809,0,-0.01,20.01,-0.01,20.01,0.0
322.872,-0.234,18.894,809,809,0,-0.01,20.01,-0.01,20.01,0.0
323.08,-0.237,19.144,809,809,0,-0.01,20.01,-0.01,20.01,0.0
323.288,-0.243,19.314,809,809,0,-0.01,20.01,-0.01,20.01,0.0
323.496,-0.25,19.419,809,809,0,-0.01,20.01,-0.01,20.01,0.0
323.696,-0.256,19.477,809,809,0,-0.01,20.01,-0.01,20.01,0.0
323.904,-0.254,19.506,809,809,0,-0.01,20.01,-0.01,20.01,0.0
324.112,-0.244,19.5,809,809,0,-0.01,20.01,-0.01,20.01,0.0
324.32,-0.227,19.438,809,809,0,-0.01,20.01,-0.01,20.01,0.0
324.528,-0.209,19.364,809,809,0,-0.01,20.01,-0.01,20.01,0.0
324.736,-0.194,19.302,809,809,0,-0.01,20.01,-0.01,20.01,0.0
324.944,-0.188,19.254,809,809,0,-0.01,20.01,-0.01,20.01,0.0
325.152,-0.195,19.219,809,809,0,-0.01,20.01,-0.01,20.01,0.0
325.36,-0.213,19.204,809,809,0,-0.01,20.01,-0.01,20.01,0.0
325.568,-0.231,19.214,809,809,0,-0.01,20.01,-0.01,20.01,0.0
325.776,-0.233,19.247,809,809,0,-0.01,20.01,-0.01,20.01,0.0
325.984,-0.217,19.294,809,809,0,-0.01,20.01,-0.01,20.01,0.0
326.184,-0.192,19.343,809,809,0,-0.01,20.01,-0.01,20.01,0.0
326.392,-0.158,19.393,809,809,0,-0.01,20.01,-0.01,20.01,0.0
326.6,-0.129,19.439,809,809,0,-0.01,20.01,-0.01,20.01,0.0
326.808,-0.11,19.478,809,809,0,-0.01,20.01,-0.01,20.01,0.0
327.016,-0.107,19.51,809,809,0,-0.01,20.01,-0.01,20.01,0.0
327.224,-0.114,19.534,809,809,0,-0.01,20.01,-0.01,20.01,0.0
327.432,-0.124,19.547,809,809,0,-0.01,20.01,-0.01,20.01,0.0
327.64,-0.133,19.547,809,809,0,-0.01,20.01,-0.01,20.01,0.0
327.848,-0.137,19.536,809,809,0,-0.01,20.01,-0.01,20.01,0.0
328.056,-0.135,19.515,809,809,0,-0.01,20.01,-0.01,20.01,0.0
328.264,-0.131,19.491,809,809,0,-0.01,20.01,-0.01,20.01,0.0
328.472,-0.125,19.465,809,809,0,-0.01,20.01,-0.01,20.01,0.0
328.672,-0.119,19.439,809,809,0,-0.01,20.01,-0.01,20.01,0.0
328.88,-0.116,19.409,809,809,0,-0.01,20.01,-0.01,20.01,0.0
329.088,-0.118,19.378,809,809,0,-0.01,20.01,-0.01,20.01,0.0
329.296,-0.124,19.351,809,809,0,-0.01,20.01,-0.01,20.01,0.0
329.504,-0.131,19.328,809,809,0,-0.01,20.01,-0.01,20.01,0.0
329.712,-0.136,19.31,809,809,0,-0.01,20.01,-0.01,20.01,0.0
329.92,-0.141,19.295,809,809,0,-0.01,20.01,-0.01,20.01,0.0
330.128,-0.142,19.282,809,809,0,-0.01,20.01,-0.01,20.01,0.0
330.336,-0.14,19.271,809,809,0,-0.01,20.01,-0.01,20.01,0.0
330.544,-0.139,19.267,809,809,0,-0.01,20.01,-0.01,20.01,0.0
330.744,-0.139,19.272,809,809,0,-0.01,20.01,-0.01,20.01,0.0
330.952,-0.14,19.285,809,809,0,-0.01,20.01,-0.01,20.01,0.0
331.16,-0.14,19.306,809,809,0,-0.01,20.01,-0.01,20.01,0.0
331.368,-0.14,19.331,809,809,0,-0.01,20.01,-0.01,20.01,0.0
331.576,-0.138,19.358,809,809,0,-0.01,20.01,-0.01,20.01,0.0
331.784,-0.138,19.387,809,809,0,-0.01,20.01,-0.01,20.01,0.0
331.992,-0.14,19.414,809,809,0,-0.01,20.01,-0.01,20.01,0.0
332.2,-0.142,19.437,809,809,0,-0.01,20.01,-0.01,20.01,0.0
332.408,-0.143,19.457,809,809,0,-0.01,20.01,-0.01,20.01,0.0
332.616,-0.142,19.473,809,809,0,-0.01,20.01,-0.01,20.01,0.0
332.824,-0.138,19.485,809,809,0,-0.01,20.01,-0.01,20.01,0.0
333.032,-0.132,19.493,809,809,0,-0.01,20.01,-0.01,20.01,0.0
333.232,-0.125,19.497,809,809,0,-0.01,20.01,-0.01,20.01,0.0
333.44,-0.121,19.499,809,809,0,-0.01,20.01,-0.01,20.01,0.0
333.648,-0.122,19.498,809,809,0,-0.01,20.01,-0.01,20.01,0.0
333.856,-0.125,19.494,809,809,0,-0.01,20.01,-0.01,20.01,0.0
334.064,-0.128,19.483,809,809,0,-0.01,20.01,-0.01,20.01,0.0
334.272,-0.134,19.47,809,809,0,-0.01,20.01,-0.01,20.01,0.0
334.48,-0.14,19.455,809,809,0,-0.01,20.01,-0.01,20.01,0.0
334.688,-0.147,19.44,809,809,0,-0.01,20.01,-0.01,20.01,0.0
334.896,-0.153,19.424,809,809,0,-0.01,20.01,-0.01,20.01,0.0
335.104,-0.156,19.411,809,809,0,-0.01,20.01,-0.01,20.01,0.0
335.312,-0.158,19.402,809,809,0,-0.01,20.01,-0.01,20.01,0.0
335.52,-0.157,19.395,809,809,0,-0.01,20.01,-0.01,20.01,0.0
335.72,-0.155,19.388,809,809,0,-0.01,20.01,-0.01,20.01,0.0
335.928,-0.154,19.38,809,809,0,-0.01,20.01,-0.01,20.01,0.0
336.136,-0.155,19.372,809,809,0,-0.01,20.01,-0.01,20.01,0.0
336.344,-0.158,19.369,809,809,0,-0.01,20.01,-0.01,20.01,0.0
336.552,-0.16,19.373,809,809,0,-0.01,20.01,-0.01,20.01,0.0
336.76,-0.163,19.383,809,809,0,-0.01,20.01,-0.01,20.01,0.0
336.968,-0.167,19.399,809,809,0,-0.01,20.01,-0.01,20.01,0.0
337.176,-0.171,19.418,809,809,0,-0.01,20.01,-0.01,20.01,0.0
337.384,-0.171,19.439,809,809,0,-0.01,20.01,-0.01,20.01,0.0
337.592,-0.166,19.46,809,809,0,-0.01,20.01,-0.01,20.01,0.0
337.8,-0.159,19.482,809,809,0,-0.01,20.01,-0.01,20.01,0.0
338.008,-0.154,19.5,809,809,0,-0.01,20.01,-0.01,20.01,0.0
338.208,-0.154,19.512,809,809,0,-0.01,20.01,-0.01,20.01,0.0
338.416,-0.161,19.522,809,809,0,-0.01,20.01,-0.01,20.01,0.0
338.624,-0.169,19.528,809,809,0,-0.01,20.01,-0.01,20.01,0.0
338.832,-0.175,19.528,809,809,0,-0.01,20.01,-0.01,20.01,0.0
339.04,-0.178,19.524,809,809,0,-0.01,20.01,-0.01,20.01,0.0
339.248,-0.176,19.517,809,809,0,-0.01,20.01,-0.01,20.01,0.0
339.456,-0.169,19.509,809,809,0,-0.01,20.01,-0.01,20.01,0.0
339.664,-0.16,19.501,809,809,0,-0.01,20.01,-0.01,20.01,0.0
339.872,-0.153,19.491,809,809,0,-0.01,20.01,-0.01,20.01,0.0
340.08,-0.15,19.483,809,809,0,-0.01,20.01,-0.01,20.01,0.0
340.288,-0.151,19.476,809,809,0,-0.01,20.01,-0.01,20.01,0.0
340.496,-0.155,19.473,809,809,0,-0.01,20.01,-0.01,20.01,0.0
340.696,-0.159,19.472,809,809,0,-0.01,20.01,-0.01,20.01,0.0
340.904,-0.159,19.472,809,809,0,-0.01,20.01,-0.01,20.01,0.0
341.112,-0.155,19.472,809,809,0,-0.01,20.01,-0.01,20.01,0.0
341.32,-0.147,19.472,809,809,0,-0.01,20.01,-0.01,20.01,0.0
341.528,-0.136,19.47,809,809,0,-0.01,20.01,-0.01,20.01,0.0
341.736,-0.126,19.466,809,809,0,-0.01,20.01,-0.01,20.01,0.0
341.944,-0.119,19.461,809,809,0,-0.01,20.01,-0.01,20.01,0.0
342.152,-0.121,19.453,809,809,0,-0.01,20.01,-0.01,20.01,0.0
342.36,-0.128,19.447,809,809,0,-0.01,20.01,-0.01,20.01,0.0
342.568,-0.136,19.446,809,809,0,-0.01,20.01,-0.01,20.01,0.0
342.776,-0.144,19.447,809,809,0,-0.01,20.01,-0.01,20.01,0.0
342.984,-0.146,19.447,809,809,0,-0.01,20.01,-0.01,20.01,0.0
343.184,-0.142,19.444,809,809,0,-0.01,20.01,-0.01,20.01,0.0
343.392,-0.132,19.439,809,809,0,-0.01,20.01,-0.01,20.01,0.0
343.6,-0.118,19.436,809,809,0,-0.01,20.01,-0.01,20.01,0.0
343.808,-0.107,19.432,809,809,0,-0.01,20.01,-0.01,20.01,0.0
344.016,-0.103,19.429,809,809,0,-0.01,20.01,-0.01,20.01,0.0
344.224,-0.108,19.429,809,809,0,-0.01,20.01,-0.01,20.01,0.0
344.432,-0.121,19.434,809,809,0,-0.01,20.01,-0.01,20.01,0.0
344.64,-0.137,19.442,809,809,0,-0.01,20.01,-0.01,20.01,0.0
344.848,-0.152,19.452,809,809,0,-0.01,20.01,-0.01,20.01,0.0
345.056,-0.16,19.46,809,809,0,-0.01,20.01,-0.01,20.01,0.0
345.264,-0.16,19.465,809,809,0,-0.01,20.01,-0.01,20.01,0.0
345.472,-0.149,19.464,809,809,0,-0.01,20.01,-0.01,20.01,0.0
345.672,-0.135,19.459,809,809,0,-0.01,20.01,-0.01,20.01,0.0
345.88,-0.122,19.453,809,809,0,-0.01,20.01,-0.01,20.01,0.0
346.088,-0.116,19.447,809,809,0,-0.01,20.01,-0.01,20.01,0.0
346.296,-0.119,19.44,809,809,0,-0.01,20.01,-0.01,20.01,0.0
346.504,-0.128,19.433,809,809,0,-0.01,20.01,-0.01,20.01,0.0
346.712,-0.141,19.426,809,809,0,-0.01,20.01,-0.01,20.01,0.0
346.92,-0.149,19.421,809,809,0,-0.01,20.01,-0.01,20.01,0.0
347.128,-0.15,19.419,809,809,0,-0.01,20.01,-0.01,20.01,0.0
347.336,-0.143,19.416,809,809,0,-0.01,20.01,-0.01,20.01,0.0
347.54,-0.133,19.414,809,809,0,-0.01,20.01,-0.01,20.01,0.0
347.744,-0.125,19.412,809,809,0,-0.01,20.01,-0.01,20.01,0.0
347.952,-0.122,19.411,809,809,0,-0.01,20.01,-0.01,20.01,0.0
348.16,-0.125,19.415,809,809,0,-0.01,20.01,-0.01,20.01,0.0
348.368,-0.134,19.423,809,809,0,-0.01,20.01,-0.01,20.01,0.0
348.576,-0.149,19.433,809,809,0,-0.01,20.01,-0.01,20.01,0.0
348.784,-0.162,19.44,809,809,0,-0.01,20.01,-0.01,20.01,0.0
348.992,-0.169,19.445,809,809,0,-0.01,20.01,-0.01,20.01,0.0
349.2,-0.173,19.447,809,809,0,-0.01,20.01,-0.01,20.01,0.0
349.408,-0.175,19.448,809,809,0,-0.01,20.01,-0.01,20.01,0.0
349.616,-0.175,19.447,809,809,0,-0.01,20.01,-0.01,20.01,0.0
349.824,-0.176,19.446,809,809,0,-0.01,20.01,-0.01,20.01,0.0
350.032,-0.177,19.444,809,809,0,-0.01,20.01,-0.01,20.01,0.0
350.232,-0.178,19.441,809,809,0,-0.01,20.01,-0.01,20.01,0.0
350.44,-0.179,19.439,809,809,0,-0.01,20.01,-0.01,20.01,0.0
350.648,-0.178,19.434,809,809,0,-0.01,20.01,-0.01,20.01,0.0
350.856,-0.175,19.426,809,809,0,-0.01,20.01,-0.01,20.01,0.0
351.064,-0.171,19.42,809,809,0,-0.01,20.01,-0.01,20.01,0.0
351.272,-0.168,19.416,809,809,0,-0.01,20.01,-0.01,20.01,0.0
351.48,-0.166,19.412,809,809,0,-0.01,20.01,-0.01,20.01,0.0
351.688,-0.163,19.407,809,809,0,-0.01,20.01,-0.01,20.01,0.0
351.896,-0.161,19.401,809,809,0,-0.01,20.01,-0.01,20.01,0.0
352.104,-0.16,19.396,809,809,0,-0.01,20.01,-0.01,20.01,0.0
352.312,-0.161,19.392,809,809,0,-0.01,20.01,-0.01,20.01,0.0
352.52,-0.161,19.39,809,809,0,-0.01,20.01,-0.01,20.01,0.0
352.72,-0.16,19.39,809,809,0,-0.01,20.01,-0.01,20.01,0.0
352.928,-0.16,19.395,809,809,0,-0.01,20.01,-0.01,20.01,0.0
353.136,-0.16,19.402,809,809,0,-0.01,20.01,-0.01,20.01,0.0
353.344,-0.161,19.408,809,809,0,-0.01,20.01,-0.01,20.01,0.0
353.552,-0.163,19.416,809,809,0,-0.01,20.01,-0.01,20.01,0.0
353.76,-0.166,19.424,809,809,0,-0.01,20.01,-0.01,20.01,0.0
353.968,-0.168,19.431,809,809,0,-0.01,20.01,-0.01,20.01,0.0
354.176,-0.165,19.435,809,809,0,-0.01,20.01,-0.01,20.01,0.0
354.384,-0.16,19.436,809,809,0,-0.01,20.01,-0.01,20.01,0.0
354.592,-0.154,19.438,809,809,0,-0.01,20.01,-0.01,20.01,0.0
354.8,-0.15,19.442,809,809,0,-0.01,20.01,-0.01,20.01,0.0
355.008,-0.148,19.445,809,809,0,-0.01,20.01,-0.01,20.01,0.0
355.208,-0.148,19.447,809,809,0,-0.01,20.01,-0.01,20.01,0.0
355.416,-0.15,19.451,809,809,0,-0.01,20.01,-0.01,20.01,0.0
355.624,-0.15,19.456,809,809,0,-0.01,20.01,-0.01,20.01,0.0
355.832,-0.149,19.459,809,809,0,-0.01,20.01,-0.01,20.01,0.0
356.04,-0.143,19.457,809,809,0,-0.01,20.01,-0.01,20.01,0.0
356.248,-0.135,19.453,809,809,0,-0.01,20.01,-0.01,20.01,0.0
356.456,-0.129,19.449,809,809,0,-0.01,20.01,-0.01,20.01,0.0
356.664,-0.13,19.445,809,809,0,-0.01,20.01,-0.01,20.01,0.0
356.872,-0.137,19.44,809,809,0,-0.01,20.01,-0.01,20.01,0.0
357.08,-0.146,19.433,809,809,0,-0.01,20.01,-0.01,20.01,0.0
357.288,-0.151,19.426,809,809,0,-0.01,20.01,-0.01,20.01,0.0
357.496,-0.151,19.418,809,809,0,-0.01,20.01,-0.01,20.01,0.0
357.696,-0.147,19.41,809,809,0,-0.01,20.01,-0.01,20.01,0.0
357.904,-0.139,19.406,809,809,0,-0.01,20.01,-0.01,20.01,0.0
358.112,-0.132,19.406,809,809,0,-0.01,20.01,-0.01,20.01,0.0
358.32,-0.132,19.407,809,809,0,-0.01,20.01,-0.01,20.01,0.0
358.528,-0.14,19.407,809,809,0,-0.01,20.01,-0.01,20.01,0.0
358.736,-0.151,19.41,809,809,0,-0.01,20.01,-0.01,20.01,0.0
358.944,-0.159,19.414,809,809,0,-0.01,20.01,-0.01,20.01,0.0
359.152,-0.162,19.419,809,809,0,-0.01,20.01,-0.01,20.01,0.0
359.36,-0.161,19.425,809,809,0,-0.01,20.01,-0.01,20.01,0.0
359.568,-0.156,19.431,809,809,0,-0.01,20.01,-0.01,20.01,0.0
359.776,-0.149,19.435,809,809,0,-0.01,20.01,-0.01,20.01,0.0
359.984,-0.138,19.439,809,809,0,-0.01,20.01,-0.01,20.01,0.0
360.184,-0.128,19.443,809,809,0,-0.01,20.01,-0.01,20.01,0.0
360.392,-0.122,19.449,809,809,0,-0.01,20.01,-0.01,20.01,0.0
360.6,-0.122,19.456,809,809,0,-0.01,20.01,-0.01,20.01,0.0
360.808,-0.127,19.462,809,809,0,-0.01,20.01,-0.01,20.01,0.0
361.016,-0.137,19.465,809,809,0,-0.01,20.01,-0.01,20.01,0.0
361.224,-0.148,19.463,809,809,0,-0.01,20.01,-0.01,20.01,0.0
361.432,-0.158,19.459,809,809,0,-0.01,20.01,-0.01,20.01,0.0
361.64,-0.163,19.453,809,809,0,-0.01,20.01,-0.01,20.01,0.0
361.848,-0.161,19.442,809,809,0,-0.01,20.01,-0.01,20.01,0.0
362.056,-0.153,19.429,809,809,0,-0.01,20.01,-0.01,20.01,0.0
362.264,-0.142,19.417,809,809,0,-0.01,20.01,-0.01,20.01,0.0
362.472,-0.134,19.407,809,809,0,-0.01,20.01,-0.01,20.01,0.0
362.672,-0.13,19.4,809,809,0,-0.01,20.01,-0.01,20.01,0.0
362.88,-0.129,19.396,809,809,0,-0.01,20.01,-0.01,20.01,0.0
363.088,-0.13,19.393,809,809,0,-0.01,20.01,-0.01,20.01,0.0
363.296,-0.13,19.389,809,809,0,-0.01,20.01,-0.01,20.01,0.0
363.504,-0.131,19.387,809,809,0,-0.01,20.01,-0.01,20.01,0.0
363.712,-0.133,19.385,809,809,0,-0.01,20.01,-0.01,20.01,0.0
363.92,-0.139,19.382,809,809,0,-0.01,20.01,-0.01,20.01,0.0
364.128,-0.147,19.382,809,809,0,-0.01,20.01,-0.01,20.01,0.0
364.336,-0.158,19.387,809,809,0,-0.01,20.01,-0.01,20.01,0.0
364.544,-0.167,19.397,809,809,0,-0.01,20.01,-0.01,20.01,0.0
364.744,-0.17,19.407,809,809,0,-0.01,20.01,-0.01,20.01,0.0
364.952,-0.164,19.415,809,809,0,-0.01,20.01,-0.01,20.01,0.0
365.16,-0.15,19.421,809,809,0,-0.01,20.01,-0.01,20.01,0.0
365.368,-0.135,19.428,809,809,0,-0.01,20.01,-0.01,20.01,0.0
365.576,-0.122,19.434,809,809,0,-0.01,20.01,-0.01,20.01,0.0
365.784,-0.115,19.437,809,809,0,-0.01,20.01,-0.01,20.01,0.0
365.992,-0.112,19.438,809,809,0,-0.01,20.01,-0.01,20.01,0.0
366.2,-0.114,19.437,809,809,0,-0.01,20.01,-0.01,20.01,0.0
366.408,-0.121,19.437,809,809,0,-0.01,20.01,-0.01,20.01,0.0
366.616,-0.123,19.435,809,809,0,-0.01,20.01,-0.01,20.01,0.0
366.824,-0.123,19.434,809,809,0,-0.01,20.01,-0.01,20.01,0.0
367.032,-0.122,19.432,809,809,0,-0.01,20.01,-0.01,20.01,0.0
367.232,-0.12,19.43,809,809,0,-0.01,20.01,-0.01,20.01,0.0
367.44,-0.118,19.428,809,809,0,-0.01,20.01,-0.01,20.01,0.0
367.648,-0.116,19.427,809,809,0,-0.01,20.01,-0.01,20.01,0.0
367.856,-0.112,19.428,809,809,0,-0.01,20.01,-0.01,20.01,0.0
368.064,-0.106,19.432,809,809,0,-0.01,20.01,-0.01,20.01,0.0
368.272,-0.102,19.434,809,809,0,-0.01,20.01,-0.01,20.01,0.0
368.48,-0.102,19.435,809,809,0,-0.01,20.01,-0.01,20.01,0.0
368.688,-0.104,19.438,809,809,0,-0.01,20.01,-0.01,20.01,0.0
368.896,-0.106,19.441,809,809,0,-0.01,20.01,-0.01,20.01,0.0
369.104,-0.111,19.44,809,809,0,-0.01,20.01,-0.01,20.01,0.0
369.312,-0.116,19.439,809,809,0,-0.01,20.01,-0.01,20.01,0.0
369.52,-0.117,19.438,809,809,0,-0.01,20.01,-0.01,20.01,0.0
369.72,-0.119,19.438,809,809,0,-0.01,20.01,-0.01,20.01,0.0
369.928,-0.12,19.439,809,809,0,-0.01,20.01,-0.01,20.01,0.0
370.136,-0.123,19.439,809,809,0,-0.01,20.01,-0.01,20.01,0.0
370.344,-0.124,19.44,809,809,0,-0.01,20.01,-0.01,20.01,0.0
370.552,-0.12,19.438,809,809,0,-0.01,20.01,-0.01,20.01,0.0
