t,n,e,seg_old,seg_new,seg_diff,tgt_old_n,tgt_old_e,tgt_new_n,tgt_new_e,tgt_dist_m
6.012,0.0,-0.0,0,0,0,69.99999999312584,-0.00026723832902540376,69.99999999312584,-0.00026723832902540376,0.0
6.212,0.0,-0.001,0,0,0,69.99999999300805,-0.00026723832902411513,69.99999999300805,-0.00026723832902411513,0.0
6.412,-0.0,-0.001,0,0,0,69.99999999300805,-0.00026723832902411513,69.99999999300805,-0.00026723832902411513,0.0
6.612,-0.001,-0.0,0,0,0,69.9989999931259,-0.0002672273893250497,69.9989999931259,-0.0002672273893250497,0.0
6.812,-0.001,0.0,0,0,0,69.9989999931259,-0.0002672273893250497,69.9989999931259,-0.0002672273893250497,0.0
7.02,-0.002,0.0,0,0,0,69.99799999312596,-0.0002672164496246956,69.99799999312596,-0.0002672164496246956,0.0
7.224,-0.002,0.001,0,0,0,69.99799999324375,-0.0002672164496259842,69.99799999324375,-0.0002672164496259842,0.0
7.428,-0.001,-0.0,0,0,0,69.9989999931259,-0.0002672273893250497,69.9989999931259,-0.0002672273893250497,0.0
7.628,0.0,-0.001,0,0,0,69.99999999300805,-0.00026723832902411513,69.99999999300805,-0.00026723832902411513,0.0
7.828,0.001,-0.001,0,0,0,70.000999993008,-0.00026724926872446933,70.000999993008,-0.00026724926872446933,0.0
8.032,0.002,-0.0,0,0,0,70.00199999312572,-0.0002672602084261121,70.00199999312572,-0.0002672602084261121,0.0
8.24,0.002,-0.0,0,0,0,70.00199999312572,-0.0002672602084261121,70.00199999312572,-0.0002672602084261121,0.0
8.448,0.0,0.001,0,0,0,69.99999999324363,-0.0002672383290266924,69.99999999324363,-0.0002672383290266924,0.0
8.656,-0.0,0.001,0,0,0,69.99999999324363,-0.0002672383290266924,69.99999999324363,-0.0002672383290266924,0.0
8.864,-0.001,0.002,0,0,0,69.9989999933615,-0.000267227389327627,69.9989999933615,-0.000267227389327627,0.0
9.072,-0.001,0.006,0,0,0,69.99899999383267,-0.0002672273893327815,69.99899999383267,-0.0002672273893327815,0.0
9.272,-0.002,0.014,0,0,0,69.99799999477507,-0.00026721644964273637,69.99799999477507,-0.00026721644964273637,0.0
9.48,-0.005,0.018,0,0,0,69.99499999524643,-0.0002671836305468285,69.99499999524643,-0.0002671836305468285,0.0
9.688,-0.007,0.018,0,0,0,69.99299999524655,-0.0002671617511461203,69.99299999524655,-0.0002671617511461203,0.0
9.896,-0.007,0.016,0,0,0,69.99299999501096,-0.00026716175114354306,69.99299999501096,-0.00026716175114354306,0.0
10.104,-0.005,0.013,0,0,0,69.99499999465746,-0.00026718363054038536,69.99499999465746,-0.00026718363054038536,0.0
10.304,-0.005,0.01,0,0,0,69.99499999430408,-0.0002671836305365195,69.99499999430408,-0.0002671836305365195,0.0
10.512,-0.008,0.006,0,0,0,69.99199999383309,-0.0002671508114303026,69.99199999383309,-0.0002671508114303026,0.0
10.72,-0.008,0.004,0,0,0,69.9919999935975,-0.0002671508114277253,69.9919999935975,-0.0002671508114277253,0.0
10.928,-0.008,-0.001,0,0,0,69.99199999300853,-0.0002671508114212822,69.99199999300853,-0.0002671508114212822,0.0
11.136,-0.009,-0.008,0,0,0,69.99099999218404,-0.00026713987171190774,69.99099999218404,-0.00026713987171190774,0.0
11.336,-0.009,-0.013,0,0,0,69.99099999159507,-0.0002671398717054646,69.99099999159507,-0.0002671398717054646,0.0
11.544,-0.008,-0.018,0,0,0,69.99199999100604,-0.0002671508113993755,69.99199999100604,-0.0002671508113993755,0.0
11.752,-0.01,-0.019,0,0,0,69.98999999088836,-0.0002671289319973787,69.98999999088836,-0.0002671289319973787,0.0
11.956,-0.01,-0.018,0,0,0,69.98999999100616,-0.0002671289319986673,69.98999999100616,-0.0002671289319986673,0.0
12.156,-0.009,-0.017,0,0,0,69.9909999911239,-0.0002671398717003101,69.9909999911239,-0.0002671398717003101,0.0
12.364,-0.01,-0.017,0,0,0,69.98999999112395,-0.00026712893199995594,69.98999999112395,-0.00026712893199995594,0.0
12.572,-0.011,-0.018,0,0,0,69.98899999100621,-0.0002671179922983131,69.98899999100621,-0.0002671179922983131,0.0
12.772,-0.014,-0.018,0,0,0,69.9859999910064,-0.0002670851731972507,69.9859999910064,-0.0002670851731972507,0.0
12.98,-0.018,-0.019,0,0,0,69.98199999088885,-0.00026704141439454573,69.98199999088885,-0.00026704141439454573,0.0
13.188,-0.021,-0.02,0,0,0,69.97899999077123,-0.0002670085952921947,69.97899999077123,-0.0002670085952921947,0.0
13.396,-0.022,-0.02,0,0,0,69.9779999907713,-0.0002669976555918405,69.9779999907713,-0.0002669976555918405,0.0
13.604,-0.023,-0.02,0,0,0,69.97699999077135,-0.00026698671589148637,69.97699999077135,-0.00026698671589148637,0.0
13.804,-0.023,-0.02,0,0,0,69.97699999077135,-0.00026698671589148637,69.97699999077135,-0.00026698671589148637,0.0
14.012,-0.024,-0.019,0,0,0,69.9759999908892,-0.00026697577619242096,69.9759999908892,-0.00026697577619242096,0.0
14.22,-0.023,-0.019,0,0,0,69.97699999088914,-0.000266986715892775,69.97699999088914,-0.000266986715892775,0.0
14.428,-0.022,-0.022,0,0,0,69.97799999053571,-0.00026699765558926326,69.97799999053571,-0.00026699765558926326,0.0
14.636,-0.02,-0.028,0,0,0,69.97999998982881,-0.00026701953498223973,69.97999998982881,-0.00026701953498223973,0.0
14.836,-0.018,-0.034,0,0,0,69.98199998912195,-0.0002670414143752163,69.98199998912195,-0.0002670414143752163,0.0
15.044,-0.017,-0.038,0,0,0,69.98299998865069,-0.0002670523540704158,69.98299998865069,-0.0002670523540704158,0.0
15.252,-0.018,-0.039,0,0,0,69.98199998853298,-0.00026704141436877316,69.98199998853298,-0.00026704141436877316,0.0
15.46,-0.022,-0.039,0,0,0,69.97799998853321,-0.0002669976555673566,69.97799998853321,-0.0002669976555673566,0.0
15.664,-0.029,-0.041,0,0,0,69.97099998829803,-0.0002669210776623004,69.97099998829803,-0.0002669210776623004,0.0
15.864,-0.036,-0.041,0,0,0,69.96399998829845,-0.00026684449975982166,69.96399998829845,-0.00026684449975982166,0.0
16.072,-0.043,-0.04,0,0,0,69.95699998841667,-0.00026676792185863137,69.95699998841667,-0.00026676792185863137,0.0
16.28,-0.047,-0.039,0,0,0,69.9529999885347,-0.0002667241630585034,69.9529999885347,-0.0002667241630585034,0.0
16.488,-0.05,-0.038,0,0,0,69.94999998865266,-0.00026669134395872966,69.94999998865266,-0.00026669134395872966,0.0
16.696,-0.051,-0.041,0,0,0,69.94899998829936,-0.0002666804042545098,69.94899998829936,-0.0002666804042545098,0.0
16.904,-0.051,-0.046,0,0,0,69.9489999877104,-0.00026668040424806665,69.9489999877104,-0.00026668040424806665,0.0
17.112,-0.051,-0.053,0,0,0,69.94899998688584,-0.00026668040423904625,69.94899998688584,-0.00026668040423904625,0.0
17.312,-0.048,-0.058,0,0,0,69.95199998629668,-0.0002667132233336655,69.95199998629668,-0.0002667132233336655,0.0
17.52,-0.044,-0.06,0,0,0,69.95599998606085,-0.0002667569821325046,69.95599998606085,-0.0002667569821325046,0.0
17.728,-0.041,-0.06,0,0,0,69.95899998606068,-0.000266789801233567,69.95899998606068,-0.000266789801233567,0.0
17.936,-0.039,-0.059,0,0,0,69.96099998617835,-0.00026681168063556396,69.96099998617835,-0.00026681168063556396,0.0
18.144,-0.037,-0.054,0,0,0,69.9629999867672,-0.0002668335600427153,69.9629999867672,-0.0002668335600427153,0.0
18.344,-0.039,-0.05,0,0,0,69.9609999872385,-0.0002668116806471616,69.9609999872385,-0.0002668116806471616,0.0
18.552,-0.042,-0.046,0,0,0,69.95799998770985,-0.00026677886155125375,69.95799998770985,-0.00026677886155125375,0.0
18.76,-0.049,-0.043,0,0,0,69.95099998806364,-0.0002667022836526407,69.95099998806364,-0.0002667022836526407,0.0
18.968,-0.056,-0.041,0,0,0,69.94399998829965,-0.00026662570575273906,69.94399998829965,-0.00026662570575273906,0.0
19.176,-0.062,-0.039,0,0,0,69.9379999885356,-0.00026656006755319155,69.9379999885356,-0.00026656006755319155,0.0
19.376,-0.068,-0.036,0,0,0,69.93199998888933,-0.00026649442935493267,69.93199998888933,-0.00026649442935493267,0.0
19.584,-0.069,-0.032,0,0,0,69.93099998936057,-0.0002664834896597332,69.93099998936057,-0.0002664834896597332,0.0
19.792,-0.068,-0.029,0,0,0,69.93199998971389,-0.00026649442936395307,69.93199998971389,-0.00026649442936395307,0.0
20.0,-0.065,-0.026,0,0,0,69.9349999900671,-0.00026652724846888134,69.9349999900671,-0.00026652724846888134,0.0
20.208,-0.059,-0.024,0,0,0,69.94099999030232,-0.00026659288667358336,69.94099999030232,-0.00026659288667358336,0.0
20.412,-0.052,-0.024,0,0,0,69.94799999030191,-0.0002666694645760623,69.94799999030191,-0.0002666694645760623,0.0
20.616,-0.044,-0.024,0,0,0,69.95599999030142,-0.0002667569821788952,69.95599999030142,-0.0002667569821788952,0.0
20.824,-0.037,-0.021,0,0,0,69.9629999906544,-0.00026683356008524,69.9629999906544,-0.00026683356008524,0.0
21.032,-0.034,-0.018,0,0,0,69.96599999100759,-0.0002668663791901683,69.96599999100759,-0.0002668663791901683,0.0
21.24,-0.035,-0.017,0,0,0,69.96499999112544,-0.0002668554394911028,69.96499999112544,-0.0002668554394911028,0.0
21.44,-0.04,-0.018,0,0,0,69.95999999100795,-0.0002668007409880436,69.95999999100795,-0.0002668007409880436,0.0
21.648,-0.044,-0.019,0,0,0,69.95599999089039,-0.00026675698218533837,69.95599999089039,-0.00026675698218533837,0.0
21.856,-0.05,-0.023,0,0,0,69.94999999041957,-0.0002666913439780591,69.94999999041957,-0.0002666913439780591,0.0
22.064,-0.056,-0.029,0,0,0,69.94399998971318,-0.0002666257057682026,69.94399998971318,-0.0002666257057682026,0.0
22.272,-0.062,-0.038,0,0,0,69.93799998865339,-0.0002665600675544802,69.93799998865339,-0.0002665600675544802,0.0
22.472,-0.068,-0.043,0,0,0,69.93199998806477,-0.00026649442934591227,69.93199998806477,-0.00026649442934591227,0.0
22.68,-0.075,-0.044,0,0,0,69.92999999313004,-0.0002664725500006151,69.92999999313004,-0.0002664725500006151,0.0
22.888,-0.08,-0.042,0,0,0,69.92999999313004,-0.0002664725500006151,69.92999999313004,-0.0002664725500006151,0.0
23.096,-0.084,-0.04,0,0,0,69.92999999313004,-0.0002664725500006151,69.92999999313004,-0.0002664725500006151,0.0
23.304,-0.085,-0.037,0,0,0,69.92999999313004,-0.0002664725500006151,69.92999999313004,-0.0002664725500006151,0.0
23.504,-0.084,-0.036,0,0,0,69.92999999313004,-0.0002664725500006151,69.92999999313004,-0.0002664725500006151,0.0
23.712,-0.082,-0.036,0,0,0,69.92999999313004,-0.0002664725500006151,69.92999999313004,-0.0002664725500006151,0.0
23.92,-0.079,-0.036,0,0,0,69.92999999313004,-0.0002664725500006151,69.92999999313004,-0.0002664725500006151,0.0
24.128,-0.075,-0.036,0,0,0,69.92999999313004,-0.0002664725500006151,69.92999999313004,-0.0002664725500006151,0.0
24.336,-0.072,-0.036,0,0,0,69.92999999313004,-0.0002664725500006151,69.92999999313004,-0.0002664725500006151,0.0
24.536,-0.07,-0.037,0,0,0,69.92999999313004,-0.0002664725500006151,69.92999999313004,-0.0002664725500006151,0.0
24.744,-0.069,-0.039,0,0,0,69.93099998853602,-0.0002664834896507128,69.93099998853602,-0.0002664834896507128,0.0
24.952,-0.07,-0.041,0,0,0,69.92999999313004,-0.0002664725500006151,69.92999999313004,-0.0002664725500006151,0.0
25.16,-0.071,-0.038,0,0,0,69.92999999313004,-0.0002664725500006151,69.92999999313004,-0.0002664725500006151,0.0
25.368,-0.072,-0.033,0,0,0,69.92999999313004,-0.0002664725500006151,69.92999999313004,-0.0002664725500006151,0.0
25.568,-0.074,-0.026,0,0,0,69.92999999313004,-0.0002664725500006151,69.92999999313004,-0.0002664725500006151,0.0
25.776,-0.076,-0.019,0,0,0,69.92999999313004,-0.0002664725500006151,69.92999999313004,-0.0002664725500006151,0.0
25.984,-0.077,-0.013,0,0,0,69.92999999313004,-0.0002664725500006151,69.92999999313004,-0.0002664725500006151,0.0
26.192,-0.076,-0.004,0,0,0,69.92999999313004,-0.0002664725500006151,69.92999999313004,-0.0002664725500006151,0.0
26.4,-0.076,0.003,825,0,-825,-0.07,0.0,69.92999999313004,-0.0002664725500006151,69.99999999363723
26.6,-0.08,0.007,825,0,-825,-0.07,0.0,69.92999999313004,-0.0002664725500006151,69.99999999363723
26.804,-0.084,0.009,825,0,-825,-0.07,0.0,69.92999999313004,-0.0002664725500006151,69.99999999363723
27.004,-0.087,0.01,825,0,-825,-0.07,0.0,69.92999999313004,-0.0002664725500006151,69.99999999363723
27.212,-0.089,0.01,825,0,-825,-0.07,0.0,69.92999999313004,-0.0002664725500006151,69.99999999363723
27.416,-0.092,0.006,825,0,-825,-0.07,0.0,69.92999999313004,-0.0002664725500006151,69.99999999363723
27.624,-0.096,-0.001,0,0,0,69.92999999313004,-0.0002664725500006151,69.92999999313004,-0.0002664725500006151,0.0
27.824,-0.096,-0.011,0,0,0,69.92999999313004,-0.0002664725500006151,69.92999999313004,-0.0002664725500006151,0.0
28.032,-0.094,-0.015,0,0,0,69.92999999313004,-0.0002664725500006151,69.92999999313004,-0.0002664725500006151,0.0
28.24,-0.088,-0.015,0,0,0,69.92999999313004,-0.0002664725500006151,69.92999999313004,-0.0002664725500006151,0.0
28.44,-0.083,-0.012,0,0,0,69.92999999313004,-0.0002664725500006151,69.92999999313004,-0.0002664725500006151,0.0
28.648,-0.076,-0.01,0,0,0,69.92999999313004,-0.0002664725500006151,69.92999999313004,-0.0002664725500006151,0.0
28.852,-0.072,-0.008,0,0,0,69.92999999313004,-0.0002664725500006151,69.92999999313004,-0.0002664725500006151,0.0
29.056,-0.07,-0.005,0,0,0,69.92999999313004,-0.0002664725500006151,69.92999999313004,-0.0002664725500006151,0.0
29.264,-0.071,-0.001,0,0,0,69.92999999313004,-0.0002664725500006151,69.92999999313004,-0.0002664725500006151,0.0
29.472,-0.075,0.004,825,0,-825,-0.07,0.0,69.92999999313004,-0.0002664725500006151,69.99999999363723
29.68,-0.08,0.006,825,0,-825,-0.07,0.0,69.92999999313004,-0.0002664725500006151,69.99999999363723
29.884,-0.086,0.006,825,0,-825,-0.07,0.0,69.92999999313004,-0.0002664725500006151,69.99999999363723
30.092,-0.09,0.003,825,0,-825,-0.07,0.0,69.92999999313004,-0.0002664725500006151,69.99999999363723
30.292,-0.091,0.0,0,0,0,69.92999999313004,-0.0002664725500006151,69.92999999313004,-0.0002664725500006151,0.0
30.5,-0.09,-0.003,0,0,0,69.92999999313004,-0.0002664725500006151,69.92999999313004,-0.0002664725500006151,0.0
30.704,-0.088,-0.003,0,0,0,69.92999999313004,-0.0002664725500006151,69.92999999313004,-0.0002664725500006151,0.0
30.908,-0.088,-0.003,0,0,0,69.92999999313004,-0.0002664725500006151,69.92999999313004,-0.0002664725500006151,0.0
31.116,-0.09,-0.004,0,0,0,69.92999999313004,-0.0002664725500006151,69.92999999313004,-0.0002664725500006151,0.0
31.32,-0.092,-0.005,0,0,0,69.92999999313004,-0.0002664725500006151,69.92999999313004,-0.0002664725500006151,0.0
31.524,-0.091,-0.004,0,0,0,69.92999999313004,-0.0002664725500006151,69.92999999313004,-0.0002664725500006151,0.0
31.732,-0.091,-0.001,0,0,0,69.92999999313004,-0.0002664725500006151,69.92999999313004,-0.0002664725500006151,0.0
31.94,-0.091,-0.001,0,0,0,69.92999999313004,-0.0002664725500006151,69.92999999313004,-0.0002664725500006151,0.0
32.148,-0.09,-0.002,0,0,0,69.92999999313004,-0.0002664725500006151,69.92999999313004,-0.0002664725500006151,0.0
32.356,-0.087,-0.004,0,0,0,69.92999999313004,-0.0002664725500006151,69.92999999313004,-0.0002664725500006151,0.0
32.564,-0.082,-0.005,0,0,0,69.92999999313004,-0.0002664725500006151,69.92999999313004,-0.0002664725500006151,0.0
32.768,-0.077,-0.007,0,0,0,69.92999999313004,-0.0002664725500006151,69.92999999313004,-0.0002664725500006151,0.0
32.968,-0.074,-0.008,0,0,0,69.92999999313004,-0.0002664725500006151,69.92999999313004,-0.0002664725500006151,0.0
33.176,-0.073,-0.008,0,0,0,69.92999999313004,-0.0002664725500006151,69.92999999313004,-0.0002664725500006151,0.0
33.384,-0.073,-0.005,0,0,0,69.92999999313004,-0.0002664725500006151,69.92999999313004,-0.0002664725500006151,0.0
33.584,-0.072,-0.002,0,0,0,69.92999999313004,-0.0002664725500006151,69.92999999313004,-0.0002664725500006151,0.0
33.792,-0.069,-0.002,0,0,0,69.93099999289439,-0.00026648348969839206,69.93099999289439,-0.00026648348969839206,0.0
34.0,-0.064,-0.003,0,0,0,69.93599999277629,-0.000266538188198874,69.93599999277629,-0.000266538188198874,0.0
34.2,-0.06,-0.004,0,0,0,69.93999999265827,-0.0002665819469990019,69.93999999265827,-0.0002665819469990019,0.0
34.408,-0.057,-0.006,0,0,0,69.9429999924225,-0.000266614766097487,69.9429999924225,-0.000266614766097487,0.0
34.616,-0.055,-0.006,0,0,0,69.94499999242237,-0.0002666366454981952,69.94499999242237,-0.0002666366454981952,0.0
34.816,-0.052,-0.004,0,0,0,69.94799999265778,-0.00026666946460183485,69.94799999265778,-0.00026666946460183485,0.0
35.024,-0.052,-0.003,0,0,0,69.94799999277558,-0.0002666694646031235,69.94799999277558,-0.0002666694646031235,0.0
35.232,-0.054,-0.001,0,0,0,69.94599999301128,-0.00026664758520499255,69.94599999301128,-0.00026664758520499255,0.0
35.432,-0.054,0.003,0,0,0,69.94599999348246,-0.00026664758521014706,69.94599999348246,-0.00026664758521014706,0.0
35.64,-0.054,0.004,0,0,0,69.94599999360025,-0.0002666475852114357,69.94599999360025,-0.0002666475852114357,0.0
35.84,-0.053,0.001,0,0,0,69.9469999932468,-0.00026665852490792384,69.9469999932468,-0.00026665852490792384,0.0
36.048,-0.054,-0.005,0,0,0,69.94599999254011,-0.00026664758519983803,69.94599999254011,-0.00026664758519983803,0.0
36.256,-0.051,-0.012,0,0,0,69.94899999171538,-0.00026668040429188,69.94899999171538,-0.00026668040429188,0.0
36.456,-0.047,-0.02,0,0,0,69.95299999077278,-0.00026672416308298736,69.95299999077278,-0.00026672416308298736,0.0
36.664,-0.046,-0.027,0,0,0,69.95399998994817,-0.00026673510277432116,69.95399998994817,-0.00026673510277432116,0.0
36.872,-0.046,-0.032,0,0,0,69.9539999893592,-0.000266735102767878,69.9539999893592,-0.000266735102767878,0.0
37.072,-0.046,-0.038,0,0,0,69.95399998865244,-0.00026673510276014624,69.95399998865244,-0.00026673510276014624,0.0
37.28,-0.047,-0.044,0,0,0,69.95299998794573,-0.0002667241630520603,69.95299998794573,-0.0002667241630520603,0.0
37.488,-0.048,-0.049,0,0,0,69.95199998735683,-0.00026671322334526315,69.95199998735683,-0.00026671322334526315,0.0
37.688,-0.047,-0.053,0,0,0,69.95299998688559,-0.0002667241630404626,69.95299998688559,-0.0002667241630404626,0.0
37.896,-0.044,-0.057,0,0,0,69.95599998641423,-0.0002667569821363705,69.95599998641423,-0.0002667569821363705,0.0
38.104,-0.043,-0.059,0,0,0,69.95699998617859,-0.00026676792183414743,69.95699998617859,-0.00026676792183414743,0.0
38.304,-0.043,-0.059,0,0,0,69.95699998617859,-0.00026676792183414743,69.95699998617859,-0.00026676792183414743,0.0
38.512,-0.046,-0.055,0,0,0,69.95399998664995,-0.00026673510273823956,69.95399998664995,-0.00026673510273823956,0.0
38.712,-0.049,-0.051,0,0,0,69.95099998712129,-0.0002667022836423317,69.95099998712129,-0.0002667022836423317,0.0
38.92,-0.051,-0.048,0,0,0,69.9489999874748,-0.0002666804042454894,69.9489999874748,-0.0002666804042454894,0.0
39.128,-0.053,-0.046,0,0,0,69.9469999877105,-0.0002666585248473583,69.9469999877105,-0.0002666585248473583,0.0
39.328,-0.053,-0.044,0,0,0,69.94699998794609,-0.00026665852484993556,69.94699998794609,-0.00026665852484993556,0.0
39.536,-0.051,-0.042,0,0,0,69.94899998818157,-0.00026668040425322116,69.94899998818157,-0.00026668040425322116,0.0
39.744,-0.05,-0.04,0,0,0,69.94999998841708,-0.0002666913439561524,69.94999998841708,-0.0002666913439561524,0.0
39.944,-0.047,-0.038,0,0,0,69.9529999886525,-0.00026672416305979204,69.9529999886525,-0.00026672416305979204,0.0
40.152,-0.048,-0.037,0,0,0,69.95199998877035,-0.0002667132233607267,69.95199998877035,-0.0002667132233607267,0.0
40.36,-0.053,-0.037,0,0,0,69.94699998877064,-0.00026665852485895596,69.94699998877064,-0.00026665852485895596,0.0
40.56,-0.057,-0.034,0,0,0,69.94299998912427,-0.0002666147660614054,69.94299998912427,-0.0002666147660614054,0.0
40.768,-0.058,-0.03,0,0,0,69.9419999895955,-0.0002666038263662058,69.9419999895955,-0.0002666038263662058,0.0
40.968,-0.058,-0.025,0,0,0,69.94199999018447,-0.00026660382637264893,69.94199999018447,-0.00026660382637264893,0.0
41.176,-0.06,-0.019,0,0,0,69.93999999089137,-0.00026658194697967247,69.93999999089137,-0.00026658194697967247,0.0
41.384,-0.061,-0.016,0,0,0,69.9389999912448,-0.0002665710072831842,69.9389999912448,-0.0002665710072831842,0.0
41.584,-0.062,-0.016,0,0,0,69.93799999124485,-0.00026656006758283,69.93799999124485,-0.00026656006758283,0.0
41.792,-0.063,-0.017,0,0,0,69.93699999112712,-0.00026654912788118734,69.93699999112712,-0.00026654912788118734,0.0
42.0,-0.064,-0.02,0,0,0,69.9359999907738,-0.0002665381881769673,69.9359999907738,-0.0002665381881769673,0.0
42.2,-0.063,-0.026,0,0,0,69.93699999006698,-0.0002665491278695897,69.93699999006698,-0.0002665491278695897,0.0
42.408,-0.06,-0.03,0,0,0,69.93999998959563,-0.00026658194696549755,69.93999998959563,-0.00026658194696549755,0.0
42.616,-0.057,-0.032,0,0,0,69.94299998935986,-0.0002666147660639827,69.94299998935986,-0.0002666147660639827,0.0
42.816,-0.054,-0.032,0,0,0,69.94599998935968,-0.00026664758516504506,69.94599998935968,-0.00026664758516504506,0.0
43.024,-0.052,-0.031,0,0,0,69.94799998947735,-0.0002666694645670419,69.94799998947735,-0.0002666694645670419,0.0
43.232,-0.055,-0.03,0,0,0,69.94499998959532,-0.0002666366454672681,69.94499998959532,-0.0002666366454672681,0.0
43.432,-0.059,-0.029,0,0,0,69.94099998971335,-0.0002665928866671402,69.94099998971335,-0.0002665928866671402,0.0
43.64,-0.065,-0.03,0,0,0,69.93499998959592,-0.0002665272484637268,69.93499998959592,-0.0002665272484637268,0.0
43.84,-0.066,-0.034,0,0,0,69.93399998912481,-0.00026651630875821833,69.93399998912481,-0.00026651630875821833,0.0
44.044,-0.063,-0.037,0,0,0,69.93699998877125,-0.00026654912785541477,69.93699998877125,-0.00026654912785541477,0.0
44.244,-0.06,-0.038,0,0,0,69.93999998865328,-0.0002665819469551885,69.93999998865328,-0.0002665819469551885,0.0
44.444,-0.059,-0.036,0,0,0,69.94099998888879,-0.0002665928866581198,69.94099998888879,-0.0002665928866581198,0.0
44.652,-0.058,-0.032,0,0,0,69.94199998935991,-0.00026660382636362854,69.94199998935991,-0.00026660382636362854,0.0
44.86,-0.057,-0.029,0,0,0,69.94299998971324,-0.00026661476606784857,69.94299998971324,-0.00026661476606784857,0.0
45.064,-0.057,-0.029,0,0,0,69.94299998971324,-0.00026661476606784857,69.94299998971324,-0.00026661476606784857,0.0
45.264,-0.059,-0.031,0,0,0,69.94099998947776,-0.00026659288666456296,69.94099998947776,-0.00026659288666456296,0.0
45.472,-0.063,-0.034,0,0,0,69.93699998912463,-0.00026654912785928066,69.93699998912463,-0.00026654912785928066,0.0
45.68,-0.067,-0.035,0,0,0,69.93299998900707,-0.0002665053690565755,69.93299998900707,-0.0002665053690565755,0.0
45.88,-0.07,-0.036,0,0,0,69.92999999313004,-0.0002664725500006151,69.92999999313004,-0.0002664725500006151,0.0
46.088,-0.071,-0.036,0,0,0,69.92999999313004,-0.0002664725500006151,69.92999999313004,-0.0002664725500006151,0.0
46.296,-0.072,-0.034,0,0,0,69.92999999313004,-0.0002664725500006151,69.92999999313004,-0.0002664725500006151,0.0
46.496,-0.072,-0.031,0,0,0,69.92999999313004,-0.0002664725500006151,69.92999999313004,-0.0002664725500006151,0.0
46.704,-0.076,-0.025,0,0,0,69.92999999313004,-0.0002664725500006151,69.92999999313004,-0.0002664725500006151,0.0
46.904,-0.082,-0.022,0,0,0,69.92999999313004,-0.0002664725500006151,69.92999999313004,-0.0002664725500006151,0.0
47.112,-0.089,-0.023,0,0,0,69.92999999313004,-0.0002664725500006151,69.92999999313004,-0.0002664725500006151,0.0
47.32,-0.093,-0.024,0,0,0,69.92999999313004,-0.0002664725500006151,69.92999999313004,-0.0002664725500006151,0.0
47.52,-0.091,-0.027,0,0,0,69.92999999313004,-0.0002664725500006151,69.92999999313004,-0.0002664725500006151,0.0
47.728,-0.087,-0.028,0,0,0,69.92999999313004,-0.0002664725500006151,69.92999999313004,-0.0002664725500006151,0.0
47.936,-0.082,-0.026,0,0,0,69.92999999313004,-0.0002664725500006151,69.92999999313004,-0.0002664725500006151,0.0
48.136,-0.078,-0.021,0,0,0,69.92999999313004,-0.0002664725500006151,69.92999999313004,-0.0002664725500006151,0.0
48.344,-0.075,-0.015,0,0,0,69.92999999313004,-0.0002664725500006151,69.92999999313004,-0.0002664725500006151,0.0
48.552,-0.07,-0.006,0,0,0,69.92999999313004,-0.0002664725500006151,69.92999999313004,-0.0002664725500006151,0.0
48.756,-0.067,0.002,0,0,0,69.93299999336544,-0.00026650536910425475,69.93299999336544,-0.00026650536910425475,0.0
48.956,-0.067,0.007,825,0,-825,-0.07,0.0,69.93299999395441,-0.0002665053691106979,70.0029999944617
49.164,-0.07,0.012,825,0,-825,-0.07,0.0,69.92999999454356,-0.00026647255001607865,69.99999999505076
49.372,-0.074,0.017,825,0,-825,-0.07,0.0,69.92999999313004,-0.0002664725500006151,69.99999999363723
49.572,-0.074,0.02,825,0,-825,-0.07,0.0,69.92999999313004,-0.0002664725500006151,69.99999999363723
49.78,-0.071,0.02,825,0,-825,-0.07,0.0,69.92999999313004,-0.0002664725500006151,69.99999999363723
49.988,-0.065,0.019,825,0,-825,-0.07,0.0,69.93499999536782,-0.0002665272485268696,70.00499999587518
50.188,-0.06,0.019,825,0,-825,-0.07,0.0,69.93999999536753,-0.00026658194702864035,70.00999999587506
50.396,-0.059,0.021,825,0,-825,-0.07,0.0,69.94099999560304,-0.00026659288673157165,70.0109999961106
50.604,-0.06,0.024,825,0,-825,-0.07,0.0,69.9399999959565,-0.0002665819470350835,70.00999999646403
50.808,-0.06,0.025,825,0,-825,-0.07,0.0,69.93999999607429,-0.0002665819470363721,70.00999999658183
51.008,-0.059,0.024,825,0,-825,-0.07,0.0,69.94099999595642,-0.00026659288673543753,70.01099999646398
51.216,-0.059,0.02,825,0,-825,-0.07,0.0,69.94099999548524,-0.000266592886730283,70.0109999959928
51.424,-0.057,0.016,825,0,-825,-0.07,0.0,69.94299999501396,-0.00026661476612583685,70.0129999955216
51.624,-0.055,0.011,0,0,0,69.94499999442486,-0.0002666366455201019,69.94499999442486,-0.0002666366455201019,0.0
51.832,-0.056,0.006,0,0,0,69.94399999383596,-0.0002666257058133046,69.94399999383596,-0.0002666257058133046,0.0
52.04,-0.06,-0.001,0,0,0,69.93999999301165,-0.0002665819470028678,69.93999999301165,-0.0002665819470028678,0.0
52.24,-0.063,-0.007,0,0,0,69.93699999230506,-0.0002665491278940736,69.93699999230506,-0.0002665491278940736,0.0
52.448,-0.067,-0.015,0,0,0,69.93299999136295,-0.00026650536908234807,69.93299999136295,-0.00026650536908234807,0.0
52.648,-0.07,-0.023,0,0,0,69.92999999313004,-0.0002664725500006151,69.92999999313004,-0.0002664725500006151,0.0
52.856,-0.074,-0.03,0,0,0,69.92999999313004,-0.0002664725500006151,69.92999999313004,-0.0002664725500006151,0.0
53.064,-0.077,-0.032,0,0,0,69.92999999313004,-0.0002664725500006151,69.92999999313004,-0.0002664725500006151,0.0
53.264,-0.079,-0.029,0,0,0,69.92999999313004,-0.0002664725500006151,69.92999999313004,-0.0002664725500006151,0.0
53.472,-0.081,-0.023,0,0,0,69.92999999313004,-0.0002664725500006151,69.92999999313004,-0.0002664725500006151,0.0
53.68,-0.082,-0.018,0,0,0,69.92999999313004,-0.0002664725500006151,69.92999999313004,-0.0002664725500006151,0.0
53.88,-0.082,-0.013,0,0,0,69.92999999313004,-0.0002664725500006151,69.92999999313004,-0.0002664725500006151,0.0
54.088,-0.079,-0.011,0,0,0,69.92999999313004,-0.0002664725500006151,69.92999999313004,-0.0002664725500006151,0.0
54.296,-0.075,-0.009,0,0,0,69.92999999313004,-0.0002664725500006151,69.92999999313004,-0.0002664725500006151,0.0
54.496,-0.071,-0.01,0,0,0,69.92999999313004,-0.0002664725500006151,69.92999999313004,-0.0002664725500006151,0.0
54.704,-0.069,-0.013,0,0,0,69.93099999159865,-0.00026648348968421714,69.93099999159865,-0.00026648348968421714,0.0
54.904,-0.07,-0.019,0,0,0,69.92999999313004,-0.0002664725500006151,69.92999999313004,-0.0002664725500006151,0.0
55.112,-0.075,-0.026,0,0,0,69.92999999313004,-0.0002664725500006151,69.92999999313004,-0.0002664725500006151,0.0
55.32,-0.077,-0.03,0,0,0,69.92999999313004,-0.0002664725500006151,69.92999999313004,-0.0002664725500006151,0.0
55.524,-0.077,-0.034,0,0,0,69.92999999313004,-0.0002664725500006151,69.92999999313004,-0.0002664725500006151,0.0
55.748,-0.075,-0.038,0,0,0,69.92999999313004,-0.0002664725500006151,69.92999999313004,-0.0002664725500006151,0.0
55.948,-0.075,-0.04,0,0,0,69.92999999313004,-0.0002664725500006151,69.92999999313004,-0.0002664725500006151,0.0
56.148,-0.074,-0.044,0,0,0,69.92999999313004,-0.0002664725500006151,69.92999999313004,-0.0002664725500006151,0.0
56.356,-0.074,-0.046,0,0,0,69.92999999313004,-0.0002664725500006151,69.92999999313004,-0.0002664725500006151,0.0
56.564,-0.071,-0.046,0,0,0,69.92999999313004,-0.0002664725500006151,69.92999999313004,-0.0002664725500006151,0.0
56.764,-0.07,-0.046,0,0,0,69.92999999313004,-0.0002664725500006151,69.92999999313004,-0.0002664725500006151,0.0
56.972,-0.07,-0.048,0,0,0,69.92999999313004,-0.0002664725500006151,69.92999999313004,-0.0002664725500006151,0.0
57.18,-0.069,-0.049,0,0,0,69.93099998735808,-0.0002664834896378265,69.93099998735808,-0.0002664834896378265,0.0
57.38,-0.068,-0.049,0,0,0,69.93199998735801,-0.0002664944293381805,69.93199998735801,-0.0002664944293381805,0.0
57.584,-0.068,-0.047,0,0,0,69.9319999875936,-0.00026649442934075776,69.9319999875936,-0.00026649442934075776,0.0
57.792,-0.067,-0.044,0,0,0,69.93299998794693,-0.00026650536904497784,69.93299998794693,-0.00026650536904497784,0.0
58.0,-0.063,-0.039,0,0,0,69.93699998853566,-0.0002665491278528375,69.93699998853566,-0.0002665491278528375,0.0
58.2,-0.06,-0.033,0,0,0,69.93999998924225,-0.00026658194696163167,69.93999998924225,-0.00026658194696163167,0.0
58.408,-0.061,-0.027,0,0,0,69.93899998994907,-0.0002665710072690093,69.93899998994907,-0.0002665710072690093,0.0
58.616,-0.062,-0.021,0,0,0,69.93799999065588,-0.00026656006757638686,69.93799999065588,-0.00026656006757638686,0.0
58.816,-0.062,-0.017,0,0,0,69.93799999112706,-0.0002665600675815414,69.93799999112706,-0.0002665600675815414,0.0
59.024,-0.062,-0.016,0,0,0,69.93799999124485,-0.00026656006758283,69.93799999124485,-0.00026656006758283,0.0
59.232,-0.064,-0.016,0,0,0,69.93599999124497,-0.0002665381881821218,69.93599999124497,-0.0002665381881821218,0.0
59.432,-0.067,-0.017,0,0,0,69.93299999112736,-0.0002665053690797708,69.93299999112736,-0.0002665053690797708,0.0
59.636,-0.068,-0.018,0,0,0,69.93199999100962,-0.00026649442937812804,69.93199999100962,-0.00026649442937812804,0.0
59.84,-0.071,-0.021,0,0,0,69.92999999313004,-0.0002664725500006151,69.92999999313004,-0.0002664725500006151,0.0
60.048,-0.074,-0.023,0,0,0,69.92999999313004,-0.0002664725500006151,69.92999999313004,-0.0002664725500006151,0.0
60.26,-0.076,-0.023,0,0,0,69.92999999313004,-0.0002664725500006151,69.92999999313004,-0.0002664725500006151,0.0
60.464,-0.08,-0.022,0,0,0,69.92999999313004,-0.0002664725500006151,69.92999999313004,-0.0002664725500006151,0.0
60.664,-0.082,-0.021,0,0,0,69.92999999313004,-0.0002664725500006151,69.92999999313004,-0.0002664725500006151,0.0
60.872,-0.083,-0.019,0,0,0,69.92999999313004,-0.0002664725500006151,69.92999999313004,-0.0002664725500006151,0.0
61.076,-0.085,-0.018,0,0,0,69.92999999313004,-0.0002664725500006151,69.92999999313004,-0.0002664725500006151,0.0
61.276,-0.088,-0.017,0,0,0,69.92999999313004,-0.0002664725500006151,69.92999999313004,-0.0002664725500006151,0.0
61.484,-0.089,-0.02,0,0,0,69.92999999313004,-0.0002664725500006151,69.92999999313004,-0.0002664725500006151,0.0
61.692,-0.089,-0.026,0,0,0,69.92999999313004,-0.0002664725500006151,69.92999999313004,-0.0002664725500006151,0.0
61.892,-0.088,-0.03,0,0,0,69.92999999313004,-0.0002664725500006151,69.92999999313004,-0.0002664725500006151,0.0
62.1,-0.084,-0.033,0,0,0,69.92999999313004,-0.0002664725500006151,69.92999999313004,-0.0002664725500006151,0.0
62.308,-0.077,-0.037,0,0,0,69.92999999313004,-0.0002664725500006151,69.92999999313004,-0.0002664725500006151,0.0
62.508,-0.068,-0.04,0,0,0,69.93199998841816,-0.00026649442934977816,69.93199998841816,-0.00026649442934977816,0.0
62.716,-0.06,-0.043,0,0,0,69.93999998806432,-0.0002665819469487454,69.93999998806432,-0.0002665819469487454,0.0
62.924,-0.053,-0.046,0,0,0,69.9469999877105,-0.0002666585248473583,69.9469999877105,-0.0002666585248473583,0.0
63.124,-0.048,-0.049,0,0,0,69.95199998735683,-0.00026671322334526315,69.95199998735683,-0.00026671322334526315,0.0
63.332,-0.047,-0.052,0,0,0,69.95299998700338,-0.00026672416304175125,69.95299998700338,-0.00026672416304175125,0.0
63.54,-0.049,-0.053,0,0,0,69.9509999868857,-0.00026670228363975443,69.9509999868857,-0.00026670228363975443,0.0
63.74,-0.052,-0.054,0,0,0,69.9479999867681,-0.0002666694645374034,69.9479999867681,-0.0002666694645374034,0.0
63.948,-0.056,-0.052,0,0,0,69.94399998700392,-0.00026662570573856415,69.94399998700392,-0.00026662570573856415,0.0
64.156,-0.06,-0.048,0,0,0,69.93999998747535,-0.00026658194694230224,69.93999998747535,-0.00026658194694230224,0.0
64.364,-0.064,-0.043,0,0,0,69.93599998806454,-0.00026653818814732885,69.93599998806454,-0.00026653818814732885,0.0
64.572,-0.068,-0.038,0,0,0,69.93199998865374,-0.0002664944293523554,69.93199998865374,-0.0002664944293523554,0.0
64.772,-0.072,-0.032,0,0,0,69.92999999313004,-0.0002664725500006151,69.92999999313004,-0.0002664725500006151,0.0
64.98,-0.076,-0.026,0,0,0,69.92999999313004,-0.0002664725500006151,69.92999999313004,-0.0002664725500006151,0.0
65.18,-0.081,-0.025,0,0,0,69.92999999313004,-0.0002664725500006151,69.92999999313004,-0.0002664725500006151,0.0
65.388,-0.084,-0.025,0,0,0,69.92999999313004,-0.0002664725500006151,69.92999999313004,-0.0002664725500006151,0.0
65.596,-0.085,-0.028,0,0,0,69.92999999313004,-0.0002664725500006151,69.92999999313004,-0.0002664725500006151,0.0
65.796,-0.085,-0.03,0,0,0,69.92999999313004,-0.0002664725500006151,69.92999999313004,-0.0002664725500006151,0.0
66.004,-0.085,-0.032,0,0,0,69.92999999313004,-0.0002664725500006151,69.92999999313004,-0.0002664725500006151,0.0
66.212,-0.083,-0.032,0,0,0,69.92999999313004,-0.0002664725500006151,69.92999999313004,-0.0002664725500006151,0.0
66.412,-0.082,-0.03,0,0,0,69.92999999313004,-0.0002664725500006151,69.92999999313004,-0.0002664725500006151,0.0
66.62,-0.082,-0.03,0,0,0,69.92999999313004,-0.0002664725500006151,69.92999999313004,-0.0002664725500006151,0.0
66.828,-0.085,-0.032,0,0,0,69.92999999313004,-0.0002664725500006151,69.92999999313004,-0.0002664725500006151,0.0
67.028,-0.086,-0.036,0,0,0,69.92999999313004,-0.0002664725500006151,69.92999999313004,-0.0002664725500006151,0.0
67.236,-0.087,-0.041,0,0,0,69.92999999313004,-0.0002664725500006151,69.92999999313004,-0.0002664725500006151,0.0
67.436,-0.088,-0.045,0,0,0,69.92999999313004,-0.0002664725500006151,69.92999999313004,-0.0002664725500006151,0.0
67.644,-0.088,-0.047,0,0,0,69.92999999313004,-0.0002664725500006151,69.92999999313004,-0.0002664725500006151,0.0
67.852,-0.089,-0.049,0,0,0,69.92999999313004,-0.0002664725500006151,69.92999999313004,-0.0002664725500006151,0.0
68.052,-0.09,-0.049,0,0,0,69.92999999313004,-0.0002664725500006151,69.92999999313004,-0.0002664725500006151,0.0
68.26,-0.092,-0.048,0,0,0,69.92999999313004,-0.0002664725500006151,69.92999999313004,-0.0002664725500006151,0.0
68.468,-0.095,-0.045,0,0,0,69.92999999313004,-0.0002664725500006151,69.92999999313004,-0.0002664725500006151,0.0
68.668,-0.097,-0.044,0,0,0,69.92999999313004,-0.0002664725500006151,69.92999999313004,-0.0002664725500006151,0.0
68.872,-0.098,-0.042,0,0,0,69.92999999313004,-0.0002664725500006151,69.92999999313004,-0.0002664725500006151,0.0
69.072,-0.099,-0.041,0,0,0,69.92999999313004,-0.0002664725500006151,69.92999999313004,-0.0002664725500006151,0.0
69.276,-0.102,-0.04,0,0,0,69.92999999313004,-0.0002664725500006151,69.92999999313004,-0.0002664725500006151,0.0
69.48,-0.107,-0.041,0,0,0,69.92999999313004,-0.0002664725500006151,69.92999999313004,-0.0002664725500006151,0.0
69.68,-0.111,-0.044,0,0,0,69.92999999313004,-0.0002664725500006151,69.92999999313004,-0.0002664725500006151,0.0
69.888,-0.115,-0.045,0,0,0,69.92999999313004,-0.0002664725500006151,69.92999999313004,-0.0002664725500006151,0.0
70.096,-0.116,-0.045,0,0,0,69.92999999313004,-0.0002664725500006151,69.92999999313004,-0.0002664725500006151,0.0
70.296,-0.117,-0.045,0,0,0,69.92999999313004,-0.0002664725500006151,69.92999999313004,-0.0002664725500006151,0.0
70.504,-0.118,-0.044,0,0,0,69.92999999313004,-0.0002664725500006151,69.92999999313004,-0.0002664725500006151,0.0
70.712,-0.119,-0.043,0,0,0,69.92999999313004,-0.0002664725500006151,69.92999999313004,-0.0002664725500006151,0.0
70.912,-0.119,-0.041,0,0,0,69.92999999313004,-0.0002664725500006151,69.92999999313004,-0.0002664725500006151,0.0
71.12,-0.116,-0.04,0,0,0,69.92999999313004,-0.0002664725500006151,69.92999999313004,-0.0002664725500006151,0.0
71.328,-0.113,-0.037,0,0,0,69.92999999313004,-0.0002664725500006151,69.92999999313004,-0.0002664725500006151,0.0
71.528,-0.109,-0.035,0,0,0,69.92999999313004,-0.0002664725500006151,69.92999999313004,-0.0002664725500006151,0.0
71.736,-0.104,-0.033,0,0,0,69.92999999313004,-0.0002664725500006151,69.92999999313004,-0.0002664725500006151,0.0
71.936,-0.099,-0.032,0,0,0,69.92999999313004,-0.0002664725500006151,69.92999999313004,-0.0002664725500006151,0.0
72.144,-0.097,-0.031,0,0,0,69.92999999313004,-0.0002664725500006151,69.92999999313004,-0.0002664725500006151,0.0
72.352,-0.097,-0.031,0,0,0,69.92999999313004,-0.0002664725500006151,69.92999999313004,-0.0002664725500006151,0.0
72.552,-0.096,-0.036,0,0,0,69.92999999313004,-0.0002664725500006151,69.92999999313004,-0.0002664725500006151,0.0
72.76,-0.094,-0.042,0,0,0,69.92999999313004,-0.0002664725500006151,69.92999999313004,-0.0002664725500006151,0.0
72.968,-0.092,-0.045,0,0,0,69.92999999313004,-0.0002664725500006151,69.92999999313004,-0.0002664725500006151,0.0
73.168,-0.09,-0.045,0,0,0,69.92999999313004,-0.0002664725500006151,69.92999999313004,-0.0002664725500006151,0.0
73.376,-0.088,-0.041,0,0,0,69.92999999313004,-0.0002664725500006151,69.92999999313004,-0.0002664725500006151,0.0
73.584,-0.087,-0.037,0,0,0,69.92999999313004,-0.0002664725500006151,69.92999999313004,-0.0002664725500006151,0.0
73.784,-0.086,-0.036,0,0,0,69.92999999313004,-0.0002664725500006151,69.92999999313004,-0.0002664725500006151,0.0
73.992,-0.083,-0.035,0,0,0,69.92999999313004,-0.0002664725500006151,69.92999999313004,-0.0002664725500006151,0.0
74.2,-0.08,-0.035,0,0,0,69.92999999313004,-0.0002664725500006151,69.92999999313004,-0.0002664725500006151,0.0
74.4,-0.075,-0.035,0,0,0,69.92999999313004,-0.0002664725500006151,69.92999999313004,-0.0002664725500006151,0.0
74.612,-0.069,-0.037,0,0,0,69.9309999887716,-0.00026648348965329006,69.9309999887716,-0.00026648348965329006,0.0
74.812,-0.066,-0.038,0,0,0,69.93399998865364,-0.0002665163087530638,69.93399998865364,-0.0002665163087530638,0.0
75.012,-0.066,-0.036,0,0,0,69.93399998888923,-0.00026651630875564107,69.93399998888923,-0.00026651630875564107,0.0
75.212,-0.068,-0.034,0,0,0,69.93199998912492,-0.00026649442935750993,69.93199998912492,-0.00026649442935750993,0.0
75.412,-0.068,-0.033,0,0,0,69.93199998924271,-0.00026649442935879856,69.93199998924271,-0.00026649442935879856,0.0
75.616,-0.065,-0.032,0,0,0,69.93499998936034,-0.00026652724846114957,69.93499998936034,-0.00026652724846114957,0.0
75.82,-0.059,-0.031,0,0,0,69.94099998947776,-0.00026659288666456296,69.94099998947776,-0.00026659288666456296,0.0
76.02,-0.053,-0.032,0,0,0,69.94699998935961,-0.0002666585248653991,69.94699998935961,-0.0002666585248653991,0.0
76.22,-0.047,-0.033,0,0,0,69.95299998924146,-0.0002667241630662352,69.95299998924146,-0.0002667241630662352,0.0
76.42,-0.045,-0.034,0,0,0,69.95499998912355,-0.0002667460424656549,69.95499998912355,-0.0002667460424656549,0.0
76.62,-0.046,-0.035,0,0,0,69.95399998900582,-0.00026673510276401213,69.95399998900582,-0.00026673510276401213,0.0
76.828,-0.048,-0.035,0,0,0,69.95199998900594,-0.00026671322336330395,69.95199998900594,-0.00026671322336330395,0.0
77.028,-0.051,-0.038,0,0,0,69.94899998865274,-0.0002666804042583757,69.94899998865274,-0.0002666804042583757,0.0
77.236,-0.054,-0.041,0,0,0,69.94599998829953,-0.0002666475851534474,69.94599998829953,-0.0002666475851534474,0.0
77.436,-0.056,-0.043,0,0,0,69.94399998806406,-0.0002666257057501618,69.94399998806406,-0.0002666257057501618,0.0
77.644,-0.057,-0.045,0,0,0,69.94299998782854,-0.0002666147660472305,69.94299998782854,-0.0002666147660472305,0.0
77.852,-0.059,-0.047,0,0,0,69.94099998759306,-0.0002665928866439449,69.94099998759306,-0.0002665928866439449,0.0
78.052,-0.062,-0.049,0,0,0,69.93799998735766,-0.00026656006754030527,69.93799998735766,-0.00026656006754030527,0.0
78.26,-0.065,-0.048,0,0,0,69.93499998747563,-0.0002665272484405315,69.93499998747563,-0.0002665272484405315,0.0
78.468,-0.068,-0.045,0,0,0,69.93199998782919,-0.000266494429343335,69.93199998782919,-0.000266494429343335,0.0
78.668,-0.071,-0.042,0,0,0,69.92999999313004,-0.0002664725500006151,69.92999999313004,-0.0002664725500006151,0.0
78.876,-0.073,-0.039,0,0,0,69.92999999313004,-0.0002664725500006151,69.92999999313004,-0.0002664725500006151,0.0
79.084,-0.072,-0.037,0,0,0,69.92999999313004,-0.0002664725500006151,69.92999999313004,-0.0002664725500006151,0.0
79.284,-0.072,-0.037,0,0,0,69.92999999313004,-0.0002664725500006151,69.92999999313004,-0.0002664725500006151,0.0
79.492,-0.072,-0.037,0,0,0,69.92999999313004,-0.0002664725500006151,69.92999999313004,-0.0002664725500006151,0.0
79.696,-0.073,-0.036,0,0,0,69.92999999313004,-0.0002664725500006151,69.92999999313004,-0.0002664725500006151,0.0
79.9,-0.074,-0.036,0,0,0,69.92999999313004,-0.0002664725500006151,69.92999999313004,-0.0002664725500006151,0.0
80.104,-0.077,-0.037,0,0,0,69.92999999313004,-0.0002664725500006151,69.92999999313004,-0.0002664725500006151,0.0
80.304,-0.08,-0.038,0,0,0,69.92999999313004,-0.0002664725500006151,69.92999999313004,-0.0002664725500006151,0.0
80.504,-0.081,-0.04,0,0,0,69.92999999313004,-0.0002664725500006151,69.92999999313004,-0.0002664725500006151,0.0
80.712,-0.082,-0.04,0,0,0,69.92999999313004,-0.0002664725500006151,69.92999999313004,-0.0002664725500006151,0.0
80.912,-0.082,-0.038,0,0,0,69.92999999313004,-0.0002664725500006151,69.92999999313004,-0.0002664725500006151,0.0
81.12,-0.083,-0.036,0,0,0,69.92999999313004,-0.0002664725500006151,69.92999999313004,-0.0002664725500006151,0.0
81.328,-0.084,-0.036,0,0,0,69.92999999313004,-0.0002664725500006151,69.92999999313004,-0.0002664725500006151,0.0
81.528,-0.086,-0.037,0,0,0,69.92999999313004,-0.0002664725500006151,69.92999999313004,-0.0002664725500006151,0.0
81.736,-0.084,-0.038,0,0,0,69.92999999313004,-0.0002664725500006151,69.92999999313004,-0.0002664725500006151,0.0
81.936,-0.083,-0.037,0,0,0,69.92999999313004,-0.0002664725500006151,69.92999999313004,-0.0002664725500006151,0.0
82.144,-0.083,-0.034,0,0,0,69.92999999313004,-0.0002664725500006151,69.92999999313004,-0.0002664725500006151,0.0
82.352,-0.082,-0.03,0,0,0,69.92999999313004,-0.0002664725500006151,69.92999999313004,-0.0002664725500006151,0.0
82.552,-0.079,-0.026,0,0,0,69.92999999313004,-0.0002664725500006151,69.92999999313004,-0.0002664725500006151,0.0
82.76,-0.075,-0.021,0,0,0,69.92999999313004,-0.0002664725500006151,69.92999999313004,-0.0002664725500006151,0.0
82.968,-0.073,-0.017,0,0,0,69.92999999313004,-0.0002664725500006151,69.92999999313004,-0.0002664725500006151,0.0
83.168,-0.074,-0.016,0,0,0,69.92999999313004,-0.0002664725500006151,69.92999999313004,-0.0002664725500006151,0.0
83.376,-0.077,-0.015,0,0,0,69.92999999313004,-0.0002664725500006151,69.92999999313004,-0.0002664725500006151,0.0
83.584,-0.082,-0.017,0,0,0,69.92999999313004,-0.0002664725500006151,69.92999999313004,-0.0002664725500006151,0.0
83.784,-0.086,-0.021,0,0,0,69.92999999313004,-0.0002664725500006151,69.92999999313004,-0.0002664725500006151,0.0
83.992,-0.086,-0.024,0,0,0,69.92999999313004,-0.0002664725500006151,69.92999999313004,-0.0002664725500006151,0.0
84.2,-0.086,-0.027,0,0,0,69.92999999313004,-0.0002664725500006151,69.92999999313004,-0.0002664725500006151,0.0
84.4,-0.086,-0.029,0,0,0,69.92999999313004,-0.0002664725500006151,69.92999999313004,-0.0002664725500006151,0.0
84.608,-0.086,-0.029,0,0,0,69.92999999313004,-0.0002664725500006151,69.92999999313004,-0.0002664725500006151,0.0
84.808,-0.089,-0.028,0,0,0,69.92999999313004,-0.0002664725500006151,69.92999999313004,-0.0002664725500006151,0.0
85.016,-0.092,-0.026,0,0,0,69.92999999313004,-0.0002664725500006151,69.92999999313004,-0.0002664725500006151,0.0
85.224,-0.093,-0.021,0,0,0,69.92999999313004,-0.0002664725500006151,69.92999999313004,-0.0002664725500006151,0.0
85.424,-0.093,-0.018,0,0,0,69.92999999313004,-0.0002664725500006151,69.92999999313004,-0.0002664725500006151,0.0
85.632,-0.088,-0.016,0,0,0,69.92999999313004,-0.0002664725500006151,69.92999999313004,-0.0002664725500006151,0.0
85.836,-0.081,-0.012,0,0,0,69.92999999313004,-0.0002664725500006151,69.92999999313004,-0.0002664725500006151,0.0
86.036,-0.075,-0.007,0,0,0,69.92999999313004,-0.0002664725500006151,69.92999999313004,-0.0002664725500006151,0.0
86.236,-0.07,-0.003,0,0,0,69.92999999313004,-0.0002664725500006151,69.92999999313004,-0.0002664725500006151,0.0
86.436,-0.066,-0.001,0,0,0,69.93399999301201,-0.00026651630880074307,69.93399999301201,-0.00026651630880074307,0.0
86.644,-0.064,-0.0,0,0,0,69.93599999312967,-0.0002665381882027399,69.93599999312967,-0.0002665381882027399,0.0
86.852,-0.063,-0.001,0,0,0,69.93699999301182,-0.0002665491279018054,69.93699999301182,-0.0002665491279018054,0.0
87.052,-0.063,-0.005,0,0,0,69.93699999254065,-0.0002665491278966509,69.93699999254065,-0.0002665491278966509,0.0
87.26,-0.062,-0.012,0,0,0,69.93799999171603,-0.0002665600675879845,69.93799999171603,-0.0002665600675879845,0.0
87.468,-0.059,-0.018,0,0,0,69.94099999100908,-0.00026659288668131513,69.94099999100908,-0.00026659288668131513,0.0
87.672,-0.056,-0.024,0,0,0,69.94399999030215,-0.00026662570577464575,69.94399999030215,-0.00026662570577464575,0.0
87.872,-0.053,-0.029,0,0,0,69.94699998971299,-0.000266658524869265,69.94699998971299,-0.000266658524869265,0.0
88.076,-0.052,-0.029,0,0,0,69.94799998971294,-0.00026666946456961913,69.94799998971294,-0.00026666946456961913,0.0
88.28,-0.051,-0.026,0,0,0,69.94899999006627,-0.0002666804042738392,69.94899999006627,-0.0002666804042738392,0.0
88.48,-0.049,-0.025,0,0,0,69.95099999018393,-0.00026670228367583603,69.95099999018393,-0.00026670228367583603,0.0
88.68,-0.047,-0.023,0,0,0,69.9529999904194,-0.00026672416307912147,69.9529999904194,-0.00026672416307912147,0.0
88.888,-0.043,-0.021,0,0,0,69.95699999065475,-0.0002667679218831153,69.95699999065475,-0.0002667679218831153,0.0
89.096,-0.037,-0.019,0,0,0,69.96299999088998,-0.0002668335600878173,69.96299999088998,-0.0002668335600878173,0.0
89.296,-0.03,-0.017,0,0,0,69.96999999112515,-0.0002669101379928735,69.96999999112515,-0.0002669101379928735,0.0
89.504,-0.026,-0.016,0,0,0,69.97399999124269,-0.0002669538967955785,69.97399999124269,-0.0002669538967955785,0.0
89.712,-0.025,-0.016,0,0,0,69.97499999124264,-0.0002669648364959327,69.97499999124264,-0.0002669648364959327,0.0
89.912,-0.026,-0.016,0,0,0,69.97399999124269,-0.0002669538967955785,69.97399999124269,-0.0002669538967955785,0.0
90.12,-0.027,-0.017,0,0,0,69.97299999112498,-0.00026694295709393584,69.97299999112498,-0.00026694295709393584,0.0
90.328,-0.028,-0.018,0,0,0,69.97199999100724,-0.00026693201739229306,69.97199999100724,-0.00026693201739229306,0.0
90.528,-0.031,-0.018,0,0,0,69.96899999100741,-0.0002668991982912307,69.96899999100741,-0.0002668991982912307,0.0
90.736,-0.032,-0.019,0,0,0,69.96799999088968,-0.00026688825858958785,69.96799999088968,-0.00026688825858958785,0.0
90.936,-0.033,-0.021,0,0,0,69.96699999065416,-0.0002668773188866566,69.96699999065416,-0.0002668773188866566,0.0
91.14,-0.032,-0.022,0,0,0,69.9679999905363,-0.00026688825858572196,69.9679999905363,-0.00026688825858572196,0.0
91.344,-0.034,-0.023,0,0,0,69.96599999041862,-0.00026686637918372515,69.96599999041862,-0.00026686637918372515,0.0
91.544,-0.038,-0.024,0,0,0,69.96199999030107,-0.00026682262038102,69.96199999030107,-0.00026682262038102,0.0
91.744,-0.042,-0.026,0,0,0,69.95799999006573,-0.0002667788615770263,69.95799999006573,-0.0002667788615770263,0.0
91.944,-0.045,-0.029,0,0,0,69.95499998971252,-0.00026674604247209805,69.95499998971252,-0.00026674604247209805,0.0
92.144,-0.05,-0.031,0,0,0,69.94999998947722,-0.00026669134396775006,69.94999998947722,-0.00026669134396775006,0.0
92.352,-0.055,-0.029,0,0,0,69.94499998971311,-0.00026663664546855675,69.94499998971311,-0.00026663664546855675,0.0
92.552,-0.059,-0.028,0,0,0,69.94099998983114,-0.00026659288666842885,69.94099998983114,-0.00026659288666842885,0.0
92.76,-0.06,-0.027,0,0,0,69.93999998994902,-0.00026658194696936344,69.93999998994902,-0.00026658194696936344,0.0
92.968,-0.061,-0.026,0,0,0,69.93899999006686,-0.0002665710072702979,69.93899999006686,-0.0002665710072702979,0.0
93.168,-0.06,-0.024,0,0,0,69.9399999903024,-0.0002665819469732293,69.9399999903024,-0.0002665819469732293,0.0
93.376,-0.054,-0.022,0,0,0,69.94599999053762,-0.00026664758517793135,69.94599999053762,-0.00026664758517793135,0.0
93.584,-0.047,-0.021,0,0,0,69.95299999065499,-0.00026672416308169873,69.95299999065499,-0.00026672416308169873,0.0
93.784,-0.038,-0.021,0,0,0,69.96199999065445,-0.0002668226203848859,69.96199999065445,-0.0002668226203848859,0.0
94.0,-0.03,-0.021,0,0,0,69.96999999065397,-0.000266910137987719,69.96999999065397,-0.000266910137987719,0.0
94.2,-0.023,-0.022,0,0,0,69.97699999053576,-0.0002669867158889091,69.97699999053576,-0.0002669867158889091,0.0
94.404,-0.019,-0.023,0,0,0,69.98099999041773,-0.000267030474689037,69.98099999041773,-0.000267030474689037,0.0
94.608,-0.019,-0.024,0,0,0,69.98099999029994,-0.0002670304746877484,69.98099999029994,-0.0002670304746877484,0.0
94.808,-0.02,-0.027,0,0,0,69.9799999899466,-0.00026701953498352836,69.9799999899466,-0.00026701953498352836,0.0
95.016,-0.022,-0.028,0,0,0,69.97799998982894,-0.0002669976555815315,69.97799998982894,-0.0002669976555815315,0.0
95.224,-0.024,-0.028,0,0,0,69.97599998982906,-0.0002669757761808233,69.97599998982906,-0.0002669757761808233,0.0
95.424,-0.026,-0.029,0,0,0,69.97399998971137,-0.00026695389677882633,69.97399998971137,-0.00026695389677882633,0.0
95.632,-0.028,-0.029,0,0,0,69.9719999897115,-0.00026693201737811815,69.9719999897115,-0.00026693201737811815,0.0
95.84,-0.029,-0.028,0,0,0,69.97099998982935,-0.0002669210776790526,69.97099998982935,-0.0002669210776790526,0.0
96.04,-0.029,-0.027,0,0,0,69.97099998994715,-0.0002669210776803412,69.97099998994715,-0.0002669210776803412,0.0
96.248,-0.033,-0.025,0,0,0,69.96699999018298,-0.0002668773188815021,69.96699999018298,-0.0002668773188815021,0.0
96.456,-0.035,-0.025,0,0,0,69.96499999018309,-0.00026685543948079375,69.96499999018309,-0.00026685543948079375,0.0
96.66,-0.037,-0.028,0,0,0,69.96299998982984,-0.0002668335600762196,69.96299998982984,-0.0002668335600762196,0.0
96.86,-0.039,-0.032,0,0,0,69.96099998935878,-0.00026681168067035693,69.96099998935878,-0.00026681168067035693,0.0
97.06,-0.041,-0.034,0,0,0,69.95899998912331,-0.0002667898012670713,69.95899998912331,-0.0002667898012670713,0.0
97.26,-0.041,-0.033,0,0,0,69.95899998924111,-0.00026678980126835995,69.95899998924111,-0.00026678980126835995,0.0
97.468,-0.04,-0.032,0,0,0,69.95999998935883,-0.0002668007409700028,69.95999998935883,-0.0002668007409700028,0.0
97.668,-0.041,-0.03,0,0,0,69.95899998959449,-0.00026678980127222584,69.95899998959449,-0.00026678980127222584,0.0
97.876,-0.043,-0.032,0,0,0,69.95699998935902,-0.0002667679218689404,69.95699998935902,-0.0002667679218689404,0.0
98.084,-0.045,-0.033,0,0,0,69.95499998924134,-0.00026674604246694353,69.95499998924134,-0.00026674604246694353,0.0
98.284,-0.046,-0.033,0,0,0,69.95399998924141,-0.0002667351027665894,69.95399998924141,-0.0002667351027665894,0.0
98.492,-0.048,-0.033,0,0,0,69.95199998924153,-0.0002667132233658812,69.95199998924153,-0.0002667132233658812,0.0
98.7,-0.052,-0.032,0,0,0,69.94799998935956,-0.00026666946456575325,69.94799998935956,-0.00026666946456575325,0.0
98.9,-0.057,-0.029,0,0,0,69.94299998971324,-0.00026661476606784857,69.94299998971324,-0.00026661476606784857,0.0
99.108,-0.061,-0.026,0,0,0,69.93899999006686,-0.0002665710072702979,69.93899999006686,-0.0002665710072702979,0.0
99.308,-0.065,-0.024,0,0,0,69.93499999030269,-0.0002665272484714586,69.93499999030269,-0.0002665272484714586,0.0
99.516,-0.068,-0.021,0,0,0,69.93199999065624,-0.0002664944293742621,69.93199999065624,-0.0002664944293742621,0.0
99.724,-0.072,-0.02,0,0,0,69.92999999313004,-0.0002664725500006151,69.92999999313004,-0.0002664725500006151,0.0
99.924,-0.076,-0.021,0,0,0,69.92999999313004,-0.0002664725500006151,69.92999999313004,-0.0002664725500006151,0.0
100.132,-0.079,-0.024,0,0,0,69.92999999313004,-0.0002664725500006151,69.92999999313004,-0.0002664725500006151,0.0
100.34,-0.082,-0.027,0,0,0,69.92999999313004,-0.0002664725500006151,69.92999999313004,-0.0002664725500006151,0.0
100.54,-0.082,-0.029,0,0,0,69.92999999313004,-0.0002664725500006151,69.92999999313004,-0.0002664725500006151,0.0
100.748,-0.08,-0.029,0,0,0,69.92999999313004,-0.0002664725500006151,69.92999999313004,-0.0002664725500006151,0.0
100.956,-0.077,-0.031,0,0,0,69.92999999313004,-0.0002664725500006151,69.92999999313004,-0.0002664725500006151,0.0
101.156,-0.075,-0.032,0,0,0,69.92999999313004,-0.0002664725500006151,69.92999999313004,-0.0002664725500006151,0.0
101.364,-0.074,-0.032,0,0,0,69.92999999313004,-0.0002664725500006151,69.92999999313004,-0.0002664725500006151,0.0
101.572,-0.076,-0.032,0,0,0,69.92999999313004,-0.0002664725500006151,69.92999999313004,-0.0002664725500006151,0.0
101.772,-0.08,-0.034,0,0,0,69.92999999313004,-0.0002664725500006151,69.92999999313004,-0.0002664725500006151,0.0
101.98,-0.081,-0.035,0,0,0,69.92999999313004,-0.0002664725500006151,69.92999999313004,-0.0002664725500006151,0.0
102.18,-0.08,-0.033,0,0,0,69.92999999313004,-0.0002664725500006151,69.92999999313004,-0.0002664725500006151,0.0
102.388,-0.082,-0.029,0,0,0,69.92999999313004,-0.0002664725500006151,69.92999999313004,-0.0002664725500006151,0.0
102.596,-0.084,-0.026,0,0,0,69.92999999313004,-0.0002664725500006151,69.92999999313004,-0.0002664725500006151,0.0
102.796,-0.084,-0.025,0,0,0,69.92999999313004,-0.0002664725500006151,69.92999999313004,-0.0002664725500006151,0.0
103.004,-0.083,-0.025,0,0,0,69.92999999313004,-0.0002664725500006151,69.92999999313004,-0.0002664725500006151,0.0
103.212,-0.081,-0.023,0,0,0,69.92999999313004,-0.0002664725500006151,69.92999999313004,-0.0002664725500006151,0.0
103.412,-0.08,-0.019,0,0,0,69.92999999313004,-0.0002664725500006151,69.92999999313004,-0.0002664725500006151,0.0
103.62,-0.08,-0.015,0,0,0,69.92999999313004,-0.0002664725500006151,69.92999999313004,-0.0002664725500006151,0.0
103.828,-0.079,-0.012,0,0,0,69.92999999313004,-0.0002664725500006151,69.92999999313004,-0.0002664725500006151,0.0
104.032,-0.078,-0.01,0,0,0,69.92999999313004,-0.0002664725500006151,69.92999999313004,-0.0002664725500006151,0.0
104.232,-0.078,-0.012,0,0,0,69.92999999313004,-0.0002664725500006151,69.92999999313004,-0.0002664725500006151,0.0
104.436,-0.079,-0.014,0,0,0,69.92999999313004,-0.0002664725500006151,69.92999999313004,-0.0002664725500006151,0.0
104.644,-0.079,-0.014,0,0,0,69.92999999313004,-0.0002664725500006151,69.92999999313004,-0.0002664725500006151,0.0
104.852,-0.081,-0.013,0,0,0,69.92999999313004,-0.0002664725500006151,69.92999999313004,-0.0002664725500006151,0.0
105.052,-0.081,-0.015,0,0,0,69.92999999313004,-0.0002664725500006151,69.92999999313004,-0.0002664725500006151,0.0
105.256,-0.079,-0.015,0,0,0,69.92999999313004,-0.0002664725500006151,69.92999999313004,-0.0002664725500006151,0.0
105.456,-0.077,-0.016,0,0,0,69.92999999313004,-0.0002664725500006151,69.92999999313004,-0.0002664725500006151,0.0
105.66,-0.074,-0.018,0,0,0,69.92999999313004,-0.0002664725500006151,69.92999999313004,-0.0002664725500006151,0.0
105.86,-0.07,-0.018,0,0,0,69.92999999313004,-0.0002664725500006151,69.92999999313004,-0.0002664725500006151,0.0
106.06,-0.069,-0.018,0,0,0,69.93099999100968,-0.000266483489677774,69.93099999100968,-0.000266483489677774,0.0
106.26,-0.068,-0.018,0,0,0,69.93199999100962,-0.00026649442937812804,69.93199999100962,-0.00026649442937812804,0.0
106.468,-0.067,-0.019,0,0,0,69.93299999089177,-0.00026650536907719355,69.93299999089177,-0.00026650536907719355,0.0
106.668,-0.066,-0.022,0,0,0,69.93399999053834,-0.00026651630877368187,69.93399999053834,-0.00026651630877368187,0.0
106.876,-0.064,-0.025,0,0,0,69.93599999018483,-0.00026653818817052417,69.93599999018483,-0.00026653818817052417,0.0
107.084,-0.065,-0.028,0,0,0,69.93499998983151,-0.0002665272484663041,69.93499998983151,-0.0002665272484663041,0.0
107.284,-0.066,-0.03,0,0,0,69.93399998959599,-0.00026651630876337284,69.93399998959599,-0.00026651630876337284,0.0
107.492,-0.066,-0.03,0,0,0,69.93399998959599,-0.00026651630876337284,69.93399998959599,-0.00026651630876337284,0.0
107.7,-0.065,-0.028,0,0,0,69.93499998983151,-0.0002665272484663041,69.93499998983151,-0.0002665272484663041,0.0
107.9,-0.062,-0.026,0,0,0,69.93799999006691,-0.0002665600675699437,69.93799999006691,-0.0002665600675699437,0.0
108.108,-0.059,-0.023,0,0,0,69.94099999042011,-0.000266592886674872,69.94099999042011,-0.000266592886674872,0.0
108.308,-0.053,-0.02,0,0,0,69.94699999077314,-0.00026665852488086264,69.94699999077314,-0.00026665852488086264,0.0
108.516,-0.047,-0.016,0,0,0,69.95299999124396,-0.00026672416308814187,69.95299999124396,-0.00026672416308814187,0.0
108.728,-0.043,-0.012,0,0,0,69.9569999917149,-0.00026676792189471297,69.9569999917149,-0.00026676792189471297,0.0
108.932,-0.04,-0.01,0,0,0,69.9599999919503,-0.0002668007409983526,69.9599999919503,-0.0002668007409983526,0.0
109.132,-0.038,-0.01,0,0,0,69.96199999195018,-0.0002668226203990608,69.96199999195018,-0.0002668226203990608,0.0
109.34,-0.037,-0.014,0,0,0,69.96299999147895,-0.0002668335600942604,69.96299999147895,-0.0002668335600942604,0.0
109.54,-0.038,-0.02,0,0,0,69.96199999077224,-0.0002668226203861745,69.96199999077224,-0.0002668226203861745,0.0
109.748,-0.038,-0.026,0,0,0,69.96199999006548,-0.00026682262037844274,69.96199999006548,-0.00026682262037844274,0.0
109.956,-0.038,-0.029,0,0,0,69.9619999897121,-0.00026682262037457685,69.9619999897121,-0.00026682262037457685,0.0
110.156,-0.037,-0.033,0,0,0,69.96299998924087,-0.0002668335600697765,69.96299998924087,-0.0002668335600697765,0.0
110.364,-0.036,-0.038,0,0,0,69.96399998865184,-0.00026684449976368754,69.96399998865184,-0.00026684449976368754,0.0
110.572,-0.035,-0.045,0,0,0,69.96499998782721,-0.0002668554394550212,69.96499998782721,-0.0002668554394550212,0.0
110.772,-0.034,-0.052,0,0,0,69.9659999870026,-0.0002668663791463549,69.9659999870026,-0.0002668663791463549,0.0
110.98,-0.03,-0.058,0,0,0,69.9699999862956,-0.0002669101379400397,69.9699999862956,-0.0002669101379400397,0.0
111.18,-0.027,-0.061,0,0,0,69.97299998594205,-0.0002669429570372362,69.97299998594205,-0.0002669429570372362,0.0
111.388,-0.024,-0.063,0,0,0,69.97599998570628,-0.0002669757761357213,69.97599998570628,-0.0002669757761357213,0.0
111.596,-0.02,-0.064,0,0,0,69.97999998558824,-0.0002670195349358491,69.97999998558824,-0.0002670195349358491,0.0
111.796,-0.019,-0.063,0,0,0,69.98099998570598,-0.0002670304746374919,69.98099998570598,-0.0002670304746374919,0.0
112.004,-0.022,-0.06,0,0,0,69.97799998605954,-0.0002669976555402954,69.97799998605954,-0.0002669976555402954,0.0
112.212,-0.027,-0.055,0,0,0,69.97299998664882,-0.00026694295704496795,69.97299998664882,-0.00026694295704496795,0.0
112.412,-0.032,-0.049,0,0,0,69.96799998735587,-0.000266888258550929,69.96799998735587,-0.000266888258550929,0.0
112.62,-0.032,-0.045,0,0,0,69.96799998782704,-0.0002668882585560835,69.96799998782704,-0.0002668882585560835,0.0
112.828,-0.029,-0.045,0,0,0,69.97099998782686,-0.0002669210776571459,69.97099998782686,-0.0002669210776571459,0.0
113.028,-0.026,-0.046,0,0,0,69.97399998770888,-0.00026695389675691965,69.97399998770888,-0.00026695389675691965,0.0
113.236,-0.025,-0.046,0,0,0,69.97499998770883,-0.00026696483645727385,69.97499998770883,-0.00026696483645727385,0.0
113.436,-0.022,-0.046,0,0,0,69.97799998770864,-0.0002669976555583362,69.97799998770864,-0.0002669976555583362,0.0
113.644,-0.02,-0.044,0,0,0,69.97999998794411,-0.00026701953496162167,69.97999998794411,-0.00026701953496162167,0.0
113.852,-0.018,-0.043,0,0,0,69.9819999880618,-0.00026704141436361865,69.9819999880618,-0.00026704141436361865,0.0
114.052,-0.019,-0.044,0,0,0,69.98099998794406,-0.0002670304746619758,69.98099998794406,-0.0002670304746619758,0.0
114.26,-0.023,-0.045,0,0,0,69.9769999878265,-0.00026698671585927066,69.9769999878265,-0.00026698671585927066,0.0
114.468,-0.029,-0.044,0,0,0,69.97099998794465,-0.0002669210776584345,69.97099998794465,-0.0002669210776584345,0.0
114.668,-0.033,-0.043,0,0,0,69.9669999880627,-0.0002668773188583068,69.9669999880627,-0.0002668773188583068,0.0
114.876,-0.035,-0.041,0,0,0,69.96499998829839,-0.0002668554394601757,69.96499998829839,-0.0002668554394601757,0.0
115.084,-0.034,-0.038,0,0,0,69.96599998865172,-0.0002668663791643957,69.96599998865172,-0.0002668663791643957,0.0
115.284,-0.032,-0.037,0,0,0,69.96799998876939,-0.00026688825856639254,69.96799998876939,-0.00026688825856639254,0.0
115.492,-0.031,-0.034,0,0,0,69.96899998912271,-0.0002668991982706126,69.96899998912271,-0.0002668991982706126,0.0
115.696,-0.032,-0.033,0,0,0,69.96799998924057,-0.00026688825857154705,69.96799998924057,-0.00026688825857154705,0.0
115.896,-0.035,-0.032,0,0,0,69.96499998935853,-0.00026685543947177335,69.96499998935853,-0.00026685543947177335,0.0
116.096,-0.038,-0.032,0,0,0,69.96199998935872,-0.00026682262037071097,69.96199998935872,-0.00026682262037071097,0.0
116.296,-0.039,-0.032,0,0,0,69.96099998935878,-0.00026681168067035693,69.96099998935878,-0.00026681168067035693,0.0
116.504,-0.039,-0.035,0,0,0,69.9609999890054,-0.00026681168066649104,69.9609999890054,-0.00026681168066649104,0.0
116.712,-0.038,-0.038,0,0,0,69.96199998865195,-0.0002668226203629792,69.96199998865195,-0.0002668226203629792,0.0
116.912,-0.041,-0.04,0,0,0,69.95899998841655,-0.00026678980125933955,69.95899998841655,-0.00026678980125933955,0.0
117.12,-0.044,-0.041,0,0,0,69.95599998829893,-0.00026675698215698854,69.95599998829893,-0.00026675698215698854,0.0
117.328,-0.048,-0.038,0,0,0,69.95199998865256,-0.00026671322335943806,69.95199998865256,-0.00026671322335943806,0.0
117.528,-0.051,-0.036,0,0,0,69.94899998888833,-0.00026668040426095293,69.94899998888833,-0.00026668040426095293,0.0
117.732,-0.05,-0.035,0,0,0,69.94999998900605,-0.00026669134396259555,69.94999998900605,-0.00026669134396259555,0.0
117.936,-0.05,-0.033,0,0,0,69.94999998924163,-0.0002666913439651728,69.94999998924163,-0.0002666913439651728,0.0
118.144,-0.05,-0.03,0,0,0,69.94999998959501,-0.0002666913439690387,69.94999998959501,-0.0002666913439690387,0.0
118.352,-0.051,-0.026,0,0,0,69.94899999006627,-0.0002666804042738392,69.94899999006627,-0.0002666804042738392,0.0
118.552,-0.052,-0.023,0,0,0,69.9479999904197,-0.0002666694645773509,69.9479999904197,-0.0002666694645773509,0.0
118.76,-0.056,-0.02,0,0,0,69.94399999077332,-0.00026662570577980026,69.94399999077332,-0.00026662570577980026,0.0
118.968,-0.058,-0.017,0,0,0,69.94199999112682,-0.00026660382638295796,69.94199999112682,-0.00026660382638295796,0.0
119.168,-0.06,-0.013,0,0,0,69.93999999159813,-0.00026658194698740424,69.93999999159813,-0.00026658194698740424,0.0
119.376,-0.061,-0.01,0,0,0,69.93899999195156,-0.000266571007290916,69.93899999195156,-0.000266571007290916,0.0
119.584,-0.06,-0.007,0,0,0,69.93999999230489,-0.000266581946995136,69.93999999230489,-0.000266581946995136,0.0
119.784,-0.058,-0.007,0,0,0,69.94199999230476,-0.00026660382639584425,69.94199999230476,-0.00026660382639584425,0.0
119.992,-0.054,-0.007,0,0,0,69.94599999230452,-0.0002666475851972608,69.94599999230452,-0.0002666475851972608,0.0
120.2,-0.05,-0.006,0,0,0,69.94999999242206,-0.00026669134399996577,69.94999999242206,-0.00026669134399996577,0.0
120.4,-0.049,-0.007,0,0,0,69.95099999230422,-0.00026670228369903134,69.95099999230422,-0.00026670228369903134,0.0
120.608,-0.047,-0.011,0,0,0,69.95299999183293,-0.000266724163094585,69.95299999183293,-0.000266724163094585,0.0
120.812,-0.046,-0.015,0,0,0,69.9539999913617,-0.0002667351027897847,69.9539999913617,-0.0002667351027897847,0.0
121.012,-0.046,-0.019,0,0,0,69.95399999089052,-0.0002667351027846302,69.95399999089052,-0.0002667351027846302,0.0
121.212,-0.048,-0.022,0,0,0,69.95199999053726,-0.0002667132233800561,69.95199999053726,-0.0002667132233800561,0.0
121.412,-0.049,-0.025,0,0,0,69.95099999018393,-0.00026670228367583603,69.95099999018393,-0.00026670228367583603,0.0
121.62,-0.046,-0.026,0,0,0,69.95399999006597,-0.0002667351027756098,69.95399999006597,-0.0002667351027756098,0.0
121.828,-0.042,-0.028,0,0,0,69.95799998983014,-0.00026677886157444906,69.95799998983014,-0.00026677886157444906,0.0
122.032,-0.039,-0.027,0,0,0,69.96099998994775,-0.00026681168067680007,69.96099998994775,-0.00026681168067680007,0.0
122.232,-0.038,-0.026,0,0,0,69.96199999006548,-0.00026682262037844274,69.96199999006548,-0.00026682262037844274,0.0
122.432,-0.038,-0.026,0,0,0,69.96199999006548,-0.00026682262037844274,69.96199999006548,-0.00026682262037844274,0.0
122.632,-0.04,-0.025,0,0,0,69.95999999018339,-0.00026680074097902313,69.95999999018339,-0.00026680074097902313,0.0
122.84,-0.042,-0.024,0,0,0,69.95799999030132,-0.0002667788615796036,69.95799999030132,-0.0002667788615796036,0.0
123.04,-0.046,-0.021,0,0,0,69.95399999065494,-0.00026673510278205293,69.95399999065494,-0.00026673510278205293,0.0
123.248,-0.049,-0.02,0,0,0,69.9509999907729,-0.0002667022836822792,69.9509999907729,-0.0002667022836822792,0.0
123.456,-0.05,-0.018,0,0,0,69.94999999100854,-0.00026669134398450223,69.94999999100854,-0.00026669134398450223,0.0
123.656,-0.05,-0.015,0,0,0,69.94999999136192,-0.00026669134398836817,69.94999999136192,-0.00026669134398836817,0.0
123.86,-0.05,-0.013,0,0,0,69.94999999159751,-0.00026669134399094543,69.94999999159751,-0.00026669134399094543,0.0
124.06,-0.049,-0.01,0,0,0,69.95099999195084,-0.00026670228369516546,69.95099999195084,-0.00026670228369516546,0.0
124.26,-0.048,-0.008,0,0,0,69.95199999218637,-0.0002667132233980969,69.95199999218637,-0.0002667132233980969,0.0
124.468,-0.045,-0.006,0,0,0,69.95499999242178,-0.0002667460425017365,69.95499999242178,-0.0002667460425017365,0.0
124.668,-0.044,-0.008,0,0,0,69.95599999218612,-0.0002667569821995133,69.95599999218612,-0.0002667569821995133,0.0
124.876,-0.045,-0.012,0,0,0,69.95499999171501,-0.00026674604249400473,69.95499999171501,-0.00026674604249400473,0.0
125.084,-0.047,-0.015,0,0,0,69.95299999136175,-0.0002667241630894305,69.95299999136175,-0.0002667241630894305,0.0
125.284,-0.051,-0.013,0,0,0,69.94899999159759,-0.0002666804042905914,69.94899999159759,-0.0002666804042905914,0.0
125.492,-0.055,-0.012,0,0,0,69.9449999917156,-0.00026663664549046343,69.9449999917156,-0.00026663664549046343,0.0
125.7,-0.06,-0.012,0,0,0,69.93999999171592,-0.00026658194698869287,69.93999999171592,-0.00026658194698869287,0.0
125.9,-0.061,-0.013,0,0,0,69.93899999159818,-0.0002665710072870501,69.93899999159818,-0.0002665710072870501,0.0
126.108,-0.062,-0.012,0,0,0,69.93799999171603,-0.0002665600675879845,69.93799999171603,-0.0002665600675879845,0.0
126.308,-0.064,-0.012,0,0,0,69.93599999171614,-0.00026653818818727634,69.93599999171614,-0.00026653818818727634,0.0
126.516,-0.068,-0.012,0,0,0,69.93199999171638,-0.0002664944293858598,69.93199999171638,-0.0002664944293858598,0.0
126.724,-0.072,-0.011,0,0,0,69.92999999313004,-0.0002664725500006151,69.92999999313004,-0.0002664725500006151,0.0
126.924,-0.076,-0.01,0,0,0,69.92999999313004,-0.0002664725500006151,69.92999999313004,-0.0002664725500006151,0.0
127.132,-0.078,-0.009,0,0,0,69.92999999313004,-0.0002664725500006151,69.92999999313004,-0.0002664725500006151,0.0
127.336,-0.078,-0.01,0,0,0,69.92999999313004,-0.0002664725500006151,69.92999999313004,-0.0002664725500006151,0.0
127.54,-0.079,-0.013,0,0,0,69.92999999313004,-0.0002664725500006151,69.92999999313004,-0.0002664725500006151,0.0
127.748,-0.079,-0.018,0,0,0,69.92999999313004,-0.0002664725500006151,69.92999999313004,-0.0002664725500006151,0.0
127.956,-0.077,-0.024,0,0,0,69.92999999313004,-0.0002664725500006151,69.92999999313004,-0.0002664725500006151,0.0
128.156,-0.076,-0.028,0,0,0,69.92999999313004,-0.0002664725500006151,69.92999999313004,-0.0002664725500006151,0.0
128.364,-0.074,-0.029,0,0,0,69.92999999313004,-0.0002664725500006151,69.92999999313004,-0.0002664725500006151,0.0
128.572,-0.073,-0.029,0,0,0,69.92999999313004,-0.0002664725500006151,69.92999999313004,-0.0002664725500006151,0.0
128.78,-0.07,-0.029,0,0,0,69.92999999313004,-0.0002664725500006151,69.92999999313004,-0.0002664725500006151,0.0
128.988,-0.068,-0.029,0,0,0,69.93199998971389,-0.00026649442936395307,69.93199998971389,-0.00026649442936395307,0.0
129.192,-0.068,-0.029,0,0,0,69.93199998971389,-0.00026649442936395307,69.93199998971389,-0.00026649442936395307,0.0
129.396,-0.069,-0.031,0,0,0,69.93099998947837,-0.00026648348966102183,69.93099998947837,-0.00026648348966102183,0.0
129.596,-0.07,-0.035,0,0,0,69.92999999313004,-0.0002664725500006151,69.92999999313004,-0.0002664725500006151,0.0
129.804,-0.071,-0.037,0,0,0,69.92999999313004,-0.0002664725500006151,69.92999999313004,-0.0002664725500006151,0.0
130.008,-0.071,-0.035,0,0,0,69.92999999313004,-0.0002664725500006151,69.92999999313004,-0.0002664725500006151,0.0
130.216,-0.071,-0.031,0,0,0,69.92999999313004,-0.0002664725500006151,69.92999999313004,-0.0002664725500006151,0.0
130.424,-0.072,-0.028,0,0,0,69.92999999313004,-0.0002664725500006151,69.92999999313004,-0.0002664725500006151,0.0
130.632,-0.073,-0.025,0,0,0,69.92999999313004,-0.0002664725500006151,69.92999999313004,-0.0002664725500006151,0.0
130.84,-0.076,-0.022,0,0,0,69.92999999313004,-0.0002664725500006151,69.92999999313004,-0.0002664725500006151,0.0
131.048,-0.079,-0.02,0,0,0,69.92999999313004,-0.0002664725500006151,69.92999999313004,-0.0002664725500006151,0.0
131.256,-0.08,-0.017,0,0,0,69.92999999313004,-0.0002664725500006151,69.92999999313004,-0.0002664725500006151,0.0
131.464,-0.08,-0.014,0,0,0,69.92999999313004,-0.0002664725500006151,69.92999999313004,-0.0002664725500006151,0.0
131.672,-0.078,-0.011,0,0,0,69.92999999313004,-0.0002664725500006151,69.92999999313004,-0.0002664725500006151,0.0
131.872,-0.075,-0.009,0,0,0,69.92999999313004,-0.0002664725500006151,69.92999999313004,-0.0002664725500006151,0.0
132.08,-0.071,-0.005,0,0,0,69.92999999313004,-0.0002664725500006151,69.92999999313004,-0.0002664725500006151,0.0
132.284,-0.07,-0.003,0,0,0,69.92999999313004,-0.0002664725500006151,69.92999999313004,-0.0002664725500006151,0.0
132.484,-0.07,-0.004,0,0,0,69.92999999313004,-0.0002664725500006151,69.92999999313004,-0.0002664725500006151,0.0
132.692,-0.07,-0.007,0,0,0,69.92999999313004,-0.0002664725500006151,69.92999999313004,-0.0002664725500006151,0.0
132.9,-0.068,-0.008,0,0,0,69.93199999218756,-0.0002664944293910143,69.93199999218756,-0.0002664944293910143,0.0
133.108,-0.069,-0.009,0,0,0,69.93099999206983,-0.00026648348968937166,69.93099999206983,-0.00026648348968937166,0.0
133.316,-0.072,-0.009,0,0,0,69.92999999313004,-0.0002664725500006151,69.92999999313004,-0.0002664725500006151,0.0
133.524,-0.073,-0.009,0,0,0,69.92999999313004,-0.0002664725500006151,69.92999999313004,-0.0002664725500006151,0.0
133.732,-0.075,-0.008,0,0,0,69.92999999313004,-0.0002664725500006151,69.92999999313004,-0.0002664725500006151,0.0
133.94,-0.076,-0.006,0,0,0,69.92999999313004,-0.0002664725500006151,69.92999999313004,-0.0002664725500006151,0.0
134.148,-0.075,-0.003,0,0,0,69.92999999313004,-0.0002664725500006151,69.92999999313004,-0.0002664725500006151,0.0
134.348,-0.074,-0.002,0,0,0,69.92999999313004,-0.0002664725500006151,69.92999999313004,-0.0002664725500006151,0.0
134.556,-0.074,-0.004,0,0,0,69.92999999313004,-0.0002664725500006151,69.92999999313004,-0.0002664725500006151,0.0
134.764,-0.075,-0.006,0,0,0,69.92999999313004,-0.0002664725500006151,69.92999999313004,-0.0002664725500006151,0.0
134.968,-0.074,-0.006,0,0,0,69.92999999313004,-0.0002664725500006151,69.92999999313004,-0.0002664725500006151,0.0
135.168,-0.073,-0.006,0,0,0,69.92999999313004,-0.0002664725500006151,69.92999999313004,-0.0002664725500006151,0.0
135.376,-0.072,-0.006,0,0,0,69.92999999313004,-0.0002664725500006151,69.92999999313004,-0.0002664725500006151,0.0
135.584,-0.066,-0.006,0,0,0,69.93399999242304,-0.0002665163087942999,69.93399999242304,-0.0002665163087942999,0.0
135.792,-0.059,-0.006,0,0,0,69.9409999924226,-0.0002665928866967787,69.9409999924226,-0.0002665928866967787,0.0
136.0,-0.052,-0.008,0,0,0,69.94799999218661,-0.00026666946459668033,69.94799999218661,-0.00026666946459668033,0.0
136.208,-0.047,-0.01,0,0,0,69.95299999195072,-0.00026672416309587364,69.95299999195072,-0.00026672416309587364,0.0
136.416,-0.042,-0.011,0,0,0,69.95799999183264,-0.00026677886159635574,69.95799999183264,-0.00026677886159635574,0.0
136.616,-0.037,-0.011,0,0,0,69.96299999183233,-0.0002668335600981263,69.96299999183233,-0.0002668335600981263,0.0
136.824,-0.034,-0.012,0,0,0,69.96599999171436,-0.00026686637919790007,69.96599999171436,-0.00026686637919790007,0.0
137.036,-0.032,-0.014,0,0,0,69.96799999147865,-0.000266888258596031,69.96799999147865,-0.000266888258596031,0.0
137.24,-0.031,-0.013,0,0,0,69.96899999159638,-0.0002668991982976738,69.96899999159638,-0.0002668991982976738,0.0
137.448,-0.031,-0.013,0,0,0,69.96899999159638,-0.0002668991982976738,69.96899999159638,-0.0002668991982976738,0.0
137.656,-0.03,-0.013,0,0,0,69.96999999159632,-0.000266910137998028,69.96999999159632,-0.000266910137998028,0.0
137.864,-0.03,-0.013,0,0,0,69.96999999159632,-0.000266910137998028,69.96999999159632,-0.000266910137998028,0.0
138.068,-0.029,-0.013,0,0,0,69.97099999159626,-0.000266921077698382,69.97099999159626,-0.000266921077698382,0.0
138.272,-0.026,-0.013,0,0,0,69.97399999159607,-0.0002669538967994444,69.97399999159607,-0.0002669538967994444,0.0
138.472,-0.025,-0.014,0,0,0,69.97499999147823,-0.00026696483649850996,69.97499999147823,-0.00026696483649850996,0.0
138.68,-0.024,-0.014,0,0,0,69.97599999147818,-0.0002669757761988641,69.97599999147818,-0.0002669757761988641,0.0
138.888,-0.023,-0.015,0,0,0,69.97699999136032,-0.0002669867158979295,69.97699999136032,-0.0002669867158979295,0.0
139.096,-0.02,-0.017,0,0,0,69.97999999112454,-0.00026701953499641464,69.97999999112454,-0.00026701953499641464,0.0
139.304,-0.018,-0.019,0,0,0,69.98199999088885,-0.00026704141439454573,69.98199999088885,-0.00026704141439454573,0.0
139.512,-0.017,-0.022,0,0,0,69.98299999053539,-0.0002670523540910339,69.98299999053539,-0.0002670523540910339,0.0
139.72,-0.019,-0.025,0,0,0,69.98099999018214,-0.00026703047468645976,69.98099999018214,-0.00026703047468645976,0.0
139.928,-0.021,-0.026,0,0,0,69.97899999006447,-0.00026700859528446295,69.97899999006447,-0.00026700859528446295,0.0
140.136,-0.02,-0.027,0,0,0,69.9799999899466,-0.00026701953498352836,69.9799999899466,-0.00026701953498352836,0.0
140.336,-0.018,-0.028,0,0,0,69.98199998982871,-0.0002670414143829481,69.98199998982871,-0.0002670414143829481,0.0
140.544,-0.017,-0.029,0,0,0,69.98299998971083,-0.0002670523540820135,69.98299998971083,-0.0002670523540820135,0.0
140.752,-0.017,-0.031,0,0,0,69.98299998947525,-0.0002670523540794362,69.98299998947525,-0.0002670523540794362,0.0
140.96,-0.019,-0.033,0,0,0,69.98099998923979,-0.00026703047467615073,69.98099998923979,-0.00026703047467615073,0.0
141.168,-0.02,-0.032,0,0,0,69.97999998935764,-0.0002670195349770852,69.97999998935764,-0.0002670195349770852,0.0
141.376,-0.024,-0.031,0,0,0,69.97599998947568,-0.0002669757761769574,69.97599998947568,-0.0002669757761769574,0.0
141.584,-0.028,-0.031,0,0,0,69.97199998947592,-0.0002669320173755409,69.97199998947592,-0.0002669320173755409,0.0
141.792,-0.031,-0.031,0,0,0,69.96899998947609,-0.0002668991982744785,69.96899998947609,-0.0002668991982744785,0.0
142.0,-0.031,-0.033,0,0,0,69.9689999892405,-0.00026689919827190125,69.9689999892405,-0.00026689919827190125,0.0
142.208,-0.029,-0.036,0,0,0,69.970999988887,-0.00026692107766874355,69.970999988887,-0.00026692107766874355,0.0
142.416,-0.024,-0.037,0,0,0,69.97599998876892,-0.00026697577616922565,69.97599998876892,-0.00026697577616922565,0.0
142.616,-0.021,-0.04,0,0,0,69.97899998841535,-0.00026700859526642215,69.97899998841535,-0.00026700859526642215,0.0
142.824,-0.02,-0.041,0,0,0,69.9799999882975,-0.00026701953496548756,69.9799999882975,-0.00026701953496548756,0.0
143.032,-0.022,-0.04,0,0,0,69.97799998841542,-0.00026699765556606795,69.97799998841542,-0.00026699765556606795,0.0
143.24,-0.025,-0.038,0,0,0,69.97499998865118,-0.0002669648364675829,69.97499998865118,-0.0002669648364675829,0.0
143.448,-0.026,-0.035,0,0,0,69.97399998900461,-0.00026695389677109456,69.97399998900461,-0.00026695389677109456,0.0
143.652,-0.027,-0.032,0,0,0,69.97299998935807,-0.0002669429570746064,69.97299998935807,-0.0002669429570746064,0.0
143.852,-0.029,-0.029,0,0,0,69.97099998971156,-0.00026692107767776395,69.97099998971156,-0.00026692107767776395,0.0
144.06,-0.034,-0.024,0,0,0,69.96599999030083,-0.0002668663791824365,69.96599999030083,-0.0002668663791824365,0.0
144.268,-0.039,-0.021,0,0,0,69.96099999065451,-0.00026681168068453184,69.96099999065451,-0.00026681168068453184,0.0
144.476,-0.041,-0.019,0,0,0,69.95899999089022,-0.00026678980128640075,69.95899999089022,-0.00026678980128640075,0.0
144.684,-0.041,-0.016,0,0,0,69.9589999912436,-0.00026678980129026664,69.9589999912436,-0.00026678980129026664,0.0
144.892,-0.042,-0.012,0,0,0,69.95799999171484,-0.0002667788615950671,69.95799999171484,-0.0002667788615950671,0.0
145.092,-0.043,-0.008,0,0,0,69.95699999218607,-0.0002667679218998675,69.95699999218607,-0.0002667679218998675,0.0
145.3,-0.046,-0.003,0,0,0,69.95399999277522,-0.00026673510280524824,69.95399999277522,-0.00026673510280524824,0.0
145.508,-0.049,-0.002,0,0,0,69.95099999289319,-0.0002667022837054745,69.95099999289319,-0.0002667022837054745,0.0
145.716,-0.049,-0.007,0,0,0,69.95099999230422,-0.00026670228369903134,69.95099999230422,-0.00026670228369903134,0.0
145.924,-0.048,-0.012,0,0,0,69.9519999917152,-0.0002667132233929424,69.9519999917152,-0.0002667132233929424,0.0
146.132,-0.047,-0.016,0,0,0,69.95299999124396,-0.00026672416308814187,69.95299999124396,-0.00026672416308814187,0.0
146.34,-0.045,-0.018,0,0,0,69.95499999100825,-0.00026674604248627296,69.95499999100825,-0.00026674604248627296,0.0
146.548,-0.042,-0.019,0,0,0,69.95799999089029,-0.0002667788615860467,69.95799999089029,-0.0002667788615860467,0.0
146.756,-0.041,-0.02,0,0,0,69.95899999077243,-0.0002667898012851121,69.95899999077243,-0.0002667898012851121,0.0
146.964,-0.04,-0.021,0,0,0,69.95999999065457,-0.0002668007409841777,69.95999999065457,-0.0002668007409841777,0.0
147.172,-0.039,-0.021,0,0,0,69.96099999065451,-0.00026681168068453184,69.96099999065451,-0.00026681168068453184,0.0
147.372,-0.037,-0.023,0,0,0,69.96299999041881,-0.00026683356008266277,69.96299999041881,-0.00026683356008266277,0.0
147.58,-0.035,-0.028,0,0,0,69.9649999898297,-0.00026685543947692786,69.9649999898297,-0.00026685543947692786,0.0
147.788,-0.031,-0.03,0,0,0,69.96899998959388,-0.00026689919827576714,69.96899998959388,-0.00026689919827576714,0.0
147.996,-0.03,-0.031,0,0,0,69.96999998947604,-0.0002669101379748327,69.96999998947604,-0.0002669101379748327,0.0
148.204,-0.027,-0.033,0,0,0,69.97299998924028,-0.0002669429570733178,69.97299998924028,-0.0002669429570733178,0.0
148.412,-0.025,-0.033,0,0,0,69.97499998924015,-0.000266964836474026,69.97499998924015,-0.000266964836474026,0.0
148.62,-0.023,-0.032,0,0,0,69.97699998935782,-0.00026698671587602283,69.97699998935782,-0.00026698671587602283,0.0
148.824,-0.02,-0.029,0,0,0,69.97999998971102,-0.0002670195349809511,69.97999998971102,-0.0002670195349809511,0.0
149.028,-0.017,-0.028,0,0,0,69.98299998982863,-0.0002670523540833021,69.98299998982863,-0.0002670523540833021,0.0
149.228,-0.016,-0.026,0,0,0,69.98399999006416,-0.0002670632937862335,69.98399999006416,-0.0002670632937862335,0.0
149.436,-0.021,-0.025,0,0,0,69.97899999018226,-0.0002670085952857516,69.97899999018226,-0.0002670085952857516,0.0
149.644,-0.026,-0.026,0,0,0,69.97399999006475,-0.0002669538967826922,69.97399999006475,-0.0002669538967826922,0.0
149.852,-0.03,-0.025,0,0,0,69.9699999901828,-0.0002669101379825645,69.9699999901828,-0.0002669101379825645,0.0
150.06,-0.03,-0.025,0,0,0,69.9699999901828,-0.0002669101379825645,69.9699999901828,-0.0002669101379825645,0.0
150.268,-0.03,-0.024,0,0,0,69.9699999903006,-0.0002669101379838531,69.9699999903006,-0.0002669101379838531,0.0
150.476,-0.031,-0.023,0,0,0,69.96899999041844,-0.00026689919828478754,69.96899999041844,-0.00026689919828478754,0.0
150.688,-0.031,-0.022,0,0,0,69.96899999053623,-0.00026689919828607616,69.96899999053623,-0.00026689919828607616,0.0
150.892,-0.032,-0.023,0,0,0,69.9679999904185,-0.00026688825858443334,69.9679999904185,-0.00026688825858443334,0.0
151.092,-0.03,-0.023,0,0,0,69.96999999041839,-0.00026691013798514174,69.96999999041839,-0.00026691013798514174,0.0
151.3,-0.025,-0.022,0,0,0,69.97499999053588,-0.00026696483648820093,69.97499999053588,-0.00026696483648820093,0.0
151.508,-0.023,-0.022,0,0,0,69.97699999053576,-0.0002669867158889091,69.97699999053576,-0.0002669867158889091,0.0
151.716,-0.021,-0.018,0,0,0,69.97899999100682,-0.000267008595294772,69.97899999100682,-0.000267008595294772,0.0
151.924,-0.02,-0.013,0,0,0,69.97999999159572,-0.00026701953500156916,69.97999999159572,-0.00026701953500156916,0.0
152.132,-0.023,-0.01,0,0,0,69.97699999194928,-0.00026698671590437266,69.97699999194928,-0.00026698671590437266,0.0
152.34,-0.028,-0.01,0,0,0,69.97199999194959,-0.0002669320174026021,69.97199999194959,-0.0002669320174026021,0.0
152.552,-0.032,-0.012,0,0,0,69.96799999171424,-0.00026688825859860825,69.96799999171424,-0.00026688825859860825,0.0
152.76,-0.035,-0.013,0,0,0,69.96499999159661,-0.0002668554394962573,69.96499999159661,-0.0002668554394962573,0.0
152.96,-0.038,-0.012,0,0,0,69.96199999171459,-0.00026682262039648354,69.96199999171459,-0.00026682262039648354,0.0
153.168,-0.039,-0.012,0,0,0,69.96099999171466,-0.0002668116806961295,69.96099999171466,-0.0002668116806961295,0.0
153.376,-0.039,-0.012,0,0,0,69.96099999171466,-0.0002668116806961295,69.96099999171466,-0.0002668116806961295,0.0
153.584,-0.038,-0.012,0,0,0,69.96199999171459,-0.00026682262039648354,69.96199999171459,-0.00026682262039648354,0.0
153.792,-0.036,-0.013,0,0,0,69.96399999159668,-0.00026684449979590325,69.96399999159668,-0.00026684449979590325,0.0
154.0,-0.035,-0.014,0,0,0,69.96499999147882,-0.00026685543949496866,69.96499999147882,-0.00026685543949496866,0.0
154.208,-0.035,-0.013,0,0,0,69.96499999159661,-0.0002668554394962573,69.96499999159661,-0.0002668554394962573,0.0
154.416,-0.033,-0.012,0,0,0,69.9669999917143,-0.00026687731889825427,69.9669999917143,-0.00026687731889825427,0.0
154.616,-0.031,-0.011,0,0,0,69.96899999183196,-0.0002668991983002511,69.96899999183196,-0.0002668991983002511,0.0
154.824,-0.028,-0.012,0,0,0,69.971999991714,-0.00026693201740002483,69.971999991714,-0.00026693201740002483,0.0
155.032,-0.027,-0.015,0,0,0,69.97299999136057,-0.0002669429570965131,69.97299999136057,-0.0002669429570965131,0.0
155.244,-0.026,-0.018,0,0,0,69.9739999910071,-0.00026695389679300125,69.9739999910071,-0.00026695389679300125,0.0
155.448,-0.024,-0.022,0,0,0,69.97599999053583,-0.0002669757761885551,69.97599999053583,-0.0002669757761885551,0.0
155.656,-0.021,-0.025,0,0,0,69.97899999018226,-0.0002670085952857516,69.97899999018226,-0.0002670085952857516,0.0
155.86,-0.02,-0.027,0,0,0,69.9799999899466,-0.00026701953498352836,69.9799999899466,-0.00026701953498352836,0.0
156.064,-0.021,-0.028,0,0,0,69.97899998982888,-0.0002670085952818857,69.97899998982888,-0.0002670085952818857,0.0
156.264,-0.023,-0.027,0,0,0,69.97699998994679,-0.00026698671588246597,69.97699998994679,-0.00026698671588246597,0.0
156.472,-0.026,-0.024,0,0,0,69.97399999030034,-0.0002669538967852695,69.97399999030034,-0.0002669538967852695,0.0
156.68,-0.028,-0.018,0,0,0,69.97199999100724,-0.00026693201739229306,69.97199999100724,-0.00026693201739229306,0.0
156.884,-0.027,-0.014,0,0,0,69.97299999147836,-0.0002669429570978017,69.97299999147836,-0.0002669429570978017,0.0
157.084,-0.026,-0.011,0,0,0,69.97399999183166,-0.00026695389680202164,69.97399999183166,-0.00026695389680202164,0.0
157.288,-0.024,-0.011,0,0,0,69.97599999183156,-0.00026697577620273,69.97599999183156,-0.00026697577620273,0.0
157.496,-0.023,-0.012,0,0,0,69.9769999917137,-0.0002669867159017954,69.9769999917137,-0.0002669867159017954,0.0
157.7,-0.025,-0.015,0,0,0,69.97499999136043,-0.00026696483649722133,69.97499999136043,-0.00026696483649722133,0.0
157.9,-0.029,-0.016,0,0,0,69.97099999124288,-0.0002669210776945161,69.97099999124288,-0.0002669210776945161,0.0
158.108,-0.033,-0.016,0,0,0,69.96699999124313,-0.00026687731889309975,69.96699999124313,-0.00026687731889309975,0.0
158.312,-0.035,-0.014,0,0,0,69.96499999147882,-0.00026685543949496866,69.96499999147882,-0.00026685543949496866,0.0
158.52,-0.036,-0.013,0,0,0,69.96399999159668,-0.00026684449979590325,69.96399999159668,-0.00026684449979590325,0.0
158.724,-0.039,-0.014,0,0,0,69.96099999147907,-0.00026681168069355224,69.96099999147907,-0.00026681168069355224,0.0
158.924,-0.042,-0.016,0,0,0,69.95799999124367,-0.0002667788615899126,69.95799999124367,-0.0002667788615899126,0.0
159.132,-0.043,-0.017,0,0,0,69.95699999112593,-0.0002667679218882698,69.95699999112593,-0.0002667679218882698,0.0
159.34,-0.042,-0.017,0,0,0,69.95799999112587,-0.00026677886158862397,69.95799999112587,-0.00026677886158862397,0.0
159.548,-0.04,-0.014,0,0,0,69.95999999147912,-0.0002668007409931981,69.95999999147912,-0.0002668007409931981,0.0
159.756,-0.041,-0.012,0,0,0,69.95899999171478,-0.00026678980129542115,69.95899999171478,-0.00026678980129542115,0.0
159.964,-0.042,-0.013,0,0,0,69.95799999159705,-0.0002667788615937785,69.95799999159705,-0.0002667788615937785,0.0
160.172,-0.041,-0.016,0,0,0,69.9589999912436,-0.00026678980129026664,69.9589999912436,-0.00026678980129026664,0.0
160.372,-0.039,-0.02,0,0,0,69.96099999077231,-0.00026681168068582047,69.96099999077231,-0.00026681168068582047,0.0
160.58,-0.037,-0.023,0,0,0,69.96299999041881,-0.00026683356008266277,69.96299999041881,-0.00026683356008266277,0.0
160.788,-0.037,-0.025,0,0,0,69.96299999018322,-0.0002668335600800855,69.96299999018322,-0.0002668335600800855,0.0
160.996,-0.036,-0.026,0,0,0,69.96399999006536,-0.0002668444997791511,69.96399999006536,-0.0002668444997791511,0.0
161.204,-0.035,-0.025,0,0,0,69.96499999018309,-0.00026685543948079375,69.96499999018309,-0.00026685543948079375,0.0
161.412,-0.034,-0.023,0,0,0,69.96599999041862,-0.00026686637918372515,69.96599999041862,-0.00026686637918372515,0.0
161.62,-0.032,-0.023,0,0,0,69.9679999904185,-0.00026688825858443334,69.9679999904185,-0.00026688825858443334,0.0
161.828,-0.029,-0.022,0,0,0,69.97099999053611,-0.00026692107768678435,69.97099999053611,-0.00026692107768678435,0.0
162.036,-0.027,-0.02,0,0,0,69.9729999907716,-0.00026694295709006995,69.9729999907716,-0.00026694295709006995,0.0
162.244,-0.026,-0.017,0,0,0,69.9739999911249,-0.0002669538967942899,69.9739999911249,-0.0002669538967942899,0.0
162.452,-0.025,-0.013,0,0,0,69.97499999159602,-0.0002669648364997986,69.97499999159602,-0.0002669648364997986,0.0
162.656,-0.027,-0.01,0,0,0,69.97299999194954,-0.00026694295710295624,69.97299999194954,-0.00026694295710295624,0.0
162.868,-0.03,-0.008,0,0,0,69.9699999921853,-0.00026691013800447116,69.9699999921853,-0.00026691013800447116,0.0
163.068,-0.031,-0.008,0,0,0,69.96899999218535,-0.00026689919830411696,69.96899999218535,-0.00026689919830411696,0.0
163.272,-0.026,-0.008,0,0,0,69.97399999218504,-0.00026695389680588753,69.97399999218504,-0.00026695389680588753,0.0
163.472,-0.02,-0.008,0,0,0,69.97999999218469,-0.0002670195350080123,69.97999999218469,-0.0002670195350080123,0.0
163.68,-0.015,-0.009,0,0,0,69.9849999920666,-0.0002670742335084944,69.9849999920666,-0.0002670742335084944,0.0
163.888,-0.013,-0.011,0,0,0,69.9869999918309,-0.0002670961129066253,69.9869999918309,-0.0002670961129066253,0.0
164.096,-0.017,-0.014,0,0,0,69.98299999147774,-0.0002670523541013429,69.98299999147774,-0.0002670523541013429,0.0
164.304,-0.023,-0.018,0,0,0,69.97699999100693,-0.00026698671589406363,69.97699999100693,-0.00026698671589406363,0.0
164.512,-0.031,-0.022,0,0,0,69.96899999053623,-0.00026689919828607616,69.96899999053623,-0.00026689919828607616,0.0
164.72,-0.038,-0.025,0,0,0,69.96199999018327,-0.00026682262037973137,69.96199999018327,-0.00026682262037973137,0.0
164.928,-0.043,-0.027,0,0,0,69.95699998994799,-0.00026676792187538354,69.95699998994799,-0.00026676792187538354,0.0
165.136,-0.046,-0.029,0,0,0,69.95399998971259,-0.0002667351027717439,69.95399998971259,-0.0002667351027717439,0.0
165.336,-0.049,-0.03,0,0,0,69.95099998959496,-0.0002667022836693929,69.95099998959496,-0.0002667022836693929,0.0
165.544,-0.05,-0.032,0,0,0,69.94999998935943,-0.00026669134396646143,69.94999998935943,-0.00026669134396646143,0.0
165.752,-0.051,-0.034,0,0,0,69.94899998912392,-0.0002666804042635302,69.94899998912392,-0.0002666804042635302,0.0
165.956,-0.052,-0.037,0,0,0,69.94799998877059,-0.0002666694645593101,69.94799998877059,-0.0002666694645593101,0.0
166.156,-0.053,-0.038,0,0,0,69.94699998865285,-0.00026665852485766733,69.94699998865285,-0.00026665852485766733,0.0
166.364,-0.057,-0.036,0,0,0,69.94299998888869,-0.00026661476605882817,69.94299998888869,-0.00026661476605882817,0.0
166.572,-0.062,-0.034,0,0,0,69.93799998912456,-0.0002665600675596347,69.93799998912456,-0.0002665600675596347,0.0
166.78,-0.066,-0.035,0,0,0,69.93399998900702,-0.0002665163087569297,69.93399998900702,-0.0002665163087569297,0.0
166.988,-0.068,-0.038,0,0,0,69.93199998865374,-0.0002664944293523554,69.93199998865374,-0.0002664944293523554,0.0
167.196,-0.071,-0.039,0,0,0,69.92999999313004,-0.0002664725500006151,69.92999999313004,-0.0002664725500006151,0.0
167.404,-0.073,-0.037,0,0,0,69.92999999313004,-0.0002664725500006151,69.92999999313004,-0.0002664725500006151,0.0
167.604,-0.075,-0.035,0,0,0,69.92999999313004,-0.0002664725500006151,69.92999999313004,-0.0002664725500006151,0.0
167.812,-0.076,-0.034,0,0,0,69.92999999313004,-0.0002664725500006151,69.92999999313004,-0.0002664725500006151,0.0
168.02,-0.077,-0.034,0,0,0,69.92999999313004,-0.0002664725500006151,69.92999999313004,-0.0002664725500006151,0.0
168.228,-0.08,-0.034,0,0,0,69.92999999313004,-0.0002664725500006151,69.92999999313004,-0.0002664725500006151,0.0
168.436,-0.083,-0.034,0,0,0,69.92999999313004,-0.0002664725500006151,69.92999999313004,-0.0002664725500006151,0.0
168.644,-0.086,-0.038,0,0,0,69.92999999313004,-0.0002664725500006151,69.92999999313004,-0.0002664725500006151,0.0
168.848,-0.086,-0.043,0,0,0,69.92999999313004,-0.0002664725500006151,69.92999999313004,-0.0002664725500006151,0.0
169.052,-0.085,-0.046,0,0,0,69.92999999313004,-0.0002664725500006151,69.92999999313004,-0.0002664725500006151,0.0
169.252,-0.085,-0.047,0,0,0,69.92999999313004,-0.0002664725500006151,69.92999999313004,-0.0002664725500006151,0.0
169.46,-0.083,-0.048,0,0,0,69.92999999313004,-0.0002664725500006151,69.92999999313004,-0.0002664725500006151,0.0
169.668,-0.078,-0.047,0,0,0,69.92999999313004,-0.0002664725500006151,69.92999999313004,-0.0002664725500006151,0.0
169.876,-0.071,-0.046,0,0,0,69.92999999313004,-0.0002664725500006151,69.92999999313004,-0.0002664725500006151,0.0
170.084,-0.063,-0.046,0,0,0,69.9369999877111,-0.0002665491278438171,69.9369999877111,-0.0002665491278438171,0.0
170.292,-0.057,-0.048,0,0,0,69.94299998747516,-0.0002666147660433646,69.94299998747516,-0.0002666147660433646,0.0
170.5,-0.055,-0.05,0,0,0,69.94499998723944,-0.00026663664544149555,69.94499998723944,-0.00026663664544149555,0.0
170.708,-0.058,-0.052,0,0,0,69.94199998700404,-0.0002666038263378559,69.94199998700404,-0.0002666038263378559,0.0
170.916,-0.061,-0.052,0,0,0,69.93899998700422,-0.0002665710072367936,69.93899998700422,-0.0002665710072367936,0.0
171.116,-0.064,-0.05,0,0,0,69.93599998723998,-0.00026653818813830846,69.93599998723998,-0.00026653818813830846,0.0
171.324,-0.069,-0.049,0,0,0,69.93099998735808,-0.0002664834896378265,69.93099998735808,-0.0002664834896378265,0.0
171.532,-0.071,-0.049,0,0,0,69.92999999313004,-0.0002664725500006151,69.92999999313004,-0.0002664725500006151,0.0
171.74,-0.074,-0.049,0,0,0,69.92999999313004,-0.0002664725500006151,69.92999999313004,-0.0002664725500006151,0.0
171.948,-0.077,-0.048,0,0,0,69.92999999313004,-0.0002664725500006151,69.92999999313004,-0.0002664725500006151,0.0
172.156,-0.078,-0.045,0,0,0,69.92999999313004,-0.0002664725500006151,69.92999999313004,-0.0002664725500006151,0.0
172.364,-0.077,-0.04,0,0,0,69.92999999313004,-0.0002664725500006151,69.92999999313004,-0.0002664725500006151,0.0
172.572,-0.074,-0.037,0,0,0,69.92999999313004,-0.0002664725500006151,69.92999999313004,-0.0002664725500006151,0.0
172.78,-0.071,-0.038,0,0,0,69.92999999313004,-0.0002664725500006151,69.92999999313004,-0.0002664725500006151,0.0
172.988,-0.068,-0.037,0,0,0,69.93199998877154,-0.00026649442935364404,69.93199998877154,-0.00026649442935364404,0.0
173.196,-0.065,-0.037,0,0,0,69.93499998877137,-0.0002665272484547064,69.93499998877137,-0.0002665272484547064,0.0
173.404,-0.064,-0.039,0,0,0,69.93599998853571,-0.00026653818815248337,69.93599998853571,-0.00026653818815248337,0.0
173.604,-0.064,-0.04,0,0,0,69.93599998841792,-0.00026653818815119474,69.93599998841792,-0.00026653818815119474,0.0
173.812,-0.066,-0.042,0,0,0,69.93399998818246,-0.0002665163087479093,69.93399998818246,-0.0002665163087479093,0.0
174.016,-0.067,-0.04,0,0,0,69.9329999884181,-0.00026650536905013236,69.9329999884181,-0.00026650536905013236,0.0
174.216,-0.066,-0.035,0,0,0,69.93399998900702,-0.0002665163087569297,69.93399998900702,-0.0002665163087569297,0.0
174.424,-0.066,-0.029,0,0,0,69.93399998971378,-0.00026651630876466147,69.93399998971378,-0.00026651630876466147,0.0
174.632,-0.063,-0.027,0,0,0,69.93699998994919,-0.00026654912786830106,69.93699998994919,-0.00026654912786830106,0.0
174.844,-0.061,-0.028,0,0,0,69.93899998983127,-0.00026657100726772067,69.93899998983127,-0.00026657100726772067,0.0
175.048,-0.059,-0.032,0,0,0,69.94099998935997,-0.00026659288666327434,69.94099998935997,-0.00026659288666327434,0.0
175.256,-0.054,-0.036,0,0,0,69.9459999888885,-0.00026664758515989055,69.9459999888885,-0.00026664758515989055,0.0
175.464,-0.052,-0.039,0,0,0,69.947999988535,-0.00026666946455673285,69.947999988535,-0.00026666946455673285,0.0
175.672,-0.05,-0.042,0,0,0,69.94999998818149,-0.00026669134395357515,69.94999998818149,-0.00026669134395357515,0.0
175.872,-0.05,-0.043,0,0,0,69.9499999880637,-0.0002666913439522865,69.9499999880637,-0.0002666913439522865,0.0
176.08,-0.05,-0.043,0,0,0,69.9499999880637,-0.0002666913439522865,69.9499999880637,-0.0002666913439522865,0.0
176.288,-0.052,-0.043,0,0,0,69.94799998806383,-0.00026666946455157833,69.94799998806383,-0.00026666946455157833,0.0
176.496,-0.055,-0.043,0,0,0,69.944999988064,-0.00026663664545051595,69.944999988064,-0.00026663664545051595,0.0
176.704,-0.055,-0.043,0,0,0,69.944999988064,-0.00026663664545051595,69.944999988064,-0.00026663664545051595,0.0
176.912,-0.053,-0.041,0,0,0,69.94699998829947,-0.00026665852485380145,69.94699998829947,-0.00026665852485380145,0.0
177.12,-0.051,-0.04,0,0,0,69.94899998841716,-0.0002666804042557984,69.94899998841716,-0.0002666804042557984,0.0
177.328,-0.05,-0.041,0,0,0,69.94999998829928,-0.0002666913439548638,69.94999998829928,-0.0002666913439548638,0.0
177.536,-0.048,-0.043,0,0,0,69.95199998806359,-0.0002667132233529949,69.95199998806359,-0.0002667132233529949,0.0
177.744,-0.043,-0.046,0,0,0,69.9569999877099,-0.0002667679218508996,69.9569999877099,-0.0002667679218508996,0.0
177.952,-0.039,-0.047,0,0,0,69.96099998759188,-0.0002668116806510275,69.96099998759188,-0.0002668116806510275,0.0
178.16,-0.038,-0.045,0,0,0,69.9619999878274,-0.0002668226203539588,69.9619999878274,-0.0002668226203539588,0.0
178.36,-0.042,-0.043,0,0,0,69.95799998806324,-0.00026677886155511963,69.95799998806324,-0.00026677886155511963,0.0
178.568,-0.049,-0.04,0,0,0,69.95099998841702,-0.0002667022836565066,69.95099998841702,-0.0002667022836565066,0.0
178.776,-0.054,-0.041,0,0,0,69.94599998829953,-0.0002666475851534474,69.94599998829953,-0.0002666475851534474,0.0
178.984,-0.058,-0.044,0,0,0,69.94199998794639,-0.000266603826348165,69.94199998794639,-0.000266603826348165,0.0
179.192,-0.061,-0.052,0,0,0,69.93899998700422,-0.0002665710072367936,69.93899998700422,-0.0002665710072367936,0.0
179.4,-0.065,-0.058,0,0,0,69.9349999862977,-0.0002665272484276452,69.9349999862977,-0.0002665272484276452,0.0
179.608,-0.066,-0.061,0,0,0,69.93399998594438,-0.00026651630872342536,69.93399998594438,-0.00026651630872342536,0.0
179.816,-0.065,-0.06,0,0,0,69.93499998606211,-0.00026652724842506797,69.93499998606211,-0.00026652724842506797,0.0
180.024,-0.065,-0.058,0,0,0,69.9349999862977,-0.0002665272484276452,69.9349999862977,-0.0002665272484276452,0.0
180.232,-0.063,-0.054,0,0,0,69.93699998676875,-0.0002665491278335081,69.93699998676875,-0.0002665491278335081,0.0
180.436,-0.062,-0.048,0,0,0,69.93799998747545,-0.0002665600675415939,69.93799998747545,-0.0002665600675415939,0.0
180.644,-0.061,-0.041,0,0,0,69.93899998829995,-0.0002665710072509685,69.93899998829995,-0.0002665710072509685,0.0
180.852,-0.06,-0.034,0,0,0,69.93999998912446,-0.00026658194696034304,69.93999998912446,-0.00026658194696034304,0.0
181.06,-0.062,-0.028,0,0,0,69.93799998983133,-0.00026656006756736647,69.93799998983133,-0.00026656006756736647,0.0
181.264,-0.066,-0.023,0,0,0,69.93399999042055,-0.00026651630877239324,69.93399999042055,-0.00026651630877239324,0.0
181.468,-0.07,-0.018,0,0,0,69.92999999313004,-0.0002664725500006151,69.92999999313004,-0.0002664725500006151,0.0
181.668,-0.073,-0.014,0,0,0,69.92999999313004,-0.0002664725500006151,69.92999999313004,-0.0002664725500006151,0.0
181.876,-0.074,-0.012,0,0,0,69.92999999313004,-0.0002664725500006151,69.92999999313004,-0.0002664725500006151,0.0
182.084,-0.073,-0.012,0,0,0,69.92999999313004,-0.0002664725500006151,69.92999999313004,-0.0002664725500006151,0.0
182.292,-0.075,-0.012,0,0,0,69.92999999313004,-0.0002664725500006151,69.92999999313004,-0.0002664725500006151,0.0
182.5,-0.074,-0.012,0,0,0,69.92999999313004,-0.0002664725500006151,69.92999999313004,-0.0002664725500006151,0.0
182.708,-0.071,-0.01,0,0,0,69.92999999313004,-0.0002664725500006151,69.92999999313004,-0.0002664725500006151,0.0
182.916,-0.065,-0.007,0,0,0,69.93499999230518,-0.0002665272484933653,69.93499999230518,-0.0002665272484933653,0.0
183.116,-0.062,-0.004,0,0,0,69.93799999265838,-0.00026656006759829355,69.93799999265838,-0.00026656006759829355,0.0
183.324,-0.062,0.0,0,0,0,69.93799999312955,-0.00026656006760344806,69.93799999312955,-0.00026656006760344806,0.0
183.532,-0.063,0.001,0,0,0,69.93699999324741,-0.0002665491279043827,69.93699999324741,-0.0002665491279043827,0.0
183.74,-0.062,-0.002,0,0,0,69.93799999289396,-0.0002665600676008708,69.93799999289396,-0.0002665600676008708,0.0
183.948,-0.058,-0.008,0,0,0,69.94199999218696,-0.0002666038263945556,69.94199999218696,-0.0002666038263945556,0.0
184.156,-0.052,-0.016,0,0,0,69.94799999124426,-0.0002666694645863713,69.94799999124426,-0.0002666694645863713,0.0
184.364,-0.047,-0.02,0,0,0,69.95299999077278,-0.00026672416308298736,69.95299999077278,-0.00026672416308298736,0.0
184.572,-0.047,-0.02,0,0,0,69.95299999077278,-0.00026672416308298736,69.95299999077278,-0.00026672416308298736,0.0
184.784,-0.05,-0.018,0,0,0,69.94999999100854,-0.00026669134398450223,69.94999999100854,-0.00026669134398450223,0.0
184.988,-0.052,-0.015,0,0,0,69.94799999136205,-0.00026666946458765993,69.94799999136205,-0.00026666946458765993,0.0
185.2,-0.052,-0.015,0,0,0,69.94799999136205,-0.00026666946458765993,69.94799999136205,-0.00026666946458765993,0.0
185.4,-0.053,-0.015,0,0,0,69.9469999913621,-0.0002666585248873058,69.9469999913621,-0.0002666585248873058,0.0
185.604,-0.056,-0.015,0,0,0,69.94399999136229,-0.0002666257057862434,69.94399999136229,-0.0002666257057862434,0.0
185.812,-0.057,-0.015,0,0,0,69.94299999136236,-0.00026661476608588937,69.94299999136236,-0.00026661476608588937,0.0
186.02,-0.061,-0.017,0,0,0,69.938999991127,-0.0002665710072818956,69.938999991127,-0.0002665710072818956,0.0
186.228,-0.065,-0.02,0,0,0,69.93499999077386,-0.0002665272484766131,69.93499999077386,-0.0002665272484766131,0.0
186.436,-0.066,-0.021,0,0,0,69.93399999065613,-0.0002665163087749705,69.93399999065613,-0.0002665163087749705,0.0
186.64,-0.063,-0.022,0,0,0,69.93699999053815,-0.0002665491278747442,69.93699999053815,-0.0002665491278747442,0.0
186.84,-0.06,-0.024,0,0,0,69.9399999903024,-0.0002665819469732293,69.9399999903024,-0.0002665819469732293,0.0
187.048,-0.06,-0.027,0,0,0,69.93999998994902,-0.00026658194696936344,69.93999998994902,-0.00026658194696936344,0.0
187.256,-0.059,-0.031,0,0,0,69.94099998947776,-0.00026659288666456296,69.94099998947776,-0.00026659288666456296,0.0
187.464,-0.058,-0.034,0,0,0,69.94199998912433,-0.0002666038263610513,69.94199998912433,-0.0002666038263610513,0.0
187.672,-0.055,-0.035,0,0,0,69.94499998900635,-0.000266636645460825,69.94499998900635,-0.000266636645460825,0.0
187.876,-0.051,-0.033,0,0,0,69.94899998924171,-0.0002666804042648188,69.94899998924171,-0.0002666804042648188,0.0
188.084,-0.05,-0.031,0,0,0,69.94999998947722,-0.00026669134396775006,69.94999998947722,-0.00026669134396775006,0.0
188.292,-0.052,-0.029,0,0,0,69.94799998971294,-0.00026666946456961913,69.94799998971294,-0.00026666946456961913,0.0
188.496,-0.057,-0.027,0,0,0,69.94299998994883,-0.0002666147660704258,69.94299998994883,-0.0002666147660704258,0.0
188.704,-0.062,-0.023,0,0,0,69.9379999904203,-0.0002665600675738096,69.9379999904203,-0.0002665600675738096,0.0
188.912,-0.065,-0.017,0,0,0,69.93499999112724,-0.000266527248480479,69.93499999112724,-0.000266527248480479,0.0
189.12,-0.066,-0.01,0,0,0,69.93399999195186,-0.0002665163087891454,69.93399999195186,-0.0002665163087891454,0.0
189.328,-0.065,-0.002,0,0,0,69.93499999289415,-0.0002665272484998084,69.93499999289415,-0.0002665272484998084,0.0
189.536,-0.064,0.005,0,0,0,69.93599999371864,-0.000266538188209183,69.93599999371864,-0.000266538188209183,0.0
189.744,-0.063,0.008,825,0,-825,-0.07,0.0,69.93699999407197,-0.0002665491279134031,70.0069999945794
189.952,-0.06,0.009,0,0,0,69.93999999418959,-0.00026658194701575407,69.93999999418959,-0.00026658194701575407,0.0
190.16,-0.058,0.007,0,0,0,69.94199999395387,-0.00026660382641388505,69.94199999395387,-0.00026660382641388505,0.0
190.36,-0.058,0.003,0,0,0,69.9419999934827,-0.00026660382640873053,69.9419999934827,-0.00026660382640873053,0.0
190.568,-0.059,-0.0,0,0,0,69.94099999312937,-0.00026659288670451045,69.94099999312937,-0.00026659288670451045,0.0
190.776,-0.06,-0.004,0,0,0,69.93999999265827,-0.0002665819469990019,69.93999999265827,-0.0002665819469990019,0.0
190.988,-0.063,-0.007,0,0,0,69.93699999230506,-0.0002665491278940736,69.93699999230506,-0.0002665491278940736,0.0
191.196,-0.062,-0.009,0,0,0,69.93799999206941,-0.0002665600675918504,69.93799999206941,-0.0002665600675918504,0.0
191.404,-0.06,-0.009,0,0,0,69.9399999920693,-0.00026658194699255875,69.9399999920693,-0.00026658194699255875,0.0
191.604,-0.057,-0.008,0,0,0,69.94299999218691,-0.00026661476609490976,69.94299999218691,-0.00026661476609490976,0.0
191.812,-0.056,-0.007,0,0,0,69.94399999230464,-0.00026662570579655243,69.94399999230464,-0.00026662570579655243,0.0
192.02,-0.056,-0.009,0,0,0,69.94399999206905,-0.0002666257057939752,69.94399999206905,-0.0002666257057939752,0.0
192.228,-0.058,-0.012,0,0,0,69.94199999171579,-0.0002666038263894011,69.94199999171579,-0.0002666038263894011,0.0
192.436,-0.061,-0.014,0,0,0,69.93899999148039,-0.00026657100728576146,69.93899999148039,-0.00026657100728576146,0.0
192.644,-0.063,-0.013,0,0,0,69.9369999915983,-0.00026654912788634186,69.9369999915983,-0.00026654912788634186,0.0
192.852,-0.063,-0.009,0,0,0,69.93699999206947,-0.00026654912789149637,69.93699999206947,-0.00026654912789149637,0.0
193.06,-0.064,-0.007,0,0,0,69.93599999230511,-0.0002665381881937195,69.93599999230511,-0.0002665381881937195,0.0
193.264,-0.066,-0.006,0,0,0,69.93399999242304,-0.0002665163087942999,69.93399999242304,-0.0002665163087942999,0.0
193.468,-0.069,-0.008,0,0,0,69.93099999218762,-0.0002664834896906603,69.93099999218762,-0.0002664834896906603,0.0
193.668,-0.071,-0.013,0,0,0,69.92999999313004,-0.0002664725500006151,69.92999999313004,-0.0002664725500006151,0.0
193.876,-0.071,-0.019,0,0,0,69.92999999313004,-0.0002664725500006151,69.92999999313004,-0.0002664725500006151,0.0
194.084,-0.069,-0.022,0,0,0,69.93099999053851,-0.0002664834896726195,69.93099999053851,-0.0002664834896726195,0.0
194.292,-0.071,-0.025,0,0,0,69.92999999313004,-0.0002664725500006151,69.92999999313004,-0.0002664725500006151,0.0
194.5,-0.073,-0.025,0,0,0,69.92999999313004,-0.0002664725500006151,69.92999999313004,-0.0002664725500006151,0.0
194.708,-0.076,-0.028,0,0,0,69.92999999313004,-0.0002664725500006151,69.92999999313004,-0.0002664725500006151,0.0
194.916,-0.08,-0.03,0,0,0,69.92999999313004,-0.0002664725500006151,69.92999999313004,-0.0002664725500006151,0.0
195.116,-0.085,-0.032,0,0,0,69.92999999313004,-0.0002664725500006151,69.92999999313004,-0.0002664725500006151,0.0
195.324,-0.087,-0.032,0,0,0,69.92999999313004,-0.0002664725500006151,69.92999999313004,-0.0002664725500006151,0.0
195.532,-0.088,-0.034,0,0,0,69.92999999313004,-0.0002664725500006151,69.92999999313004,-0.0002664725500006151,0.0
195.736,-0.088,-0.034,0,0,0,69.92999999313004,-0.0002664725500006151,69.92999999313004,-0.0002664725500006151,0.0
195.94,-0.088,-0.032,0,0,0,69.92999999313004,-0.0002664725500006151,69.92999999313004,-0.0002664725500006151,0.0
196.148,-0.088,-0.03,0,0,0,69.92999999313004,-0.0002664725500006151,69.92999999313004,-0.0002664725500006151,0.0
196.348,-0.087,-0.026,0,0,0,69.92999999313004,-0.0002664725500006151,69.92999999313004,-0.0002664725500006151,0.0
196.552,-0.087,-0.024,0,0,0,69.92999999313004,-0.0002664725500006151,69.92999999313004,-0.0002664725500006151,0.0
196.752,-0.087,-0.023,0,0,0,69.92999999313004,-0.0002664725500006151,69.92999999313004,-0.0002664725500006151,0.0
196.96,-0.09,-0.022,0,0,0,69.92999999313004,-0.0002664725500006151,69.92999999313004,-0.0002664725500006151,0.0
197.168,-0.092,-0.019,0,0,0,69.92999999313004,-0.0002664725500006151,69.92999999313004,-0.0002664725500006151,0.0
197.372,-0.092,-0.015,0,0,0,69.92999999313004,-0.0002664725500006151,69.92999999313004,-0.0002664725500006151,0.0
197.58,-0.091,-0.009,0,0,0,69.92999999313004,-0.0002664725500006151,69.92999999313004,-0.0002664725500006151,0.0
197.788,-0.091,-0.004,0,0,0,69.92999999313004,-0.0002664725500006151,69.92999999313004,-0.0002664725500006151,0.0
198.0,-0.09,0.0,0,0,0,69.92999999313004,-0.0002664725500006151,69.92999999313004,-0.0002664725500006151,0.0
198.204,-0.089,0.002,825,0,-825,-0.07,0.0,69.92999999313004,-0.0002664725500006151,69.99999999363723
198.412,-0.085,0.005,825,0,-825,-0.07,0.0,69.92999999313004,-0.0002664725500006151,69.99999999363723
198.62,-0.079,0.009,825,0,-825,-0.07,0.0,69.92999999313004,-0.0002664725500006151,69.99999999363723
198.828,-0.074,0.012,825,0,-825,-0.07,0.0,69.92999999313004,-0.0002664725500006151,69.99999999363723
199.036,-0.071,0.014,825,0,-825,-0.07,0.0,69.92999999313004,-0.0002664725500006151,69.99999999363723
199.24,-0.068,0.015,825,0,-825,-0.07,0.0,69.93199999489681,-0.0002664944294206528,70.00199999540408
199.448,-0.064,0.016,825,0,-825,-0.07,0.0,69.93599999501437,-0.00026653818822335794,70.00599999552178
199.668,-0.061,0.018,825,0,-825,-0.07,0.0,69.93899999524979,-0.0002665710073269976,70.00899999575729
199.872,-0.059,0.018,825,0,-825,-0.07,0.0,69.94099999524965,-0.00026659288672770576,70.01099999575723
200.08,-0.061,0.014,825,0,-825,-0.07,0.0,69.93899999477861,-0.00026657100732184306,70.00899999528612
200.288,-0.064,0.009,825,0,-825,-0.07,0.0,69.93599999418981,-0.00026653818821433754,70.0059999946972
200.496,-0.064,0.004,0,0,0,69.93599999360084,-0.0002665381882078944,69.93599999360084,-0.0002665381882078944,0.0
200.704,-0.064,0.001,0,0,0,69.93599999324746,-0.0002665381882040285,69.93599999324746,-0.0002665381882040285,0.0
200.912,-0.065,-0.002,0,0,0,69.93499999289415,-0.0002665272484998084,69.93499999289415,-0.0002665272484998084,0.0
201.12,-0.066,-0.005,0,0,0,69.93399999254083,-0.00026651630879558855,69.93399999254083,-0.00026651630879558855,0.0
201.332,-0.065,-0.009,0,0,0,69.93499999206959,-0.000266527248490788,69.93499999206959,-0.000266527248490788,0.0
201.536,-0.063,-0.013,0,0,0,69.9369999915983,-0.00026654912788634186,69.9369999915983,-0.00026654912788634186,0.0
201.74,-0.063,-0.016,0,0,0,69.93699999124492,-0.00026654912788247597,69.93699999124492,-0.00026654912788247597,0.0
201.948,-0.066,-0.017,0,0,0,69.93399999112731,-0.000266516308780125,69.93399999112731,-0.000266516308780125,0.0
202.152,-0.069,-0.018,0,0,0,69.93099999100968,-0.000266483489677774,69.93099999100968,-0.000266483489677774,0.0
202.352,-0.072,-0.019,0,0,0,69.92999999313004,-0.0002664725500006151,69.92999999313004,-0.0002664725500006151,0.0
202.56,-0.073,-0.02,0,0,0,69.92999999313004,-0.0002664725500006151,69.92999999313004,-0.0002664725500006151,0.0
202.768,-0.072,-0.021,0,0,0,69.92999999313004,-0.0002664725500006151,69.92999999313004,-0.0002664725500006151,0.0
202.976,-0.07,-0.022,0,0,0,69.92999999313004,-0.0002664725500006151,69.92999999313004,-0.0002664725500006151,0.0
203.184,-0.068,-0.024,0,0,0,69.93199999030286,-0.00026649442937039627,69.93199999030286,-0.00026649442937039627,0.0
203.392,-0.066,-0.023,0,0,0,69.93399999042055,-0.00026651630877239324,69.93399999042055,-0.00026651630877239324,0.0
203.596,-0.062,-0.02,0,0,0,69.93799999077368,-0.0002665600675776755,69.93799999077368,-0.0002665600675776755,0.0
203.804,-0.058,-0.018,0,0,0,69.94199999100903,-0.00026660382638166933,69.94199999100903,-0.00026660382638166933,0.0
204.012,-0.054,-0.015,0,0,0,69.94599999136217,-0.00026664758518695175,69.94599999136217,-0.00026664758518695175,0.0
204.22,-0.05,-0.013,0,0,0,69.94999999159751,-0.00026669134399094543,69.94999999159751,-0.00026669134399094543,0.0
204.428,-0.046,-0.012,0,0,0,69.95399999171508,-0.0002667351027936506,69.95399999171508,-0.0002667351027936506,0.0
204.636,-0.041,-0.013,0,0,0,69.95899999159698,-0.0002667898012941325,69.95899999159698,-0.0002667898012941325,0.0
204.836,-0.036,-0.016,0,0,0,69.9639999912433,-0.00026684449979203737,69.9639999912433,-0.00026684449979203737,0.0
205.044,-0.033,-0.018,0,0,0,69.96699999100754,-0.0002668773188905225,69.96699999100754,-0.0002668773188905225,0.0
205.252,-0.034,-0.021,0,0,0,69.96599999065421,-0.0002668663791863024,69.96599999065421,-0.0002668663791863024,0.0
205.46,-0.036,-0.027,0,0,0,69.96399998994757,-0.00026684449977786245,69.96399998994757,-0.00026684449977786245,0.0
205.668,-0.037,-0.033,0,0,0,69.96299998924087,-0.0002668335600697765,69.96299998924087,-0.0002668335600697765,0.0
205.876,-0.038,-0.037,0,0,0,69.96199998876975,-0.0002668226203642678,69.96199998876975,-0.0002668226203642678,0.0
206.084,-0.041,-0.041,0,0,0,69.95899998829876,-0.0002667898012580509,69.95899998829876,-0.0002667898012580509,0.0
206.292,-0.049,-0.046,0,0,0,69.95099998771026,-0.00026670228364877483,69.95099998771026,-0.00026670228364877483,0.0
206.5,-0.054,-0.047,0,0,0,69.94599998759277,-0.00026664758514571564,69.94599998759277,-0.00026664758514571564,0.0
206.708,-0.056,-0.045,0,0,0,69.94399998782848,-0.00026662570574758455,69.94399998782848,-0.00026662570574758455,0.0
206.916,-0.057,-0.042,0,0,0,69.94299998818192,-0.0002666147660510964,69.94299998818192,-0.0002666147660510964,0.0
207.116,-0.057,-0.04,0,0,0,69.94299998841751,-0.00026661476605367365,69.94299998841751,-0.00026661476605367365,0.0
207.324,-0.059,-0.038,0,0,0,69.9409999886532,-0.00026659288665554256,69.9409999886532,-0.00026659288665554256,0.0
207.532,-0.06,-0.038,0,0,0,69.93999998865328,-0.0002665819469551885,69.93999998865328,-0.0002665819469551885,0.0
207.74,-0.062,-0.038,0,0,0,69.93799998865339,-0.0002665600675544802,69.93799998865339,-0.0002665600675544802,0.0
207.948,-0.062,-0.038,0,0,0,69.93799998865339,-0.0002665600675544802,69.93799998865339,-0.0002665600675544802,0.0
208.156,-0.06,-0.039,0,0,0,69.93999998853549,-0.0002665819469538999,69.93999998853549,-0.0002665819469538999,0.0
208.368,-0.058,-0.039,0,0,0,69.94199998853536,-0.00026660382635460814,69.94199998853536,-0.00026660382635460814,0.0
208.572,-0.055,-0.039,0,0,0,69.94499998853517,-0.00026663664545567047,69.94499998853517,-0.00026663664545567047,0.0
208.78,-0.05,-0.037,0,0,0,69.94999998877046,-0.0002666913439600183,69.94999998877046,-0.0002666913439600183,0.0
208.988,-0.047,-0.034,0,0,0,69.95299998912367,-0.00026672416306494656,69.95299998912367,-0.00026672416306494656,0.0
209.2,-0.043,-0.029,0,0,0,69.9569999897124,-0.0002667679218728063,69.9569999897124,-0.0002667679218728063,0.0
209.404,-0.041,-0.025,0,0,0,69.95899999018346,-0.000266789801278669,69.95899999018346,-0.000266789801278669,0.0
209.604,-0.04,-0.023,0,0,0,69.95999999041898,-0.00026680074098160044,69.95999999041898,-0.00026680074098160044,0.0
209.812,-0.038,-0.019,0,0,0,69.96199999089004,-0.00026682262038746314,69.96199999089004,-0.00026682262038746314,0.0
210.02,-0.038,-0.014,0,0,0,69.961999991479,-0.0002668226203939063,69.961999991479,-0.0002668226203939063,0.0
210.224,-0.04,-0.008,0,0,0,69.95999999218589,-0.00026680074100092987,69.95999999218589,-0.00026680074100092987,0.0
210.428,-0.043,-0.002,0,0,0,69.95699999289283,-0.00026676792190759925,69.95699999289283,-0.00026676792190759925,0.0
210.636,-0.045,0.004,0,0,0,69.95499999359971,-0.0002667460425146228,69.95499999359971,-0.0002667460425146228,0.0
210.836,-0.047,0.011,0,0,0,69.95299999442439,-0.00026672416312293484,69.95299999442439,-0.00026672416312293484,0.0
211.044,-0.047,0.018,0,0,0,69.95299999524894,-0.00026672416313195524,69.95299999524894,-0.00026672416313195524,0.0
211.252,-0.048,0.024,825,0,-825,-0.07,0.0,69.95199999595577,-0.00026671322343933303,70.02199999646372
211.46,-0.052,0.028,825,0,-825,-0.07,0.0,69.94799999642719,-0.00026666946464307096,70.01799999693499
211.668,-0.054,0.028,825,0,-825,-0.07,0.0,69.9459999964273,-0.0002666475852423628,70.01599999693504
211.876,-0.055,0.026,825,0,-825,-0.07,0.0,69.94499999619177,-0.0002666366455394313,70.01499999669947
212.084,-0.055,0.022,825,0,-825,-0.07,0.0,69.9449999957206,-0.0002666366455342768,70.0149999962283
212.292,-0.055,0.018,825,0,-825,-0.07,0.0,69.94499999524942,-0.0002666366455291223,70.01499999575712
212.5,-0.055,0.012,0,0,0,69.94499999454266,-0.0002666366455213905,69.94499999454266,-0.0002666366455213905,0.0
212.708,-0.053,0.008,0,0,0,69.94699999407136,-0.00026665852491694424,69.94699999407136,-0.00026665852491694424,0.0
212.916,-0.048,0.004,0,0,0,69.9519999935999,-0.00026671322341356046,69.9519999935999,-0.00026671322341356046,0.0
213.116,-0.043,0.0,0,0,0,69.95699999312842,-0.0002667679219101765,69.95699999312842,-0.0002667679219101765,0.0
213.324,-0.038,-0.005,0,0,0,69.96199999253915,-0.00026682262040550394,69.96199999253915,-0.00026682262040550394,0.0
213.532,-0.037,-0.01,0,0,0,69.96299999195013,-0.00026683356009941494,69.96299999195013,-0.00026683356009941494,0.0
213.736,-0.037,-0.015,0,0,0,69.96299999136116,-0.0002668335600929718,69.96299999136116,-0.0002668335600929718,0.0
213.936,-0.038,-0.019,0,0,0,69.96199999089004,-0.00026682262038746314,69.96199999089004,-0.00026682262038746314,0.0
214.152,-0.038,-0.021,0,0,0,69.96199999065445,-0.0002668226203848859,69.96199999065445,-0.0002668226203848859,0.0
214.352,-0.039,-0.02,0,0,0,69.96099999077231,-0.00026681168068582047,69.96099999077231,-0.00026681168068582047,0.0
214.56,-0.041,-0.019,0,0,0,69.95899999089022,-0.00026678980128640075,69.95899999089022,-0.00026678980128640075,0.0
214.768,-0.044,-0.017,0,0,0,69.95599999112598,-0.0002667569821879156,69.95599999112598,-0.0002667569821879156,0.0
214.976,-0.048,-0.016,0,0,0,69.95199999124402,-0.0002667132233877879,69.95199999124402,-0.0002667132233877879,0.0
215.184,-0.05,-0.012,0,0,0,69.9499999917153,-0.000266691343992234,69.9499999917153,-0.000266691343992234,0.0
215.392,-0.049,-0.007,0,0,0,69.95099999230422,-0.00026670228369903134,69.95099999230422,-0.00026670228369903134,0.0
215.592,-0.048,-0.003,0,0,0,69.95199999277534,-0.00026671322340454006,69.95199999277534,-0.00026671322340454006,0.0
215.8,-0.049,0.0,0,0,0,69.95099999312878,-0.00026670228370805174,69.95099999312878,-0.00026670228370805174,0.0
216.008,-0.049,0.002,0,0,0,69.95099999336436,-0.000266702283710629,69.95099999336436,-0.000266702283710629,0.0
216.216,-0.049,0.003,0,0,0,69.95099999348216,-0.00026670228371191763,69.95099999348216,-0.00026670228371191763,0.0
216.424,-0.048,0.002,0,0,0,69.95199999336431,-0.0002667132234109832,69.95199999336431,-0.0002667132234109832,0.0
216.632,-0.051,0.001,0,0,0,69.9489999932467,-0.0002666804043086322,69.9489999932467,-0.0002666804043086322,0.0
216.836,-0.056,-0.001,0,0,0,69.9439999930114,-0.0002666257058042842,69.9439999930114,-0.0002666257058042842,0.0
217.044,-0.063,-0.003,0,0,0,69.93699999277624,-0.00026654912789922814,69.93699999277624,-0.00026654912789922814,0.0
217.252,-0.067,-0.006,0,0,0,69.93299999242309,-0.0002665053690939457,69.93299999242309,-0.0002665053690939457,0.0
217.464,-0.069,-0.008,0,0,0,69.93099999218762,-0.0002664834896906603,69.93099999218762,-0.0002664834896906603,0.0
217.668,-0.068,-0.01,0,0,0,69.93199999195197,-0.00026649442938843707,69.93199999195197,-0.00026649442938843707,0.0
217.876,-0.068,-0.01,0,0,0,69.93199999195197,-0.00026649442938843707,69.93199999195197,-0.00026649442938843707,0.0
218.084,-0.071,-0.011,0,0,0,69.92999999313004,-0.0002664725500006151,69.92999999313004,-0.0002664725500006151,0.0
218.292,-0.075,-0.01,0,0,0,69.92999999313004,-0.0002664725500006151,69.92999999313004,-0.0002664725500006151,0.0
218.5,-0.079,-0.009,0,0,0,69.92999999313004,-0.0002664725500006151,69.92999999313004,-0.0002664725500006151,0.0
218.708,-0.082,-0.011,0,0,0,69.92999999313004,-0.0002664725500006151,69.92999999313004,-0.0002664725500006151,0.0
218.916,-0.083,-0.014,0,0,0,69.92999999313004,-0.0002664725500006151,69.92999999313004,-0.0002664725500006151,0.0
219.116,-0.082,-0.018,0,0,0,69.92999999313004,-0.0002664725500006151,69.92999999313004,-0.0002664725500006151,0.0
219.324,-0.08,-0.023,0,0,0,69.92999999313004,-0.0002664725500006151,69.92999999313004,-0.0002664725500006151,0.0
219.532,-0.078,-0.026,0,0,0,69.92999999313004,-0.0002664725500006151,69.92999999313004,-0.0002664725500006151,0.0
219.74,-0.078,-0.028,0,0,0,69.92999999313004,-0.0002664725500006151,69.92999999313004,-0.0002664725500006151,0.0
219.948,-0.08,-0.026,0,0,0,69.92999999313004,-0.0002664725500006151,69.92999999313004,-0.0002664725500006151,0.0
220.156,-0.082,-0.023,0,0,0,69.92999999313004,-0.0002664725500006151,69.92999999313004,-0.0002664725500006151,0.0
220.364,-0.083,-0.018,0,0,0,69.92999999313004,-0.0002664725500006151,69.92999999313004,-0.0002664725500006151,0.0
220.572,-0.084,-0.013,0,0,0,69.92999999313004,-0.0002664725500006151,69.92999999313004,-0.0002664725500006151,0.0
220.78,-0.083,-0.009,0,0,0,69.92999999313004,-0.0002664725500006151,69.92999999313004,-0.0002664725500006151,0.0
220.988,-0.082,-0.009,0,0,0,69.92999999313004,-0.0002664725500006151,69.92999999313004,-0.0002664725500006151,0.0
221.196,-0.083,-0.009,0,0,0,69.92999999313004,-0.0002664725500006151,69.92999999313004,-0.0002664725500006151,0.0
221.404,-0.085,-0.008,0,0,0,69.92999999313004,-0.0002664725500006151,69.92999999313004,-0.0002664725500006151,0.0
221.604,-0.087,-0.008,0,0,0,69.92999999313004,-0.0002664725500006151,69.92999999313004,-0.0002664725500006151,0.0
221.812,-0.089,-0.008,0,0,0,69.92999999313004,-0.0002664725500006151,69.92999999313004,-0.0002664725500006151,0.0
222.02,-0.089,-0.007,0,0,0,69.92999999313004,-0.0002664725500006151,69.92999999313004,-0.0002664725500006151,0.0
222.228,-0.086,-0.008,0,0,0,69.92999999313004,-0.0002664725500006151,69.92999999313004,-0.0002664725500006151,0.0
222.436,-0.082,-0.009,0,0,0,69.92999999313004,-0.0002664725500006151,69.92999999313004,-0.0002664725500006151,0.0
222.644,-0.076,-0.011,0,0,0,69.92999999313004,-0.0002664725500006151,69.92999999313004,-0.0002664725500006151,0.0
222.852,-0.071,-0.014,0,0,0,69.92999999313004,-0.0002664725500006151,69.92999999313004,-0.0002664725500006151,0.0
223.06,-0.067,-0.017,0,0,0,69.93299999112736,-0.0002665053690797708,69.93299999112736,-0.0002665053690797708,0.0
223.268,-0.062,-0.02,0,0,0,69.93799999077368,-0.0002665600675776755,69.93799999077368,-0.0002665600675776755,0.0
223.476,-0.06,-0.024,0,0,0,69.9399999903024,-0.0002665819469732293,69.9399999903024,-0.0002665819469732293,0.0
223.684,-0.059,-0.027,0,0,0,69.94099998994893,-0.0002665928866697175,69.94099998994893,-0.0002665928866697175,0.0
223.888,-0.058,-0.028,0,0,0,69.94199998983109,-0.00026660382636878305,69.94199998983109,-0.00026660382636878305,0.0
224.096,-0.058,-0.031,0,0,0,69.94199998947771,-0.00026660382636491716,69.94199998947771,-0.00026660382636491716,0.0
224.304,-0.062,-0.034,0,0,0,69.93799998912456,-0.0002665600675596347,69.93799998912456,-0.0002665600675596347,0.0
224.508,-0.068,-0.033,0,0,0,69.93199998924271,-0.00026649442935879856,69.93199998924271,-0.00026649442935879856,0.0
224.712,-0.072,-0.03,0,0,0,69.92999999313004,-0.0002664725500006151,69.92999999313004,-0.0002664725500006151,0.0
224.912,-0.076,-0.028,0,0,0,69.92999999313004,-0.0002664725500006151,69.92999999313004,-0.0002664725500006151,0.0
225.12,-0.08,-0.024,0,0,0,69.92999999313004,-0.0002664725500006151,69.92999999313004,-0.0002664725500006151,0.0
225.328,-0.083,-0.02,0,0,0,69.92999999313004,-0.0002664725500006151,69.92999999313004,-0.0002664725500006151,0.0
225.536,-0.083,-0.02,0,0,0,69.92999999313004,-0.0002664725500006151,69.92999999313004,-0.0002664725500006151,0.0
225.744,-0.081,-0.022,0,0,0,69.92999999313004,-0.0002664725500006151,69.92999999313004,-0.0002664725500006151,0.0
225.952,-0.08,-0.026,0,0,0,69.92999999313004,-0.0002664725500006151,69.92999999313004,-0.0002664725500006151,0.0
226.16,-0.08,-0.028,0,0,0,69.92999999313004,-0.0002664725500006151,69.92999999313004,-0.0002664725500006151,0.0
226.36,-0.079,-0.028,0,0,0,69.92999999313004,-0.0002664725500006151,69.92999999313004,-0.0002664725500006151,0.0
226.568,-0.077,-0.029,0,0,0,69.92999999313004,-0.0002664725500006151,69.92999999313004,-0.0002664725500006151,0.0
226.776,-0.076,-0.031,0,0,0,69.92999999313004,-0.0002664725500006151,69.92999999313004,-0.0002664725500006151,0.0
226.984,-0.074,-0.032,0,0,0,69.92999999313004,-0.0002664725500006151,69.92999999313004,-0.0002664725500006151,0.0
227.192,-0.071,-0.03,0,0,0,69.92999999313004,-0.0002664725500006151,69.92999999313004,-0.0002664725500006151,0.0
227.4,-0.068,-0.026,0,0,0,69.93199999006727,-0.000266494429367819,69.93199999006727,-0.000266494429367819,0.0
227.604,-0.067,-0.02,0,0,0,69.93299999077398,-0.0002665053690759049,69.93299999077398,-0.0002665053690759049,0.0
227.812,-0.068,-0.014,0,0,0,69.9319999914808,-0.00026649442938328255,69.9319999914808,-0.00026649442938328255,0.0
228.02,-0.068,-0.008,0,0,0,69.93199999218756,-0.0002664944293910143,69.93199999218756,-0.0002664944293910143,0.0
228.224,-0.069,-0.004,0,0,0,69.9309999926588,-0.0002664834896958148,69.9309999926588,-0.0002664834896958148,0.0
228.424,-0.068,-0.001,0,0,0,69.93199999301211,-0.0002664944294000347,69.93199999301211,-0.0002664944294000347,0.0
228.632,-0.066,-0.0,0,0,0,69.9339999931298,-0.0002665163088020317,69.9339999931298,-0.0002665163088020317,0.0
228.84,-0.066,-0.001,0,0,0,69.93399999301201,-0.00026651630880074307,69.93399999301201,-0.00026651630880074307,0.0
229.048,-0.067,-0.004,0,0,0,69.93299999265868,-0.000266505369096523,69.93299999265868,-0.000266505369096523,0.0
229.256,-0.067,-0.008,0,0,0,69.9329999921875,-0.00026650536909136847,69.9329999921875,-0.00026650536909136847,0.0
229.464,-0.067,-0.01,0,0,0,69.93299999195192,-0.0002665053690887912,69.93299999195192,-0.0002665053690887912,0.0
229.672,-0.064,-0.01,0,0,0,69.93599999195173,-0.0002665381881898536,69.93599999195173,-0.0002665381881898536,0.0
229.872,-0.063,-0.009,0,0,0,69.93699999206947,-0.00026654912789149637,69.93699999206947,-0.00026654912789149637,0.0
230.08,-0.063,-0.01,0,0,0,69.93699999195168,-0.0002665491278902078,69.93699999195168,-0.0002665491278902078,0.0
230.288,-0.065,-0.011,0,0,0,69.934999991834,-0.00026652724848821077,69.934999991834,-0.00026652724848821077,0.0
230.496,-0.066,-0.011,0,0,0,69.93399999183407,-0.0002665163087878568,69.93399999183407,-0.0002665163087878568,0.0
230.704,-0.067,-0.009,0,0,0,69.93299999206971,-0.00026650536909007984,69.93299999206971,-0.00026650536909007984,0.0
230.912,-0.069,-0.006,0,0,0,69.93099999242321,-0.00026648348969323754,69.93099999242321,-0.00026648348969323754,0.0
231.12,-0.072,-0.007,0,0,0,69.92999999313004,-0.0002664725500006151,69.92999999313004,-0.0002664725500006151,0.0
231.328,-0.075,-0.006,0,0,0,69.92999999313004,-0.0002664725500006151,69.92999999313004,-0.0002664725500006151,0.0
231.536,-0.077,-0.003,0,0,0,69.92999999313004,-0.0002664725500006151,69.92999999313004,-0.0002664725500006151,0.0
231.744,-0.078,-0.001,0,0,0,69.92999999313004,-0.0002664725500006151,69.92999999313004,-0.0002664725500006151,0.0
231.952,-0.077,-0.001,0,0,0,69.92999999313004,-0.0002664725500006151,69.92999999313004,-0.0002664725500006151,0.0
232.16,-0.074,-0.002,0,0,0,69.92999999313004,-0.0002664725500006151,69.92999999313004,-0.0002664725500006151,0.0
232.36,-0.073,-0.002,0,0,0,69.92999999313004,-0.0002664725500006151,69.92999999313004,-0.0002664725500006151,0.0
232.568,-0.073,-0.006,0,0,0,69.92999999313004,-0.0002664725500006151,69.92999999313004,-0.0002664725500006151,0.0
232.776,-0.071,-0.019,0,0,0,69.92999999313004,-0.0002664725500006151,69.92999999313004,-0.0002664725500006151,0.0
232.984,-0.058,-0.043,0,0,0,69.94199998806418,-0.0002666038263494536,69.94199998806418,-0.0002666038263494536,0.0
233.192,-0.034,-0.076,0,0,0,69.96599998417555,-0.00026686637911542784,69.96599998417555,-0.00026686637911542784,0.0
233.4,-0.005,-0.109,0,0,0,69.99499998028662,-0.0002671836303831727,69.99499998028662,-0.0002671836303831727,0.0
233.608,0.023,-0.138,0,0,0,70.02299997686893,-0.000267489941955718,70.02299997686893,-0.000267489941955718,0.0
233.816,0.047,-0.16,0,0,0,70.04699997427603,-0.00026775249473586714,70.04699997427603,-0.00026775249473586714,0.0
234.024,0.061,-0.167,0,0,0,70.06099997345063,-0.00026790565053180445,70.06099997345063,-0.00026790565053180445,0.0
234.232,0.06,-0.159,0,0,0,70.05999997439305,-0.00026789471084175944,70.05999997439305,-0.00026789471084175944,0.0
234.44,0.04,-0.134,0,0,0,70.03999997733908,-0.00026767591686689256,70.03999997733908,-0.00026767591686689256,0.0
234.648,0.011,-0.1,0,0,0,70.01099998134582,-0.00026735866560043635,70.01099998134582,-0.00026735866560043635,0.0
234.848,-0.01,-0.074,0,0,0,69.9899999844097,-0.0002671289319265041,69.9899999844097,-0.0002671289319265041,0.0
235.056,-0.016,-0.063,0,0,0,69.9839999857058,-0.00026706329373855426,69.9839999857058,-0.00026706329373855426,0.0
235.264,-0.009,-0.07,0,0,0,69.99099998488083,-0.0002671398716320128,69.99099998488083,-0.0002671398716320128,0.0
235.472,0.003,-0.086,0,0,0,70.0029999829954,-0.00026727114801564425,70.0029999829954,-0.00026727114801564425,0.0
235.68,0.011,-0.098,0,0,0,70.0109999815814,-0.0002673586656030136,70.0109999815814,-0.0002673586656030136,0.0
235.884,0.009,-0.101,0,0,0,70.00899998122814,-0.00026733678619843954,70.00899998122814,-0.00026733678619843954,0.0
236.084,-0.002,-0.093,0,0,0,69.99799998217114,-0.0002672164495048531,69.99799998217114,-0.0002672164495048531,0.0
236.292,-0.02,-0.074,0,0,0,69.9799999844103,-0.0002670195349229628,69.9799999844103,-0.0002670195349229628,0.0
236.5,-0.037,-0.049,0,0,0,69.96299998735617,-0.00026683356004915843,69.96299998735617,-0.00026683356004915843,0.0
236.708,-0.048,-0.03,0,0,0,69.95199998959491,-0.0002667132233697471,69.95199998959491,-0.0002667132233697471,0.0
236.916,-0.051,-0.021,0,0,0,69.94899999065524,-0.00026668040428028236,69.94899999065524,-0.00026668040428028236,0.0
237.116,-0.047,-0.022,0,0,0,69.9529999905372,-0.0002667241630804101,69.9529999905372,-0.0002667241630804101,0.0
237.324,-0.041,-0.031,0,0,0,69.9589999894767,-0.0002667898012709372,69.9589999894767,-0.0002667898012709372,0.0
237.528,-0.04,-0.04,0,0,0,69.95999998841648,-0.0002668007409596937,69.95999998841648,-0.0002668007409596937,0.0
237.728,-0.044,-0.046,0,0,0,69.95599998770996,-0.0002667569821505454,69.95599998770996,-0.0002667569821505454,0.0
237.936,-0.051,-0.045,0,0,0,69.94899998782819,-0.0002666804042493553,69.94899998782819,-0.0002666804042493553,0.0
238.144,-0.058,-0.039,0,0,0,69.94199998853536,-0.00026660382635460814,69.94199998853536,-0.00026660382635460814,0.0
238.352,-0.059,-0.029,0,0,0,69.94099998971335,-0.0002665928866671402,69.94099998971335,-0.0002665928866671402,0.0
238.56,-0.054,-0.02,0,0,0,69.9459999907732,-0.0002666475851805086,69.9459999907732,-0.0002666475851805086,0.0
238.768,-0.046,-0.016,0,0,0,69.9539999912439,-0.00026673510278849607,69.9539999912439,-0.00026673510278849607,0.0
238.976,-0.04,-0.02,0,0,0,69.95999999077236,-0.0002668007409854663,69.95999999077236,-0.0002668007409854663,0.0
239.184,-0.042,-0.029,0,0,0,69.95799998971235,-0.00026677886157316043,69.95799998971235,-0.00026677886157316043,0.0
239.392,-0.052,-0.035,0,0,0,69.94799998900618,-0.00026666946456188736,69.94799998900618,-0.00026666946456188736,0.0
239.592,-0.064,-0.036,0,0,0,69.9359999888891,-0.00026653818815634925,69.9359999888891,-0.00026653818815634925,0.0
239.8,-0.075,-0.032,0,0,0,69.92999999313004,-0.0002664725500006151,69.92999999313004,-0.0002664725500006151,0.0
240.008,-0.082,-0.022,0,0,0,69.92999999313004,-0.0002664725500006151,69.92999999313004,-0.0002664725500006151,0.0
240.216,-0.083,-0.014,0,0,0,69.92999999313004,-0.0002664725500006151,69.92999999313004,-0.0002664725500006151,0.0
240.424,-0.078,-0.011,0,0,0,69.92999999313004,-0.0002664725500006151,69.92999999313004,-0.0002664725500006151,0.0
240.632,-0.066,-0.019,0,0,0,69.93399999089172,-0.00026651630877754775,69.93399999089172,-0.00026651630877754775,0.0
240.84,-0.054,-0.03,0,0,0,69.94599998959526,-0.0002666475851676223,69.94599998959526,-0.0002666475851676223,0.0
241.048,-0.046,-0.038,0,0,0,69.95399998865244,-0.00026673510276014624,69.95399998865244,-0.00026673510276014624,0.0
241.256,-0.04,-0.043,0,0,0,69.9599999880631,-0.0002668007409558278,69.9599999880631,-0.0002668007409558278,0.0
241.464,-0.041,-0.043,0,0,0,69.95899998806317,-0.00026678980125547367,69.95899998806317,-0.00026678980125547367,0.0
241.672,-0.048,-0.04,0,0,0,69.95199998841697,-0.0002667132233568608,69.95199998841697,-0.0002667132233568608,0.0
241.872,-0.057,-0.036,0,0,0,69.94299998888869,-0.00026661476605882817,69.94299998888869,-0.00026661476605882817,0.0
242.08,-0.068,-0.033,0,0,0,69.93199998924271,-0.00026649442935879856,69.93199998924271,-0.00026649442935879856,0.0
242.288,-0.076,-0.033,0,0,0,69.92999999313004,-0.0002664725500006151,69.92999999313004,-0.0002664725500006151,0.0
242.496,-0.076,-0.035,0,0,0,69.92999999313004,-0.0002664725500006151,69.92999999313004,-0.0002664725500006151,0.0
242.704,-0.074,-0.035,0,0,0,69.92999999313004,-0.0002664725500006151,69.92999999313004,-0.0002664725500006151,0.0
242.912,-0.074,-0.031,0,0,0,69.92999999313004,-0.0002664725500006151,69.92999999313004,-0.0002664725500006151,0.0
243.12,-0.079,-0.025,0,0,0,69.92999999313004,-0.0002664725500006151,69.92999999313004,-0.0002664725500006151,0.0
243.328,-0.083,-0.022,0,0,0,69.92999999313004,-0.0002664725500006151,69.92999999313004,-0.0002664725500006151,0.0
243.536,-0.085,-0.028,0,0,0,69.92999999313004,-0.0002664725500006151,69.92999999313004,-0.0002664725500006151,0.0
243.744,-0.082,-0.039,0,0,0,69.92999999313004,-0.0002664725500006151,69.92999999313004,-0.0002664725500006151,0.0
243.952,-0.075,-0.044,0,0,0,69.92999999313004,-0.0002664725500006151,69.92999999313004,-0.0002664725500006151,0.0
244.16,-0.066,-0.041,0,0,0,69.93399998830026,-0.00026651630874919793,69.93399998830026,-0.00026651630874919793,0.0
244.36,-0.061,-0.029,0,0,0,69.93899998971348,-0.00026657100726643204,69.93899998971348,-0.00026657100726643204,0.0
244.568,-0.059,-0.013,0,0,0,69.94099999159805,-0.0002665928866877583,69.94099999159805,-0.0002665928866877583,0.0
244.776,-0.061,-0.002,0,0,0,69.93899999289391,-0.000266571007301225,69.93899999289391,-0.000266571007301225,0.0
244.984,-0.063,0.002,0,0,0,69.9369999933652,-0.00026654912790567134,69.9369999933652,-0.00026654912790567134,0.0
245.192,-0.066,0.0,0,0,0,69.9339999931298,-0.0002665163088020317,69.9339999931298,-0.0002665163088020317,0.0
245.4,-0.065,-0.002,0,0,0,69.93499999289415,-0.0002665272484998084,69.93499999289415,-0.0002665272484998084,0.0
245.608,-0.063,-0.002,0,0,0,69.93699999289403,-0.0002665491279005168,69.93699999289403,-0.0002665491279005168,0.0
245.816,-0.06,0.003,0,0,0,69.93999999348283,-0.0002665819470080223,69.93999999348283,-0.0002665819470080223,0.0
246.024,-0.061,0.011,825,0,-825,-0.07,0.0,69.93899999442523,-0.0002665710073179772,70.00899999493272
246.232,-0.065,0.017,825,0,-825,-0.07,0.0,69.93499999513223,-0.00026652724852429236,70.0049999956396
246.44,-0.069,0.019,825,0,-825,-0.07,0.0,69.93099999536805,-0.00026648348972545325,70.00099999587528
246.648,-0.07,0.012,825,0,-825,-0.07,0.0,69.92999999454356,-0.00026647255001607865,69.99999999505076
246.848,-0.067,0.003,0,0,0,69.93299999348324,-0.0002665053691055434,69.93299999348324,-0.0002665053691055434,0.0
247.056,-0.064,-0.004,0,0,0,69.9359999926585,-0.00026653818819758537,69.9359999926585,-0.00026653818819758537,0.0
247.264,-0.059,-0.006,0,0,0,69.9409999924226,-0.0002665928866967787,69.9409999924226,-0.0002665928866967787,0.0
247.472,-0.056,-0.0,0,0,0,69.9439999931292,-0.00026662570580557283,69.9439999931292,-0.00026662570580557283,0.0
247.68,-0.056,0.007,0,0,0,69.94399999395375,-0.00026662570581459323,69.94399999395375,-0.00026662570581459323,0.0
247.888,-0.058,0.01,0,0,0,69.94199999430725,-0.00026660382641775093,69.94199999430725,-0.00026660382641775093,0.0
248.096,-0.062,0.007,0,0,0,69.93799999395411,-0.00026656006761246846,69.93799999395411,-0.00026656006761246846,0.0
248.304,-0.07,0.001,825,0,-825,-0.07,0.0,69.92999999324783,-0.00026647255000190374,69.99999999375503
248.512,-0.076,0.002,825,0,-825,-0.07,0.0,69.92999999313004,-0.0002664725500006151,69.99999999363723
248.72,-0.079,0.012,825,0,-825,-0.07,0.0,69.92999999313004,-0.0002664725500006151,69.99999999363723
248.928,-0.077,0.024,825,0,-825,-0.07,0.0,69.92999999313004,-0.0002664725500006151,69.99999999363723
249.136,-0.073,0.03,825,0,-825,-0.07,0.0,69.92999999313004,-0.0002664725500006151,69.99999999363723
249.336,-0.067,0.029,825,0,-825,-0.07,0.0,69.93299999654587,-0.0002665053691390477,70.00299999705317
249.544,-0.058,0.021,825,0,-825,-0.07,0.0,69.94199999560298,-0.00026660382643192585,70.01199999611059
249.752,-0.051,0.012,0,0,0,69.94899999454243,-0.0002666804043228071,69.94899999454243,-0.0002666804043228071,0.0
249.96,-0.043,0.006,0,0,0,69.95699999383518,-0.0002667679219179083,69.95699999383518,-0.0002667679219179083,0.0
250.168,-0.037,0.004,0,0,0,69.96299999359924,-0.00026683356011745574,69.96299999359924,-0.00026683356011745574,0.0
250.376,-0.034,0.005,0,0,0,69.96599999371685,-0.00026686637921980675,69.96599999371685,-0.00026686637921980675,0.0
250.584,-0.037,0.004,0,0,0,69.96299999359924,-0.00026683356011745574,69.96299999359924,-0.00026683356011745574,0.0
250.792,-0.039,-0.002,0,0,0,69.9609999928926,-0.0002668116807090158,69.9609999928926,-0.0002668116807090158,0.0
251.0,-0.042,-0.013,0,0,0,69.95799999159705,-0.0002667788615937785,69.95799999159705,-0.0002667788615937785,0.0
251.208,-0.042,-0.022,0,0,0,69.9579999905369,-0.00026677886158218083,69.9579999905369,-0.00026677886158218083,0.0
251.416,-0.038,-0.028,0,0,0,69.96199998982989,-0.0002668226203758655,69.96199998982989,-0.0002668226203758655,0.0
251.616,-0.033,-0.028,0,0,0,69.9669999898296,-0.0002668773188776362,69.9669999898296,-0.0002668773188776362,0.0
251.824,-0.031,-0.022,0,0,0,69.96899999053623,-0.00026689919828607616,69.96899999053623,-0.00026689919828607616,0.0
252.032,-0.034,-0.016,0,0,0,69.96599999124318,-0.00026686637919274555,69.96599999124318,-0.00026686637919274555,0.0
252.24,-0.04,-0.013,0,0,0,69.95999999159692,-0.0002668007409944867,69.95999999159692,-0.0002668007409944867,0.0
252.448,-0.047,-0.011,0,0,0,69.95299999183293,-0.000266724163094585,69.95299999183293,-0.000266724163094585,0.0
252.656,-0.051,-0.011,0,0,0,69.94899999183318,-0.00026668040429316865,69.94899999183318,-0.00026668040429316865,0.0
252.864,-0.055,-0.013,0,0,0,69.94499999159781,-0.0002666366454891748,69.94499999159781,-0.0002666366454891748,0.0
253.072,-0.055,-0.012,0,0,0,69.9449999917156,-0.00026663664549046343,69.9449999917156,-0.00026663664549046343,0.0
253.28,-0.053,-0.007,0,0,0,69.94699999230446,-0.0002666585248976148,69.94699999230446,-0.0002666585248976148,0.0
253.488,-0.052,-0.002,0,0,0,69.94799999289337,-0.0002666694646044121,69.94799999289337,-0.0002666694646044121,0.0
253.696,-0.052,0.005,0,0,0,69.94799999371793,-0.0002666694646134325,69.94799999371793,-0.0002666694646134325,0.0
253.904,-0.054,0.011,0,0,0,69.94599999442481,-0.0002666475852204561,69.94599999442481,-0.0002666475852204561,0.0
254.104,-0.06,0.017,825,0,-825,-0.07,0.0,69.93999999513194,-0.0002665819470260631,70.00999999563948
254.312,-0.071,0.023,825,0,-825,-0.07,0.0,69.92999999313004,-0.0002664725500006151,69.99999999363723
254.52,-0.089,0.027,825,0,-825,-0.07,0.0,69.92999999313004,-0.0002664725500006151,69.99999999363723
254.728,-0.109,0.028,825,0,-825,-0.07,0.0,69.92999999313004,-0.0002664725500006151,69.99999999363723
254.936,-0.125,0.026,825,0,-825,-0.07,0.0,69.92999999313004,-0.0002664725500006151,69.99999999363723
255.144,-0.132,0.019,825,0,-825,-0.07,0.0,69.92999999313004,-0.0002664725500006151,69.99999999363723
255.352,-0.128,0.012,825,0,-825,-0.07,0.0,69.92999999313004,-0.0002664725500006151,69.99999999363723
255.56,-0.12,0.005,825,0,-825,-0.07,0.0,69.92999999313004,-0.0002664725500006151,69.99999999363723
255.768,-0.111,0.001,825,0,-825,-0.07,0.0,69.92999999313004,-0.0002664725500006151,69.99999999363723
255.976,-0.105,0.003,825,0,-825,-0.07,0.0,69.92999999313004,-0.0002664725500006151,69.99999999363723
256.184,-0.106,0.01,825,0,-825,-0.07,0.0,69.92999999313004,-0.0002664725500006151,69.99999999363723
256.392,-0.112,0.016,825,0,-825,-0.07,0.0,69.92999999313004,-0.0002664725500006151,69.99999999363723
256.6,-0.119,0.02,825,0,-825,-0.07,0.0,69.92999999313004,-0.0002664725500006151,69.99999999363723
256.808,-0.123,0.021,825,0,-825,-0.07,0.0,69.92999999313004,-0.0002664725500006151,69.99999999363723
257.016,-0.122,0.018,825,0,-825,-0.07,0.0,69.92999999313004,-0.0002664725500006151,69.99999999363723
257.224,-0.114,0.013,825,0,-825,-0.07,0.0,69.92999999313004,-0.0002664725500006151,69.99999999363723
257.432,-0.105,0.007,825,0,-825,-0.07,0.0,69.92999999313004,-0.0002664725500006151,69.99999999363723
257.64,-0.095,0.001,825,0,-825,-0.07,0.0,69.92999999313004,-0.0002664725500006151,69.99999999363723
257.848,-0.09,-0.002,0,0,0,69.92999999313004,-0.0002664725500006151,69.92999999313004,-0.0002664725500006151,0.0
258.056,-0.089,-0.004,0,0,0,69.92999999313004,-0.0002664725500006151,69.92999999313004,-0.0002664725500006151,0.0
258.264,-0.09,-0.003,0,0,0,69.92999999313004,-0.0002664725500006151,69.92999999313004,-0.0002664725500006151,0.0
258.472,-0.089,-0.003,0,0,0,69.92999999313004,-0.0002664725500006151,69.92999999313004,-0.0002664725500006151,0.0
258.672,-0.087,-0.004,0,0,0,69.92999999313004,-0.0002664725500006151,69.92999999313004,-0.0002664725500006151,0.0
258.88,-0.087,-0.005,0,0,0,69.92999999313004,-0.0002664725500006151,69.92999999313004,-0.0002664725500006151,0.0
259.088,-0.087,-0.004,0,0,0,69.92999999313004,-0.0002664725500006151,69.92999999313004,-0.0002664725500006151,0.0
259.296,-0.086,-0.0,0,0,0,69.92999999313004,-0.0002664725500006151,69.92999999313004,-0.0002664725500006151,0.0
259.504,-0.081,0.006,825,0,-825,-0.07,0.0,69.92999999313004,-0.0002664725500006151,69.99999999363723
259.712,-0.073,0.012,825,0,-825,-0.07,0.0,69.92999999313004,-0.0002664725500006151,69.99999999363723
259.92,-0.07,0.015,825,0,-825,-0.07,0.0,69.92999999489695,-0.00026647255001994454,69.99999999540414
260.128,-0.073,0.017,825,0,-825,-0.07,0.0,69.92999999313004,-0.0002664725500006151,69.99999999363723
260.336,-0.081,0.018,825,0,-825,-0.07,0.0,69.92999999313004,-0.0002664725500006151,69.99999999363723
260.544,-0.093,0.023,825,0,-825,-0.07,0.0,69.92999999313004,-0.0002664725500006151,69.99999999363723
260.744,-0.103,0.029,825,0,-825,-0.07,0.0,69.92999999313004,-0.0002664725500006151,69.99999999363723
260.952,-0.107,0.038,825,0,-825,-0.07,0.0,69.92999999313004,-0.0002664725500006151,69.99999999363723
261.16,-0.102,0.047,825,0,-825,-0.07,0.0,69.92999999313004,-0.0002664725500006151,69.99999999363723
261.364,-0.093,0.056,825,0,-825,-0.07,0.0,69.92999999313004,-0.0002664725500006151,69.99999999363723
261.564,-0.08,0.06,825,0,-825,-0.07,0.0,69.92999999313004,-0.0002664725500006151,69.99999999363723
261.772,-0.066,0.061,825,0,-825,-0.07,0.0,69.93400000031522,-0.00026651630888063803,70.00400000082254
261.98,-0.051,0.06,825,0,-825,-0.07,0.0,69.94900000019653,-0.00026668040438466127,70.01900000070438
262.188,-0.037,0.06,825,0,-825,-0.07,0.0,69.96300000019569,-0.00026683356018961893,70.03300000070402
262.396,-0.024,0.061,825,0,-825,-0.07,0.0,69.9760000003127,-0.0002669757762955111,70.04600000082146
262.604,-0.009,0.063,825,0,-825,-0.07,0.0,69.99100000054739,-0.00026713987180340025,70.06100000105668
262.812,0.008,0.067,0,0,0,70.00800000101755,-0.000267325846714575,70.00800000101755,-0.000267325846714575,0.0
263.02,0.029,0.071,0,0,0,70.02900000148747,-0.0002675555804271661,70.02900000148747,-0.0002675555804271661,0.0
263.22,0.049,0.072,0,0,0,70.04900000160407,-0.0002677743744355372,70.04900000160407,-0.0002677743744355372,0.0
263.428,0.067,0.072,0,0,0,70.06700000160299,-0.00026797128904191143,70.06700000160299,-0.00026797128904191143,0.0
263.636,0.085,0.071,0,0,0,70.08500000148412,-0.00026816820364699705,70.08500000148412,-0.00026816820364699705,0.0
263.844,0.103,0.072,0,0,0,70.10300000160083,-0.0002683651182546599,70.10300000160083,-0.0002683651182546599,0.0
264.052,0.12,0.073,0,0,0,70.12000000171761,-0.0002685510931619686,70.12000000171761,-0.0002685510931619686,0.0
264.26,0.135,0.072,0,0,0,70.1350000015994,-0.00026849276967498293,70.1350000015994,-0.00026849276967498293,0.0
264.468,0.151,0.068,0,0,0,70.15100000112788,-0.00026838742212447055,70.15100000112788,-0.00026838742212447055,0.0
264.676,0.166,0.065,0,0,0,70.16600000077418,-0.00026828865879528356,70.16600000077418,-0.00026828865879528356,0.0
264.884,0.18,0.063,0,0,0,70.18000000053829,-0.0002681964796874219,70.18000000053829,-0.0002681964796874219,0.0
265.092,0.188,0.064,0,0,0,70.1880000006559,-0.000268143805909839,70.1880000006559,-0.000268143805909839,0.0
265.3,0.194,0.065,0,0,0,70.19400000077357,-0.00026810430057645795,70.19400000077357,-0.00026810430057645795,0.0
265.512,0.198,0.067,0,0,0,70.19800000100906,-0.0002680779636865031,70.19800000100906,-0.0002680779636865031,0.0
265.716,0.203,0.064,0,0,0,70.20300000065558,-0.00026804504257832526,70.20300000065558,-0.00026804504257832526,0.0
265.924,0.21,0.057,0,0,0,70.20999999983087,-0.0002679989530290479,70.20999999983087,-0.0002679989530290479,0.0
266.124,0.217,0.051,0,0,0,70.21699999912394,-0.000267952863478995,70.21699999912394,-0.000267952863478995,0.0
266.332,0.223,0.047,0,0,0,70.22299999865264,-0.00026791335814949183,70.22299999865264,-0.00026791335814949183,0.0
266.54,0.228,0.049,0,0,0,70.22799999888814,-0.00026788043703743604,70.22799999888814,-0.00026788043703743604,0.0
266.748,0.233,0.058,0,0,0,70.23299999994816,-0.0002678475159199513,70.23299999994816,-0.0002678475159199513,0.0
266.956,0.24,0.072,0,0,0,70.24000000159712,-0.0002678014263543867,70.24000000159712,-0.0002678014263543867,0.0
267.164,0.249,0.083,0,0,0,70.24900000289267,-0.00026774216834694707,70.24900000289267,-0.00026774216834694707,0.0
267.372,0.259,0.09,0,0,0,70.25900000371699,-0.0002676763261205089,70.25900000371699,-0.0002676763261205089,0.0
267.58,0.265,0.093,0,0,0,70.26500000407025,-0.00026763682078557663,70.26500000407025,-0.00026763682078557663,0.0
267.788,0.269,0.095,0,0,0,70.26900000430575,-0.0002676104838956218,70.26900000430575,-0.0002676104838956218,0.0
267.996,0.273,0.095,0,0,0,70.27300000430566,-0.00026758414700721816,70.27300000430566,-0.00026758414700721816,0.0
268.196,0.276,0.093,0,0,0,70.27600000407,-0.0002675643943424666,70.27600000407,-0.0002675643943424666,0.0
268.404,0.281,0.091,0,0,0,70.28100000383432,-0.0002675314732335131,70.28100000383432,-0.0002675314732335131,0.0
268.612,0.285,0.091,0,0,0,70.28500000383423,-0.0002675051363451095,70.28500000383423,-0.0002675051363451095,0.0
268.82,0.285,0.092,0,0,0,70.28500000395202,-0.0002675051363443339,70.28500000395202,-0.0002675051363443339,0.0
269.028,0.283,0.093,0,0,0,70.28300000406986,-0.00026751830478776014,70.28300000406986,-0.00026751830478776014,0.0
269.236,0.282,0.092,0,0,0,70.28200000395208,-0.0002675248890106367,70.28200000395208,-0.0002675248890106367,0.0
269.444,0.283,0.093,0,0,0,70.28300000406986,-0.00026751830478776014,70.28300000406986,-0.00026751830478776014,0.0
269.652,0.285,0.095,0,0,0,70.2850000043054,-0.0002675051363420072,70.2850000043054,-0.0002675051363420072,0.0
269.86,0.286,0.097,0,0,0,70.28600000454097,-0.00026749855211835507,70.28600000454097,-0.00026749855211835507,0.0
270.068,0.283,0.099,0,0,0,70.28300000477662,-0.00026751830478310664,70.28300000477662,-0.00026751830478310664,0.0
270.276,0.277,0.101,0,0,0,70.27700000501234,-0.000267557810114161,70.27700000501234,-0.000267557810114161,0.0
270.484,0.27,0.102,0,0,0,70.27000000513029,-0.00026760389966809186,70.27000000513029,-0.00026760389966809186,0.0
270.684,0.263,0.102,0,0,0,70.26300000513044,-0.0002676499892227982,70.26300000513044,-0.0002676499892227982,0.0
270.892,0.255,0.102,0,0,0,70.25500000513061,-0.0002677026629996055,70.25500000513061,-0.0002677026629996055,0.0
271.1,0.249,0.105,0,0,0,70.24900000548413,-0.0002677421683298843,70.24900000548413,-0.0002677421683298843,0.0
271.308,0.247,0.109,0,0,0,70.24700000595534,-0.0002677553367709839,70.24700000595534,-0.0002677553367709839,0.0
271.516,0.245,0.109,0,0,0,70.24500000595539,-0.00026776850521518565,70.24500000595539,-0.00026776850521518565,0.0
271.724,0.241,0.107,0,0,0,70.24100000571988,-0.0002677948421051405,70.24100000571988,-0.0002677948421051405,0.0
271.932,0.236,0.105,0,0,0,70.2360000054844,-0.00026782776321719625,70.2360000054844,-0.00026782776321719625,0.0
272.14,0.229,0.103,0,0,0,70.22900000524896,-0.00026787385277345386,70.22900000524896,-0.00026787385277345386,0.0
272.348,0.222,0.102,0,0,0,70.22200000513133,-0.0002679199423289358,70.22200000513133,-0.0002679199423289358,0.0
272.556,0.215,0.105,0,0,0,70.21500000548485,-0.0002679660318813155,70.21500000548485,-0.0002679660318813155,0.0
272.764,0.208,0.109,0,0,0,70.20800000595618,-0.00026801212143291964,70.20800000595618,-0.00026801212143291964,0.0
272.972,0.214,0.11,0,0,0,70.21400000607385,-0.0002679726160995385,70.21400000607385,-0.0002679726160995385,0.0
273.172,0.251,0.11,0,0,0,70.25100000607306,-0.0002677289998818046,70.25100000607306,-0.0002677289998818046,0.0
273.38,0.351,0.111,0,0,0,70.35100000618867,-0.0002670705776709374,70.35100000618867,-0.0002670705776709374,0.0
273.588,0.553,0.114,0,0,0,70.55300000653767,-0.0002657405648042255,70.55300000653767,-0.0002657405648042255,0.0
273.796,0.904,0.116,1,1,0,70.90400000627766,-0.0002634295028484658,70.90400000627766,-0.0002634295028484658,0.0
274.004,1.459,0.106,1,1,0,71.45900000499431,-0.000251866312967924,71.45900000499431,-0.000251866312967924,0.0
274.212,2.277,0.08,2,2,0,72.27700000082669,-0.00022352848222519878,72.27700000082669,-0.00022352848222519878,0.0
274.42,3.423,0.033,3,3,0,73.4229999931203,-0.00015185344622313445,73.4229999931203,-0.00015185344622313445,0.0
274.628,4.973,-0.032,5,5,0,74.97299998025856,4.458778500866153e-06,74.97299998025856,4.458778500866153e-06,0.0
274.836,7.005,-0.107,7,7,0,77.00499996772642,0.00024387367470342085,77.00499996772642,0.00024387367470342085,0.0
275.044,9.602,-0.189,10,10,0,79.60199996428558,0.000603391560471516,79.60199996428558,0.000603391560471516,0.0
275.244,12.617,-0.27,13,13,0,82.617000038335,0.0008378892232899583,82.617000038335,0.0008378892232899583,0.0
275.452,16.097,-0.377,16,16,0,86.09700004880574,0.0004316204798342877,86.09700004880574,0.0004316204798342877,0.0
275.66,19.736,-0.634,20,20,0,89.73599971497492,-0.0008119533235220689,89.73599971497492,-0.0008119533235220689,0.0
275.868,23.358,-1.148,24,24,0,93.35799859520978,-0.002212512206790451,93.35799859520978,-0.002212512206790451,0.0
276.076,26.867,-1.829,28,28,0,96.86699692607631,-0.002262817235683444,96.86699692607631,-0.002262817235683444,0.0
276.284,30.249,-2.489,31,31,0,100.24899584362835,0.00025305563279415065,100.24899584362835,0.00025305563279415065,0.0
276.492,33.528,-2.975,34,34,0,103.52799708931308,0.003734000344390643,103.52799708931308,0.003734000344390643,0.0
276.7,36.728,-3.218,38,38,0,106.72800526113743,0.0067621564438144445,106.72800526113743,0.0067621564438144445,0.0
276.908,39.85,-3.222,41,41,0,109.85000831788518,0.005850425473503487,109.85000831788518,0.005850425473503487,0.0
277.116,42.893,-3.028,44,44,0,112.89299660079331,-0.0007737534270659093,112.89299660079331,-0.0007737534270659093,0.0
277.324,45.866,-2.704,47,47,0,115.8659750559921,-0.008236591232447155,115.8659750559921,-0.008236591232447155,0.0
277.532,48.79,-2.322,50,50,0,118.78994920975929,-0.015750419382493455,118.78994920975929,-0.015750419382493455,0.0
277.732,51.579,-1.959,53,53,0,121.57893973863744,-0.01637680031235461,121.57893973863744,-0.01637680031235461,0.0
277.94,54.481,-1.635,56,56,0,124.48090948255111,-0.0033980719585247165,124.48090948255111,-0.0033980719585247165,0.0
278.148,57.403,-1.397,59,59,0,127.4029019844067,0.00681326438323554,127.4029019844067,0.00681326438323554,0.0
278.356,60.363,-1.264,62,62,0,130.36288692271455,0.022241558509559826,130.36288692271455,0.022241558509559826,0.0
278.564,63.366,-1.241,65,65,0,133.3658930178098,0.030555393981897983,133.3658930178098,0.030555393981897983,0.0
278.772,66.409,-1.318,69,69,0,136.40884613803723,0.014152748273509137,136.40884613803723,0.014152748273509137,0.0
278.98,69.486,-1.466,72,72,0,139.48568222176155,0.00897039148439185,139.48568222176155,0.00897039148439185,0.0
279.188,72.591,-1.647,75,75,0,142.59055618791143,-0.0017947371700906675,142.59055618791143,-0.0017947371700906675,0.0
279.396,75.719,-1.815,78,78,0,145.71841099625195,-0.017961750251368883,145.71841099625195,-0.017961750251368883,0.0
279.604,78.742,-1.929,81,81,0,148.74130345176857,-0.012781061124126832,148.74130345176857,-0.012781061124126832,0.0
279.816,82.012,-1.974,85,85,0,152.01088579228906,-0.04735686286567281,152.01088579228906,-0.04735686286567281,0.0
280.02,85.156,-1.937,88,88,0,155.15510698924479,-0.07608665753090214,155.15510698924479,-0.07608665753090214,0.0
280.22,88.169,-1.837,91,91,0,158.1683002807965,-0.06412305114315972,158.1683002807965,-0.06412305114315972,0.0
280.428,91.286,-1.688,95,95,0,161.285118826455,-0.02133629756274125,161.285118826455,-0.02133629756274125,0.0
280.636,94.384,-1.522,98,98,0,164.3821006449172,-0.03496626396830942,164.3821006449172,-0.03496626396830942,0.0
280.848,97.462,-1.368,101,101,0,167.4590496497806,-0.07040465500416065,167.4590496497806,-0.07040465500416065,0.0
281.052,100.525,-1.241,104,104,0,170.52170935630784,-0.07307057547630937,170.52170935630784,-0.07307057547630937,0.0
281.26,103.575,-1.15,107,107,0,173.5710131228272,-0.03334493164877729,173.5710131228272,-0.03334493164877729,0.0
281.468,106.616,-1.103,110,110,0,176.6113300236689,-0.05407505308787605,176.6113300236689,-0.05407505308787605,0.0
281.676,109.651,-1.095,114,114,0,179.64805750126087,-0.11015352111890346,179.64805750126087,-0.11015352111890346,0.0
281.884,112.683,-1.115,117,117,0,182.6803787857196,-0.11082567434285137,182.6803787857196,-0.11082567434285137,0.0
282.092,115.712,-1.148,120,120,0,185.71037445832167,-0.055539120479880376,185.71037445832167,-0.055539120479880376,0.0
282.296,118.624,-1.181,123,123,0,188.61983275485085,-0.03220854162537402,188.61983275485085,-0.03220854162537402,0.0
282.504,121.65,-1.201,126,126,0,191.64122632928402,-0.08463669952521824,191.64122632928402,-0.08463669952521824,0.0
282.712,124.674,-1.201,129,129,0,194.65810029139695,-0.0925517101688059,194.65810029139695,-0.0925517101688059,0.0
282.92,127.698,-1.179,132,132,0,197.68554247306335,-0.0559091434712078,197.68554247306335,-0.0559091434712078,0.0
283.128,130.722,-1.135,136,136,0,199.95160052559598,0.7792414935239212,199.95160052559598,0.7792414935239212,0.0
283.336,133.743,-1.077,139,139,0,200.00908507797402,3.8070586711530163,200.00908507797402,3.8070586711530163,0.0
283.544,136.758,-1.015,142,142,0,200.02216017561503,6.833909086339882,200.02216017561503,6.833909086339882,0.0
283.744,139.651,-0.953,145,145,0,199.99401320374847,9.713124210093499,199.99401320374847,9.713124210093499,0.0
283.952,142.654,-0.881,148,148,0,199.93761063656348,12.719681727173462,199.93761063656348,12.719681727173462,0.0
284.16,145.646,-0.787,151,151,0,200.01866863663938,15.708020744495842,200.01866863663938,15.708020744495842,0.0
284.368,148.624,-0.651,154,154,0,200.04607644669457,18.678997192501164,200.04607644669457,18.678997192501164,0.0
284.576,151.589,-0.448,157,157,0,200.02064644304133,21.657052074438585,200.02064644304133,21.657052074438585,0.0
284.784,154.54,-0.143,160,160,0,199.94377079870523,24.599234328278893,199.94377079870523,24.599234328278893,0.0
284.992,157.476,0.293,163,163,0,200.0065717209145,27.535568216270324,200.0065717209145,27.535568216270324,0.0
285.2,160.393,0.885,166,166,0,200.04680036920618,30.463859717505827,200.04680036920618,30.463859717505827,0.0
285.408,163.281,1.648,169,169,0,200.02654149861064,33.93899994482121,200.02654149861064,33.93899994482121,0.0
285.616,166.139,2.587,172,172,0,199.9470574867878,37.98380700706764,199.9470574867878,37.98380700706764,0.0
285.824,168.961,3.706,175,175,0,200.04305540944696,42.32304165670423,200.04305540944696,42.32304165670423,0.0
286.032,171.745,5.004,178,178,0,200.02304486375476,46.64338278430997,200.02304486375476,46.64338278430997,0.0
286.232,174.379,6.418,181,181,0,199.94017281493686,51.082183915103776,199.94017281493686,51.082183915103776,0.0
286.44,177.063,8.063,183,183,0,199.93648887444107,55.184123535945304,199.93648887444107,55.184123535945304,0.0
286.648,179.679,9.892,186,186,0,199.91499629448248,59.86471370959226,199.91499629448248,59.86471370959226,0.0
286.856,182.21,11.915,189,189,0,199.89906684439094,64.73539506613591,199.89906684439094,64.73539506613591,0.0
287.064,184.631,14.144,192,192,0,199.89469229584026,68.7210324052818,199.89469229584026,68.7210324052818,0.0
287.272,186.915,16.583,223,223,0,199.93179331830908,86.42336257410476,199.93179331830908,86.42336257410476,0.0
287.48,189.029,19.231,226,226,0,199.92641950037682,89.28574230776793,199.92641950037682,89.28574230776793,0.0
287.688,190.949,22.08,229,229,0,199.9253078369189,92.27973240905867,199.9253078369189,92.27973240905867,0.0
287.896,192.642,25.113,231,231,0,199.92734160597527,94.99333519746226,199.92734160597527,94.99333519746226,0.0
288.104,194.082,28.299,235,235,0,199.92989117038192,98.18892304245533,199.92989117038192,98.18892304245533,0.0
288.312,195.261,31.598,238,238,0,199.92996486143895,101.59277669158134,199.92996486143895,101.59277669158134,0.0
288.52,196.184,34.959,242,242,0,199.9273304818515,105.04381634019772,199.9273304818515,105.04381634019772,0.0
288.72,196.853,38.198,245,245,0,199.925259741947,108.08549748947492,199.925259741947,108.08549748947492,0.0
288.928,197.363,41.526,249,249,0,199.92764635762455,111.49241206918413,199.92764635762455,111.49241206918413,0.0
289.136,197.734,44.775,252,252,0,199.93468547746892,114.78643277752639,199.93468547746892,114.78643277752639,0.0
289.344,198.018,47.92,255,255,0,199.9432568219468,117.96475107260525,199.9432568219468,117.96475107260525,0.0
289.552,198.262,50.955,258,258,0,199.94647062688094,120.93769400361623,199.94647062688094,120.93769400361623,0.0
289.76,198.495,53.892,262,262,0,199.93767163828736,123.89794287847388,199.93767163828736,123.89794287847388,0.0
289.968,198.731,56.746,265,265,0,199.92255773831718,126.75242822284787,199.92255773831718,126.75242822284787,0.0
290.176,198.97,59.537,267,267,0,199.90437758008753,129.5384996617326,199.90437758008753,129.5384996617326,0.0
290.384,199.205,62.291,270,270,0,199.89129143651405,132.28318142234826,199.89129143651405,132.28318142234826,0.0
290.592,199.422,65.027,273,273,0,199.8972557442689,135.03021604392424,199.8972557442689,135.03021604392424,0.0
290.8,199.611,67.761,276,276,0,199.92741494610914,137.75969889727733,199.92741494610914,137.75969889727733,0.0
291.008,199.763,70.511,279,279,0,199.91505204895515,140.5094152056382,199.91505204895515,140.5094152056382,0.0
291.208,199.868,73.183,282,282,0,199.92644115690763,143.18210995963943,199.92644115690763,143.18210995963943,0.0
291.416,199.927,75.998,285,285,0,199.9423467918808,145.99733749759503,199.9423467918808,145.99733749759503,0.0
291.624,199.935,78.859,288,288,0,199.94046850439506,148.85839114319373,199.94046850439506,148.85839114319373,0.0
291.832,199.899,81.768,291,291,0,199.98754118350905,151.76650926262596,199.98754118350905,151.76650926262596,0.0
292.036,199.83,84.665,294,294,0,200.0412656430705,154.66315878209886,200.0412656430705,154.66315878209886,0.0
292.244,199.74,87.66,297,297,0,200.0431620024282,157.65828992801798,200.0431620024282,157.65828992801798,0.0
292.452,199.646,90.689,300,300,0,199.9889260284363,160.68638880836428,199.9889260284363,160.68638880836428,0.0
292.66,199.56,93.741,303,303,0,199.97191226034857,163.7363397390307,199.97191226034857,163.7363397390307,0.0
292.868,199.493,96.804,306,306,0,200.03690957710913,166.79852591771984,200.03690957710913,166.79852591771984,0.0
293.076,199.446,99.864,309,309,0,200.04491535305831,169.85890494487154,200.04491535305831,169.85890494487154,0.0
293.284,199.419,102.912,313,313,0,199.99617444015607,172.90682309534384,199.99617444015607,172.90682309534384,0.0
293.492,199.411,105.937,316,316,0,199.96199575467892,175.93019912367626,199.96199575467892,175.93019912367626,0.0
293.696,199.417,108.88,319,319,0,200.029779781433,178.8718334510453,200.029779781433,178.8718334510453,0.0
293.9,199.431,111.795,322,322,0,200.04596893186783,181.78571230454492,200.04596893186783,181.78571230454492,0.0
294.1,199.449,114.622,325,325,0,200.01320096971597,184.61237489301766,200.01320096971597,184.61237489301766,0.0
294.308,199.472,117.528,328,328,0,199.93047503710628,187.51732104323395,199.93047503710628,187.51732104323395,0.0
294.516,199.496,120.402,331,331,0,199.996245119832,190.39176521990657,199.996245119832,190.39176521990657,0.0
294.724,199.521,123.244,334,334,0,200.02290620471925,193.23567346763852,200.02290620471925,193.23567346763852,0.0
294.928,199.543,126.006,337,337,0,200.01205868964968,195.99753241309367,200.01205868964968,195.99753241309367,0.0
295.136,199.562,128.803,339,339,0,199.9627216123173,198.7945002574061,199.9627216123173,198.7945002574061,0.0
295.34,199.58,131.535,342,342,0,198.4053956306064,200.03984874657766,198.4053956306064,200.03984874657766,0.0
295.54,199.594,134.206,345,345,0,195.7372578241772,200.0838160912733,195.7372578241772,200.0838160912733,0.0
295.748,199.605,136.984,348,348,0,192.96355957525765,200.0920631302892,192.96355957525765,200.0920631302892,0.0
295.956,199.609,139.77,351,351,0,190.17179168080315,200.06338470818986,190.17179168080315,200.06338470818986,0.0
296.164,199.601,142.574,354,354,0,187.37073349351286,200.00205374161993,187.37073349351286,200.00205374161993,0.0
296.372,199.566,145.397,357,357,0,184.54867404625827,200.08303452171174,184.54867404625827,200.08303452171174,0.0
296.58,199.483,148.245,360,360,0,181.6969002532076,200.11599674386323,181.6969002532076,200.11599674386323,0.0
296.788,199.33,151.122,363,363,0,178.84029491970145,200.10014816152065,178.84029491970145,200.10014816152065,0.0
296.996,199.088,154.029,366,366,0,175.9256647399291,200.03405700262385,175.9256647399291,200.03405700262385,0.0
297.196,198.752,156.858,369,369,0,173.07943668000215,200.06005945578337,173.07943668000215,200.06005945578337,0.0
297.404,198.279,159.843,372,372,0,169.52667720678974,200.11644483589282,169.52667720678974,200.11644483589282,0.0
297.612,197.67,162.87,375,375,0,165.7381196783278,200.09209383767305,165.7381196783278,200.09209383767305,0.0
297.82,196.909,165.936,378,378,0,161.64493046409157,200.02767858184995,161.64493046409157,200.02767858184995,0.0
298.028,195.977,169.034,381,381,0,157.34992547133382,200.11456354639293,157.34992547133382,200.11456354639293,0.0
298.236,194.849,172.157,385,385,0,152.7977207707316,200.08433193745978,152.7977207707316,200.08433193745978,0.0
298.444,193.497,175.285,388,388,0,148.3880282521993,200.0124611504222,148.3880282521993,200.0124611504222,0.0
298.652,191.88,178.388,391,391,0,143.45895457326617,199.9985993907148,143.45895457326617,199.9985993907148,0.0
298.86,189.964,181.425,394,394,0,138.22781312878323,199.99205851533029,138.22781312878323,199.99205851533029,0.0
299.068,187.719,184.342,397,397,0,132.88745475965496,199.96040636594032,132.88745475965496,199.96040636594032,0.0
299.276,185.133,187.072,427,427,0,115.44147454711727,200.0066596992947,115.44147454711727,200.0066596992947,0.0
299.484,182.205,189.538,430,430,0,112.27437095414705,199.99962992562598,112.27437095414705,199.99962992562598,0.0
299.684,179.095,191.586,433,433,0,109.00555074529609,199.99524344919467,109.00555074529609,199.99524344919467,0.0
299.892,175.615,193.313,437,437,0,105.39155879313711,199.99692576601095,105.39155879313711,199.99692576601095,0.0
300.1,171.976,194.587,440,440,0,102.11066992953818,199.9996985507005,102.11066992953818,199.9996985507005,0.0
300.308,168.292,195.413,444,444,0,98.29722209387788,199.99995014317102,98.29722209387788,199.99995014317102,0.0
300.516,164.674,195.86,448,448,0,94.58002434715222,199.99704079566416,94.58002434715222,199.99704079566416,0.0
300.724,161.204,196.041,452,452,0,91.3244143936656,199.99515100769617,91.3244143936656,199.99515100769617,0.0
300.932,157.922,196.087,455,455,0,87.97143353607076,199.99871493444374,87.97143353607076,199.99871493444374,0.0
301.14,154.83,196.109,458,458,0,84.80862016897984,200.00558594178594,84.80862016897984,200.00558594178594,0.0
301.352,151.9,196.174,462,462,0,81.78748676422425,200.01368418039021,81.78748676422425,200.01368418039021,0.0
301.552,149.197,196.301,464,464,0,79.2345108743724,200.0165155220008,79.2345108743724,200.0165155220008,0.0
301.76,146.462,196.496,467,467,0,76.4546448659668,200.00982114357203,76.4546448659668,200.00982114357203,0.0
301.968,143.774,196.729,470,470,0,73.75388261115889,199.99556158004543,73.75388261115889,199.99556158004543,0.0
302.176,141.104,196.97,473,473,0,71.09779848127818,199.97909425418274,71.09779848127818,199.97909425418274,0.0
302.384,138.423,197.195,475,475,0,68.43756889243964,199.96367932632023,68.43756889243964,199.96367932632023,0.0
302.588,135.813,197.373,478,478,0,65.78159992856656,199.96239368202873,65.78159992856656,199.96239368202873,0.0
302.796,133.05,197.495,481,481,0,63.04978882317641,199.98915982167097,63.04978882317641,199.98915982167097,0.0
303.004,130.219,197.538,484,484,0,60.23398221014895,199.98539383955338,60.23398221014895,199.98539383955338,0.0
303.212,127.305,197.497,487,487,0,57.32139908506899,199.99306684857146,57.32139908506899,199.99306684857146,0.0
303.42,124.302,197.38,490,490,0,54.32162120025552,200.01058635891275,54.32162120025552,200.01058635891275,0.0
303.628,121.212,197.221,493,493,0,51.216984466702115,200.01119199177774,51.216984466702115,200.01119199177774,0.0
303.836,118.049,197.057,497,497,0,48.043539407761116,200.06106462091657,48.043539407761116,200.06106462091657,0.0
304.044,114.83,196.93,500,500,0,44.82387460868055,200.11471449193087,44.82387460868055,200.11471449193087,0.0
304.244,111.701,196.864,503,503,0,41.69574530282901,200.10659802509016,41.69574530282901,200.10659802509016,0.0
304.452,108.437,196.858,507,507,0,38.44067129491461,200.03533959113756,38.44067129491461,200.03533959113756,0.0
304.66,105.19,196.912,510,510,0,35.197623047391986,200.06932896335294,35.197623047391986,200.06932896335294,0.0
304.868,101.981,197.013,513,513,0,31.988025404964105,200.1166319600857,31.988025404964105,200.1166319600857,0.0
305.076,98.826,197.143,517,517,0,28.830397049554872,200.10232169624967,28.830397049554872,200.10232169624967,0.0
305.284,95.739,197.29,520,520,0,25.742603172433785,200.02868016243494,25.742603172433785,200.02868016243494,0.0
305.492,92.727,197.44,523,523,0,22.73326867548147,200.0670072607979,22.73326867548147,200.0670072607979,0.0
305.7,89.789,197.585,526,526,0,19.799159698544077,200.1124634960777,19.799159698544077,200.1124634960777,0.0
305.908,86.917,197.716,529,529,0,16.928777449570465,200.10726308463128,16.928777449570465,200.10726308463128,0.0
306.116,84.1,197.829,532,532,0,14.114874777185173,200.05420627106187,14.114874777185173,200.05420627106187,0.0
306.324,81.325,197.925,535,535,0,11.338698216594533,200.02976897946613,11.338698216594533,200.02976897946613,0.0
306.532,78.577,198.003,538,538,0,8.584263811875202,200.07951055602317,8.584263811875202,200.07951055602317,0.0
306.732,75.948,198.063,540,540,0,5.948565815490553,200.09384179955578,5.948565815490553,200.09384179955578,0.0
306.94,73.212,198.118,543,543,0,3.2127386534413667,200.07297796111234,3.2127386534413667,200.07297796111234,0.0
307.148,70.462,198.173,546,546,0,0.461061966440564,200.01482304063703,0.461061966440564,200.01482304063703,0.0
307.356,67.692,198.233,549,549,0,-0.12494908577025797,197.76980645391959,-0.12494908577025797,197.76980645391959,0.0
307.564,64.891,198.3,552,552,0,-0.15996039270980808,194.98588264026898,-0.15996039270980808,194.98588264026898,0.0
307.772,62.054,198.382,555,555,0,-0.15659395004390195,192.11988824260524,-0.15659395004390195,192.11988824260524,0.0
307.98,59.178,198.478,558,558,0,-0.11461593115196313,189.263661265257,-0.11461593115196313,189.263661265257,0.0
308.188,56.265,198.575,561,561,0,-0.10850256203738583,186.35745973545517,-0.10850256203738583,186.35745973545517,0.0
308.396,53.319,198.648,564,564,0,-0.17248159202312033,183.4062235939124,-0.17248159202312033,183.4062235939124,0.0
308.604,50.338,198.668,567,567,0,-0.18393811490827558,180.40886117770225,-0.18393811490827558,180.40886117770225,0.0
308.812,47.325,198.603,570,570,0,-0.14071230841066823,177.36139572528856,-0.14071230841066823,177.36139572528856,0.0
309.016,44.394,198.435,573,573,0,-0.09972597286583154,174.15766979538128,-0.09972597286583154,174.15766979538128,0.0
309.224,41.313,198.129,576,576,0,-0.17755790487690326,170.65310577255642,-0.17755790487690326,170.65310577255642,0.0
309.432,38.196,197.672,580,580,0,-0.17618965223778668,166.7385900408815,-0.17618965223778668,166.7385900408815,0.0
309.64,35.043,197.052,583,583,0,-0.08303058275042988,162.8702875784902,-0.08303058275042988,162.8702875784902,0.0
309.848,31.859,196.248,586,586,0,-0.1720893558492681,158.61825708231683,-0.1720893558492681,158.61825708231683,0.0
310.056,28.655,195.238,590,590,0,-0.1747773589983402,154.1108365112156,-0.1747773589983402,154.1108365112156,0.0
310.264,25.455,193.991,593,593,0,-0.07612495410102259,149.38467816047296,-0.07612495410102259,149.38467816047296,0.0
310.472,22.292,192.471,596,596,0,-0.07671705257070678,144.8546627499602,-0.07671705257070678,144.8546627499602,0.0
310.672,19.329,190.717,599,599,0,-0.05525910883275478,139.84484233215431,-0.05525910883275478,139.84484233215431,0.0
310.88,16.389,188.564,603,603,0,-0.033145079074301254,134.38636310732753,-0.033145079074301254,134.38636310732753,0.0
311.088,13.66,186.067,632,632,0,-0.08008102797566519,116.47322195670262,-0.08008102797566519,116.47322195670262,0.0
311.296,11.212,183.244,635,635,0,-0.07166242957152302,113.38365198975438,-0.07166242957152302,113.38365198975438,0.0
311.504,9.112,180.136,638,638,0,-0.06505107550439915,110.09107659703407,-0.06505107550439915,110.09107659703407,0.0
311.712,7.41,176.811,642,642,0,-0.06409300105212255,106.60280205426265,-0.06409300105212255,106.60280205426265,0.0
311.92,6.127,173.359,645,645,0,-0.06668874535989824,103.54849126670192,-0.06668874535989824,103.54849126670192,0.0
312.128,5.244,169.877,649,649,0,-0.07007647457528257,99.91412919085789,-0.07007647457528257,99.91412919085789,0.0
312.336,4.693,166.455,652,652,0,-0.07201891840997517,96.40304428102272,-0.07201891840997517,96.40304428102272,0.0
312.544,4.375,163.161,656,656,0,-0.07176547091886216,93.0079252308419,-0.07176547091886216,93.0079252308419,0.0
312.744,4.19,160.141,659,659,0,-0.07085076242600236,90.2453038192305,-0.07085076242600236,90.2453038192305,0.0
312.952,4.038,157.153,662,662,0,-0.0699080631170397,87.1799687791176,-0.0699080631170397,87.1799687791176,0.0
313.16,3.869,154.297,665,665,0,-0.0693715921512077,84.2515753267936,-0.0693715921512077,84.2515753267936,0.0
313.368,3.663,151.541,668,668,0,-0.0693597512583792,81.43138841237631,-0.0693597512583792,81.43138841237631,0.0
313.576,3.423,148.85,671,671,0,-0.06959053784207803,78.86802727303778,-0.06959053784207803,78.86802727303778,0.0
313.784,3.167,146.19,673,673,0,-0.06989362481493862,76.18322279044413,-0.06989362481493862,76.18322279044413,0.0
313.992,2.914,143.534,676,676,0,-0.07012032950655799,73.51563903782612,-0.07012032950655799,73.51563903782612,0.0
314.2,2.686,140.859,679,679,0,-0.07021218732922202,70.8532994861446,-0.07021218732922202,70.8532994861446,0.0
314.408,2.504,138.146,682,682,0,-0.07018563178037052,68.17203177904992,-0.07018563178037052,68.17203177904992,0.0
314.616,2.384,135.377,685,685,0,-0.07009270068956784,65.3586674431054,-0.07009270068956784,65.3586674431054,0.0
314.824,2.34,132.541,688,688,0,-0.07000129325323139,62.54683949672255,-0.07000129325323139,62.54683949672255,0.0
315.032,2.373,129.627,691,691,0,-0.0699422925926622,59.64332643947627,-0.0699422925926622,59.64332643947627,0.0
315.232,2.463,126.751,694,694,0,-0.06993606578167352,56.76440085612551,-0.06993606578167352,56.76440085612551,0.0
315.44,2.585,123.687,697,697,0,-0.06996185952123553,53.70093066785446,-0.06996185952123553,53.70093066785446,0.0
315.648,2.703,120.564,700,700,0,-0.0699951413483646,50.56485603743589,-0.0699951413483646,50.56485603743589,0.0
315.856,2.791,117.4,703,703,0,-0.07001646190020805,47.39317490175852,-0.07001646190020805,47.39317490175852,0.0
316.064,2.832,114.214,707,707,0,-0.07001929259136794,44.20681104542531,-0.07001929259136794,44.20681104542531,0.0
316.272,2.823,111.026,710,710,0,-0.07001098342772183,41.020553230798434,-0.07001098342772183,41.020553230798434,0.0
316.48,2.767,107.859,713,713,0,-0.07000094506527782,37.8586362446147,-0.07000094506527782,37.8586362446147,0.0
316.688,2.674,104.728,717,717,0,-0.0699948826350923,34.73073678878402,-0.0699948826350923,34.73073678878402,0.0
316.896,2.557,101.645,720,720,0,-0.06999422777582462,31.647449435862455,-0.06999422777582462,31.647449435862455,0.0
317.1,2.435,98.734,723,723,0,-0.06999644484197982,28.73559706956973,-0.06999644484197982,28.73559706956973,0.0
317.308,2.304,95.764,726,726,0,-0.0699993776635976,25.764115361675426,-0.0699993776635976,25.764115361675426,0.0
317.516,2.176,92.854,729,729,0,-0.07000131254903859,22.85336601580096,-0.07000131254903859,22.85336601580096,0.0
317.724,2.056,89.999,732,732,0,-0.07000183258181028,19.998245694585577,-0.07000183258181028,19.998245694585577,0.0
317.932,1.95,87.191,735,735,0,-0.07000141282207853,17.190419834121986,-0.07000141282207853,17.190419834121986,0.0
318.14,1.856,84.423,738,738,0,-0.0700005762815055,14.422864184000655,-0.0700005762815055,14.422864184000655,0.0
318.348,1.775,81.68,741,741,0,-0.06999984628303106,11.680117970160945,-0.06999984628303106,11.680117970160945,0.0
318.556,1.708,78.95,743,743,0,-0.06999954296294575,8.950191900858872,-0.06999954296294575,8.950191900858872,0.0
318.764,1.65,76.217,746,746,0,-0.06999950870886405,6.21718134125567,-0.06999950870886405,6.21718134125567,0.0
318.972,1.596,73.472,749,749,0,-0.06999966309426445,3.4721076541658467,-0.06999966309426445,3.4721076541658467,0.0
319.172,1.54,70.814,752,752,0,-0.06999991453514957,0.8140087342093248,-0.06999991453514957,0.8140087342093248,0.0
319.38,1.473,68.024,755,755,0,-0.07,0.0,-0.07,0.0,0.0
319.588,1.393,65.2,758,758,0,-0.07,0.0,-0.07,0.0,0.0
319.796,1.301,62.345,761,761,0,-0.07,0.0,-0.07,0.0,0.0
320.004,1.195,59.46,764,764,0,-0.07,0.0,-0.07,0.0,0.0
320.212,1.076,56.548,767,767,0,-0.07,0.0,-0.07,0.0,0.0
320.42,0.947,53.612,770,770,0,-0.07,0.0,-0.07,0.0,0.0
320.628,0.815,50.66,773,773,0,-0.07,0.0,-0.07,0.0,0.0
320.836,0.683,47.702,776,776,0,-0.07,0.0,-0.07,0.0,0.0
321.044,0.551,44.747,779,779,0,-0.07,0.0,-0.07,0.0,0.0
321.244,0.431,41.912,782,782,0,-0.07,0.0,-0.07,0.0,0.0
321.452,0.317,38.973,785,785,0,-0.07,0.0,-0.07,0.0,0.0
321.656,0.218,36.161,788,788,0,-0.07,0.0,-0.07,0.0,0.0
321.864,0.126,33.252,791,791,0,-0.07,0.0,-0.07,0.0,0.0
322.064,0.047,30.473,794,794,0,-0.07,0.0,-0.07,0.0,0.0
322.268,-0.026,27.711,797,797,0,-0.07,0.0,-0.07,0.0,0.0
322.472,-0.093,24.856,800,800,0,-0.07,0.0,-0.07,0.0,0.0
322.672,-0.15,22.127,802,802,0,-0.07,0.0,-0.07,0.0,0.0
322.88,-0.2,19.303,805,805,0,-0.07,0.0,-0.07,0.0,0.0
323.088,-0.244,16.492,808,808,0,-0.07,0.0,-0.07,0.0,0.0
323.296,-0.284,13.689,811,811,0,-0.07,0.0,-0.07,0.0,0.0
323.504,-0.318,10.889,814,814,0,-0.07,0.0,-0.07,0.0,0.0
323.712,-0.345,8.09,817,817,0,-0.07,0.0,-0.07,0.0,0.0
323.92,-0.366,5.289,820,820,0,-0.07,0.0,-0.07,0.0,0.0
324.128,-0.389,2.552,823,823,0,-0.07,0.0,-0.07,0.0,0.0
324.336,-0.414,-0.117,0,825,825,69.92999999313004,-0.0002664725500006151,-0.07,0.0,69.99999999363723
324.544,-0.438,-2.729,0,825,825,69.92999999313004,-0.0002664725500006151,-0.07,0.0,69.99999999363723
324.744,-0.455,-5.194,0,825,825,69.92999999313004,-0.0002664725500006151,-0.07,0.0,69.99999999363723
324.952,-0.466,-7.707,0,825,825,69.92999999313004,-0.0002664725500006151,-0.07,0.0,69.99999999363723
325.16,-0.477,-10.157,0,825,825,69.92999999313004,-0.0002664725500006151,-0.07,0.0,69.99999999363723
325.368,-0.492,-12.528,0,825,825,69.92999999313004,-0.0002664725500006151,-0.07,0.0,69.99999999363723
325.576,-0.514,-14.807,0,825,825,69.92999999313004,-0.0002664725500006151,-0.07,0.0,69.99999999363723
325.784,-0.543,-16.984,0,825,825,69.92999999313004,-0.0002664725500006151,-0.07,0.0,69.99999999363723
325.992,-0.579,-19.061,0,825,825,69.92999999313004,-0.0002664725500006151,-0.07,0.0,69.99999999363723
326.2,-0.624,-21.043,0,825,825,69.92999999313004,-0.0002664725500006151,-0.07,0.0,69.99999999363723
326.408,-0.675,-22.934,0,825,825,69.92999999313004,-0.0002664725500006151,-0.07,0.0,69.99999999363723
326.616,-0.73,-24.729,0,825,825,69.92999999313004,-0.0002664725500006151,-0.07,0.0,69.99999999363723
326.824,-0.788,-26.43,0,825,825,69.92999999313004,-0.0002664725500006151,-0.07,0.0,69.99999999363723
327.028,-0.846,-27.98,0,825,825,69.92999999313004,-0.0002664725500006151,-0.07,0.0,69.99999999363723
327.232,-0.908,-29.51,0,825,825,69.92999999313004,-0.0002664725500006151,-0.07,0.0,69.99999999363723
327.44,-0.971,-30.964,0,825,825,69.92999999313004,-0.0002664725500006151,-0.07,0.0,69.99999999363723
327.648,-1.031,-32.35,0,825,825,69.92999999313004,-0.0002664725500006151,-0.07,0.0,69.99999999363723
327.856,-1.086,-33.666,0,825,825,69.92999999313004,-0.0002664725500006151,-0.07,0.0,69.99999999363723
328.064,-1.138,-34.914,0,825,825,69.92999999313004,-0.0002664725500006151,-0.07,0.0,69.99999999363723
328.272,-1.185,-36.099,0,825,825,69.92999999313004,-0.0002664725500006151,-0.07,0.0,69.99999999363723
328.48,-1.224,-37.25,0,825,825,69.92999999313004,-0.0002664725500006151,-0.07,0.0,69.99999999363723
328.688,-1.248,-38.403,0,825,825,69.92999999313004,-0.0002664725500006151,-0.07,0.0,69.99999999363723
328.896,-1.26,-39.417,0,825,825,69.92999999313004,-0.0002664725500006151,-0.07,0.0,69.99999999363723
329.104,-1.258,-40.013,0,825,825,69.92999999313004,-0.0002664725500006151,-0.07,0.0,69.99999999363723
329.312,-1.23,-40.105,0,825,825,69.92999999313004,-0.0002664725500006151,-0.07,0.0,69.99999999363723
329.52,-1.161,-39.724,0,825,825,69.92999999313004,-0.0002664725500006151,-0.07,0.0,69.99999999363723
329.72,-1.044,-38.931,0,825,825,69.92999999313004,-0.0002664725500006151,-0.07,0.0,69.99999999363723
329.928,-0.871,-37.688,0,825,825,69.92999999313004,-0.0002664725500006151,-0.07,0.0,69.99999999363723
330.136,-0.673,-36.103,0,825,825,69.92999999313004,-0.0002664725500006151,-0.07,0.0,69.99999999363723
330.344,-0.495,-34.317,0,825,825,69.92999999313004,-0.0002664725500006151,-0.07,0.0,69.99999999363723
330.552,-0.377,-32.408,0,825,825,69.92999999313004,-0.0002664725500006151,-0.07,0.0,69.99999999363723
330.76,-0.328,-30.723,0,825,825,69.92999999313004,-0.0002664725500006151,-0.07,0.0,69.99999999363723
330.968,-0.337,-29.157,0,825,825,69.92999999313004,-0.0002664725500006151,-0.07,0.0,69.99999999363723
331.176,-0.366,-27.679,0,825,825,69.92999999313004,-0.0002664725500006151,-0.07,0.0,69.99999999363723
331.384,-0.391,-26.242,0,825,825,69.92999999313004,-0.0002664725500006151,-0.07,0.0,69.99999999363723
331.592,-0.402,-24.792,0,825,825,69.92999999313004,-0.0002664725500006151,-0.07,0.0,69.99999999363723
331.8,-0.407,-23.289,0,825,825,69.92999999313004,-0.0002664725500006151,-0.07,0.0,69.99999999363723
332.008,-0.416,-21.72,0,825,825,69.92999999313004,-0.0002664725500006151,-0.07,0.0,69.99999999363723
332.208,-0.433,-20.158,0,825,825,69.92999999313004,-0.0002664725500006151,-0.07,0.0,69.99999999363723
332.416,-0.462,-18.497,0,825,825,69.92999999313004,-0.0002664725500006151,-0.07,0.0,69.99999999363723
332.624,-0.498,-16.825,0,825,825,69.92999999313004,-0.0002664725500006151,-0.07,0.0,69.99999999363723
332.832,-0.535,-15.161,0,825,825,69.92999999313004,-0.0002664725500006151,-0.07,0.0,69.99999999363723
333.04,-0.562,-13.512,0,825,825,69.92999999313004,-0.0002664725500006151,-0.07,0.0,69.99999999363723
333.248,-0.577,-11.873,0,825,825,69.92999999313004,-0.0002664725500006151,-0.07,0.0,69.99999999363723
333.456,-0.573,-10.238,0,825,825,69.92999999313004,-0.0002664725500006151,-0.07,0.0,69.99999999363723
333.664,-0.551,-8.602,0,825,825,69.92999999313004,-0.0002664725500006151,-0.07,0.0,69.99999999363723
333.872,-0.511,-6.993,0,825,825,69.92999999313004,-0.0002664725500006151,-0.07,0.0,69.99999999363723
334.08,-0.473,-5.531,0,825,825,69.92999999313004,-0.0002664725500006151,-0.07,0.0,69.99999999363723
334.288,-0.466,-4.293,0,825,825,69.92999999313004,-0.0002664725500006151,-0.07,0.0,69.99999999363723
334.496,-0.499,-3.288,0,825,825,69.92999999313004,-0.0002664725500006151,-0.07,0.0,69.99999999363723
334.696,-0.564,-2.527,0,825,825,69.92999999313004,-0.0002664725500006151,-0.07,0.0,69.99999999363723
334.904,-0.651,-1.919,0,825,825,69.92999999313004,-0.0002664725500006151,-0.07,0.0,69.99999999363723
335.112,-0.737,-1.465,0,825,825,69.92999999313004,-0.0002664725500006151,-0.07,0.0,69.99999999363723
335.32,-0.795,-1.132,0,825,825,69.92999999313004,-0.0002664725500006151,-0.07,0.0,69.99999999363723
335.528,-0.811,-0.89,0,825,825,69.92999999313004,-0.0002664725500006151,-0.07,0.0,69.99999999363723
335.736,-0.778,-0.713,0,825,825,69.92999999313004,-0.0002664725500006151,-0.07,0.0,69.99999999363723
335.944,-0.704,-0.583,0,825,825,69.92999999313004,-0.0002664725500006151,-0.07,0.0,69.99999999363723
336.152,-0.604,-0.487,0,825,825,69.92999999313004,-0.0002664725500006151,-0.07,0.0,69.99999999363723
336.36,-0.504,-0.422,0,825,825,69.92999999313004,-0.0002664725500006151,-0.07,0.0,69.99999999363723
336.568,-0.414,-0.414,0,825,825,69.92999999313004,-0.0002664725500006151,-0.07,0.0,69.99999999363723
336.776,-0.339,-0.452,0,825,825,69.92999999313004,-0.0002664725500006151,-0.07,0.0,69.99999999363723
336.984,-0.284,-0.494,0,825,825,69.92999999313004,-0.0002664725500006151,-0.07,0.0,69.99999999363723
337.184,-0.242,-0.525,0,825,825,69.92999999313004,-0.0002664725500006151,-0.07,0.0,69.99999999363723
337.392,-0.214,-0.547,0,825,825,69.92999999313004,-0.0002664725500006151,-0.07,0.0,69.99999999363723
337.6,-0.21,-0.561,0,825,825,69.92999999313004,-0.0002664725500006151,-0.07,0.0,69.99999999363723
337.808,-0.215,-0.565,0,825,825,69.92999999313004,-0.0002664725500006151,-0.07,0.0,69.99999999363723
338.016,-0.206,-0.555,0,825,825,69.92999999313004,-0.0002664725500006151,-0.07,0.0,69.99999999363723
338.224,-0.176,-0.534,0,825,825,69.92999999313004,-0.0002664725500006151,-0.07,0.0,69.99999999363723
338.432,-0.132,-0.505,0,825,825,69.92999999313004,-0.0002664725500006151,-0.07,0.0,69.99999999363723
338.64,-0.092,-0.469,0,825,825,69.92999999313004,-0.0002664725500006151,-0.07,0.0,69.99999999363723
338.848,-0.067,-0.434,0,825,825,69.93299994200737,-0.00026650536854241284,-0.07,0.0,70.00299994251466
339.056,-0.062,-0.403,0,825,825,69.93799994565867,-0.0002665600670841309,-0.07,0.0,70.00799994616614
339.264,-0.072,-0.379,0,825,825,69.92999999313004,-0.0002664725500006151,-0.07,0.0,69.99999999363723
339.472,-0.09,-0.358,0,825,825,69.92999999313004,-0.0002664725500006151,-0.07,0.0,69.99999999363723
339.672,-0.105,-0.344,0,825,825,69.92999999313004,-0.0002664725500006151,-0.07,0.0,69.99999999363723
339.88,-0.109,-0.336,0,825,825,69.92999999313004,-0.0002664725500006151,-0.07,0.0,69.99999999363723
340.088,-0.102,-0.333,0,825,825,69.92999999313004,-0.0002664725500006151,-0.07,0.0,69.99999999363723
340.296,-0.085,-0.337,0,825,825,69.92999999313004,-0.0002664725500006151,-0.07,0.0,69.99999999363723
340.504,-0.066,-0.344,0,825,825,69.93399995260874,-0.00026651630835874344,-0.07,0.0,70.00399995311608
340.712,-0.055,-0.355,0,825,825,69.94499995131235,-0.000266636645048464,-0.07,0.0,70.01499995182006
340.92,-0.053,-0.374,0,825,825,69.94699994907415,-0.00026665852442468827,-0.07,0.0,70.01699994958193
341.128,-0.058,-0.399,0,825,825,69.94199994612961,-0.000266603825890702,-0.07,0.0,70.01199994663722
341.336,-0.068,-0.428,0,825,825,69.93199994271419,-0.00026649442884979046,-0.07,0.0,70.00199994322145
341.544,-0.075,-0.455,0,825,825,69.92999999313004,-0.0002664725500006151,-0.07,0.0,69.99999999363723
341.744,-0.074,-0.475,0,825,825,69.92999999313004,-0.0002664725500006151,-0.07,0.0,69.99999999363723
341.952,-0.063,-0.491,0,825,825,69.93699993529287,-0.00026654912727037744,-0.07,0.0,70.00699993580031
342.16,-0.042,-0.504,0,825,825,69.9579999337603,-0.00026677886096106184,-0.07,0.0,70.02799993426846
342.368,-0.018,-0.513,0,825,825,69.98199993269873,-0.0002670414137579632,-0.07,0.0,70.0519999332077
342.576,0.002,-0.521,0,825,825,70.00199993175518,-0.00026726020775473677,-0.07,0.0,70.07199993226484
342.784,0.013,-0.529,0,825,825,70.01299993081217,-0.0002673805444483231,-0.07,0.0,70.08299993132222
342.992,0.009,-0.539,0,825,825,70.00899992963447,-0.0002673367856340202,-0.07,0.0,70.07899993014438
343.2,-0.006,-0.549,0,825,825,69.99399992845743,-0.00026717269011582206,-0.07,0.0,70.06399992896682
343.408,-0.023,-0.56,0,825,825,69.97699992716272,-0.0002669867151956271,-0.07,0.0,70.04699992767152
343.616,-0.037,-0.569,0,825,825,69.96299992610342,-0.0002668335593790717,-0.07,0.0,70.03299992661175
343.824,-0.044,-0.573,0,825,825,69.95599992563265,-0.0002667569814714383,-0.07,0.0,70.02599992614073
344.032,-0.039,-0.566,0,825,825,69.9609999264569,-0.00026681167998222926,-0.07,0.0,70.03099992696517
344.232,-0.026,-0.554,0,825,825,69.97399992786966,-0.0002669538961022965,-0.07,0.0,70.04399992837835
344.44,-0.014,-0.541,0,825,825,69.98599992940026,-0.00026708517252329813,-0.07,0.0,70.05599992990938
344.648,-0.008,-0.529,0,825,825,69.99199993081344,-0.00026715081074088644,-0.07,0.0,70.06199993132276
344.856,-0.011,-0.519,0,825,825,69.98899993199154,-0.00026711799165271034,-0.07,0.0,70.05899993250077
345.064,-0.025,-0.507,0,825,825,69.97499993340591,-0.0002669648358632162,-0.07,0.0,70.04499993391465
345.272,-0.046,-0.492,0,825,825,69.95399993517408,-0.000266735102175109,-0.07,0.0,70.0239999356821
345.48,-0.066,-0.477,0,825,825,69.93399993694217,-0.00026651630818735585,-0.07,0.0,70.00399993744949
345.688,-0.079,-0.46,0,825,825,69.92999999313004,-0.0002664725500006151,-0.07,0.0,69.99999999363723
345.896,-0.083,-0.443,0,825,825,69.92999999313004,-0.0002664725500006151,-0.07,0.0,69.99999999363723
346.104,-0.081,-0.427,0,825,825,69.92999999313004,-0.0002664725500006151,-0.07,0.0,69.99999999363723
346.312,-0.073,-0.414,0,825,825,69.92999999313004,-0.0002664725500006151,-0.07,0.0,69.99999999363723
346.52,-0.062,-0.407,0,825,825,69.9379999451875,-0.0002665600670789764,-0.07,0.0,70.00799994569496
346.72,-0.053,-0.405,0,825,825,69.94699994542255,-0.0002666585243847408,-0.07,0.0,70.01699994593032
346.928,-0.051,-0.407,0,825,825,69.94899994518684,-0.0002666804037828717,-0.07,0.0,70.01899994569469
347.136,-0.06,-0.411,0,825,825,69.9399999447162,-0.0002665819464745301,-0.07,0.0,70.00999994522374
347.344,-0.072,-0.42,0,825,825,69.92999999313004,-0.0002664725500006151,-0.07,0.0,69.99999999363723
347.552,-0.084,-0.433,0,825,825,69.92999999313004,-0.0002664725500006151,-0.07,0.0,69.99999999363723
347.76,-0.091,-0.447,0,825,825,69.92999999313004,-0.0002664725500006151,-0.07,0.0,69.99999999363723
347.968,-0.092,-0.462,0,825,825,69.92999999313004,-0.0002664725500006151,-0.07,0.0,69.99999999363723
348.176,-0.089,-0.477,0,825,825,69.92999999313004,-0.0002664725500006151,-0.07,0.0,69.99999999363723
348.384,-0.083,-0.488,0,825,825,69.92999999313004,-0.0002664725500006151,-0.07,0.0,69.99999999363723
348.592,-0.074,-0.497,0,825,825,69.92999999313004,-0.0002664725500006151,-0.07,0.0,69.99999999363723
348.8,-0.066,-0.504,0,825,825,69.93399993376174,-0.0002665163081525629,-0.07,0.0,70.00399993426906
349.008,-0.064,-0.509,0,825,825,69.93599993317265,-0.0002665381875468281,-0.07,0.0,70.00599993368004
349.208,-0.067,-0.514,0,825,825,69.93299993258387,-0.00026650536843932256,-0.07,0.0,70.00299993309116
349.416,-0.071,-0.517,0,825,825,69.92999999313004,-0.0002664725500006151,-0.07,0.0,69.99999999363723
349.624,-0.076,-0.515,0,825,825,69.92999999313004,-0.0002664725500006151,-0.07,0.0,69.99999999363723
349.832,-0.083,-0.509,0,825,825,69.92999999313004,-0.0002664725500006151,-0.07,0.0,69.99999999363723
350.04,-0.088,-0.5,0,825,825,69.92999999313004,-0.0002664725500006151,-0.07,0.0,69.99999999363723
350.248,-0.091,-0.49,0,825,825,69.92999999313004,-0.0002664725500006151,-0.07,0.0,69.99999999363723
350.456,-0.094,-0.481,0,825,825,69.92999999313004,-0.0002664725500006151,-0.07,0.0,69.99999999363723
350.664,-0.098,-0.472,0,825,825,69.92999999313004,-0.0002664725500006151,-0.07,0.0,69.99999999363723
350.872,-0.103,-0.464,0,825,825,69.92999999313004,-0.0002664725500006151,-0.07,0.0,69.99999999363723
351.08,-0.108,-0.46,0,825,825,69.92999999313004,-0.0002664725500006151,-0.07,0.0,69.99999999363723
351.288,-0.11,-0.457,0,825,825,69.92999999313004,-0.0002664725500006151,-0.07,0.0,69.99999999363723
351.496,-0.107,-0.451,0,825,825,69.92999999313004,-0.0002664725500006151,-0.07,0.0,69.99999999363723
351.696,-0.101,-0.442,0,825,825,69.92999999313004,-0.0002664725500006151,-0.07,0.0,69.99999999363723
351.904,-0.09,-0.431,0,825,825,69.92999999313004,-0.0002664725500006151,-0.07,0.0,69.99999999363723
352.112,-0.077,-0.422,0,825,825,69.92999999313004,-0.0002664725500006151,-0.07,0.0,69.99999999363723
352.32,-0.066,-0.417,0,825,825,69.9339999440098,-0.00026651630826467356,-0.07,0.0,70.00399994451712
352.528,-0.065,-0.414,0,825,825,69.93499994436313,-0.0002665272479688936,-0.07,0.0,70.00499994487049
352.736,-0.07,-0.414,0,825,825,69.92999999313004,-0.0002664725500006151,-0.07,0.0,69.99999999363723
352.944,-0.077,-0.418,0,825,825,69.92999999313004,-0.0002664725500006151,-0.07,0.0,69.99999999363723
353.152,-0.085,-0.424,0,825,825,69.92999999313004,-0.0002664725500006151,-0.07,0.0,69.99999999363723
353.36,-0.089,-0.43,0,825,825,69.92999999313004,-0.0002664725500006151,-0.07,0.0,69.99999999363723
353.568,-0.09,-0.436,0,825,825,69.92999999313004,-0.0002664725500006151,-0.07,0.0,69.99999999363723
353.776,-0.087,-0.442,0,825,825,69.92999999313004,-0.0002664725500006151,-0.07,0.0,69.99999999363723
353.984,-0.082,-0.448,0,825,825,69.92999999313004,-0.0002664725500006151,-0.07,0.0,69.99999999363723
354.184,-0.078,-0.454,0,825,825,69.92999999313004,-0.0002664725500006151,-0.07,0.0,69.99999999363723
354.392,-0.076,-0.463,0,825,825,69.92999999313004,-0.0002664725500006151,-0.07,0.0,69.99999999363723
354.596,-0.077,-0.472,0,825,825,69.92999999313004,-0.0002664725500006151,-0.07,0.0,69.99999999363723
354.8,-0.079,-0.481,0,825,825,69.92999999313004,-0.0002664725500006151,-0.07,0.0,69.99999999363723
355.008,-0.08,-0.487,0,825,825,69.92999999313004,-0.0002664725500006151,-0.07,0.0,69.99999999363723
355.208,-0.079,-0.49,0,825,825,69.92999999313004,-0.0002664725500006151,-0.07,0.0,69.99999999363723
355.416,-0.076,-0.488,0,825,825,69.92999999313004,-0.0002664725500006151,-0.07,0.0,69.99999999363723
355.624,-0.075,-0.484,0,825,825,69.92999999313004,-0.0002664725500006151,-0.07,0.0,69.99999999363723
355.832,-0.074,-0.478,0,825,825,69.92999999313004,-0.0002664725500006151,-0.07,0.0,69.99999999363723
356.04,-0.073,-0.469,0,825,825,69.92999999313004,-0.0002664725500006151,-0.07,0.0,69.99999999363723
356.248,-0.075,-0.46,0,825,825,69.92999999313004,-0.0002664725500006151,-0.07,0.0,69.99999999363723
356.456,-0.082,-0.454,0,825,825,69.92999999313004,-0.0002664725500006151,-0.07,0.0,69.99999999363723
356.664,-0.089,-0.449,0,825,825,69.92999999313004,-0.0002664725500006151,-0.07,0.0,69.99999999363723
356.872,-0.096,-0.447,0,825,825,69.92999999313004,-0.0002664725500006151,-0.07,0.0,69.99999999363723
357.08,-0.1,-0.446,0,825,825,69.92999999313004,-0.0002664725500006151,-0.07,0.0,69.99999999363723
357.288,-0.1,-0.448,0,825,825,69.92999999313004,-0.0002664725500006151,-0.07,0.0,69.99999999363723
357.496,-0.095,-0.452,0,825,825,69.92999999313004,-0.0002664725500006151,-0.07,0.0,69.99999999363723
357.696,-0.087,-0.454,0,825,825,69.92999999313004,-0.0002664725500006151,-0.07,0.0,69.99999999363723
357.904,-0.081,-0.459,0,825,825,69.92999999313004,-0.0002664725500006151,-0.07,0.0,69.99999999363723
358.112,-0.079,-0.464,0,825,825,69.92999999313004,-0.0002664725500006151,-0.07,0.0,69.99999999363723
358.32,-0.08,-0.475,0,825,825,69.92999999313004,-0.0002664725500006151,-0.07,0.0,69.99999999363723
358.528,-0.083,-0.486,0,825,825,69.92999999313004,-0.0002664725500006151,-0.07,0.0,69.99999999363723
358.736,-0.085,-0.496,0,825,825,69.92999999313004,-0.0002664725500006151,-0.07,0.0,69.99999999363723
358.944,-0.085,-0.503,0,825,825,69.92999999313004,-0.0002664725500006151,-0.07,0.0,69.99999999363723
359.152,-0.08,-0.507,0,825,825,69.92999999313004,-0.0002664725500006151,-0.07,0.0,69.99999999363723
359.36,-0.072,-0.509,0,825,825,69.92999999313004,-0.0002664725500006151,-0.07,0.0,69.99999999363723
359.568,-0.065,-0.509,0,825,825,69.93499993317272,-0.0002665272478464739,-0.07,0.0,70.00499993368008
359.776,-0.064,-0.509,0,825,825,69.93599993317265,-0.0002665381875468281,-0.07,0.0,70.00599993368004
359.984,-0.069,-0.507,0,825,825,69.93099993340854,-0.0002664834890476348,-0.07,0.0,70.00099993391576
360.184,-0.078,-0.501,0,825,825,69.92999999313004,-0.0002664725500006151,-0.07,0.0,69.99999999363723
360.392,-0.086,-0.492,0,825,825,69.92999999313004,-0.0002664725500006151,-0.07,0.0,69.99999999363723
360.6,-0.089,-0.477,0,825,825,69.92999999313004,-0.0002664725500006151,-0.07,0.0,69.99999999363723
360.808,-0.089,-0.46,0,825,825,69.92999999313004,-0.0002664725500006151,-0.07,0.0,69.99999999363723
361.016,-0.086,-0.444,0,825,825,69.92999999313004,-0.0002664725500006151,-0.07,0.0,69.99999999363723
361.224,-0.082,-0.43,0,825,825,69.92999999313004,-0.0002664725500006151,-0.07,0.0,69.99999999363723
361.432,-0.078,-0.421,0,825,825,69.92999999313004,-0.0002664725500006151,-0.07,0.0,69.99999999363723
361.64,-0.079,-0.416,0,825,825,69.92999999313004,-0.0002664725500006151,-0.07,0.0,69.99999999363723
361.848,-0.082,-0.415,0,825,825,69.92999999313004,-0.0002664725500006151,-0.07,0.0,69.99999999363723
362.056,-0.088,-0.417,0,825,825,69.92999999313004,-0.0002664725500006151,-0.07,0.0,69.99999999363723
362.264,-0.091,-0.421,0,825,825,69.92999999313004,-0.0002664725500006151,-0.07,0.0,69.99999999363723
362.472,-0.088,-0.426,0,825,825,69.92999999313004,-0.0002664725500006151,-0.07,0.0,69.99999999363723
362.672,-0.081,-0.43,0,825,825,69.92999999313004,-0.0002664725500006151,-0.07,0.0,69.99999999363723
362.88,-0.073,-0.434,0,825,825,69.92999999313004,-0.0002664725500006151,-0.07,0.0,69.99999999363723
363.088,-0.068,-0.441,0,825,825,69.93199994118287,-0.0002664944288330383,-0.07,0.0,70.00199994169013
363.292,-0.067,-0.449,0,825,825,69.93299994024046,-0.0002665053685230834,-0.07,0.0,70.00299994074776
363.492,-0.069,-0.457,0,825,825,69.93099993929822,-0.00026648348911206604,-0.07,0.0,70.00099993980544
363.7,-0.07,-0.469,0,825,825,69.92999999313004,-0.0002664725500006151,-0.07,0.0,69.99999999363723
363.908,-0.072,-0.483,0,825,825,69.92999999313004,-0.0002664725500006151,-0.07,0.0,69.99999999363723
364.116,-0.075,-0.495,0,825,825,69.92999999313004,-0.0002664725500006151,-0.07,0.0,69.99999999363723
364.324,-0.074,-0.504,0,825,825,69.92999999313004,-0.0002664725500006151,-0.07,0.0,69.99999999363723
364.532,-0.072,-0.512,0,825,825,69.92999999313004,-0.0002664725500006151,-0.07,0.0,69.99999999363723
364.732,-0.068,-0.513,0,825,825,69.93199993270171,-0.000266494428740257,-0.07,0.0,70.00199993320898
364.94,-0.06,-0.511,0,825,825,69.93999993293683,-0.0002665819463456672,-0.07,0.0,70.00999993344436
365.148,-0.05,-0.507,0,825,825,69.9499999334074,-0.000266691343354363,-0.07,0.0,70.01999993391527
365.356,-0.044,-0.5,0,825,825,69.9559999342316,-0.0002667569815655082,-0.07,0.0,70.02599993473969
365.564,-0.043,-0.489,0,825,825,69.95699993552728,-0.0002667679212800373,-0.07,0.0,70.0269999360354
365.772,-0.048,-0.478,0,825,825,69.9519999368233,-0.00026671322279244147,-0.07,0.0,70.02199993733124
365.98,-0.055,-0.471,0,825,825,69.94499993764828,-0.00026663664489898306,-0.07,0.0,70.01499993815598
366.188,-0.062,-0.467,0,825,825,69.93799993811987,-0.00026656006700165867,-0.07,0.0,70.00799993862734
366.396,-0.066,-0.465,0,825,825,69.9339999383557,-0.0002665163082028194,-0.07,0.0,70.00399993886302
366.604,-0.067,-0.459,0,825,825,69.93299993906253,-0.0002665053685101971,-0.07,0.0,70.00299993956982
366.812,-0.063,-0.449,0,825,825,69.93699994024021,-0.00026654912732449983,-0.07,0.0,70.00699994074765
367.02,-0.058,-0.44,0,825,825,69.94199994130007,-0.0002666038258378682,-0.07,0.0,70.01199994180767
367.22,-0.054,-0.431,0,825,825,69.94599994235996,-0.00026664758465088224,-0.07,0.0,70.0159999428677
367.428,-0.051,-0.421,0,825,825,69.94899994353773,-0.0002666804037648309,-0.07,0.0,70.01899994404558
367.636,-0.051,-0.412,0,825,825,69.94899994459787,-0.00026668040377642857,-0.07,0.0,70.01899994510572
367.844,-0.054,-0.406,0,825,825,69.9459999453048,-0.00026664758468309795,-0.07,0.0,70.01599994581254
368.052,-0.059,-0.404,0,825,825,69.9409999455407,-0.00026659288618390464,-0.07,0.0,70.01099994604826
368.26,-0.063,-0.407,0,825,825,69.93699994518755,-0.00026654912737862223,-0.07,0.0,70.00699994569499
368.468,-0.063,-0.41,0,825,825,69.93699994483417,-0.00026654912737475634,-0.07,0.0,70.0069999453416
368.676,-0.06,-0.416,0,825,825,69.93999994412724,-0.00026658194646808696,-0.07,0.0,70.00999994463477
368.884,-0.054,-0.423,0,825,825,69.94599994330231,-0.00026664758466119127,-0.07,0.0,70.01599994381006
369.092,-0.048,-0.432,0,825,825,69.95199994224181,-0.0002667132228517184,-0.07,0.0,70.02199994274976
369.3,-0.044,-0.441,0,825,825,69.95599994118143,-0.00026675698164153725,-0.07,0.0,70.02599994168952
369.508,-0.041,-0.45,0,825,825,69.95899994012112,-0.000266789800731002,-0.07,0.0,70.0289999406293
369.708,-0.041,-0.46,0,825,825,69.95899993894318,-0.0002667898007181157,-0.07,0.0,70.02899993945137
369.916,-0.044,-0.467,0,825,825,69.9559999381188,-0.0002667569816080329,-0.07,0.0,70.02599993862688
370.124,-0.048,-0.473,0,825,825,69.95199993741227,-0.0002667132227988846,-0.07,0.0,70.02199993792021
370.332,-0.051,-0.48,0,825,825,69.9489999365879,-0.00026668040368880183,-0.07,0.0,70.01899993709574
370.54,-0.049,-0.482,0,825,825,69.95099993635219,-0.0002667022830869329,-0.07,0.0,70.02099993686011
370.748,-0.043,-0.479,0,825,825,69.95699993670522,-0.00026676792129292357,-0.07,0.0,70.02699993721333
370.956,-0.036,-0.472,0,825,825,69.96399993752934,-0.0002668444992044227,-0.07,0.0,70.0339999380377
371.164,-0.032,-0.465,0,825,825,69.96799993835367,-0.00026688825801485965,-0.07,0.0,70.03799993886217
371.372,-0.032,-0.457,0,825,825,69.96799993929602,-0.0002668882580251687,-0.07,0.0,70.03799993980452
371.58,-0.036,-0.45,0,825,825,69.9639999401208,-0.00026684449923277255,-0.07,0.0,70.03399994062916
371.788,-0.045,-0.445,0,825,825,69.95499994071031,-0.0002667460419360286,-0.07,0.0,70.02499994121835
371.996,-0.058,-0.444,0,825,825,69.9419999408289,-0.0002666038258327137,-0.07,0.0,70.0119999413365
372.196,-0.069,-0.444,0,825,825,69.93099994082954,-0.0002664834891288182,-0.07,0.0,70.00099994133676
372.404,-0.076,-0.444,0,825,825,69.92999999313004,-0.0002664725500006151,-0.07,0.0,69.99999999363723
372.612,-0.076,-0.443,0,825,825,69.92999999313004,-0.0002664725500006151,-0.07,0.0,69.99999999363723
372.82,-0.069,-0.444,0,825,825,69.93099994082954,-0.0002664834891288182,-0.07,0.0,70.00099994133676
373.028,-0.058,-0.446,0,825,825,69.9419999405933,-0.00026660382583013645,-0.07,0.0,70.01199994110091
373.236,-0.049,-0.446,0,825,825,69.95099994059277,-0.00026670228313332354,-0.07,0.0,70.02099994110068
373.444,-0.047,-0.447,0,825,825,69.95299994047485,-0.0002667241625327431,-0.07,0.0,70.02299994098283
373.652,-0.048,-0.451,0,825,825,69.95199994000373,-0.00026671322282723444,-0.07,0.0,70.02199994051168
373.86,-0.049,-0.455,0,825,825,69.95099993953262,-0.0002667022831217259,-0.07,0.0,70.02099994004054
374.068,-0.048,-0.457,0,825,825,69.95199993929697,-0.00026671322281950267,-0.07,0.0,70.02199993980491
374.276,-0.047,-0.459,0,825,825,69.95299993906133,-0.00026672416251727956,-0.07,0.0,70.02299993956932
374.484,-0.048,-0.46,0,825,825,69.95199993894359,-0.0002667132228156368,-0.07,0.0,70.02199993945153
374.684,-0.048,-0.459,0,825,825,69.95199993906138,-0.0002667132228169254,-0.07,0.0,70.02199993956933
374.892,-0.048,-0.459,0,825,825,69.95199993906138,-0.0002667132228169254,-0.07,0.0,70.02199993956933
375.1,-0.05,-0.462,0,825,825,69.94999993870812,-0.0002666913434123513,-0.07,0.0,70.01999993921599
375.308,-0.052,-0.466,0,825,825,69.94799993823707,-0.0002666694640064886,-0.07,0.0,70.0179999387449
375.516,-0.05,-0.47,0,825,825,69.94999993776577,-0.00026669134340204226,-0.07,0.0,70.01999993827364
375.724,-0.044,-0.473,0,825,825,69.95599993741203,-0.00026675698160030114,-0.07,0.0,70.02599993792012
375.932,-0.039,-0.475,0,825,825,69.96099993717614,-0.00026681168009949445,-0.07,0.0,70.0309999376844
376.14,-0.041,-0.478,0,825,825,69.95899993682289,-0.0002667898006949204,-0.07,0.0,70.02899993733108
376.348,-0.044,-0.481,0,825,825,69.95599993646968,-0.0002667569815899921,-0.07,0.0,70.02599993697775
376.556,-0.045,-0.482,0,825,825,69.95499993635194,-0.00026674604188834934,-0.07,0.0,70.02499993686
376.764,-0.043,-0.484,0,825,825,69.95699993611625,-0.00026676792128648043,-0.07,0.0,70.02699993662436
376.972,-0.039,-0.485,0,825,825,69.9609999359982,-0.00026681168008660817,-0.07,0.0,70.03099993650646
377.172,-0.031,-0.484,0,825,825,69.96899993611552,-0.0002668991976907299,-0.07,0.0,70.03899993662405
377.38,-0.024,-0.481,0,825,825,69.97599993646848,-0.00026697577559707455,-0.07,0.0,70.04599993697725
377.588,-0.021,-0.478,0,825,825,69.97899993682168,-0.0002670085947020028,-0.07,0.0,70.04899993733055
377.796,-0.019,-0.475,0,825,825,69.98099993717496,-0.00026703047410657705,-0.07,0.0,70.0509999376839
378.004,-0.018,-0.474,0,825,825,69.98199993729268,-0.0002670414138082197,-0.07,0.0,70.05199993780167
378.212,-0.02,-0.474,0,825,825,69.9799999372928,-0.00026701953440751153,-0.07,0.0,70.04999993780172
378.42,-0.025,-0.473,0,825,825,69.9749999374109,-0.0002669648359070296,-0.07,0.0,70.04499993791963
378.628,-0.032,-0.476,0,825,825,69.96799993705794,-0.00026688825800068474,-0.07,0.0,70.03799993756643
378.836,-0.038,-0.479,0,825,825,69.96199993670491,-0.00026682261979469414,-0.07,0.0,70.03199993721321
379.044,-0.044,-0.482,0,825,825,69.95599993635189,-0.0002667569815887035,-0.07,0.0,70.02599993685996
379.244,-0.048,-0.481,0,825,825,69.95199993646992,-0.0002667132227885756,-0.07,0.0,70.02199993697786
379.452,-0.052,-0.477,0,825,825,69.94799993694134,-0.0002666694639923137,-0.07,0.0,70.01799993744915
379.66,-0.053,-0.474,0,825,825,69.94699993729478,-0.0002666585242958254,-0.07,0.0,70.01699993780255
379.868,-0.054,-0.471,0,825,825,69.94599993764821,-0.0002666475845993371,-0.07,0.0,70.01599993815596
