t,n,e,seg_old,seg_new,seg_diff,tgt_old_n,tgt_old_e,tgt_new_n,tgt_new_e,tgt_dist_m
5.796,-0.0,0.0,0,0,0,69.99999999430618,-0.010266800741024125,69.99999999430618,-0.010266800741024125,0.0
5.996,-0.001,0.0,0,0,0,69.99899999430623,-0.010266789801323771,69.99899999430623,-0.010266789801323771,0.0
6.204,-0.001,0.0,0,0,0,69.99899999430623,-0.010266789801323771,69.99899999430623,-0.010266789801323771,0.0
6.404,-0.001,-0.0,0,0,0,69.99899999430623,-0.010266789801323771,69.99899999430623,-0.010266789801323771,0.0
6.604,-0.001,-0.0,0,0,0,69.99899999430623,-0.010266789801323771,69.99899999430623,-0.010266789801323771,0.0
6.804,-0.0,-0.001,0,0,0,69.99999999418839,-0.010266800741022836,69.99999999418839,-0.010266800741022836,0.0
7.012,0.024,0.005,0,0,0,70.02399999489371,-0.010267063293839068,70.02399999489371,-0.010267063293839068,0.0
7.212,0.021,0.006,0,0,0,70.02099999501168,-0.010267030474739295,70.02099999501168,-0.010267030474739295,0.0
7.412,0.013,0.007,0,0,0,70.01299999512996,-0.01026694295713775,70.01299999512996,-0.01026694295713775,0.0
7.612,-0.002,0.008,0,0,0,69.99799999524865,-0.010266778861633727,69.99799999524865,-0.010266778861633727,0.0
7.812,-0.017,0.008,825,0,-825,-0.03,-0.01,69.98299999524954,-0.010266614766128414,70.01299999575718
8.012,-0.023,0.009,825,0,-825,-0.03,-0.01,69.9769999953677,-0.010266549127927578,70.00699999587515
8.22,-0.024,0.012,825,0,-825,-0.03,-0.01,69.97599999572114,-0.01026653818823109,70.00599999622854
8.428,-0.022,0.012,825,0,-825,-0.03,-0.01,69.977999995721,-0.010266560067631799,70.00799999622848
8.636,-0.019,0.011,825,0,-825,-0.03,-0.01,69.98099999560304,-0.010266592886731572,70.01099999611061
8.836,-0.016,0.009,825,0,-825,-0.03,-0.01,69.98399999536727,-0.010266625705830057,70.01399999587495
9.044,-0.012,0.008,0,0,0,69.98799999524924,-0.010266669464630186,69.98799999524924,-0.010266669464630186,0.0
9.252,-0.008,0.009,0,0,0,69.9919999953668,-0.01026671322343289,69.9919999953668,-0.01026671322343289,0.0
9.46,-0.01,0.01,0,0,0,69.98999999548471,-0.010266691344033472,69.98999999548471,-0.010266691344033472,0.0
9.668,-0.014,0.01,825,0,-825,-0.03,-0.01,69.98599999548496,-0.010266647585232054,70.01599999599271
9.868,-0.019,0.008,825,0,-825,-0.03,-0.01,69.98099999524966,-0.010266592886727707,70.01099999575723
10.076,-0.021,0.004,825,0,-825,-0.03,-0.01,69.9789999947786,-0.010266571007321843,70.00899999528612
10.284,-0.02,0.003,825,0,-825,-0.03,-0.01,69.97999999466076,-0.01026658194702091,70.0099999951683
10.488,-0.014,0.005,0,0,0,69.98599999489599,-0.010266647585225611,69.98599999489599,-0.010266647585225611,0.0
10.692,-0.011,0.007,0,0,0,69.9889999951314,-0.010266680404329251,69.9889999951314,-0.010266680404329251,0.0
10.9,-0.011,0.008,0,0,0,69.98899999524919,-0.01026668040433054,69.98899999524919,-0.01026668040433054,0.0
11.108,-0.012,0.008,0,0,0,69.98799999524924,-0.010266669464630186,69.98799999524924,-0.010266669464630186,0.0
11.316,-0.012,0.008,0,0,0,69.98799999524924,-0.010266669464630186,69.98799999524924,-0.010266669464630186,0.0
11.524,-0.013,0.009,825,0,-825,-0.03,-0.01,69.9869999953671,-0.010266658524931119,70.01699999587488
11.724,-0.014,0.01,825,0,-825,-0.03,-0.01,69.98599999548496,-0.010266647585232054,70.01599999599271
11.932,-0.014,0.009,825,0,-825,-0.03,-0.01,69.98599999536717,-0.010266647585230765,70.0159999958749
12.14,-0.015,0.006,825,0,-825,-0.03,-0.01,69.98499999501384,-0.010266636645526546,70.01499999552155
12.348,-0.017,0.0,0,0,0,69.98299999430719,-0.010266614766118105,69.98299999430719,-0.010266614766118105,0.0
12.556,-0.019,-0.006,0,0,0,69.98099999360055,-0.010266592886709665,69.98099999360055,-0.010266592886709665,0.0
12.756,-0.021,-0.012,0,0,0,69.9789999928939,-0.010266571007301226,69.9789999928939,-0.010266571007301226,0.0
12.964,-0.023,-0.015,0,0,0,69.97699999254066,-0.010266549127896651,69.97699999254066,-0.010266549127896651,0.0
13.172,-0.027,-0.016,0,0,0,69.97299999242308,-0.010266505369093947,69.97299999242308,-0.010266505369093947,0.0
13.38,-0.032,-0.016,825,0,-825,-0.03,-0.01,69.96999999313003,-0.010266472550000615,69.99999999363723
13.588,-0.038,-0.013,825,0,-825,-0.03,-0.01,69.96999999313003,-0.010266472550000615,69.99999999363723
13.788,-0.041,-0.006,825,0,-825,-0.03,-0.01,69.96999999313003,-0.010266472550000615,69.99999999363723
13.996,-0.045,0.002,825,0,-825,-0.03,-0.01,69.96999999313003,-0.010266472550000615,69.99999999363723
14.204,-0.048,0.009,825,0,-825,-0.03,-0.01,69.96999999313003,-0.010266472550000615,69.99999999363723
14.412,-0.05,0.014,825,0,-825,-0.03,-0.01,69.96999999313003,-0.010266472550000615,69.99999999363723
14.62,-0.05,0.016,825,0,-825,-0.03,-0.01,69.96999999313003,-0.010266472550000615,69.99999999363723
14.82,-0.05,0.016,825,0,-825,-0.03,-0.01,69.96999999313003,-0.010266472550000615,69.99999999363723
15.028,-0.05,0.017,825,0,-825,-0.03,-0.01,69.96999999313003,-0.010266472550000615,69.99999999363723
15.236,-0.05,0.017,825,0,-825,-0.03,-0.01,69.96999999313003,-0.010266472550000615,69.99999999363723
15.444,-0.048,0.017,825,0,-825,-0.03,-0.01,69.96999999313003,-0.010266472550000615,69.99999999363723
15.652,-0.047,0.015,825,0,-825,-0.03,-0.01,69.96999999313003,-0.010266472550000615,69.99999999363723
15.852,-0.045,0.013,825,0,-825,-0.03,-0.01,69.96999999313003,-0.010266472550000615,69.99999999363723
16.06,-0.042,0.01,825,0,-825,-0.03,-0.01,69.96999999313003,-0.010266472550000615,69.99999999363723
16.26,-0.04,0.008,825,0,-825,-0.03,-0.01,69.96999999313003,-0.010266472550000615,69.99999999363723
16.468,-0.036,0.006,825,0,-825,-0.03,-0.01,69.96999999313003,-0.010266472550000615,69.99999999363723
16.676,-0.033,0.002,825,0,-825,-0.03,-0.01,69.96999999313003,-0.010266472550000615,69.99999999363723
16.876,-0.032,-0.004,825,0,-825,-0.03,-0.01,69.96999999313003,-0.010266472550000615,69.99999999363723
17.084,-0.033,-0.011,825,0,-825,-0.03,-0.01,69.96999999313003,-0.010266472550000615,69.99999999363723
17.292,-0.037,-0.014,825,0,-825,-0.03,-0.01,69.96999999313003,-0.010266472550000615,69.99999999363723
17.5,-0.04,-0.016,825,0,-825,-0.03,-0.01,69.96999999313003,-0.010266472550000615,69.99999999363723
17.708,-0.038,-0.016,825,0,-825,-0.03,-0.01,69.96999999313003,-0.010266472550000615,69.99999999363723
17.908,-0.034,-0.014,825,0,-825,-0.03,-0.01,69.96999999313003,-0.010266472550000615,69.99999999363723
18.116,-0.032,-0.011,825,0,-825,-0.03,-0.01,69.96999999313003,-0.010266472550000615,69.99999999363723
18.324,-0.035,-0.009,825,0,-825,-0.03,-0.01,69.96999999313003,-0.010266472550000615,69.99999999363723
18.532,-0.039,-0.01,0,0,0,69.96999999313003,-0.010266472550000615,69.96999999313003,-0.010266472550000615,0.0
18.744,-0.042,-0.011,825,0,-825,-0.03,-0.01,69.96999999313003,-0.010266472550000615,69.99999999363723
18.948,-0.045,-0.013,825,0,-825,-0.03,-0.01,69.96999999313003,-0.010266472550000615,69.99999999363723
19.156,-0.044,-0.016,825,0,-825,-0.03,-0.01,69.96999999313003,-0.010266472550000615,69.99999999363723
19.356,-0.039,-0.018,825,0,-825,-0.03,-0.01,69.96999999313003,-0.010266472550000615,69.99999999363723
19.564,-0.033,-0.018,825,0,-825,-0.03,-0.01,69.96999999313003,-0.010266472550000615,69.99999999363723
19.772,-0.028,-0.02,0,0,0,69.97199999195198,-0.010266494429388437,69.97199999195198,-0.010266494429388437,0.0
19.972,-0.025,-0.019,0,0,0,69.97499999206958,-0.010266527248490788,69.97499999206958,-0.010266527248490788,0.0
20.18,-0.025,-0.018,0,0,0,69.97499999218738,-0.010266527248492077,69.97499999218738,-0.010266527248492077,0.0
20.388,-0.025,-0.013,0,0,0,69.97499999277635,-0.01026652724849852,69.97499999277635,-0.01026652724849852,0.0
20.596,-0.022,-0.006,0,0,0,69.97799999360072,-0.010266560067608604,69.97799999360072,-0.010266560067608604,0.0
20.804,-0.019,0.0,0,0,0,69.98099999430731,-0.010266592886717397,69.98099999430731,-0.010266592886717397,0.0
21.004,-0.015,0.004,0,0,0,69.98499999477825,-0.010266636645523968,69.98499999477825,-0.010266636645523968,0.0
21.212,-0.013,0.006,0,0,0,69.98699999501372,-0.010266658524927254,69.98699999501372,-0.010266658524927254,0.0
21.42,-0.013,0.01,825,0,-825,-0.03,-0.01,69.9869999954849,-0.010266658524932408,70.01699999599268
21.628,-0.015,0.013,825,0,-825,-0.03,-0.01,69.9849999958384,-0.010266636645535567,70.0149999963461
21.836,-0.018,0.016,825,0,-825,-0.03,-0.01,69.98199999619196,-0.01026660382643837,70.01199999669957
22.036,-0.022,0.018,825,0,-825,-0.03,-0.01,69.97799999642777,-0.01026656006763953,70.00799999693524
22.244,-0.028,0.02,825,0,-825,-0.03,-0.01,69.97199999666373,-0.010266494429439983,70.001999997171
22.452,-0.034,0.022,825,0,-825,-0.03,-0.01,69.96999999313003,-0.010266472550000615,69.99999999363723
22.66,-0.038,0.023,825,0,-825,-0.03,-0.01,69.96999999313003,-0.010266472550000615,69.99999999363723
22.868,-0.043,0.023,825,0,-825,-0.03,-0.01,69.96999999313003,-0.010266472550000615,69.99999999363723
23.068,-0.044,0.024,825,0,-825,-0.03,-0.01,69.96999999313003,-0.010266472550000615,69.99999999363723
23.276,-0.046,0.022,825,0,-825,-0.03,-0.01,69.96999999313003,-0.010266472550000615,69.99999999363723
23.484,-0.047,0.017,825,0,-825,-0.03,-0.01,69.96999999313003,-0.010266472550000615,69.99999999363723
23.696,-0.044,0.013,825,0,-825,-0.03,-0.01,69.96999999313003,-0.010266472550000615,69.99999999363723
23.9,-0.041,0.012,825,0,-825,-0.03,-0.01,69.96999999313003,-0.010266472550000615,69.99999999363723
24.1,-0.04,0.012,825,0,-825,-0.03,-0.01,69.96999999313003,-0.010266472550000615,69.99999999363723
24.308,-0.041,0.012,825,0,-825,-0.03,-0.01,69.96999999313003,-0.010266472550000615,69.99999999363723
24.516,-0.043,0.009,825,0,-825,-0.03,-0.01,69.96999999313003,-0.010266472550000615,69.99999999363723
24.716,-0.044,0.005,825,0,-825,-0.03,-0.01,69.96999999313003,-0.010266472550000615,69.99999999363723
24.924,-0.046,0.002,825,0,-825,-0.03,-0.01,69.96999999313003,-0.010266472550000615,69.99999999363723
25.132,-0.048,-0.0,825,0,-825,-0.03,-0.01,69.96999999313003,-0.010266472550000615,69.99999999363723
25.34,-0.049,-0.003,825,0,-825,-0.03,-0.01,69.96999999313003,-0.010266472550000615,69.99999999363723
25.548,-0.049,-0.005,825,0,-825,-0.03,-0.01,69.96999999313003,-0.010266472550000615,69.99999999363723
25.748,-0.046,-0.007,825,0,-825,-0.03,-0.01,69.96999999313003,-0.010266472550000615,69.99999999363723
25.956,-0.042,-0.009,825,0,-825,-0.03,-0.01,69.96999999313003,-0.010266472550000615,69.99999999363723
26.164,-0.041,-0.011,825,0,-825,-0.03,-0.01,69.96999999313003,-0.010266472550000615,69.99999999363723
26.372,-0.041,-0.013,825,0,-825,-0.03,-0.01,69.96999999313003,-0.010266472550000615,69.99999999363723
26.58,-0.044,-0.013,825,0,-825,-0.03,-0.01,69.96999999313003,-0.010266472550000615,69.99999999363723
26.78,-0.049,-0.013,825,0,-825,-0.03,-0.01,69.96999999313003,-0.010266472550000615,69.99999999363723
26.988,-0.054,-0.012,0,0,0,69.96999999313003,-0.010266472550000615,69.96999999313003,-0.010266472550000615,0.0
27.196,-0.054,-0.011,0,0,0,69.96999999313003,-0.010266472550000615,69.96999999313003,-0.010266472550000615,0.0
27.404,-0.051,-0.01,0,0,0,69.96999999313003,-0.010266472550000615,69.96999999313003,-0.010266472550000615,0.0
27.612,-0.046,-0.008,825,0,-825,-0.03,-0.01,69.96999999313003,-0.010266472550000615,69.99999999363723
27.812,-0.041,-0.006,825,0,-825,-0.03,-0.01,69.96999999313003,-0.010266472550000615,69.99999999363723
28.02,-0.037,-0.004,825,0,-825,-0.03,-0.01,69.96999999313003,-0.010266472550000615,69.99999999363723
28.228,-0.036,-0.001,825,0,-825,-0.03,-0.01,69.96999999313003,-0.010266472550000615,69.99999999363723
28.436,-0.036,0.001,825,0,-825,-0.03,-0.01,69.96999999313003,-0.010266472550000615,69.99999999363723
28.644,-0.037,0.001,825,0,-825,-0.03,-0.01,69.96999999313003,-0.010266472550000615,69.99999999363723
28.848,-0.039,0.002,825,0,-825,-0.03,-0.01,69.96999999313003,-0.010266472550000615,69.99999999363723
29.056,-0.039,0.005,825,0,-825,-0.03,-0.01,69.96999999313003,-0.010266472550000615,69.99999999363723
29.264,-0.039,0.008,825,0,-825,-0.03,-0.01,69.96999999313003,-0.010266472550000615,69.99999999363723
29.472,-0.038,0.012,825,0,-825,-0.03,-0.01,69.96999999313003,-0.010266472550000615,69.99999999363723
29.68,-0.033,0.014,825,0,-825,-0.03,-0.01,69.96999999313003,-0.010266472550000615,69.99999999363723
29.888,-0.027,0.015,825,0,-825,-0.03,-0.01,69.97299999607469,-0.010266505369133894,70.00299999658199
30.096,-0.024,0.014,825,0,-825,-0.03,-0.01,69.97599999595673,-0.010266538188233667,70.00599999646413
30.304,-0.021,0.009,825,0,-825,-0.03,-0.01,69.97899999536757,-0.010266571007328286,70.00899999587507
30.504,-0.019,0.004,825,0,-825,-0.03,-0.01,69.98099999477849,-0.010266592886722551,70.01099999528606
30.712,-0.019,-0.0,0,0,0,69.98099999430731,-0.010266592886717397,69.98099999430731,-0.010266592886717397,0.0
30.92,-0.02,-0.006,0,0,0,69.97999999360061,-0.010266581947009312,69.97999999360061,-0.010266581947009312,0.0
31.128,-0.023,-0.009,0,0,0,69.97699999324742,-0.010266549127904383,69.97699999324742,-0.010266549127904383,0.0
31.336,-0.028,-0.011,0,0,0,69.97199999301212,-0.010266494429400036,69.97199999301212,-0.010266494429400036,0.0
31.536,-0.03,-0.011,825,0,-825,-0.03,-0.01,69.96999999313003,-0.010266472550000615,69.99999999363723
31.744,-0.031,-0.011,825,0,-825,-0.03,-0.01,69.96999999313003,-0.010266472550000615,69.99999999363723
31.952,-0.03,-0.011,825,0,-825,-0.03,-0.01,69.96999999313003,-0.010266472550000615,69.99999999363723
32.16,-0.029,-0.01,0,0,0,69.97099999312998,-0.01026648348970097,69.97099999312998,-0.01026648348970097,0.0
32.36,-0.028,-0.008,0,0,0,69.9719999933655,-0.0102664944294039,69.9719999933655,-0.0102664944294039,0.0
32.56,-0.028,-0.007,825,0,-825,-0.03,-0.01,69.9719999934833,-0.01026649442940519,70.00199999399057
32.768,-0.026,-0.006,0,0,0,69.97399999360097,-0.010266516308807186,69.97399999360097,-0.010266516308807186,0.0
32.968,-0.021,-0.005,0,0,0,69.97899999371846,-0.010266571007310247,69.97899999371846,-0.010266571007310247,0.0
33.176,-0.016,-0.005,0,0,0,69.98399999371816,-0.010266625705812016,69.98399999371816,-0.010266625705812016,0.0
33.384,-0.01,-0.004,0,0,0,69.9899999938356,-0.01026669134401543,69.9899999938356,-0.01026669134401543,0.0
33.584,-0.007,-0.002,0,0,0,69.992999994071,-0.01026672416311907,69.992999994071,-0.01026672416311907,0.0
33.792,-0.008,-0.001,0,0,0,69.99199999418886,-0.010266713223420005,69.99199999418886,-0.010266713223420005,0.0
34.0,-0.01,-0.002,0,0,0,69.98999999407118,-0.010266691344018006,69.98999999407118,-0.010266691344018006,0.0
34.2,-0.01,-0.004,0,0,0,69.9899999938356,-0.01026669134401543,69.9899999938356,-0.01026669134401543,0.0
34.404,-0.01,-0.006,0,0,0,69.98999999360001,-0.010266691344012853,69.98999999360001,-0.010266691344012853,0.0
34.612,-0.011,-0.006,0,0,0,69.98899999360007,-0.010266680404312499,69.98899999360007,-0.010266680404312499,0.0
34.82,-0.015,-0.006,0,0,0,69.98499999360031,-0.010266636645511081,69.98499999360031,-0.010266636645511081,0.0
35.02,-0.023,-0.006,0,0,0,69.9769999936008,-0.01026654912790825,69.9769999936008,-0.01026654912790825,0.0
35.228,-0.031,-0.004,825,0,-825,-0.03,-0.01,69.96999999313003,-0.010266472550000615,69.99999999363723
35.436,-0.038,-0.001,825,0,-825,-0.03,-0.01,69.96999999313003,-0.010266472550000615,69.99999999363723
35.636,-0.045,-0.001,825,0,-825,-0.03,-0.01,69.96999999313003,-0.010266472550000615,69.99999999363723
35.844,-0.049,0.0,825,0,-825,-0.03,-0.01,69.96999999313003,-0.010266472550000615,69.99999999363723
36.052,-0.049,-0.001,825,0,-825,-0.03,-0.01,69.96999999313003,-0.010266472550000615,69.99999999363723
36.252,-0.047,-0.003,825,0,-825,-0.03,-0.01,69.96999999313003,-0.010266472550000615,69.99999999363723
36.46,-0.047,-0.004,825,0,-825,-0.03,-0.01,69.96999999313003,-0.010266472550000615,69.99999999363723
36.668,-0.049,-0.003,825,0,-825,-0.03,-0.01,69.96999999313003,-0.010266472550000615,69.99999999363723
36.868,-0.051,-0.002,825,0,-825,-0.03,-0.01,69.96999999313003,-0.010266472550000615,69.99999999363723
37.076,-0.053,-0.002,825,0,-825,-0.03,-0.01,69.96999999313003,-0.010266472550000615,69.99999999363723
37.276,-0.054,-0.001,825,0,-825,-0.03,-0.01,69.96999999313003,-0.010266472550000615,69.99999999363723
37.484,-0.056,-0.001,825,0,-825,-0.03,-0.01,69.96999999313003,-0.010266472550000615,69.99999999363723
37.692,-0.057,-0.002,825,0,-825,-0.03,-0.01,69.96999999313003,-0.010266472550000615,69.99999999363723
37.892,-0.058,-0.005,825,0,-825,-0.03,-0.01,69.96999999313003,-0.010266472550000615,69.99999999363723
38.104,-0.059,-0.01,0,0,0,69.96999999313003,-0.010266472550000615,69.96999999313003,-0.010266472550000615,0.0
38.308,-0.061,-0.013,825,0,-825,-0.03,-0.01,69.96999999313003,-0.010266472550000615,69.99999999363723
38.508,-0.061,-0.014,825,0,-825,-0.03,-0.01,69.96999999313003,-0.010266472550000615,69.99999999363723
38.716,-0.062,-0.013,0,0,0,69.96999999313003,-0.010266472550000615,69.96999999313003,-0.010266472550000615,0.0
38.924,-0.062,-0.01,0,0,0,69.96999999313003,-0.010266472550000615,69.96999999313003,-0.010266472550000615,0.0
39.124,-0.061,-0.008,825,0,-825,-0.03,-0.01,69.96999999313003,-0.010266472550000615,69.99999999363723
39.332,-0.057,-0.007,825,0,-825,-0.03,-0.01,69.96999999313003,-0.010266472550000615,69.99999999363723
39.54,-0.05,-0.006,825,0,-825,-0.03,-0.01,69.96999999313003,-0.010266472550000615,69.99999999363723
39.74,-0.044,-0.005,825,0,-825,-0.03,-0.01,69.96999999313003,-0.010266472550000615,69.99999999363723
39.948,-0.04,-0.005,825,0,-825,-0.03,-0.01,69.96999999313003,-0.010266472550000615,69.99999999363723
40.152,-0.038,-0.006,825,0,-825,-0.03,-0.01,69.96999999313003,-0.010266472550000615,69.99999999363723
40.356,-0.04,-0.008,825,0,-825,-0.03,-0.01,69.96999999313003,-0.010266472550000615,69.99999999363723
40.564,-0.042,-0.01,0,0,0,69.96999999313003,-0.010266472550000615,69.96999999313003,-0.010266472550000615,0.0
40.764,-0.045,-0.011,825,0,-825,-0.03,-0.01,69.96999999313003,-0.010266472550000615,69.99999999363723
40.972,-0.049,-0.009,825,0,-825,-0.03,-0.01,69.96999999313003,-0.010266472550000615,69.99999999363723
41.18,-0.052,-0.008,825,0,-825,-0.03,-0.01,69.96999999313003,-0.010266472550000615,69.99999999363723
41.38,-0.054,-0.008,825,0,-825,-0.03,-0.01,69.96999999313003,-0.010266472550000615,69.99999999363723
41.588,-0.057,-0.008,825,0,-825,-0.03,-0.01,69.96999999313003,-0.010266472550000615,69.99999999363723
41.8,-0.059,-0.009,825,0,-825,-0.03,-0.01,69.96999999313003,-0.010266472550000615,69.99999999363723
42.004,-0.057,-0.008,825,0,-825,-0.03,-0.01,69.96999999313003,-0.010266472550000615,69.99999999363723
42.204,-0.054,-0.004,825,0,-825,-0.03,-0.01,69.96999999313003,-0.010266472550000615,69.99999999363723
42.404,-0.053,0.001,825,0,-825,-0.03,-0.01,69.96999999313003,-0.010266472550000615,69.99999999363723
42.612,-0.054,0.007,825,0,-825,-0.03,-0.01,69.96999999313003,-0.010266472550000615,69.99999999363723
42.82,-0.054,0.011,825,0,-825,-0.03,-0.01,69.96999999313003,-0.010266472550000615,69.99999999363723
43.02,-0.052,0.013,825,0,-825,-0.03,-0.01,69.96999999313003,-0.010266472550000615,69.99999999363723
43.228,-0.05,0.015,825,0,-825,-0.03,-0.01,69.96999999313003,-0.010266472550000615,69.99999999363723
43.436,-0.048,0.014,825,0,-825,-0.03,-0.01,69.96999999313003,-0.010266472550000615,69.99999999363723
43.636,-0.046,0.015,825,0,-825,-0.03,-0.01,69.96999999313003,-0.010266472550000615,69.99999999363723
43.844,-0.045,0.017,825,0,-825,-0.03,-0.01,69.96999999313003,-0.010266472550000615,69.99999999363723
44.052,-0.045,0.017,825,0,-825,-0.03,-0.01,69.96999999313003,-0.010266472550000615,69.99999999363723
44.252,-0.046,0.015,825,0,-825,-0.03,-0.01,69.96999999313003,-0.010266472550000615,69.99999999363723
44.46,-0.045,0.015,825,0,-825,-0.03,-0.01,69.96999999313003,-0.010266472550000615,69.99999999363723
44.668,-0.043,0.015,825,0,-825,-0.03,-0.01,69.96999999313003,-0.010266472550000615,69.99999999363723
44.868,-0.041,0.016,825,0,-825,-0.03,-0.01,69.96999999313003,-0.010266472550000615,69.99999999363723
45.076,-0.039,0.017,825,0,-825,-0.03,-0.01,69.96999999313003,-0.010266472550000615,69.99999999363723
45.276,-0.036,0.017,825,0,-825,-0.03,-0.01,69.96999999313003,-0.010266472550000615,69.99999999363723
45.484,-0.033,0.013,825,0,-825,-0.03,-0.01,69.96999999313003,-0.010266472550000615,69.99999999363723
45.688,-0.032,0.008,825,0,-825,-0.03,-0.01,69.96999999313003,-0.010266472550000615,69.99999999363723
45.896,-0.034,0.003,825,0,-825,-0.03,-0.01,69.96999999313003,-0.010266472550000615,69.99999999363723
46.104,-0.038,-0.003,825,0,-825,-0.03,-0.01,69.96999999313003,-0.010266472550000615,69.99999999363723
46.304,-0.04,-0.011,825,0,-825,-0.03,-0.01,69.96999999313003,-0.010266472550000615,69.99999999363723
46.512,-0.043,-0.018,825,0,-825,-0.03,-0.01,69.96999999313003,-0.010266472550000615,69.99999999363723
46.712,-0.049,-0.024,825,0,-825,-0.03,-0.01,69.96999999313003,-0.010266472550000615,69.99999999363723
46.92,-0.054,-0.026,825,0,-825,-0.03,-0.01,69.96999999313003,-0.010266472550000615,69.99999999363723
47.128,-0.056,-0.025,825,0,-825,-0.03,-0.01,69.96999999313003,-0.010266472550000615,69.99999999363723
47.328,-0.054,-0.023,825,0,-825,-0.03,-0.01,69.96999999313003,-0.010266472550000615,69.99999999363723
47.536,-0.052,-0.02,825,0,-825,-0.03,-0.01,69.96999999313003,-0.010266472550000615,69.99999999363723
47.744,-0.052,-0.018,825,0,-825,-0.03,-0.01,69.96999999313003,-0.010266472550000615,69.99999999363723
47.944,-0.05,-0.016,825,0,-825,-0.03,-0.01,69.96999999313003,-0.010266472550000615,69.99999999363723
48.152,-0.045,-0.016,825,0,-825,-0.03,-0.01,69.96999999313003,-0.010266472550000615,69.99999999363723
48.36,-0.041,-0.016,825,0,-825,-0.03,-0.01,69.96999999313003,-0.010266472550000615,69.99999999363723
48.56,-0.037,-0.018,825,0,-825,-0.03,-0.01,69.96999999313003,-0.010266472550000615,69.99999999363723
48.768,-0.035,-0.019,825,0,-825,-0.03,-0.01,69.96999999313003,-0.010266472550000615,69.99999999363723
48.968,-0.033,-0.019,825,0,-825,-0.03,-0.01,69.96999999313003,-0.010266472550000615,69.99999999363723
49.176,-0.03,-0.021,825,0,-825,-0.03,-0.01,69.96999999313003,-0.010266472550000615,69.99999999363723
49.384,-0.027,-0.023,0,0,0,69.97299999159853,-0.010266505369084926,69.97299999159853,-0.010266505369084926,0.0
49.584,-0.025,-0.026,0,0,0,69.97499999124503,-0.010266527248481767,69.97499999124503,-0.010266527248481767,0.0
49.792,-0.026,-0.03,0,0,0,69.97399999077392,-0.01026651630877626,69.97399999077392,-0.01026651630877626,0.0
50.0,-0.028,-0.035,0,0,0,69.97199999018507,-0.010266494429369109,69.97199999018507,-0.010266494429369109,0.0
50.2,-0.027,-0.04,0,0,0,69.97299998959603,-0.010266505369063018,69.97299998959603,-0.010266505369063018,0.0
50.408,-0.027,-0.045,0,0,0,69.97299998900706,-0.010266505369056576,69.97299998900706,-0.010266505369056576,0.0
50.616,-0.028,-0.046,0,0,0,69.97199998888934,-0.010266494429354933,69.97199998888934,-0.010266494429354933,0.0
50.816,-0.031,-0.044,825,0,-825,-0.03,-0.01,69.96999999313003,-0.010266472550000615,69.99999999363723
51.024,-0.034,-0.041,825,0,-825,-0.03,-0.01,69.96999999313003,-0.010266472550000615,69.99999999363723
51.232,-0.035,-0.036,825,0,-825,-0.03,-0.01,69.96999999313003,-0.010266472550000615,69.99999999363723
51.432,-0.034,-0.03,825,0,-825,-0.03,-0.01,69.96999999313003,-0.010266472550000615,69.99999999363723
51.64,-0.033,-0.026,825,0,-825,-0.03,-0.01,69.96999999313003,-0.010266472550000615,69.99999999363723
51.84,-0.035,-0.024,825,0,-825,-0.03,-0.01,69.96999999313003,-0.010266472550000615,69.99999999363723
52.048,-0.037,-0.021,825,0,-825,-0.03,-0.01,69.96999999313003,-0.010266472550000615,69.99999999363723
52.256,-0.037,-0.017,825,0,-825,-0.03,-0.01,69.96999999313003,-0.010266472550000615,69.99999999363723
52.456,-0.035,-0.013,825,0,-825,-0.03,-0.01,69.96999999313003,-0.010266472550000615,69.99999999363723
52.664,-0.036,-0.01,0,0,0,69.96999999313003,-0.010266472550000615,69.96999999313003,-0.010266472550000615,0.0
52.872,-0.039,-0.007,825,0,-825,-0.03,-0.01,69.96999999313003,-0.010266472550000615,69.99999999363723
53.072,-0.042,-0.008,825,0,-825,-0.03,-0.01,69.96999999313003,-0.010266472550000615,69.99999999363723
53.28,-0.047,-0.009,825,0,-825,-0.03,-0.01,69.96999999313003,-0.010266472550000615,69.99999999363723
53.488,-0.051,-0.012,0,0,0,69.96999999313003,-0.010266472550000615,69.96999999313003,-0.010266472550000615,0.0
53.688,-0.055,-0.013,825,0,-825,-0.03,-0.01,69.96999999313003,-0.010266472550000615,69.99999999363723
53.896,-0.056,-0.015,0,0,0,69.96999999313003,-0.010266472550000615,69.96999999313003,-0.010266472550000615,0.0
54.104,-0.055,-0.018,825,0,-825,-0.03,-0.01,69.96999999313003,-0.010266472550000615,69.99999999363723
54.304,-0.051,-0.021,825,0,-825,-0.03,-0.01,69.96999999313003,-0.010266472550000615,69.99999999363723
54.508,-0.047,-0.023,825,0,-825,-0.03,-0.01,69.96999999313003,-0.010266472550000615,69.99999999363723
54.712,-0.04,-0.023,825,0,-825,-0.03,-0.01,69.96999999313003,-0.010266472550000615,69.99999999363723
54.92,-0.036,-0.02,825,0,-825,-0.03,-0.01,69.96999999313003,-0.010266472550000615,69.99999999363723
55.128,-0.035,-0.015,825,0,-825,-0.03,-0.01,69.96999999313003,-0.010266472550000615,69.99999999363723
55.332,-0.035,-0.008,825,0,-825,-0.03,-0.01,69.96999999313003,-0.010266472550000615,69.99999999363723
55.536,-0.036,-0.001,825,0,-825,-0.03,-0.01,69.96999999313003,-0.010266472550000615,69.99999999363723
55.744,-0.035,0.005,825,0,-825,-0.03,-0.01,69.96999999313003,-0.010266472550000615,69.99999999363723
55.944,-0.032,0.007,825,0,-825,-0.03,-0.01,69.96999999313003,-0.010266472550000615,69.99999999363723
56.152,-0.029,0.01,825,0,-825,-0.03,-0.01,69.97099999548585,-0.010266483489726742,70.00099999599308
56.36,-0.026,0.013,825,0,-825,-0.03,-0.01,69.97399999583905,-0.01026651630883167,70.0039999963464
56.56,-0.024,0.016,825,0,-825,-0.03,-0.01,69.97599999619231,-0.010266538188236245,70.00599999669971
56.768,-0.023,0.019,825,0,-825,-0.03,-0.01,69.97699999654564,-0.010266549127940465,70.00699999705309
56.968,-0.022,0.021,825,0,-825,-0.03,-0.01,69.97799999678115,-0.010266560067643395,70.00799999728862
57.176,-0.02,0.021,825,0,-825,-0.03,-0.01,69.97999999678105,-0.010266581947044105,70.00999999728859
57.384,-0.02,0.019,825,0,-825,-0.03,-0.01,69.97999999654546,-0.010266581947041527,70.009999997053
57.584,-0.021,0.016,825,0,-825,-0.03,-0.01,69.97899999619213,-0.010266571007337306,70.00899999669964
57.792,-0.021,0.011,825,0,-825,-0.03,-0.01,69.97899999560316,-0.010266571007330864,70.00899999611066
58.0,-0.02,0.006,825,0,-825,-0.03,-0.01,69.97999999501414,-0.010266581947024775,70.00999999552168
58.2,-0.019,0.001,0,0,0,69.9809999944251,-0.010266592886718686,69.9809999944251,-0.010266592886718686,0.0
58.408,-0.02,-0.004,0,0,0,69.9799999938362,-0.01026658194701189,69.9799999938362,-0.01026658194701189,0.0
58.616,-0.024,-0.01,0,0,0,69.97599999312968,-0.01026653818820274,69.97599999312968,-0.01026653818820274,0.0
58.816,-0.027,-0.016,0,0,0,69.97299999242308,-0.010266505369093947,69.97299999242308,-0.010266505369093947,0.0
59.024,-0.028,-0.021,0,0,0,69.97199999183418,-0.010266494429387148,69.97199999183418,-0.010266494429387148,0.0
59.232,-0.03,-0.023,825,0,-825,-0.03,-0.01,69.96999999313003,-0.010266472550000615,69.99999999363723
59.432,-0.03,-0.024,825,0,-825,-0.03,-0.01,69.96999999313003,-0.010266472550000615,69.99999999363723
59.64,-0.033,-0.024,825,0,-825,-0.03,-0.01,69.96999999313003,-0.010266472550000615,69.99999999363723
59.84,-0.037,-0.022,825,0,-825,-0.03,-0.01,69.96999999313003,-0.010266472550000615,69.99999999363723
60.048,-0.042,-0.02,825,0,-825,-0.03,-0.01,69.96999999313003,-0.010266472550000615,69.99999999363723
60.256,-0.044,-0.018,825,0,-825,-0.03,-0.01,69.96999999313003,-0.010266472550000615,69.99999999363723
60.456,-0.048,-0.016,825,0,-825,-0.03,-0.01,69.96999999313003,-0.010266472550000615,69.99999999363723
60.664,-0.05,-0.013,825,0,-825,-0.03,-0.01,69.96999999313003,-0.010266472550000615,69.99999999363723
60.872,-0.05,-0.009,825,0,-825,-0.03,-0.01,69.96999999313003,-0.010266472550000615,69.99999999363723
61.072,-0.05,-0.005,825,0,-825,-0.03,-0.01,69.96999999313003,-0.010266472550000615,69.99999999363723
61.28,-0.05,0.001,825,0,-825,-0.03,-0.01,69.96999999313003,-0.010266472550000615,69.99999999363723
61.488,-0.052,0.005,825,0,-825,-0.03,-0.01,69.96999999313003,-0.010266472550000615,69.99999999363723
61.688,-0.055,0.006,825,0,-825,-0.03,-0.01,69.96999999313003,-0.010266472550000615,69.99999999363723
61.896,-0.061,0.009,825,0,-825,-0.03,-0.01,69.96999999313003,-0.010266472550000615,69.99999999363723
62.104,-0.068,0.01,825,0,-825,-0.03,-0.01,69.96999999313003,-0.010266472550000615,69.99999999363723
62.304,-0.074,0.008,825,0,-825,-0.03,-0.01,69.96999999313003,-0.010266472550000615,69.99999999363723
62.512,-0.079,0.005,825,0,-825,-0.03,-0.01,69.96999999313003,-0.010266472550000615,69.99999999363723
62.712,-0.079,0.004,825,0,-825,-0.03,-0.01,69.96999999313003,-0.010266472550000615,69.99999999363723
62.92,-0.078,0.003,825,0,-825,-0.03,-0.01,69.96999999313003,-0.010266472550000615,69.99999999363723
63.128,-0.075,0.003,825,0,-825,-0.03,-0.01,69.96999999313003,-0.010266472550000615,69.99999999363723
63.328,-0.074,0.002,825,0,-825,-0.03,-0.01,69.96999999313003,-0.010266472550000615,69.99999999363723
63.536,-0.071,0.001,825,0,-825,-0.03,-0.01,69.96999999313003,-0.010266472550000615,69.99999999363723
63.744,-0.069,0.001,825,0,-825,-0.03,-0.01,69.96999999313003,-0.010266472550000615,69.99999999363723
63.944,-0.064,0.001,825,0,-825,-0.03,-0.01,69.96999999313003,-0.010266472550000615,69.99999999363723
64.144,-0.059,0.005,825,0,-825,-0.03,-0.01,69.96999999313003,-0.010266472550000615,69.99999999363723
64.352,-0.055,0.01,825,0,-825,-0.03,-0.01,69.96999999313003,-0.010266472550000615,69.99999999363723
64.552,-0.051,0.011,825,0,-825,-0.03,-0.01,69.96999999313003,-0.010266472550000615,69.99999999363723
64.76,-0.047,0.012,825,0,-825,-0.03,-0.01,69.96999999313003,-0.010266472550000615,69.99999999363723
64.968,-0.045,0.016,825,0,-825,-0.03,-0.01,69.96999999313003,-0.010266472550000615,69.99999999363723
65.168,-0.047,0.017,825,0,-825,-0.03,-0.01,69.96999999313003,-0.010266472550000615,69.99999999363723
65.376,-0.05,0.016,825,0,-825,-0.03,-0.01,69.96999999313003,-0.010266472550000615,69.99999999363723
65.584,-0.052,0.013,825,0,-825,-0.03,-0.01,69.96999999313003,-0.010266472550000615,69.99999999363723
65.784,-0.051,0.011,825,0,-825,-0.03,-0.01,69.96999999313003,-0.010266472550000615,69.99999999363723
65.992,-0.049,0.008,825,0,-825,-0.03,-0.01,69.96999999313003,-0.010266472550000615,69.99999999363723
66.2,-0.051,0.005,825,0,-825,-0.03,-0.01,69.96999999313003,-0.010266472550000615,69.99999999363723
66.4,-0.053,0.003,825,0,-825,-0.03,-0.01,69.96999999313003,-0.010266472550000615,69.99999999363723
66.608,-0.055,0.001,825,0,-825,-0.03,-0.01,69.96999999313003,-0.010266472550000615,69.99999999363723
66.808,-0.053,-0.002,825,0,-825,-0.03,-0.01,69.96999999313003,-0.010266472550000615,69.99999999363723
67.016,-0.049,-0.006,825,0,-825,-0.03,-0.01,69.96999999313003,-0.010266472550000615,69.99999999363723
67.224,-0.048,-0.009,825,0,-825,-0.03,-0.01,69.96999999313003,-0.010266472550000615,69.99999999363723
67.424,-0.047,-0.011,825,0,-825,-0.03,-0.01,69.96999999313003,-0.010266472550000615,69.99999999363723
67.632,-0.048,-0.012,0,0,0,69.96999999313003,-0.010266472550000615,69.96999999313003,-0.010266472550000615,0.0
67.84,-0.048,-0.015,825,0,-825,-0.03,-0.01,69.96999999313003,-0.010266472550000615,69.99999999363723
68.044,-0.048,-0.016,825,0,-825,-0.03,-0.01,69.96999999313003,-0.010266472550000615,69.99999999363723
68.244,-0.047,-0.019,825,0,-825,-0.03,-0.01,69.96999999313003,-0.010266472550000615,69.99999999363723
68.444,-0.046,-0.021,825,0,-825,-0.03,-0.01,69.96999999313003,-0.010266472550000615,69.99999999363723
68.644,-0.046,-0.022,825,0,-825,-0.03,-0.01,69.96999999313003,-0.010266472550000615,69.99999999363723
68.852,-0.043,-0.022,825,0,-825,-0.03,-0.01,69.96999999313003,-0.010266472550000615,69.99999999363723
69.052,-0.04,-0.021,825,0,-825,-0.03,-0.01,69.96999999313003,-0.010266472550000615,69.99999999363723
69.26,-0.036,-0.019,825,0,-825,-0.03,-0.01,69.96999999313003,-0.010266472550000615,69.99999999363723
69.468,-0.032,-0.017,825,0,-825,-0.03,-0.01,69.96999999313003,-0.010266472550000615,69.99999999363723
69.672,-0.029,-0.016,0,0,0,69.97099999242322,-0.010266483489693237,69.97099999242322,-0.010266483489693237,0.0
69.876,-0.026,-0.016,0,0,0,69.97399999242303,-0.0102665163087943,69.97399999242303,-0.0102665163087943,0.0
70.084,-0.022,-0.015,0,0,0,69.97799999254057,-0.010266560067597005,69.97799999254057,-0.010266560067597005,0.0
70.284,-0.016,-0.013,0,0,0,69.98399999277581,-0.010266625705801707,69.98399999277581,-0.010266625705801707,0.0
70.492,-0.012,-0.009,0,0,0,69.98799999324675,-0.010266669464608278,69.98799999324675,-0.010266669464608278,0.0
70.7,-0.012,-0.005,0,0,0,69.98799999371792,-0.010266669464613434,69.98799999371792,-0.010266669464613434,0.0
70.9,-0.015,-0.001,0,0,0,69.98499999418928,-0.010266636645517526,69.98499999418928,-0.010266636645517526,0.0
71.108,-0.02,0.004,825,0,-825,-0.03,-0.01,69.97999999477855,-0.010266581947022197,70.0099999952861
71.308,-0.024,0.01,825,0,-825,-0.03,-0.01,69.97599999548555,-0.010266538188228513,70.00599999599295
71.516,-0.027,0.014,825,0,-825,-0.03,-0.01,69.9729999959569,-0.010266505369132605,70.0029999964642
71.72,-0.03,0.014,825,0,-825,-0.03,-0.01,69.96999999595708,-0.010266472550031543,69.99999999646428
71.92,-0.033,0.013,825,0,-825,-0.03,-0.01,69.96999999313003,-0.010266472550000615,69.99999999363723
72.12,-0.035,0.011,825,0,-825,-0.03,-0.01,69.96999999313003,-0.010266472550000615,69.99999999363723
72.328,-0.036,0.009,825,0,-825,-0.03,-0.01,69.96999999313003,-0.010266472550000615,69.99999999363723
72.528,-0.038,0.007,825,0,-825,-0.03,-0.01,69.96999999313003,-0.010266472550000615,69.99999999363723
72.736,-0.04,0.008,825,0,-825,-0.03,-0.01,69.96999999313003,-0.010266472550000615,69.99999999363723
72.936,-0.039,0.009,825,0,-825,-0.03,-0.01,69.96999999313003,-0.010266472550000615,69.99999999363723
73.144,-0.038,0.01,825,0,-825,-0.03,-0.01,69.96999999313003,-0.010266472550000615,69.99999999363723
73.352,-0.038,0.012,825,0,-825,-0.03,-0.01,69.96999999313003,-0.010266472550000615,69.99999999363723
73.552,-0.037,0.014,825,0,-825,-0.03,-0.01,69.96999999313003,-0.010266472550000615,69.99999999363723
73.76,-0.037,0.016,825,0,-825,-0.03,-0.01,69.96999999313003,-0.010266472550000615,69.99999999363723
73.968,-0.035,0.016,825,0,-825,-0.03,-0.01,69.96999999313003,-0.010266472550000615,69.99999999363723
74.168,-0.033,0.014,825,0,-825,-0.03,-0.01,69.96999999313003,-0.010266472550000615,69.99999999363723
74.376,-0.032,0.012,825,0,-825,-0.03,-0.01,69.96999999313003,-0.010266472550000615,69.99999999363723
74.584,-0.029,0.008,825,0,-825,-0.03,-0.01,69.97099999525027,-0.010266483489724166,70.0009999957575
74.784,-0.027,0.003,825,0,-825,-0.03,-0.01,69.97299999466117,-0.01026650536911843,70.00299999516847
74.992,-0.025,-0.001,825,0,-825,-0.03,-0.01,69.97499999418987,-0.010266527248513985,70.00499999469724
75.2,-0.023,-0.003,0,0,0,69.97699999395418,-0.010266549127912115,69.97699999395418,-0.010266549127912115,0.0
75.4,-0.023,-0.002,825,0,-825,-0.03,-0.01,69.97699999407197,-0.010266549127913404,70.00699999457942
75.608,-0.025,0.0,825,0,-825,-0.03,-0.01,69.97499999430767,-0.010266527248515272,70.00499999481504
75.808,-0.025,0.002,825,0,-825,-0.03,-0.01,69.97499999454325,-0.01026652724851785,70.00499999505062
76.016,-0.024,0.003,825,0,-825,-0.03,-0.01,69.975999994661,-0.010266538188219492,70.0059999951684
76.224,-0.021,0.001,825,0,-825,-0.03,-0.01,69.97899999442522,-0.010266571007317978,70.00899999493272
76.424,-0.017,-0.002,0,0,0,69.9829999940716,-0.010266614766115529,69.9829999940716,-0.010266614766115529,0.0
76.632,-0.013,-0.005,0,0,0,69.98699999371799,-0.01026665852491308,69.98699999371799,-0.01026665852491308,0.0
76.84,-0.008,-0.007,0,0,0,69.9919999934821,-0.010266713223412272,69.9919999934821,-0.010266713223412272,0.0
77.04,-0.004,-0.006,0,0,0,69.99599999359965,-0.010266756982214978,69.99599999359965,-0.010266756982214978,0.0
77.248,-0.001,-0.006,0,0,0,69.99899999359947,-0.01026678980131604,69.99899999359947,-0.01026678980131604,0.0
77.456,0.0,-0.006,0,0,0,69.99999999359942,-0.010266800741016394,69.99999999359942,-0.010266800741016394,0.0
77.656,0.002,-0.006,0,0,0,70.00199999359928,-0.010266822620417101,70.00199999359928,-0.010266822620417101,0.0
77.864,0.003,-0.006,0,0,0,70.00299999359923,-0.010266833560117455,70.00299999359923,-0.010266833560117455,0.0
78.072,0.003,-0.007,0,0,0,70.00299999348144,-0.010266833560116168,70.00299999348144,-0.010266833560116168,0.0
78.272,0.004,-0.008,0,0,0,70.00399999336359,-0.010266844499815233,70.00399999336359,-0.010266844499815233,0.0
78.48,0.008,-0.007,0,0,0,70.00799999348114,-0.010266888258617938,70.00799999348114,-0.010266888258617938,0.0
78.68,0.012,-0.005,0,0,0,70.01199999371649,-0.010266932017421931,70.01199999371649,-0.010266932017421931,0.0
78.888,0.014,-0.004,0,0,0,70.01399999383416,-0.010266953896823928,70.01399999383416,-0.010266953896823928,0.0
79.096,0.013,-0.006,0,0,0,70.01299999359864,-0.010266942957120998,70.01299999359864,-0.010266942957120998,0.0
79.296,0.012,-0.009,0,0,0,70.01199999324531,-0.010266932017416778,70.01199999324531,-0.010266932017416778,0.0
79.504,0.01,-0.016,0,0,0,70.00999999242089,-0.010266910138007049,70.00999999242089,-0.010266910138007049,0.0
79.712,0.013,-0.025,0,0,0,70.01299999136056,-0.010266942957096514,70.01299999136056,-0.010266942957096514,0.0
79.912,0.016,-0.032,0,0,0,70.01599999053582,-0.010266975776188556,70.01599999053582,-0.010266975776188556,0.0
80.116,0.019,-0.04,0,0,0,70.0189999895933,-0.01026700859527931,70.0189999895933,-0.01026700859527931,0.0
80.32,0.018,-0.046,0,0,0,70.01799998888659,-0.010266997655571222,70.01799998888659,-0.010266997655571222,0.0
80.52,0.015,-0.048,0,0,0,70.01499998865118,-0.010266964836467583,70.01499998865118,-0.010266964836467583,0.0
80.72,0.012,-0.047,0,0,0,70.01199998876915,-0.01026693201736781,70.01199998876915,-0.01026693201736781,0.0
80.92,0.008,-0.046,0,0,0,70.00799998888718,-0.010266888258567681,70.00799998888718,-0.010266888258567681,0.0
81.12,0.002,-0.044,0,0,0,70.00199998912312,-0.010266822620368134,70.00199998912312,-0.010266822620368134,0.0
81.328,-0.003,-0.043,0,0,0,69.99699998924122,-0.010266767921867653,69.99699998924122,-0.010266767921867653,0.0
81.528,-0.007,-0.042,0,0,0,69.99299998935925,-0.010266724163067524,69.99299998935925,-0.010266724163067524,0.0
81.736,-0.01,-0.04,0,0,0,69.98999998959502,-0.010266691343969039,69.98999998959502,-0.010266691343969039,0.0
81.936,-0.016,-0.041,0,0,0,69.98399998947758,-0.010266625705765626,69.98399998947758,-0.010266625705765626,0.0
82.144,-0.024,-0.043,0,0,0,69.97599998924248,-0.010266538188160215,69.97599998924248,-0.010266538188160215,0.0
82.352,-0.03,-0.047,825,0,-825,-0.03,-0.01,69.96999999313003,-0.010266472550000615,69.99999999363723
82.552,-0.033,-0.047,825,0,-825,-0.03,-0.01,69.96999999313003,-0.010266472550000615,69.99999999363723
82.76,-0.034,-0.045,825,0,-825,-0.03,-0.01,69.96999999313003,-0.010266472550000615,69.99999999363723
82.968,-0.034,-0.041,825,0,-825,-0.03,-0.01,69.96999999313003,-0.010266472550000615,69.99999999363723
83.172,-0.033,-0.038,825,0,-825,-0.03,-0.01,69.96999999313003,-0.010266472550000615,69.99999999363723
83.372,-0.031,-0.034,825,0,-825,-0.03,-0.01,69.96999999313003,-0.010266472550000615,69.99999999363723
83.572,-0.031,-0.028,825,0,-825,-0.03,-0.01,69.96999999313003,-0.010266472550000615,69.99999999363723
83.772,-0.03,-0.019,825,0,-825,-0.03,-0.01,69.96999999313003,-0.010266472550000615,69.99999999363723
83.98,-0.027,-0.01,0,0,0,69.97299999312985,-0.010266505369101678,69.97299999312985,-0.010266505369101678,0.0
84.18,-0.022,-0.004,0,0,0,69.9779999938363,-0.01026656006761118,69.9779999938363,-0.01026656006761118,0.0
84.388,-0.016,-0.001,0,0,0,69.98399999418933,-0.010266625705817172,69.98399999418933,-0.010266625705817172,0.0
84.596,-0.01,0.002,0,0,0,69.98999999454236,-0.010266691344023162,69.98999999454236,-0.010266691344023162,0.0
84.796,-0.006,0.002,0,0,0,69.99399999454212,-0.010266735102824578,69.99399999454212,-0.010266735102824578,0.0
85.004,-0.003,-0.003,0,0,0,69.99699999395297,-0.010266767921919197,69.99699999395297,-0.010266767921919197,0.0
85.212,0.002,-0.011,0,0,0,70.00199999301032,-0.010266822620410659,70.00199999301032,-0.010266822620410659,0.0
85.412,0.005,-0.02,0,0,0,70.00499999195,-0.010266855439500124,70.00499999195,-0.010266855439500124,0.0
85.62,0.006,-0.028,0,0,0,70.0059999910076,-0.010266866379190168,70.0059999910076,-0.010266866379190168,0.0
85.828,0.006,-0.034,0,0,0,70.00599999030084,-0.010266866379182437,70.00599999030084,-0.010266866379182437,0.0
86.028,0.005,-0.036,0,0,0,70.0049999900653,-0.010266855439479505,70.0049999900653,-0.010266855439479505,0.0
86.236,0.002,-0.035,0,0,0,70.00199999018326,-0.010266822620379732,70.00199999018326,-0.010266822620379732,0.0
86.436,-0.002,-0.034,0,0,0,69.99799999030131,-0.010266778861579604,69.99799999030131,-0.010266778861579604,0.0
86.644,-0.005,-0.033,0,0,0,69.99499999041929,-0.01026674604247983,69.99499999041929,-0.01026674604247983,0.0
86.852,-0.008,-0.033,0,0,0,69.99199999041946,-0.010266713223378769,69.99199999041946,-0.010266713223378769,0.0
87.052,-0.01,-0.034,0,0,0,69.98999999030178,-0.01026669134397677,69.98999999030178,-0.01026669134397677,0.0
87.26,-0.011,-0.033,0,0,0,69.98899999041964,-0.010266680404277705,69.98899999041964,-0.010266680404277705,0.0
87.468,-0.012,-0.033,0,0,0,69.9879999904197,-0.010266669464577351,69.9879999904197,-0.010266669464577351,0.0
87.668,-0.014,-0.032,0,0,0,69.98599999053762,-0.010266647585177932,69.98599999053762,-0.010266647585177932,0.0
87.876,-0.015,-0.03,0,0,0,69.98499999077326,-0.010266636645480155,69.98499999077326,-0.010266636645480155,0.0
88.084,-0.017,-0.027,0,0,0,69.98299999112676,-0.010266614766083313,69.98299999112676,-0.010266614766083313,0.0
88.284,-0.02,-0.026,0,0,0,69.97999999124474,-0.010266581946983539,69.97999999124474,-0.010266581946983539,0.0
88.492,-0.021,-0.025,0,0,0,69.97899999136258,-0.010266571007284474,69.97899999136258,-0.010266571007284474,0.0
88.7,-0.021,-0.026,0,0,0,69.97899999124479,-0.010266571007283185,69.97899999124479,-0.010266571007283185,0.0
88.9,-0.021,-0.027,0,0,0,69.978999991127,-0.010266571007281896,69.978999991127,-0.010266571007281896,0.0
89.108,-0.022,-0.028,0,0,0,69.97799999100926,-0.010266560067580253,69.97799999100926,-0.010266560067580253,0.0
89.308,-0.026,-0.027,0,0,0,69.9739999911273,-0.010266516308780126,69.9739999911273,-0.010266516308780126,0.0
89.516,-0.03,-0.022,825,0,-825,-0.03,-0.01,69.96999999313003,-0.010266472550000615,69.99999999363723
89.724,-0.036,-0.02,825,0,-825,-0.03,-0.01,69.96999999313003,-0.010266472550000615,69.99999999363723
89.924,-0.039,-0.016,825,0,-825,-0.03,-0.01,69.96999999313003,-0.010266472550000615,69.99999999363723
90.132,-0.039,-0.013,825,0,-825,-0.03,-0.01,69.96999999313003,-0.010266472550000615,69.99999999363723
90.34,-0.037,-0.011,825,0,-825,-0.03,-0.01,69.96999999313003,-0.010266472550000615,69.99999999363723
90.54,-0.034,-0.01,0,0,0,69.96999999313003,-0.010266472550000615,69.96999999313003,-0.010266472550000615,0.0
90.748,-0.034,-0.01,0,0,0,69.96999999313003,-0.010266472550000615,69.96999999313003,-0.010266472550000615,0.0
90.956,-0.036,-0.008,825,0,-825,-0.03,-0.01,69.96999999313003,-0.010266472550000615,69.99999999363723
91.156,-0.036,-0.007,825,0,-825,-0.03,-0.01,69.96999999313003,-0.010266472550000615,69.99999999363723
91.364,-0.034,-0.003,825,0,-825,-0.03,-0.01,69.96999999313003,-0.010266472550000615,69.99999999363723
91.572,-0.028,-0.0,825,0,-825,-0.03,-0.01,69.97199999430785,-0.01026649442941421,70.00199999481512
91.772,-0.024,0.003,825,0,-825,-0.03,-0.01,69.975999994661,-0.010266538188219492,70.0059999951684
91.98,-0.022,0.007,825,0,-825,-0.03,-0.01,69.97799999513204,-0.010266560067625356,70.00799999563951
92.18,-0.024,0.012,825,0,-825,-0.03,-0.01,69.97599999572114,-0.01026653818823109,70.00599999622854
92.388,-0.025,0.015,825,0,-825,-0.03,-0.01,69.97499999607457,-0.010266527248534602,70.00499999658194
92.596,-0.026,0.014,825,0,-825,-0.03,-0.01,69.97399999595685,-0.010266516308832959,70.00399999646417
92.796,-0.027,0.012,825,0,-825,-0.03,-0.01,69.97299999572131,-0.010266505369130027,70.00299999622861
93.004,-0.026,0.012,825,0,-825,-0.03,-0.01,69.97399999572126,-0.010266516308830381,70.00399999622859
93.212,-0.024,0.012,825,0,-825,-0.03,-0.01,69.97599999572114,-0.01026653818823109,70.00599999622854
93.412,-0.022,0.012,825,0,-825,-0.03,-0.01,69.977999995721,-0.010266560067631799,70.00799999622848
93.62,-0.023,0.012,825,0,-825,-0.03,-0.01,69.97699999572109,-0.010266549127931445,70.00699999622853
93.828,-0.025,0.012,825,0,-825,-0.03,-0.01,69.97499999572119,-0.010266527248530737,70.00499999622856
94.032,-0.027,0.013,825,0,-825,-0.03,-0.01,69.9729999958391,-0.010266505369131316,70.0029999963464
94.232,-0.027,0.014,825,0,-825,-0.03,-0.01,69.9729999959569,-0.010266505369132605,70.0029999964642
94.432,-0.028,0.014,825,0,-825,-0.03,-0.01,69.97199999595696,-0.010266494429432251,70.00199999646424
94.632,-0.028,0.013,825,0,-825,-0.03,-0.01,69.97199999583917,-0.010266494429430962,70.00199999634644
94.84,-0.028,0.014,825,0,-825,-0.03,-0.01,69.97199999595696,-0.010266494429432251,70.00199999646424
95.04,-0.028,0.015,825,0,-825,-0.03,-0.01,69.97199999607476,-0.01026649442943354,70.00199999658203
95.248,-0.029,0.016,825,0,-825,-0.03,-0.01,69.97099999619262,-0.010266483489734473,70.00099999669985
95.456,-0.03,0.015,825,0,-825,-0.03,-0.01,69.96999999607488,-0.01026647255003283,69.99999999658208
95.656,-0.03,0.011,825,0,-825,-0.03,-0.01,69.9699999956037,-0.010266472550027677,69.9999999961109
95.864,-0.032,0.008,825,0,-825,-0.03,-0.01,69.96999999313003,-0.010266472550000615,69.99999999363723
96.072,-0.034,0.006,825,0,-825,-0.03,-0.01,69.96999999313003,-0.010266472550000615,69.99999999363723
96.272,-0.035,0.006,825,0,-825,-0.03,-0.01,69.96999999313003,-0.010266472550000615,69.99999999363723
96.48,-0.034,0.007,825,0,-825,-0.03,-0.01,69.96999999313003,-0.010266472550000615,69.99999999363723
96.68,-0.031,0.008,825,0,-825,-0.03,-0.01,69.96999999313003,-0.010266472550000615,69.99999999363723
96.888,-0.029,0.008,825,0,-825,-0.03,-0.01,69.97099999525027,-0.010266483489724166,70.0009999957575
97.096,-0.027,0.009,825,0,-825,-0.03,-0.01,69.97299999536793,-0.010266505369126162,70.00299999587523
97.296,-0.025,0.009,825,0,-825,-0.03,-0.01,69.97499999536781,-0.01026652724852687,70.00499999587518
97.504,-0.024,0.01,825,0,-825,-0.03,-0.01,69.97599999548555,-0.010266538188228513,70.00599999599295
97.712,-0.025,0.01,825,0,-825,-0.03,-0.01,69.9749999954856,-0.010266527248528159,70.00499999599297
97.912,-0.025,0.01,825,0,-825,-0.03,-0.01,69.9749999954856,-0.010266527248528159,70.00499999599297
98.12,-0.025,0.01,825,0,-825,-0.03,-0.01,69.9749999954856,-0.010266527248528159,70.00499999599297
98.328,-0.027,0.008,825,0,-825,-0.03,-0.01,69.97299999525013,-0.010266505369124873,70.00299999575743
98.528,-0.031,0.006,825,0,-825,-0.03,-0.01,69.96999999313003,-0.010266472550000615,69.99999999363723
98.736,-0.036,0.005,825,0,-825,-0.03,-0.01,69.96999999313003,-0.010266472550000615,69.99999999363723
98.936,-0.04,0.004,825,0,-825,-0.03,-0.01,69.96999999313003,-0.010266472550000615,69.99999999363723
99.144,-0.041,0.003,825,0,-825,-0.03,-0.01,69.96999999313003,-0.010266472550000615,69.99999999363723
99.352,-0.041,0.001,825,0,-825,-0.03,-0.01,69.96999999313003,-0.010266472550000615,69.99999999363723
99.552,-0.038,-0.001,825,0,-825,-0.03,-0.01,69.96999999313003,-0.010266472550000615,69.99999999363723
99.76,-0.034,-0.005,825,0,-825,-0.03,-0.01,69.96999999313003,-0.010266472550000615,69.99999999363723
99.964,-0.028,-0.009,0,0,0,69.9719999932477,-0.010266494429402612,69.9719999932477,-0.010266494429402612,0.0
100.164,-0.023,-0.009,0,0,0,69.97699999324742,-0.010266549127904383,69.97699999324742,-0.010266549127904383,0.0
100.364,-0.018,-0.009,0,0,0,69.98199999324711,-0.010266603826406154,69.98199999324711,-0.010266603826406154,0.0
100.572,-0.016,-0.009,0,0,0,69.98399999324698,-0.010266625705806862,69.98399999324698,-0.010266625705806862,0.0
100.772,-0.015,-0.008,0,0,0,69.98499999336472,-0.010266636645508505,69.98499999336472,-0.010266636645508505,0.0
100.98,-0.015,-0.005,0,0,0,69.9849999937181,-0.01026663664551237,69.9849999937181,-0.01026663664551237,0.0
101.18,-0.017,-0.002,0,0,0,69.9829999940716,-0.010266614766115529,69.9829999940716,-0.010266614766115529,0.0
101.388,-0.02,0.002,825,0,-825,-0.03,-0.01,69.97999999454296,-0.010266581947019621,70.0099999950505
101.596,-0.023,0.005,825,0,-825,-0.03,-0.01,69.97699999489653,-0.010266549127922424,70.00699999540397
101.796,-0.026,0.005,825,0,-825,-0.03,-0.01,69.9739999948967,-0.010266516308821362,70.00399999540403
102.004,-0.028,0.004,825,0,-825,-0.03,-0.01,69.97199999477903,-0.010266494429419364,70.0019999952863
102.212,-0.027,0.004,825,0,-825,-0.03,-0.01,69.97299999477896,-0.01026650536911972,70.00299999528626
102.412,-0.025,0.005,825,0,-825,-0.03,-0.01,69.97499999489663,-0.010266527248521716,70.004999995404
102.62,-0.024,0.004,825,0,-825,-0.03,-0.01,69.97599999477879,-0.010266538188220781,70.00599999528619
102.828,-0.024,0.004,825,0,-825,-0.03,-0.01,69.97599999477879,-0.010266538188220781,70.00599999528619
103.028,-0.025,0.003,825,0,-825,-0.03,-0.01,69.97499999466105,-0.010266527248519139,70.00499999516842
103.236,-0.024,0.004,825,0,-825,-0.03,-0.01,69.97599999477879,-0.010266538188220781,70.00599999528619
103.436,-0.022,0.004,825,0,-825,-0.03,-0.01,69.97799999477866,-0.01026656006762149,70.00799999528613
103.644,-0.022,-0.0,825,0,-825,-0.03,-0.01,69.97799999430748,-0.010266560067616335,70.00799999481495
103.852,-0.024,-0.004,0,0,0,69.97599999383644,-0.010266538188210472,69.97599999383644,-0.010266538188210472,0.0
104.056,-0.025,-0.007,0,0,0,69.97499999348311,-0.010266527248506251,69.97499999348311,-0.010266527248506251,0.0
104.256,-0.026,-0.007,0,0,0,69.97399999348318,-0.010266516308805897,69.97399999348318,-0.010266516308805897,0.0
104.456,-0.026,-0.006,0,0,0,69.97399999360097,-0.010266516308807186,69.97399999360097,-0.010266516308807186,0.0
104.656,-0.025,-0.005,0,0,0,69.9749999937187,-0.010266527248508829,69.9749999937187,-0.010266527248508829,0.0
104.864,-0.024,-0.004,0,0,0,69.97599999383644,-0.010266538188210472,69.97599999383644,-0.010266538188210472,0.0
105.072,-0.025,-0.004,825,0,-825,-0.03,-0.01,69.97499999383649,-0.010266527248510118,70.00499999434386
105.272,-0.026,-0.002,825,0,-825,-0.03,-0.01,69.97399999407214,-0.010266516308812342,70.00399999457947
105.48,-0.026,-0.003,825,0,-825,-0.03,-0.01,69.97399999395435,-0.010266516308811053,70.00399999446168
105.68,-0.027,-0.003,825,0,-825,-0.03,-0.01,69.9729999939544,-0.010266505369110699,70.0029999944617
105.888,-0.029,-0.002,825,0,-825,-0.03,-0.01,69.97099999407233,-0.010266483489711278,70.00099999457956
106.096,-0.029,0.0,825,0,-825,-0.03,-0.01,69.97099999430792,-0.010266483489713856,70.00099999481515
106.296,-0.029,0.004,825,0,-825,-0.03,-0.01,69.97099999477909,-0.01026648348971901,70.00099999528632
106.504,-0.029,0.01,825,0,-825,-0.03,-0.01,69.97099999548585,-0.010266483489726742,70.00099999599308
106.712,-0.028,0.011,825,0,-825,-0.03,-0.01,69.97199999560358,-0.010266494429428384,70.00199999611085
106.912,-0.027,0.012,825,0,-825,-0.03,-0.01,69.97299999572131,-0.010266505369130027,70.00299999622861
107.12,-0.024,0.012,825,0,-825,-0.03,-0.01,69.97599999572114,-0.01026653818823109,70.00599999622854
107.328,-0.02,0.009,825,0,-825,-0.03,-0.01,69.97999999536752,-0.010266581947028642,70.00999999587506
107.528,-0.015,0.008,825,0,-825,-0.03,-0.01,69.98499999524942,-0.010266636645529122,70.01499999575714
107.736,-0.015,0.007,825,0,-825,-0.03,-0.01,69.98499999513163,-0.010266636645527833,70.01499999563934
107.936,-0.016,0.007,825,0,-825,-0.03,-0.01,69.98399999513168,-0.01026662570582748,70.01399999563935
108.144,-0.017,0.008,825,0,-825,-0.03,-0.01,69.98299999524954,-0.010266614766128414,70.01299999575718
108.352,-0.019,0.009,825,0,-825,-0.03,-0.01,69.98099999536745,-0.010266592886728996,70.01099999587503
108.552,-0.02,0.009,825,0,-825,-0.03,-0.01,69.97999999536752,-0.010266581947028642,70.00999999587506
108.76,-0.021,0.01,825,0,-825,-0.03,-0.01,69.97899999548537,-0.010266571007329575,70.00899999599288
108.968,-0.021,0.013,825,0,-825,-0.03,-0.01,69.97899999583875,-0.010266571007333442,70.00899999634625
109.168,-0.022,0.019,825,0,-825,-0.03,-0.01,69.97799999654556,-0.01026656006764082,70.00799999705303
109.376,-0.023,0.022,825,0,-825,-0.03,-0.01,69.97699999689902,-0.01026654912794433,70.00699999740647
109.584,-0.021,0.021,825,0,-825,-0.03,-0.01,69.9789999967811,-0.010266571007343751,70.0089999972886
109.784,-0.018,0.018,825,0,-825,-0.03,-0.01,69.98199999642755,-0.010266603826440946,70.01199999693516
109.992,-0.015,0.013,825,0,-825,-0.03,-0.01,69.9849999958384,-0.010266636645535567,70.0149999963461
110.2,-0.014,0.009,825,0,-825,-0.03,-0.01,69.98599999536717,-0.010266647585230765,70.0159999958749
110.4,-0.014,0.005,0,0,0,69.98599999489599,-0.010266647585225611,69.98599999489599,-0.010266647585225611,0.0
110.608,-0.015,0.001,0,0,0,69.98499999442487,-0.010266636645520102,69.98499999442487,-0.010266636645520102,0.0
110.808,-0.016,-0.003,0,0,0,69.98399999395374,-0.010266625705814594,69.98399999395374,-0.010266625705814594,0.0
111.016,-0.017,-0.005,0,0,0,69.98299999371822,-0.010266614766111662,69.98299999371822,-0.010266614766111662,0.0
111.224,-0.019,-0.004,0,0,0,69.98099999383614,-0.010266592886712243,69.98099999383614,-0.010266592886712243,0.0
111.424,-0.022,-0.002,0,0,0,69.9779999940719,-0.010266560067613758,69.9779999940719,-0.010266560067613758,0.0
111.632,-0.026,-0.0,825,0,-825,-0.03,-0.01,69.97399999430773,-0.010266516308814918,70.00399999481508
111.84,-0.029,-0.001,825,0,-825,-0.03,-0.01,69.97099999419012,-0.010266483489712567,70.00099999469735
112.044,-0.033,-0.004,825,0,-825,-0.03,-0.01,69.96999999313003,-0.010266472550000615,69.99999999363723
112.244,-0.035,-0.004,825,0,-825,-0.03,-0.01,69.96999999313003,-0.010266472550000615,69.99999999363723
112.444,-0.036,-0.003,825,0,-825,-0.03,-0.01,69.96999999313003,-0.010266472550000615,69.99999999363723
112.644,-0.036,-0.003,825,0,-825,-0.03,-0.01,69.96999999313003,-0.010266472550000615,69.99999999363723
112.852,-0.036,-0.001,825,0,-825,-0.03,-0.01,69.96999999313003,-0.010266472550000615,69.99999999363723
113.052,-0.038,0.001,825,0,-825,-0.03,-0.01,69.96999999313003,-0.010266472550000615,69.99999999363723
113.26,-0.039,0.002,825,0,-825,-0.03,-0.01,69.96999999313003,-0.010266472550000615,69.99999999363723
113.464,-0.04,0.002,825,0,-825,-0.03,-0.01,69.96999999313003,-0.010266472550000615,69.99999999363723
113.664,-0.042,0.002,825,0,-825,-0.03,-0.01,69.96999999313003,-0.010266472550000615,69.99999999363723
113.864,-0.044,0.004,825,0,-825,-0.03,-0.01,69.96999999313003,-0.010266472550000615,69.99999999363723
114.072,-0.049,0.004,825,0,-825,-0.03,-0.01,69.96999999313003,-0.010266472550000615,69.99999999363723
114.272,-0.056,-0.0,825,0,-825,-0.03,-0.01,69.96999999313003,-0.010266472550000615,69.99999999363723
114.48,-0.061,-0.004,825,0,-825,-0.03,-0.01,69.96999999313003,-0.010266472550000615,69.99999999363723
114.68,-0.064,-0.007,825,0,-825,-0.03,-0.01,69.96999999313003,-0.010266472550000615,69.99999999363723
114.888,-0.065,-0.012,825,0,-825,-0.03,-0.01,69.96999999313003,-0.010266472550000615,69.99999999363723
115.096,-0.064,-0.017,825,0,-825,-0.03,-0.01,69.96999999313003,-0.010266472550000615,69.99999999363723
115.296,-0.065,-0.018,825,0,-825,-0.03,-0.01,69.96999999313003,-0.010266472550000615,69.99999999363723
115.504,-0.066,-0.017,0,0,0,69.96999999313003,-0.010266472550000615,69.96999999313003,-0.010266472550000615,0.0
115.712,-0.067,-0.016,0,0,0,69.96999999313003,-0.010266472550000615,69.96999999313003,-0.010266472550000615,0.0
115.912,-0.065,-0.014,0,0,0,69.96999999313003,-0.010266472550000615,69.96999999313003,-0.010266472550000615,0.0
116.12,-0.061,-0.01,0,0,0,69.96999999313003,-0.010266472550000615,69.96999999313003,-0.010266472550000615,0.0
116.328,-0.058,-0.005,825,0,-825,-0.03,-0.01,69.96999999313003,-0.010266472550000615,69.99999999363723
116.528,-0.054,-0.002,825,0,-825,-0.03,-0.01,69.96999999313003,-0.010266472550000615,69.99999999363723
116.736,-0.049,-0.0,825,0,-825,-0.03,-0.01,69.96999999313003,-0.010266472550000615,69.99999999363723
116.936,-0.044,0.002,825,0,-825,-0.03,-0.01,69.96999999313003,-0.010266472550000615,69.99999999363723
117.144,-0.038,0.003,825,0,-825,-0.03,-0.01,69.96999999313003,-0.010266472550000615,69.99999999363723
117.352,-0.034,0.006,825,0,-825,-0.03,-0.01,69.96999999313003,-0.010266472550000615,69.99999999363723
117.556,-0.031,0.009,825,0,-825,-0.03,-0.01,69.96999999313003,-0.010266472550000615,69.99999999363723
117.76,-0.028,0.01,825,0,-825,-0.03,-0.01,69.97199999548579,-0.010266494429427096,70.00199999599306
117.968,-0.026,0.01,825,0,-825,-0.03,-0.01,69.97399999548567,-0.010266516308827805,70.003999995993
118.168,-0.025,0.008,825,0,-825,-0.03,-0.01,69.97499999525002,-0.010266527248525581,70.00499999575739
118.376,-0.024,0.005,825,0,-825,-0.03,-0.01,69.97599999489658,-0.01026653818822207,70.00599999540398
118.584,-0.023,0.001,825,0,-825,-0.03,-0.01,69.97699999442536,-0.01026654912791727,70.0069999949328
118.784,-0.022,-0.003,0,0,0,69.9779999939541,-0.010266560067612469,69.9779999939541,-0.010266560067612469,0.0
118.992,-0.023,-0.007,0,0,0,69.976999993483,-0.010266549127906961,69.976999993483,-0.010266549127906961,0.0
119.2,-0.022,-0.01,0,0,0,69.97799999312954,-0.010266560067603448,69.97799999312954,-0.010266560067603448,0.0
119.412,-0.02,-0.013,0,0,0,69.97999999277606,-0.010266581947000291,69.97999999277606,-0.010266581947000291,0.0
119.616,-0.016,-0.014,0,0,0,69.98399999265801,-0.01026662570580042,69.98399999265801,-0.01026662570580042,0.0
119.816,-0.011,-0.015,0,0,0,69.98899999253993,-0.0102666804043009,69.98899999253993,-0.0102666804043009,0.0
120.016,-0.009,-0.016,0,0,0,69.99099999242202,-0.010266702283700321,69.99099999242202,-0.010266702283700321,0.0
120.224,-0.009,-0.016,0,0,0,69.99099999242202,-0.010266702283700321,69.99099999242202,-0.010266702283700321,0.0
120.424,-0.01,-0.016,0,0,0,69.98999999242207,-0.010266691343999967,69.98999999242207,-0.010266691343999967,0.0
120.632,-0.012,-0.017,0,0,0,69.9879999923044,-0.01026666946459797,69.9879999923044,-0.01026666946459797,0.0
120.84,-0.016,-0.017,0,0,0,69.98399999230463,-0.010266625705796553,69.98399999230463,-0.010266625705796553,0.0
121.04,-0.021,-0.016,0,0,0,69.97899999242273,-0.01026657100729607,69.97899999242273,-0.01026657100729607,0.0
121.248,-0.023,-0.016,0,0,0,69.97699999242286,-0.010266549127895363,69.97699999242286,-0.010266549127895363,0.0
121.456,-0.025,-0.016,0,0,0,69.97499999242297,-0.010266527248494655,69.97499999242297,-0.010266527248494655,0.0
121.656,-0.028,-0.013,0,0,0,69.97199999277653,-0.010266494429397458,69.97199999277653,-0.010266494429397458,0.0
121.864,-0.033,-0.01,0,0,0,69.96999999313003,-0.010266472550000615,69.96999999313003,-0.010266472550000615,0.0
122.072,-0.041,-0.009,825,0,-825,-0.03,-0.01,69.96999999313003,-0.010266472550000615,69.99999999363723
122.272,-0.049,-0.01,0,0,0,69.96999999313003,-0.010266472550000615,69.96999999313003,-0.010266472550000615,0.0
122.476,-0.057,-0.015,0,0,0,69.96999999313003,-0.010266472550000615,69.96999999313003,-0.010266472550000615,0.0
122.676,-0.06,-0.021,825,0,-825,-0.03,-0.01,69.96999999313003,-0.010266472550000615,69.99999999363723
122.876,-0.063,-0.025,825,0,-825,-0.03,-0.01,69.96999999313003,-0.010266472550000615,69.99999999363723
123.084,-0.063,-0.028,825,0,-825,-0.03,-0.01,69.96999999313003,-0.010266472550000615,69.99999999363723
123.284,-0.062,-0.028,825,0,-825,-0.03,-0.01,69.96999999313003,-0.010266472550000615,69.99999999363723
123.492,-0.058,-0.025,825,0,-825,-0.03,-0.01,69.96999999313003,-0.010266472550000615,69.99999999363723
123.7,-0.056,-0.021,825,0,-825,-0.03,-0.01,69.96999999313003,-0.010266472550000615,69.99999999363723
123.9,-0.056,-0.015,0,0,0,69.96999999313003,-0.010266472550000615,69.96999999313003,-0.010266472550000615,0.0
124.108,-0.056,-0.01,0,0,0,69.96999999313003,-0.010266472550000615,69.96999999313003,-0.010266472550000615,0.0
124.308,-0.056,-0.006,825,0,-825,-0.03,-0.01,69.96999999313003,-0.010266472550000615,69.99999999363723
124.516,-0.055,-0.002,825,0,-825,-0.03,-0.01,69.96999999313003,-0.010266472550000615,69.99999999363723
124.724,-0.053,0.003,825,0,-825,-0.03,-0.01,69.96999999313003,-0.010266472550000615,69.99999999363723
124.924,-0.05,0.006,825,0,-825,-0.03,-0.01,69.96999999313003,-0.010266472550000615,69.99999999363723
125.132,-0.045,0.006,825,0,-825,-0.03,-0.01,69.96999999313003,-0.010266472550000615,69.99999999363723
125.336,-0.038,0.006,825,0,-825,-0.03,-0.01,69.96999999313003,-0.010266472550000615,69.99999999363723
125.54,-0.03,0.007,825,0,-825,-0.03,-0.01,69.96999999513253,-0.010266472550022523,69.99999999563973
125.748,-0.023,0.009,825,0,-825,-0.03,-0.01,69.9769999953677,-0.010266549127927578,70.00699999587515
125.956,-0.016,0.009,825,0,-825,-0.03,-0.01,69.98399999536727,-0.010266625705830057,70.01399999587495
126.156,-0.013,0.006,0,0,0,69.98699999501372,-0.010266658524927254,69.98699999501372,-0.010266658524927254,0.0
126.364,-0.013,0.002,0,0,0,69.98699999454254,-0.010266658524922099,69.98699999454254,-0.010266658524922099,0.0
126.572,-0.016,0.001,0,0,0,69.98399999442492,-0.010266625705819748,69.98399999442492,-0.010266625705819748,0.0
126.772,-0.02,0.001,825,0,-825,-0.03,-0.01,69.97999999442517,-0.010266581947018332,70.00999999493271
126.98,-0.023,0.002,825,0,-825,-0.03,-0.01,69.97699999454315,-0.010266549127918558,70.00699999505059
127.18,-0.026,0.003,825,0,-825,-0.03,-0.01,69.97399999466111,-0.010266516308818785,70.00399999516844
127.388,-0.029,0.003,825,0,-825,-0.03,-0.01,69.9709999946613,-0.010266483489717723,70.00099999516853
127.596,-0.033,0.004,825,0,-825,-0.03,-0.01,69.96999999313003,-0.010266472550000615,69.99999999363723
127.796,-0.035,0.004,825,0,-825,-0.03,-0.01,69.96999999313003,-0.010266472550000615,69.99999999363723
128.004,-0.033,0.001,825,0,-825,-0.03,-0.01,69.96999999313003,-0.010266472550000615,69.99999999363723
128.204,-0.034,-0.003,825,0,-825,-0.03,-0.01,69.96999999313003,-0.010266472550000615,69.99999999363723
128.412,-0.035,-0.007,825,0,-825,-0.03,-0.01,69.96999999313003,-0.010266472550000615,69.99999999363723
128.62,-0.036,-0.012,825,0,-825,-0.03,-0.01,69.96999999313003,-0.010266472550000615,69.99999999363723
128.828,-0.037,-0.015,825,0,-825,-0.03,-0.01,69.96999999313003,-0.010266472550000615,69.99999999363723
129.036,-0.036,-0.019,825,0,-825,-0.03,-0.01,69.96999999313003,-0.010266472550000615,69.99999999363723
129.244,-0.031,-0.023,825,0,-825,-0.03,-0.01,69.96999999313003,-0.010266472550000615,69.99999999363723
129.452,-0.025,-0.025,0,0,0,69.97499999136282,-0.010266527248483056,69.97499999136282,-0.010266527248483056,0.0
129.66,-0.022,-0.026,0,0,0,69.97799999124484,-0.010266560067582831,69.97799999124484,-0.010266560067582831,0.0
129.86,-0.02,-0.027,0,0,0,69.97999999112695,-0.01026658194698225,69.97999999112695,-0.01026658194698225,0.0
130.068,-0.02,-0.024,0,0,0,69.97999999148033,-0.010266581946986117,69.97999999148033,-0.010266581946986117,0.0
130.276,-0.021,-0.019,0,0,0,69.97899999206935,-0.010266571007292205,69.97899999206935,-0.010266571007292205,0.0
130.484,-0.023,-0.014,0,0,0,69.97699999265845,-0.01026654912789794,69.97699999265845,-0.01026654912789794,0.0
130.692,-0.025,-0.011,0,0,0,69.97499999301193,-0.010266527248501097,69.97499999301193,-0.010266527248501097,0.0
130.9,-0.03,-0.012,825,0,-825,-0.03,-0.01,69.96999999313003,-0.010266472550000615,69.99999999363723
131.108,-0.034,-0.014,825,0,-825,-0.03,-0.01,69.96999999313003,-0.010266472550000615,69.99999999363723
131.316,-0.037,-0.016,825,0,-825,-0.03,-0.01,69.96999999313003,-0.010266472550000615,69.99999999363723
131.524,-0.037,-0.017,825,0,-825,-0.03,-0.01,69.96999999313003,-0.010266472550000615,69.99999999363723
131.732,-0.035,-0.017,825,0,-825,-0.03,-0.01,69.96999999313003,-0.010266472550000615,69.99999999363723
131.94,-0.033,-0.017,825,0,-825,-0.03,-0.01,69.96999999313003,-0.010266472550000615,69.99999999363723
132.148,-0.032,-0.016,825,0,-825,-0.03,-0.01,69.96999999313003,-0.010266472550000615,69.99999999363723
132.352,-0.029,-0.018,0,0,0,69.97099999218763,-0.010266483489690661,69.97099999218763,-0.010266483489690661,0.0
132.556,-0.024,-0.019,0,0,0,69.97599999206953,-0.010266538188191142,69.97599999206953,-0.010266538188191142,0.0
132.764,-0.021,-0.018,0,0,0,69.97899999218714,-0.010266571007293494,69.97899999218714,-0.010266571007293494,0.0
132.972,-0.02,-0.016,0,0,0,69.97999999242268,-0.010266581946996424,69.97999999242268,-0.010266581946996424,0.0
133.18,-0.022,-0.016,0,0,0,69.97799999242278,-0.010266560067595716,69.97799999242278,-0.010266560067595716,0.0
133.388,-0.023,-0.014,0,0,0,69.97699999265845,-0.01026654912789794,69.97699999265845,-0.01026654912789794,0.0
133.596,-0.023,-0.009,0,0,0,69.97699999324742,-0.010266549127904383,69.97699999324742,-0.010266549127904383,0.0
133.804,-0.023,-0.005,0,0,0,69.9769999937186,-0.010266549127909537,69.9769999937186,-0.010266549127909537,0.0
134.012,-0.024,-0.002,825,0,-825,-0.03,-0.01,69.97599999407203,-0.01026653818821305,70.00599999457943
134.22,-0.024,-0.0,825,0,-825,-0.03,-0.01,69.97599999430761,-0.010266538188215628,70.00599999481501
134.428,-0.021,0.002,825,0,-825,-0.03,-0.01,69.97899999454302,-0.010266571007319267,70.00899999505052
134.636,-0.016,0.004,0,0,0,69.9839999947783,-0.010266625705823615,69.9839999947783,-0.010266625705823615,0.0
134.836,-0.01,0.007,0,0,0,69.98999999513133,-0.010266691344029605,69.98999999513133,-0.010266691344029605,0.0
135.044,-0.001,0.009,0,0,0,69.99899999536638,-0.01026678980133537,69.99899999536638,-0.01026678980133537,0.0
135.252,0.009,0.009,0,0,0,70.00899999536578,-0.01026689919833891,70.00899999536578,-0.01026689919833891,0.0
135.46,0.018,0.008,0,0,0,70.01799999524745,-0.010266997655640809,70.01799999524745,-0.010266997655640809,0.0
135.668,0.024,0.006,0,0,0,70.02399999501151,-0.010267063293840356,70.02399999501151,-0.010267063293840356,0.0
135.876,0.025,0.005,0,0,0,70.02499999489366,-0.010267074233539421,70.02499999489366,-0.010267074233539421,0.0
136.084,0.02,0.004,0,0,0,70.01999999477616,-0.010267019535036363,70.01999999477616,-0.010267019535036363,0.0
136.292,0.016,0.005,0,0,0,70.01599999489419,-0.010266975776236234,70.01599999489419,-0.010266975776236234,0.0
136.5,0.012,0.004,0,0,0,70.01199999477663,-0.01026693201743353,70.01199999477663,-0.01026693201743353,0.0
136.712,0.009,0.006,0,0,0,70.0089999950124,-0.010266899198335044,70.0089999950124,-0.010266899198335044,0.0
136.916,0.004,0.008,0,0,0,70.0039999952483,-0.01026684449983585,70.0039999952483,-0.01026684449983585,0.0
137.116,-0.0,0.01,0,0,0,69.99999999548412,-0.010266800741037013,69.99999999548412,-0.010266800741037013,0.0
137.324,-0.003,0.01,0,0,0,69.99699999548429,-0.010266767921935949,69.99699999548429,-0.010266767921935949,0.0
137.532,-0.004,0.011,0,0,0,69.99599999560215,-0.010266756982236884,69.99599999560215,-0.010266756982236884,0.0
137.74,-0.005,0.01,0,0,0,69.99499999548442,-0.010266746042535241,69.99499999548442,-0.010266746042535241,0.0
137.948,-0.007,0.008,0,0,0,69.99299999524894,-0.010266724163131956,69.99299999524894,-0.010266724163131956,0.0
138.16,-0.006,0.005,0,0,0,69.9939999948955,-0.010266735102828444,69.9939999948955,-0.010266735102828444,0.0
138.364,-0.006,0.002,0,0,0,69.99399999454212,-0.010266735102824578,69.99399999454212,-0.010266735102824578,0.0
138.572,-0.008,-0.003,0,0,0,69.99199999395327,-0.010266713223417427,69.99199999395327,-0.010266713223417427,0.0
138.78,-0.012,-0.006,0,0,0,69.98799999360013,-0.010266669464612145,69.98799999360013,-0.010266669464612145,0.0
138.988,-0.015,-0.007,0,0,0,69.98499999348252,-0.010266636645509794,69.98499999348252,-0.010266636645509794,0.0
139.196,-0.019,-0.006,0,0,0,69.98099999360055,-0.010266592886709665,69.98099999360055,-0.010266592886709665,0.0
139.4,-0.024,-0.004,0,0,0,69.97599999383644,-0.010266538188210472,69.97599999383644,-0.010266538188210472,0.0
139.612,-0.029,-0.004,825,0,-825,-0.03,-0.01,69.97099999383674,-0.010266483489708702,70.00099999434397
139.816,-0.034,-0.006,825,0,-825,-0.03,-0.01,69.96999999313003,-0.010266472550000615,69.99999999363723
140.028,-0.035,-0.009,825,0,-825,-0.03,-0.01,69.96999999313003,-0.010266472550000615,69.99999999363723
140.232,-0.035,-0.01,0,0,0,69.96999999313003,-0.010266472550000615,69.96999999313003,-0.010266472550000615,0.0
140.44,-0.034,-0.01,0,0,0,69.96999999313003,-0.010266472550000615,69.96999999313003,-0.010266472550000615,0.0
140.648,-0.033,-0.009,825,0,-825,-0.03,-0.01,69.96999999313003,-0.010266472550000615,69.99999999363723
140.848,-0.034,-0.01,0,0,0,69.96999999313003,-0.010266472550000615,69.96999999313003,-0.010266472550000615,0.0
141.056,-0.036,-0.013,825,0,-825,-0.03,-0.01,69.96999999313003,-0.010266472550000615,69.99999999363723
141.264,-0.034,-0.016,825,0,-825,-0.03,-0.01,69.96999999313003,-0.010266472550000615,69.99999999363723
141.472,-0.031,-0.018,825,0,-825,-0.03,-0.01,69.96999999313003,-0.010266472550000615,69.99999999363723
141.68,-0.025,-0.019,0,0,0,69.97499999206958,-0.010266527248490788,69.97499999206958,-0.010266527248490788,0.0
141.888,-0.018,-0.02,0,0,0,69.98199999195138,-0.010266603826391978,69.98199999195138,-0.010266603826391978,0.0
142.096,-0.011,-0.021,0,0,0,69.98899999183317,-0.010266680404293169,69.98899999183317,-0.010266680404293169,0.0
142.304,-0.006,-0.023,0,0,0,69.99399999159728,-0.010266735102792362,69.99399999159728,-0.010266735102792362,0.0
142.508,-0.002,-0.026,0,0,0,69.99799999124366,-0.010266778861589913,69.99799999124366,-0.010266778861589913,0.0
142.712,0.002,-0.027,0,0,0,70.00199999112561,-0.010266822620390042,70.00199999112561,-0.010266822620390042,0.0
142.916,0.005,-0.027,0,0,0,70.00499999112544,-0.010266855439491103,70.00499999112544,-0.010266855439491103,0.0
143.116,0.007,-0.025,0,0,0,70.00699999136091,-0.010266877318894389,70.00699999136091,-0.010266877318894389,0.0
143.324,0.009,-0.022,0,0,0,70.00899999171418,-0.010266899198298964,70.00899999171418,-0.010266899198298964,0.0
143.532,0.01,-0.02,0,0,0,70.00999999194971,-0.010266910138001895,70.00999999194971,-0.010266910138001895,0.0
143.74,0.011,-0.02,0,0,0,70.01099999194963,-0.01026692107770225,70.01099999194963,-0.01026692107770225,0.0
143.948,0.012,-0.02,0,0,0,70.01199999194958,-0.010266932017402603,70.01199999194958,-0.010266932017402603,0.0
144.156,0.011,-0.02,0,0,0,70.01099999194963,-0.01026692107770225,70.01099999194963,-0.01026692107770225,0.0
144.364,0.009,-0.018,0,0,0,70.00899999218535,-0.010266899198304117,70.00899999218535,-0.010266899198304117,0.0
144.572,0.005,-0.014,0,0,0,70.00499999265676,-0.010266855439507856,70.00499999265676,-0.010266855439507856,0.0
144.78,0.002,-0.009,0,0,0,70.0019999932459,-0.010266822620413237,70.0019999932459,-0.010266822620413237,0.0
144.988,0.001,-0.002,0,0,0,70.00099999407054,-0.010266811680721903,70.00099999407054,-0.010266811680721903,0.0
145.196,-0.002,0.002,0,0,0,69.99799999454189,-0.010266778861625995,69.99799999454189,-0.010266778861625995,0.0
145.404,-0.005,0.005,0,0,0,69.99499999489545,-0.010266746042528798,69.99499999489545,-0.010266746042528798,0.0
145.604,-0.008,0.007,0,0,0,69.99199999513121,-0.010266713223430313,69.99199999513121,-0.010266713223430313,0.0
145.812,-0.01,0.008,0,0,0,69.98999999524912,-0.010266691344030894,69.98999999524912,-0.010266691344030894,0.0
146.02,-0.012,0.01,825,0,-825,-0.03,-0.01,69.98799999548483,-0.010266669464632762,70.01799999599264
146.228,-0.012,0.013,825,0,-825,-0.03,-0.01,69.98799999583821,-0.010266669464636629,70.01799999634602
146.436,-0.014,0.011,825,0,-825,-0.03,-0.01,69.98599999560275,-0.010266647585233343,70.0159999961105
146.644,-0.018,0.007,825,0,-825,-0.03,-0.01,69.98199999513182,-0.010266603826426772,70.01199999563943
146.852,-0.022,0.001,825,0,-825,-0.03,-0.01,69.97799999442528,-0.010266560067617624,70.00799999493275
147.06,-0.026,-0.005,825,0,-825,-0.03,-0.01,69.97399999371876,-0.010266516308808475,70.0039999942261
147.268,-0.031,-0.007,825,0,-825,-0.03,-0.01,69.96999999313003,-0.010266472550000615,69.99999999363723
147.476,-0.034,-0.008,825,0,-825,-0.03,-0.01,69.96999999313003,-0.010266472550000615,69.99999999363723
147.684,-0.034,-0.008,825,0,-825,-0.03,-0.01,69.96999999313003,-0.010266472550000615,69.99999999363723
147.892,-0.032,-0.008,825,0,-825,-0.03,-0.01,69.96999999313003,-0.010266472550000615,69.99999999363723
148.092,-0.027,-0.006,825,0,-825,-0.03,-0.01,69.97299999360102,-0.010266505369106832,70.00299999410832
148.3,-0.022,-0.003,0,0,0,69.9779999939541,-0.010266560067612469,69.9779999939541,-0.010266560067612469,0.0
148.508,-0.019,-0.002,0,0,0,69.98099999407172,-0.01026659288671482,69.98099999407172,-0.01026659288671482,0.0
148.716,-0.018,-0.004,0,0,0,69.98199999383608,-0.010266603826412597,69.98199999383608,-0.010266603826412597,0.0
148.924,-0.016,-0.006,0,0,0,69.98399999360036,-0.010266625705810727,69.98399999360036,-0.010266625705810727,0.0
149.132,-0.016,-0.007,0,0,0,69.98399999348257,-0.010266625705809438,69.98399999348257,-0.010266625705809438,0.0
149.336,-0.021,-0.007,0,0,0,69.97899999348287,-0.010266571007307669,69.97899999348287,-0.010266571007307669,0.0
149.544,-0.028,-0.002,825,0,-825,-0.03,-0.01,69.97199999407226,-0.010266494429411632,70.00199999457953
149.752,-0.034,0.004,825,0,-825,-0.03,-0.01,69.96999999313003,-0.010266472550000615,69.99999999363723
149.96,-0.039,0.01,825,0,-825,-0.03,-0.01,69.96999999313003,-0.010266472550000615,69.99999999363723
150.168,-0.042,0.018,825,0,-825,-0.03,-0.01,69.96999999313003,-0.010266472550000615,69.99999999363723
150.376,-0.042,0.026,825,0,-825,-0.03,-0.01,69.96999999313003,-0.010266472550000615,69.99999999363723
150.584,-0.041,0.033,825,0,-825,-0.03,-0.01,69.96999999313003,-0.010266472550000615,69.99999999363723
150.792,-0.04,0.04,825,0,-825,-0.03,-0.01,69.96999999313003,-0.010266472550000615,69.99999999363723
151.0,-0.039,0.046,825,0,-825,-0.03,-0.01,69.96999999313003,-0.010266472550000615,69.99999999363723
151.208,-0.041,0.049,825,0,-825,-0.03,-0.01,69.96999999313003,-0.010266472550000615,69.99999999363723
151.416,-0.044,0.048,825,0,-825,-0.03,-0.01,69.96999999313003,-0.010266472550000615,69.99999999363723
151.616,-0.045,0.044,825,0,-825,-0.03,-0.01,69.96999999313003,-0.010266472550000615,69.99999999363723
151.824,-0.044,0.038,825,0,-825,-0.03,-0.01,69.96999999313003,-0.010266472550000615,69.99999999363723
152.032,-0.044,0.031,825,0,-825,-0.03,-0.01,69.96999999313003,-0.010266472550000615,69.99999999363723
152.24,-0.042,0.024,825,0,-825,-0.03,-0.01,69.96999999313003,-0.010266472550000615,69.99999999363723
152.448,-0.037,0.021,825,0,-825,-0.03,-0.01,69.96999999313003,-0.010266472550000615,69.99999999363723
152.656,-0.031,0.02,825,0,-825,-0.03,-0.01,69.96999999313003,-0.010266472550000615,69.99999999363723
152.864,-0.025,0.018,825,0,-825,-0.03,-0.01,69.97499999642795,-0.010266527248538469,70.00499999693533
153.072,-0.018,0.015,825,0,-825,-0.03,-0.01,69.98199999607417,-0.010266603826437081,70.01199999658178
153.28,-0.01,0.01,0,0,0,69.98999999548471,-0.010266691344033472,69.98999999548471,-0.010266691344033472,0.0
153.488,-0.005,0.004,0,0,0,69.99499999477766,-0.01026674604252751,69.99499999477766,-0.01026674604252751,0.0
153.696,-0.004,-0.001,0,0,0,69.99599999418862,-0.01026675698222142,69.99599999418862,-0.01026675698222142,0.0
153.904,-0.007,-0.004,0,0,0,69.99299999383541,-0.010266724163116492,69.99299999383541,-0.010266724163116492,0.0
154.104,-0.011,-0.005,0,0,0,69.98899999371787,-0.010266680404313788,69.98899999371787,-0.010266680404313788,0.0
154.312,-0.016,-0.004,0,0,0,69.98399999383595,-0.010266625705813305,69.98399999383595,-0.010266625705813305,0.0
154.52,-0.019,0.0,0,0,0,69.98099999430731,-0.010266592886717397,69.98099999430731,-0.010266592886717397,0.0
154.728,-0.019,0.004,825,0,-825,-0.03,-0.01,69.98099999477849,-0.010266592886722551,70.01099999528606
154.936,-0.02,0.008,825,0,-825,-0.03,-0.01,69.97999999524973,-0.010266581947027353,70.00999999575727
155.144,-0.02,0.013,825,0,-825,-0.03,-0.01,69.9799999958387,-0.010266581947033795,70.00999999634624
155.352,-0.021,0.015,825,0,-825,-0.03,-0.01,69.97899999607434,-0.01026657100733602,70.00899999658184
155.56,-0.024,0.017,825,0,-825,-0.03,-0.01,69.97599999631011,-0.010266538188237534,70.00599999681751
155.768,-0.027,0.016,825,0,-825,-0.03,-0.01,69.97299999619248,-0.010266505369135183,70.00299999669978
155.976,-0.029,0.014,825,0,-825,-0.03,-0.01,69.97099999595703,-0.010266483489731897,70.00099999646426
156.184,-0.029,0.01,825,0,-825,-0.03,-0.01,69.97099999548585,-0.010266483489726742,70.00099999599308
156.392,-0.026,0.005,825,0,-825,-0.03,-0.01,69.9739999948967,-0.010266516308821362,70.00399999540403
156.592,-0.022,-0.0,825,0,-825,-0.03,-0.01,69.97799999430748,-0.010266560067616335,70.00799999481495
156.8,-0.019,-0.005,0,0,0,69.98099999371834,-0.010266592886710954,69.98099999371834,-0.010266592886710954,0.0
157.008,-0.016,-0.008,0,0,0,69.98399999336478,-0.010266625705808151,69.98399999336478,-0.010266625705808151,0.0
157.216,-0.014,-0.011,0,0,0,69.98599999301129,-0.010266647585204992,69.98599999301129,-0.010266647585204992,0.0
157.424,-0.013,-0.011,0,0,0,69.98699999301122,-0.010266658524905346,69.98699999301122,-0.010266658524905346,0.0
157.628,-0.014,-0.013,0,0,0,69.9859999927757,-0.010266647585202416,69.9859999927757,-0.010266647585202416,0.0
157.832,-0.016,-0.016,0,0,0,69.98399999242243,-0.010266625705797842,69.98399999242243,-0.010266625705797842,0.0
158.032,-0.018,-0.017,0,0,0,69.98199999230476,-0.010266603826395845,69.98199999230476,-0.010266603826395845,0.0
158.24,-0.02,-0.015,0,0,0,69.97999999254047,-0.010266581946997713,69.97999999254047,-0.010266581946997713,0.0
158.448,-0.022,-0.012,0,0,0,69.97799999289396,-0.010266560067600872,69.97799999289396,-0.010266560067600872,0.0
158.652,-0.023,-0.011,0,0,0,69.97699999301183,-0.010266549127901805,69.97699999301183,-0.010266549127901805,0.0
158.852,-0.025,-0.012,0,0,0,69.97499999289414,-0.010266527248499809,69.97499999289414,-0.010266527248499809,0.0
159.06,-0.027,-0.013,0,0,0,69.97299999277647,-0.010266505369097812,69.97299999277647,-0.010266505369097812,0.0
159.268,-0.028,-0.016,0,0,0,69.97199999242315,-0.010266494429393593,69.97199999242315,-0.010266494429393593,0.0
159.476,-0.029,-0.018,0,0,0,69.97099999218763,-0.010266483489690661,69.97099999218763,-0.010266483489690661,0.0
159.684,-0.033,-0.021,825,0,-825,-0.03,-0.01,69.96999999313003,-0.010266472550000615,69.99999999363723
159.892,-0.038,-0.025,825,0,-825,-0.03,-0.01,69.96999999313003,-0.010266472550000615,69.99999999363723
160.092,-0.044,-0.028,825,0,-825,-0.03,-0.01,69.96999999313003,-0.010266472550000615,69.99999999363723
160.3,-0.049,-0.028,825,0,-825,-0.03,-0.01,69.96999999313003,-0.010266472550000615,69.99999999363723
160.508,-0.051,-0.027,825,0,-825,-0.03,-0.01,69.96999999313003,-0.010266472550000615,69.99999999363723
160.716,-0.055,-0.026,825,0,-825,-0.03,-0.01,69.96999999313003,-0.010266472550000615,69.99999999363723
160.924,-0.056,-0.025,825,0,-825,-0.03,-0.01,69.96999999313003,-0.010266472550000615,69.99999999363723
161.132,-0.053,-0.023,825,0,-825,-0.03,-0.01,69.96999999313003,-0.010266472550000615,69.99999999363723
161.34,-0.048,-0.023,825,0,-825,-0.03,-0.01,69.96999999313003,-0.010266472550000615,69.99999999363723
161.548,-0.044,-0.022,825,0,-825,-0.03,-0.01,69.96999999313003,-0.010266472550000615,69.99999999363723
161.756,-0.042,-0.023,825,0,-825,-0.03,-0.01,69.96999999313003,-0.010266472550000615,69.99999999363723
161.964,-0.041,-0.024,825,0,-825,-0.03,-0.01,69.96999999313003,-0.010266472550000615,69.99999999363723
162.172,-0.041,-0.025,825,0,-825,-0.03,-0.01,69.96999999313003,-0.010266472550000615,69.99999999363723
162.372,-0.043,-0.024,825,0,-825,-0.03,-0.01,69.96999999313003,-0.010266472550000615,69.99999999363723
162.58,-0.045,-0.022,825,0,-825,-0.03,-0.01,69.96999999313003,-0.010266472550000615,69.99999999363723
162.788,-0.043,-0.021,825,0,-825,-0.03,-0.01,69.96999999313003,-0.010266472550000615,69.99999999363723
162.996,-0.038,-0.018,825,0,-825,-0.03,-0.01,69.96999999313003,-0.010266472550000615,69.99999999363723
163.204,-0.032,-0.013,825,0,-825,-0.03,-0.01,69.96999999313003,-0.010266472550000615,69.99999999363723
163.412,-0.029,-0.009,0,0,0,69.97099999324777,-0.010266483489702258,69.97099999324777,-0.010266483489702258,0.0
163.62,-0.028,-0.007,825,0,-825,-0.03,-0.01,69.9719999934833,-0.01026649442940519,70.00199999399057
163.828,-0.026,-0.005,825,0,-825,-0.03,-0.01,69.97399999371876,-0.010266516308808475,70.0039999942261
164.036,-0.024,-0.004,0,0,0,69.97599999383644,-0.010266538188210472,69.97599999383644,-0.010266538188210472,0.0
164.244,-0.022,-0.005,0,0,0,69.97799999371851,-0.010266560067609891,69.97799999371851,-0.010266560067609891,0.0
164.452,-0.021,-0.006,0,0,0,69.97899999360067,-0.010266571007308958,69.97899999360067,-0.010266571007308958,0.0
164.66,-0.023,-0.006,0,0,0,69.9769999936008,-0.01026654912790825,69.9769999936008,-0.01026654912790825,0.0
164.86,-0.025,-0.007,0,0,0,69.97499999348311,-0.010266527248506251,69.97499999348311,-0.010266527248506251,0.0
165.068,-0.026,-0.008,0,0,0,69.97399999336538,-0.01026651630880461,69.97399999336538,-0.01026651630880461,0.0
165.276,-0.028,-0.008,0,0,0,69.9719999933655,-0.0102664944294039,69.9719999933655,-0.0102664944294039,0.0
165.484,-0.03,-0.008,825,0,-825,-0.03,-0.01,69.96999999336562,-0.010266472550003193,69.99999999387282
165.692,-0.033,-0.007,825,0,-825,-0.03,-0.01,69.96999999313003,-0.010266472550000615,69.99999999363723
165.9,-0.037,-0.005,825,0,-825,-0.03,-0.01,69.96999999313003,-0.010266472550000615,69.99999999363723
166.108,-0.044,-0.002,825,0,-825,-0.03,-0.01,69.96999999313003,-0.010266472550000615,69.99999999363723
166.316,-0.051,0.001,825,0,-825,-0.03,-0.01,69.96999999313003,-0.010266472550000615,69.99999999363723
166.524,-0.057,0.003,825,0,-825,-0.03,-0.01,69.96999999313003,-0.010266472550000615,69.99999999363723
166.732,-0.059,0.001,825,0,-825,-0.03,-0.01,69.96999999313003,-0.010266472550000615,69.99999999363723
166.94,-0.058,-0.002,825,0,-825,-0.03,-0.01,69.96999999313003,-0.010266472550000615,69.99999999363723
167.148,-0.057,-0.005,825,0,-825,-0.03,-0.01,69.96999999313003,-0.010266472550000615,69.99999999363723
167.352,-0.054,-0.008,825,0,-825,-0.03,-0.01,69.96999999313003,-0.010266472550000615,69.99999999363723
167.556,-0.05,-0.007,825,0,-825,-0.03,-0.01,69.96999999313003,-0.010266472550000615,69.99999999363723
167.764,-0.045,-0.005,825,0,-825,-0.03,-0.01,69.96999999313003,-0.010266472550000615,69.99999999363723
167.972,-0.038,-0.005,825,0,-825,-0.03,-0.01,69.96999999313003,-0.010266472550000615,69.99999999363723
168.18,-0.033,-0.005,825,0,-825,-0.03,-0.01,69.96999999313003,-0.010266472550000615,69.99999999363723
168.388,-0.03,-0.008,825,0,-825,-0.03,-0.01,69.96999999336562,-0.010266472550003193,69.99999999387282
168.596,-0.032,-0.012,825,0,-825,-0.03,-0.01,69.96999999313003,-0.010266472550000615,69.99999999363723
168.804,-0.033,-0.013,825,0,-825,-0.03,-0.01,69.96999999313003,-0.010266472550000615,69.99999999363723
169.012,-0.032,-0.012,825,0,-825,-0.03,-0.01,69.96999999313003,-0.010266472550000615,69.99999999363723
169.22,-0.03,-0.01,0,0,0,69.96999999313003,-0.010266472550000615,69.96999999313003,-0.010266472550000615,0.0
169.428,-0.027,-0.007,0,0,0,69.97299999348323,-0.010266505369105543,69.97299999348323,-0.010266505369105543,0.0
169.636,-0.024,-0.002,825,0,-825,-0.03,-0.01,69.97599999407203,-0.01026653818821305,70.00599999457943
169.836,-0.023,0.003,825,0,-825,-0.03,-0.01,69.97699999466094,-0.010266549127919846,70.00699999516839
170.044,-0.023,0.007,825,0,-825,-0.03,-0.01,69.97699999513212,-0.010266549127925002,70.00699999563956
170.252,-0.025,0.009,825,0,-825,-0.03,-0.01,69.97499999536781,-0.01026652724852687,70.00499999587518
170.46,-0.027,0.011,825,0,-825,-0.03,-0.01,69.97299999560352,-0.010266505369128738,70.00299999611082
170.668,-0.028,0.013,825,0,-825,-0.03,-0.01,69.97199999583917,-0.010266494429430962,70.00199999634644
170.876,-0.026,0.015,825,0,-825,-0.03,-0.01,69.97399999607464,-0.010266516308834248,70.00399999658197
171.084,-0.023,0.015,825,0,-825,-0.03,-0.01,69.97699999607447,-0.01026654912793531,70.00699999658191
171.288,-0.019,0.014,825,0,-825,-0.03,-0.01,69.98099999595642,-0.010266592886735438,70.010999996464
171.492,-0.017,0.015,825,0,-825,-0.03,-0.01,69.9829999960741,-0.010266614766137435,70.01299999658174
171.696,-0.017,0.016,825,0,-825,-0.03,-0.01,69.9829999961919,-0.010266614766138724,70.01299999669953
171.9,-0.017,0.017,825,0,-825,-0.03,-0.01,69.98299999630969,-0.010266614766140013,70.01299999681733
172.108,-0.019,0.017,825,0,-825,-0.03,-0.01,69.9809999963098,-0.010266592886739303,70.01099999681738
172.316,-0.02,0.015,825,0,-825,-0.03,-0.01,69.97999999607428,-0.010266581947036373,70.00999999658183
172.524,-0.022,0.013,825,0,-825,-0.03,-0.01,69.9779999958388,-0.010266560067633088,70.00799999634627
172.732,-0.025,0.013,825,0,-825,-0.03,-0.01,69.97499999583899,-0.010266527248532024,70.00499999634636
172.94,-0.028,0.012,825,0,-825,-0.03,-0.01,69.97199999572138,-0.010266494429429673,70.00199999622865
173.148,-0.033,0.012,825,0,-825,-0.03,-0.01,69.96999999313003,-0.010266472550000615,69.99999999363723
173.352,-0.038,0.012,825,0,-825,-0.03,-0.01,69.96999999313003,-0.010266472550000615,69.99999999363723
173.56,-0.041,0.013,825,0,-825,-0.03,-0.01,69.96999999313003,-0.010266472550000615,69.99999999363723
173.768,-0.042,0.013,825,0,-825,-0.03,-0.01,69.96999999313003,-0.010266472550000615,69.99999999363723
173.976,-0.041,0.015,825,0,-825,-0.03,-0.01,69.96999999313003,-0.010266472550000615,69.99999999363723
174.184,-0.04,0.014,825,0,-825,-0.03,-0.01,69.96999999313003,-0.010266472550000615,69.99999999363723
174.392,-0.041,0.01,825,0,-825,-0.03,-0.01,69.96999999313003,-0.010266472550000615,69.99999999363723
174.592,-0.043,0.007,825,0,-825,-0.03,-0.01,69.96999999313003,-0.010266472550000615,69.99999999363723
174.8,-0.047,0.004,825,0,-825,-0.03,-0.01,69.96999999313003,-0.010266472550000615,69.99999999363723
175.008,-0.049,0.004,825,0,-825,-0.03,-0.01,69.96999999313003,-0.010266472550000615,69.99999999363723
175.216,-0.054,0.004,825,0,-825,-0.03,-0.01,69.96999999313003,-0.010266472550000615,69.99999999363723
175.424,-0.058,0.006,825,0,-825,-0.03,-0.01,69.96999999313003,-0.010266472550000615,69.99999999363723
175.632,-0.061,0.007,825,0,-825,-0.03,-0.01,69.96999999313003,-0.010266472550000615,69.99999999363723
175.84,-0.063,0.007,825,0,-825,-0.03,-0.01,69.96999999313003,-0.010266472550000615,69.99999999363723
176.048,-0.064,0.007,825,0,-825,-0.03,-0.01,69.96999999313003,-0.010266472550000615,69.99999999363723
176.256,-0.063,0.006,825,0,-825,-0.03,-0.01,69.96999999313003,-0.010266472550000615,69.99999999363723
176.464,-0.062,0.006,825,0,-825,-0.03,-0.01,69.96999999313003,-0.010266472550000615,69.99999999363723
176.672,-0.061,0.009,825,0,-825,-0.03,-0.01,69.96999999313003,-0.010266472550000615,69.99999999363723
176.872,-0.057,0.01,825,0,-825,-0.03,-0.01,69.96999999313003,-0.010266472550000615,69.99999999363723
177.08,-0.051,0.012,825,0,-825,-0.03,-0.01,69.96999999313003,-0.010266472550000615,69.99999999363723
177.288,-0.046,0.014,825,0,-825,-0.03,-0.01,69.96999999313003,-0.010266472550000615,69.99999999363723
177.496,-0.044,0.014,825,0,-825,-0.03,-0.01,69.96999999313003,-0.010266472550000615,69.99999999363723
177.704,-0.043,0.012,825,0,-825,-0.03,-0.01,69.96999999313003,-0.010266472550000615,69.99999999363723
177.912,-0.043,0.01,825,0,-825,-0.03,-0.01,69.96999999313003,-0.010266472550000615,69.99999999363723
178.12,-0.041,0.007,825,0,-825,-0.03,-0.01,69.96999999313003,-0.010266472550000615,69.99999999363723
178.328,-0.038,0.004,825,0,-825,-0.03,-0.01,69.96999999313003,-0.010266472550000615,69.99999999363723
178.532,-0.034,-0.002,825,0,-825,-0.03,-0.01,69.96999999313003,-0.010266472550000615,69.99999999363723
178.74,-0.029,-0.007,825,0,-825,-0.03,-0.01,69.97099999348336,-0.010266483489704836,70.00099999399059
178.948,-0.022,-0.011,0,0,0,69.97799999301175,-0.01026656006760216,69.97799999301175,-0.01026656006760216,0.0
179.156,-0.014,-0.012,0,0,0,69.9859999928935,-0.010266647585203705,69.9859999928935,-0.010266647585203705,0.0
179.364,-0.008,-0.012,0,0,0,69.99199999289313,-0.010266713223405829,69.99199999289313,-0.010266713223405829,0.0
179.568,-0.002,-0.012,0,0,0,69.99799999289277,-0.010266778861607954,69.99799999289277,-0.010266778861607954,0.0
179.772,0.006,-0.012,0,0,0,70.0059999928923,-0.010266866379210787,70.0059999928923,-0.010266866379210787,0.0
179.972,0.011,-0.014,0,0,0,70.0109999926564,-0.01026692107770998,70.0109999926564,-0.01026692107770998,0.0
180.18,0.013,-0.013,0,0,0,70.01299999277408,-0.010266942957111978,70.01299999277408,-0.010266942957111978,0.0
180.388,0.011,-0.011,0,0,0,70.01099999300978,-0.010266921077713846,70.01099999300978,-0.010266921077713846,0.0
180.596,0.01,-0.009,0,0,0,70.00999999324544,-0.01026691013801607,70.00999999324544,-0.01026691013801607,0.0
180.804,0.009,-0.009,0,0,0,70.0089999932455,-0.010266899198315716,70.0089999932455,-0.010266899198315716,0.0
181.012,0.009,-0.01,0,0,0,70.0089999931277,-0.010266899198314427,70.0089999931277,-0.010266899198314427,0.0
181.22,0.008,-0.01,0,0,0,70.00799999312775,-0.010266888258614073,70.00799999312775,-0.010266888258614073,0.0
181.428,0.008,-0.01,0,0,0,70.00799999312775,-0.010266888258614073,70.00799999312775,-0.010266888258614073,0.0
181.636,0.009,-0.012,0,0,0,70.00899999289211,-0.010266899198311849,70.00899999289211,-0.010266899198311849,0.0
181.836,0.011,-0.012,0,0,0,70.01099999289198,-0.010266921077712557,70.01099999289198,-0.010266921077712557,0.0
182.044,0.012,-0.014,0,0,0,70.01199999265634,-0.010266932017410335,70.01199999265634,-0.010266932017410335,0.0
182.252,0.011,-0.015,0,0,0,70.0109999925386,-0.010266921077708692,70.0109999925386,-0.010266921077708692,0.0
182.46,0.012,-0.016,0,0,0,70.01199999242075,-0.010266932017407757,70.01199999242075,-0.010266932017407757,0.0
182.664,0.013,-0.017,0,0,0,70.01299999230291,-0.010266942957106822,70.01299999230291,-0.010266942957106822,0.0
182.868,0.013,-0.019,0,0,0,70.01299999206732,-0.010266942957104246,70.01299999206732,-0.010266942957104246,0.0
183.068,0.012,-0.023,0,0,0,70.0119999915962,-0.010266932017398736,70.0119999915962,-0.010266932017398736,0.0
183.276,0.01,-0.025,0,0,0,70.00999999136074,-0.01026691013799545,70.00999999136074,-0.01026691013799545,0.0
183.484,0.006,-0.024,0,0,0,70.00599999147877,-0.010266866379195324,70.00599999147877,-0.010266866379195324,0.0
183.692,0.001,-0.02,0,0,0,70.00099999195025,-0.010266811680698706,70.00099999195025,-0.010266811680698706,0.0
183.9,-0.005,-0.018,0,0,0,69.9949999921862,-0.01026674604249916,69.9949999921862,-0.01026674604249916,0.0
184.108,-0.013,-0.017,0,0,0,69.98699999230446,-0.010266658524897615,69.98699999230446,-0.010266658524897615,0.0
184.312,-0.02,-0.017,0,0,0,69.97999999230488,-0.010266581946995137,69.97999999230488,-0.010266581946995137,0.0
184.52,-0.026,-0.018,0,0,0,69.97399999218744,-0.010266516308791723,69.97399999218744,-0.010266516308791723,0.0
184.728,-0.03,-0.018,825,0,-825,-0.03,-0.01,69.96999999313003,-0.010266472550000615,69.99999999363723
184.936,-0.032,-0.017,825,0,-825,-0.03,-0.01,69.96999999313003,-0.010266472550000615,69.99999999363723
185.144,-0.033,-0.017,825,0,-825,-0.03,-0.01,69.96999999313003,-0.010266472550000615,69.99999999363723
185.352,-0.031,-0.017,825,0,-825,-0.03,-0.01,69.96999999313003,-0.010266472550000615,69.99999999363723
185.56,-0.03,-0.016,825,0,-825,-0.03,-0.01,69.96999999313003,-0.010266472550000615,69.99999999363723
185.768,-0.027,-0.013,0,0,0,69.97299999277647,-0.010266505369097812,69.97299999277647,-0.010266505369097812,0.0
185.976,-0.027,-0.012,0,0,0,69.97299999289426,-0.0102665053690991,69.97299999289426,-0.0102665053690991,0.0
186.184,-0.027,-0.013,0,0,0,69.97299999277647,-0.010266505369097812,69.97299999277647,-0.010266505369097812,0.0
186.392,-0.025,-0.017,0,0,0,69.97499999230517,-0.010266527248493366,69.97499999230517,-0.010266527248493366,0.0
186.592,-0.023,-0.022,0,0,0,69.9769999917161,-0.01026654912788763,69.9769999917161,-0.01026654912788763,0.0
186.8,-0.019,-0.026,0,0,0,69.98099999124467,-0.010266592886683893,69.98099999124467,-0.010266592886683893,0.0
187.008,-0.013,-0.029,0,0,0,69.98699999089094,-0.010266658524882151,69.98699999089094,-0.010266658524882151,0.0
187.216,-0.007,-0.03,0,0,0,69.99299999077277,-0.010266724163082988,69.99299999077277,-0.010266724163082988,0.0
187.424,-0.006,-0.03,0,0,0,69.99399999077272,-0.010266735102783342,69.99399999077272,-0.010266735102783342,0.0
187.632,-0.007,-0.03,0,0,0,69.99299999077277,-0.010266724163082988,69.99299999077277,-0.010266724163082988,0.0
187.84,-0.01,-0.028,0,0,0,69.98999999100855,-0.010266691343984502,69.98999999100855,-0.010266691343984502,0.0
188.048,-0.013,-0.028,0,0,0,69.98699999100873,-0.01026665852488344,69.98699999100873,-0.01026665852488344,0.0
188.256,-0.016,-0.027,0,0,0,69.9839999911267,-0.010266625705783667,69.9839999911267,-0.010266625705783667,0.0
188.464,-0.016,-0.025,0,0,0,69.98399999136228,-0.010266625705786243,69.98399999136228,-0.010266625705786243,0.0
188.672,-0.017,-0.02,0,0,0,69.98299999195132,-0.010266614766092332,69.98299999195132,-0.010266614766092332,0.0
188.872,-0.02,-0.012,0,0,0,69.97999999289385,-0.01026658194700158,69.97999999289385,-0.01026658194700158,0.0
189.08,-0.023,-0.008,0,0,0,69.97699999336521,-0.010266549127905672,69.97699999336521,-0.010266549127905672,0.0
189.288,-0.026,-0.007,0,0,0,69.97399999348318,-0.010266516308805897,69.97399999348318,-0.010266516308805897,0.0
189.496,-0.028,-0.006,825,0,-825,-0.03,-0.01,69.97199999360109,-0.010266494429406478,70.00199999410836
189.704,-0.029,-0.005,825,0,-825,-0.03,-0.01,69.97099999371895,-0.010266483489707413,70.00099999422618
189.912,-0.029,-0.005,825,0,-825,-0.03,-0.01,69.97099999371895,-0.010266483489707413,70.00099999422618
190.12,-0.03,-0.005,825,0,-825,-0.03,-0.01,69.969999993719,-0.01026647255000706,69.9999999942262
190.328,-0.028,-0.006,825,0,-825,-0.03,-0.01,69.97199999360109,-0.010266494429406478,70.00199999410836
190.536,-0.023,-0.007,0,0,0,69.976999993483,-0.010266549127906961,69.976999993483,-0.010266549127906961,0.0
190.744,-0.018,-0.006,0,0,0,69.9819999936005,-0.01026660382641002,69.9819999936005,-0.01026660382641002,0.0
190.952,-0.013,-0.004,0,0,0,69.98699999383578,-0.010266658524914367,69.98699999383578,-0.010266658524914367,0.0
191.16,-0.008,-0.005,0,0,0,69.99199999371768,-0.01026671322341485,69.99199999371768,-0.01026671322341485,0.0
191.36,-0.001,-0.009,0,0,0,69.99899999324609,-0.010266789801312173,69.99899999324609,-0.010266789801312173,0.0
191.568,0.005,-0.015,0,0,0,70.00499999253897,-0.010266855439506567,70.00499999253897,-0.010266855439506567,0.0
191.776,0.007,-0.02,0,0,0,70.00699999194988,-0.010266877318900832,70.00699999194988,-0.010266877318900832,0.0
191.98,0.008,-0.023,0,0,0,70.00799999159644,-0.01026688825859732,70.00799999159644,-0.01026688825859732,0.0
192.18,0.008,-0.024,0,0,0,70.00799999147864,-0.010266888258596032,70.00799999147864,-0.010266888258596032,0.0
192.388,0.007,-0.025,0,0,0,70.00699999136091,-0.010266877318894389,70.00699999136091,-0.010266877318894389,0.0
192.596,0.007,-0.026,0,0,0,70.00699999124312,-0.0102668773188931,70.00699999124312,-0.0102668773188931,0.0
192.804,0.007,-0.027,0,0,0,70.00699999112533,-0.010266877318891811,70.00699999112533,-0.010266877318891811,0.0
193.012,0.008,-0.026,0,0,0,70.00799999124305,-0.010266888258593454,70.00799999124305,-0.010266888258593454,0.0
193.224,0.008,-0.025,0,0,0,70.00799999136085,-0.010266888258594743,70.00799999136085,-0.010266888258594743,0.0
193.428,0.009,-0.025,0,0,0,70.0089999913608,-0.010266899198295097,70.0089999913608,-0.010266899198295097,0.0
193.636,0.009,-0.025,0,0,0,70.0089999913608,-0.010266899198295097,70.0089999913608,-0.010266899198295097,0.0
193.836,0.007,-0.022,0,0,0,70.0069999917143,-0.010266877318898254,70.0069999917143,-0.010266877318898254,0.0
194.044,0.005,-0.018,0,0,0,70.00499999218559,-0.010266855439502702,70.00499999218559,-0.010266855439502702,0.0
194.252,0.003,-0.015,0,0,0,70.00299999253909,-0.010266833560105859,70.00299999253909,-0.010266833560105859,0.0
194.46,-0.001,-0.015,0,0,0,69.99899999253932,-0.010266789801304441,69.99899999253932,-0.010266789801304441,0.0
194.668,-0.006,-0.015,0,0,0,69.99399999253963,-0.010266735102802672,69.99399999253963,-0.010266735102802672,0.0
194.876,-0.011,-0.015,0,0,0,69.98899999253993,-0.0102666804043009,69.98899999253993,-0.0102666804043009,0.0
195.084,-0.014,-0.014,0,0,0,69.98599999265791,-0.010266647585201127,69.98599999265791,-0.010266647585201127,0.0
195.292,-0.017,-0.014,0,0,0,69.98299999265808,-0.010266614766100066,69.98299999265808,-0.010266614766100066,0.0
195.5,-0.018,-0.014,0,0,0,69.98199999265815,-0.01026660382639971,69.98199999265815,-0.01026660382639971,0.0
195.708,-0.016,-0.016,0,0,0,69.98399999242243,-0.010266625705797842,69.98399999242243,-0.010266625705797842,0.0
195.916,-0.015,-0.019,0,0,0,69.98499999206899,-0.01026663664549433,69.98499999206899,-0.01026663664549433,0.0
196.116,-0.015,-0.02,0,0,0,69.9849999919512,-0.010266636645493042,69.9849999919512,-0.010266636645493042,0.0
196.324,-0.018,-0.017,0,0,0,69.98199999230476,-0.010266603826395845,69.98199999230476,-0.010266603826395845,0.0
196.532,-0.021,-0.011,0,0,0,69.9789999930117,-0.010266571007302515,69.9789999930117,-0.010266571007302515,0.0
196.74,-0.025,-0.004,825,0,-825,-0.03,-0.01,69.97499999383649,-0.010266527248510118,70.00499999434386
196.948,-0.029,0.004,825,0,-825,-0.03,-0.01,69.97099999477909,-0.01026648348971901,70.00099999528632
197.156,-0.03,0.012,825,0,-825,-0.03,-0.01,69.9699999957215,-0.010266472550028966,69.9999999962287
197.364,-0.03,0.017,825,0,-825,-0.03,-0.01,69.96999999631046,-0.010266472550035408,69.99999999681766
197.572,-0.028,0.02,825,0,-825,-0.03,-0.01,69.97199999666373,-0.010266494429439983,70.001999997171
197.78,-0.025,0.019,825,0,-825,-0.03,-0.01,69.97499999654575,-0.010266527248539756,70.00499999705312
197.988,-0.023,0.016,825,0,-825,-0.03,-0.01,69.97699999619226,-0.010266549127936599,70.0069999966997
198.196,-0.022,0.01,825,0,-825,-0.03,-0.01,69.97799999548542,-0.010266560067629221,70.00799999599289
198.404,-0.021,0.004,825,0,-825,-0.03,-0.01,69.9789999947786,-0.010266571007321843,70.00899999528612
198.604,-0.019,-0.002,0,0,0,69.98099999407172,-0.01026659288671482,69.98099999407172,-0.01026659288671482,0.0
198.812,-0.018,-0.009,0,0,0,69.98199999324711,-0.010266603826406154,69.98199999324711,-0.010266603826406154,0.0
199.02,-0.017,-0.016,0,0,0,69.98299999242249,-0.010266614766097488,69.98299999242249,-0.010266614766097488,0.0
199.228,-0.017,-0.022,0,0,0,69.98299999171573,-0.010266614766089756,69.98299999171573,-0.010266614766089756,0.0
199.436,-0.016,-0.028,0,0,0,69.9839999910089,-0.010266625705782378,69.9839999910089,-0.010266625705782378,0.0
199.644,-0.013,-0.031,0,0,0,69.98699999065535,-0.010266658524879575,69.98699999065535,-0.010266658524879575,0.0
199.852,-0.01,-0.034,0,0,0,69.98999999030178,-0.01026669134397677,69.98999999030178,-0.01026669134397677,0.0
200.06,-0.01,-0.037,0,0,0,69.9899999899484,-0.010266691343972905,69.9899999899484,-0.010266691343972905,0.0
200.268,-0.01,-0.038,0,0,0,69.98999998983061,-0.010266691343971616,69.98999998983061,-0.010266691343971616,0.0
200.48,-0.012,-0.038,0,0,0,69.98799998983073,-0.010266669464570909,69.98799998983073,-0.010266669464570909,0.0
200.684,-0.015,-0.04,0,0,0,69.98499998959532,-0.010266636645467269,69.98499998959532,-0.010266636645467269,0.0
200.892,-0.019,-0.041,0,0,0,69.98099998947777,-0.010266592886664563,69.98099998947777,-0.010266592886664563,0.0
201.092,-0.025,-0.041,0,0,0,69.97499998947812,-0.010266527248462439,69.97499998947812,-0.010266527248462439,0.0
201.3,-0.031,-0.039,825,0,-825,-0.03,-0.01,69.96999999313003,-0.010266472550000615,69.99999999363723
201.508,-0.033,-0.035,825,0,-825,-0.03,-0.01,69.96999999313003,-0.010266472550000615,69.99999999363723
201.716,-0.033,-0.032,825,0,-825,-0.03,-0.01,69.96999999313003,-0.010266472550000615,69.99999999363723
201.924,-0.034,-0.031,825,0,-825,-0.03,-0.01,69.96999999313003,-0.010266472550000615,69.99999999363723
202.132,-0.038,-0.033,825,0,-825,-0.03,-0.01,69.96999999313003,-0.010266472550000615,69.99999999363723
202.34,-0.043,-0.034,825,0,-825,-0.03,-0.01,69.96999999313003,-0.010266472550000615,69.99999999363723
202.552,-0.046,-0.032,825,0,-825,-0.03,-0.01,69.96999999313003,-0.010266472550000615,69.99999999363723
202.756,-0.046,-0.029,825,0,-825,-0.03,-0.01,69.96999999313003,-0.010266472550000615,69.99999999363723
202.964,-0.048,-0.027,825,0,-825,-0.03,-0.01,69.96999999313003,-0.010266472550000615,69.99999999363723
203.172,-0.047,-0.026,825,0,-825,-0.03,-0.01,69.96999999313003,-0.010266472550000615,69.99999999363723
203.372,-0.044,-0.024,825,0,-825,-0.03,-0.01,69.96999999313003,-0.010266472550000615,69.99999999363723
203.58,-0.042,-0.023,825,0,-825,-0.03,-0.01,69.96999999313003,-0.010266472550000615,69.99999999363723
203.788,-0.043,-0.025,825,0,-825,-0.03,-0.01,69.96999999313003,-0.010266472550000615,69.99999999363723
203.996,-0.044,-0.029,825,0,-825,-0.03,-0.01,69.96999999313003,-0.010266472550000615,69.99999999363723
204.204,-0.044,-0.032,825,0,-825,-0.03,-0.01,69.96999999313003,-0.010266472550000615,69.99999999363723
204.412,-0.043,-0.033,825,0,-825,-0.03,-0.01,69.96999999313003,-0.010266472550000615,69.99999999363723
204.62,-0.04,-0.033,825,0,-825,-0.03,-0.01,69.96999999313003,-0.010266472550000615,69.99999999363723
204.828,-0.039,-0.032,825,0,-825,-0.03,-0.01,69.96999999313003,-0.010266472550000615,69.99999999363723
205.036,-0.039,-0.032,825,0,-825,-0.03,-0.01,69.96999999313003,-0.010266472550000615,69.99999999363723
205.244,-0.041,-0.031,825,0,-825,-0.03,-0.01,69.96999999313003,-0.010266472550000615,69.99999999363723
205.452,-0.045,-0.029,825,0,-825,-0.03,-0.01,69.96999999313003,-0.010266472550000615,69.99999999363723
205.664,-0.048,-0.028,825,0,-825,-0.03,-0.01,69.96999999313003,-0.010266472550000615,69.99999999363723
205.868,-0.051,-0.026,825,0,-825,-0.03,-0.01,69.96999999313003,-0.010266472550000615,69.99999999363723
206.068,-0.053,-0.024,825,0,-825,-0.03,-0.01,69.96999999313003,-0.010266472550000615,69.99999999363723
206.276,-0.054,-0.024,825,0,-825,-0.03,-0.01,69.96999999313003,-0.010266472550000615,69.99999999363723
206.484,-0.054,-0.023,825,0,-825,-0.03,-0.01,69.96999999313003,-0.010266472550000615,69.99999999363723
206.692,-0.054,-0.021,825,0,-825,-0.03,-0.01,69.96999999313003,-0.010266472550000615,69.99999999363723
206.9,-0.051,-0.02,825,0,-825,-0.03,-0.01,69.96999999313003,-0.010266472550000615,69.99999999363723
207.108,-0.049,-0.02,825,0,-825,-0.03,-0.01,69.96999999313003,-0.010266472550000615,69.99999999363723
207.316,-0.049,-0.023,825,0,-825,-0.03,-0.01,69.96999999313003,-0.010266472550000615,69.99999999363723
207.524,-0.049,-0.027,825,0,-825,-0.03,-0.01,69.96999999313003,-0.010266472550000615,69.99999999363723
207.728,-0.051,-0.03,825,0,-825,-0.03,-0.01,69.96999999313003,-0.010266472550000615,69.99999999363723
207.932,-0.054,-0.033,825,0,-825,-0.03,-0.01,69.96999999313003,-0.010266472550000615,69.99999999363723
208.132,-0.056,-0.036,825,0,-825,-0.03,-0.01,69.96999999313003,-0.010266472550000615,69.99999999363723
208.34,-0.057,-0.041,825,0,-825,-0.03,-0.01,69.96999999313003,-0.010266472550000615,69.99999999363723
208.548,-0.056,-0.044,825,0,-825,-0.03,-0.01,69.96999999313003,-0.010266472550000615,69.99999999363723
208.756,-0.052,-0.043,825,0,-825,-0.03,-0.01,69.96999999313003,-0.010266472550000615,69.99999999363723
208.964,-0.046,-0.043,825,0,-825,-0.03,-0.01,69.96999999313003,-0.010266472550000615,69.99999999363723
209.172,-0.04,-0.043,825,0,-825,-0.03,-0.01,69.96999999313003,-0.010266472550000615,69.99999999363723
209.376,-0.035,-0.042,825,0,-825,-0.03,-0.01,69.96999999313003,-0.010266472550000615,69.99999999363723
209.58,-0.032,-0.041,825,0,-825,-0.03,-0.01,69.96999999313003,-0.010266472550000615,69.99999999363723
209.788,-0.03,-0.041,825,0,-825,-0.03,-0.01,69.96999999313003,-0.010266472550000615,69.99999999363723
209.996,-0.028,-0.039,0,0,0,69.9719999897139,-0.010266494429363953,69.9719999897139,-0.010266494429363953,0.0
210.204,-0.026,-0.033,0,0,0,69.97399999042054,-0.010266516308772393,69.97399999042054,-0.010266516308772393,0.0
210.412,-0.023,-0.028,0,0,0,69.97699999100934,-0.0102665491278799,69.97699999100934,-0.0102665491278799,0.0
210.62,-0.02,-0.025,0,0,0,69.97999999136253,-0.010266581946984828,69.97999999136253,-0.010266581946984828,0.0
210.828,-0.018,-0.024,0,0,0,69.98199999148021,-0.010266603826386824,69.98199999148021,-0.010266603826386824,0.0
211.036,-0.018,-0.022,0,0,0,69.9819999917158,-0.010266603826389402,69.9819999917158,-0.010266603826389402,0.0
211.244,-0.019,-0.018,0,0,0,69.98099999218702,-0.010266592886694202,69.98099999218702,-0.010266592886694202,0.0
211.452,-0.022,-0.015,0,0,0,69.97799999254057,-0.010266560067597005,69.97799999254057,-0.010266560067597005,0.0
211.66,-0.029,-0.01,0,0,0,69.97099999312998,-0.01026648348970097,69.97099999312998,-0.01026648348970097,0.0
211.86,-0.037,-0.006,825,0,-825,-0.03,-0.01,69.96999999313003,-0.010266472550000615,69.99999999363723
212.068,-0.042,-0.003,825,0,-825,-0.03,-0.01,69.96999999313003,-0.010266472550000615,69.99999999363723
212.276,-0.042,0.001,825,0,-825,-0.03,-0.01,69.96999999313003,-0.010266472550000615,69.99999999363723
212.484,-0.04,0.005,825,0,-825,-0.03,-0.01,69.96999999313003,-0.010266472550000615,69.99999999363723
212.692,-0.038,0.008,825,0,-825,-0.03,-0.01,69.96999999313003,-0.010266472550000615,69.99999999363723
212.9,-0.037,0.009,825,0,-825,-0.03,-0.01,69.96999999313003,-0.010266472550000615,69.99999999363723
213.108,-0.036,0.011,825,0,-825,-0.03,-0.01,69.96999999313003,-0.010266472550000615,69.99999999363723
213.316,-0.038,0.013,825,0,-825,-0.03,-0.01,69.96999999313003,-0.010266472550000615,69.99999999363723
213.524,-0.043,0.013,825,0,-825,-0.03,-0.01,69.96999999313003,-0.010266472550000615,69.99999999363723
213.732,-0.047,0.013,825,0,-825,-0.03,-0.01,69.96999999313003,-0.010266472550000615,69.99999999363723
213.94,-0.049,0.012,825,0,-825,-0.03,-0.01,69.96999999313003,-0.010266472550000615,69.99999999363723
214.148,-0.049,0.012,825,0,-825,-0.03,-0.01,69.96999999313003,-0.010266472550000615,69.99999999363723
214.348,-0.049,0.012,825,0,-825,-0.03,-0.01,69.96999999313003,-0.010266472550000615,69.99999999363723
214.556,-0.05,0.015,825,0,-825,-0.03,-0.01,69.96999999313003,-0.010266472550000615,69.99999999363723
214.764,-0.049,0.017,825,0,-825,-0.03,-0.01,69.96999999313003,-0.010266472550000615,69.99999999363723
214.972,-0.048,0.017,825,0,-825,-0.03,-0.01,69.96999999313003,-0.010266472550000615,69.99999999363723
215.18,-0.046,0.015,825,0,-825,-0.03,-0.01,69.96999999313003,-0.010266472550000615,69.99999999363723
215.388,-0.048,0.01,825,0,-825,-0.03,-0.01,69.96999999313003,-0.010266472550000615,69.99999999363723
215.596,-0.055,0.001,825,0,-825,-0.03,-0.01,69.96999999313003,-0.010266472550000615,69.99999999363723
215.804,-0.064,-0.011,0,0,0,69.96999999313003,-0.010266472550000615,69.96999999313003,-0.010266472550000615,0.0
216.012,-0.076,-0.025,0,0,0,69.96999999313003,-0.010266472550000615,69.96999999313003,-0.010266472550000615,0.0
216.22,-0.087,-0.036,0,0,0,69.96999999313003,-0.010266472550000615,69.96999999313003,-0.010266472550000615,0.0
216.428,-0.096,-0.039,0,0,0,69.96999999313003,-0.010266472550000615,69.96999999313003,-0.010266472550000615,0.0
216.636,-0.095,-0.033,0,0,0,69.96999999313003,-0.010266472550000615,69.96999999313003,-0.010266472550000615,0.0
216.836,-0.079,-0.021,0,0,0,69.96999999313003,-0.010266472550000615,69.96999999313003,-0.010266472550000615,0.0
217.044,-0.059,-0.01,0,0,0,69.96999999313003,-0.010266472550000615,69.96999999313003,-0.010266472550000615,0.0
217.252,-0.054,-0.006,825,0,-825,-0.03,-0.01,69.96999999313003,-0.010266472550000615,69.99999999363723
217.46,-0.066,-0.008,825,0,-825,-0.03,-0.01,69.96999999313003,-0.010266472550000615,69.99999999363723
217.668,-0.087,-0.011,0,0,0,69.96999999313003,-0.010266472550000615,69.96999999313003,-0.010266472550000615,0.0
217.876,-0.105,-0.01,0,0,0,69.96999999313003,-0.010266472550000615,69.96999999313003,-0.010266472550000615,0.0
218.084,-0.111,-0.003,825,0,-825,-0.03,-0.01,69.96999999313003,-0.010266472550000615,69.99999999363723
218.292,-0.106,0.009,825,0,-825,-0.03,-0.01,69.96999999313003,-0.010266472550000615,69.99999999363723
218.5,-0.091,0.025,825,0,-825,-0.03,-0.01,69.96999999313003,-0.010266472550000615,69.99999999363723
218.708,-0.072,0.039,825,0,-825,-0.03,-0.01,69.96999999313003,-0.010266472550000615,69.99999999363723
218.916,-0.059,0.044,825,0,-825,-0.03,-0.01,69.96999999313003,-0.010266472550000615,69.99999999363723
219.116,-0.055,0.041,825,0,-825,-0.03,-0.01,69.96999999313003,-0.010266472550000615,69.99999999363723
219.324,-0.057,0.028,825,0,-825,-0.03,-0.01,69.96999999313003,-0.010266472550000615,69.99999999363723
219.532,-0.06,0.014,825,0,-825,-0.03,-0.01,69.96999999313003,-0.010266472550000615,69.99999999363723
219.74,-0.058,0.007,825,0,-825,-0.03,-0.01,69.96999999313003,-0.010266472550000615,69.99999999363723
219.948,-0.049,0.01,825,0,-825,-0.03,-0.01,69.96999999313003,-0.010266472550000615,69.99999999363723
220.156,-0.035,0.021,825,0,-825,-0.03,-0.01,69.96999999313003,-0.010266472550000615,69.99999999363723
220.364,-0.023,0.035,825,0,-825,-0.03,-0.01,69.97699999843034,-0.010266549127961083,70.00699999893779
220.572,-0.016,0.045,825,0,-825,-0.03,-0.01,69.98399999960785,-0.010266625705876447,70.01400000011552
220.78,-0.013,0.049,825,0,-825,-0.03,-0.01,69.98700000007885,-0.010266658524982665,70.01700000058663
220.988,-0.015,0.044,825,0,-825,-0.03,-0.01,69.98499999949,-0.010266636645575514,70.01499999999771
221.196,-0.017,0.03,825,0,-825,-0.03,-0.01,69.982999997841,-0.010266614766156765,70.01299999834865
221.404,-0.022,0.013,825,0,-825,-0.03,-0.01,69.9779999958388,-0.010266560067633088,70.00799999634627
221.604,-0.026,-0.001,825,0,-825,-0.03,-0.01,69.97399999418994,-0.010266516308813629,70.00399999469727
221.812,-0.029,-0.007,825,0,-825,-0.03,-0.01,69.97099999348336,-0.010266483489704836,70.00099999399059
222.02,-0.03,-0.003,825,0,-825,-0.03,-0.01,69.96999999395459,-0.010266472550009636,69.99999999446179
222.228,-0.03,0.008,825,0,-825,-0.03,-0.01,69.96999999525032,-0.010266472550023812,69.99999999575752
222.436,-0.026,0.021,825,0,-825,-0.03,-0.01,69.9739999967814,-0.01026651630884198,70.00399999728873
222.644,-0.018,0.029,825,0,-825,-0.03,-0.01,69.98199999772328,-0.010266603826455122,70.01199999823089
222.852,-0.01,0.033,825,0,-825,-0.03,-0.01,69.98999999819397,-0.01026669134406311,70.01999999870185
223.06,-0.002,0.031,825,0,-825,-0.03,-0.01,69.9979999979579,-0.010266778861663365,70.02799999846607
223.268,0.001,0.026,825,0,-825,-0.03,-0.01,70.00099999736877,-0.010266811680757984,70.03099999787703
223.476,-0.001,0.022,825,0,-825,-0.03,-0.01,69.9989999968977,-0.010266789801352122,70.02899999740589
223.684,-0.005,0.02,825,0,-825,-0.03,-0.01,69.99499999666236,-0.010266746042548128,70.02499999717041
223.892,-0.011,0.019,825,0,-825,-0.03,-0.01,69.98899999654492,-0.010266680404344714,70.01899999705277
224.096,-0.017,0.018,825,0,-825,-0.03,-0.01,69.98299999642748,-0.010266614766141302,70.01299999693512
224.304,-0.02,0.015,825,0,-825,-0.03,-0.01,69.97999999607428,-0.010266581947036373,70.00999999658183
224.512,-0.019,0.01,825,0,-825,-0.03,-0.01,69.98099999548525,-0.010266592886730283,70.01099999599282
224.72,-0.018,0.006,825,0,-825,-0.03,-0.01,69.98199999501402,-0.010266603826425483,70.01199999552163
224.928,-0.013,0.006,0,0,0,69.98699999501372,-0.010266658524927254,69.98699999501372,-0.010266658524927254,0.0
225.136,-0.009,0.011,0,0,0,69.99099999560245,-0.010266702283735113,69.99099999560245,-0.010266702283735113,0.0
225.336,-0.007,0.016,825,0,-825,-0.03,-0.01,69.99299999619129,-0.010266724163142265,70.02299999669927
225.544,-0.007,0.02,825,0,-825,-0.03,-0.01,69.99299999666246,-0.010266724163147419,70.02299999717046
225.752,-0.01,0.018,825,0,-825,-0.03,-0.01,69.98999999642706,-0.01026669134404378,70.01999999693494
225.96,-0.014,0.01,825,0,-825,-0.03,-0.01,69.98599999548496,-0.010266647585232054,70.01599999599271
226.168,-0.014,0.002,0,0,0,69.98599999454261,-0.010266647585221745,69.98599999454261,-0.010266647585221745,0.0
226.376,-0.012,-0.003,0,0,0,69.98799999395351,-0.01026666946461601,69.98799999395351,-0.01026666946461601,0.0
226.584,-0.006,-0.003,0,0,0,69.99399999395315,-0.010266735102818135,69.99399999395315,-0.010266735102818135,0.0
226.792,-0.001,-0.001,0,0,0,69.99899999418844,-0.010266789801322482,69.99899999418844,-0.010266789801322482,0.0
227.0,0.0,-0.002,0,0,0,69.99999999407059,-0.01026680074102155,69.99999999407059,-0.01026680074102155,0.0
227.208,-0.005,-0.007,0,0,0,69.99499999348193,-0.010266746042513335,69.99499999348193,-0.010266746042513335,0.0
227.416,-0.015,-0.012,0,0,0,69.98499999289355,-0.01026663664550335,69.98499999289355,-0.01026663664550335,0.0
227.616,-0.025,-0.013,0,0,0,69.97499999277635,-0.01026652724849852,69.97499999277635,-0.01026652724849852,0.0
227.824,-0.034,-0.006,825,0,-825,-0.03,-0.01,69.96999999313003,-0.010266472550000615,69.99999999363723
228.032,-0.039,0.006,825,0,-825,-0.03,-0.01,69.96999999313003,-0.010266472550000615,69.99999999363723
228.24,-0.036,0.016,825,0,-825,-0.03,-0.01,69.96999999313003,-0.010266472550000615,69.99999999363723
228.448,-0.025,0.019,825,0,-825,-0.03,-0.01,69.97499999654575,-0.010266527248539756,70.00499999705312
228.656,-0.014,0.016,825,0,-825,-0.03,-0.01,69.98599999619172,-0.010266647585239786,70.01599999669948
228.864,-0.008,0.012,0,0,0,69.99199999572018,-0.010266713223436755,69.99199999572018,-0.010266713223436755,0.0
229.072,-0.009,0.01,0,0,0,69.99099999548466,-0.010266702283733825,69.99099999548466,-0.010266702283733825,0.0
229.28,-0.016,0.011,825,0,-825,-0.03,-0.01,69.98399999560286,-0.010266625705832635,70.01399999611054
229.488,-0.027,0.01,825,0,-825,-0.03,-0.01,69.97299999548572,-0.010266505369127451,70.00299999599302
229.696,-0.038,0.008,825,0,-825,-0.03,-0.01,69.96999999313003,-0.010266472550000615,69.99999999363723
229.904,-0.041,0.001,825,0,-825,-0.03,-0.01,69.96999999313003,-0.010266472550000615,69.99999999363723
230.104,-0.038,-0.008,825,0,-825,-0.03,-0.01,69.96999999313003,-0.010266472550000615,69.99999999363723
230.312,-0.03,-0.011,825,0,-825,-0.03,-0.01,69.96999999313003,-0.010266472550000615,69.99999999363723
230.52,-0.022,-0.005,0,0,0,69.97799999371851,-0.010266560067609891,69.97799999371851,-0.010266560067609891,0.0
230.724,-0.021,0.005,825,0,-825,-0.03,-0.01,69.9789999948964,-0.010266571007323132,70.0089999954039
230.924,-0.026,0.015,825,0,-825,-0.03,-0.01,69.97399999607464,-0.010266516308834248,70.00399999658197
231.132,-0.034,0.018,825,0,-825,-0.03,-0.01,69.96999999313003,-0.010266472550000615,69.99999999363723
231.34,-0.041,0.015,825,0,-825,-0.03,-0.01,69.96999999313003,-0.010266472550000615,69.99999999363723
231.548,-0.046,0.008,825,0,-825,-0.03,-0.01,69.96999999313003,-0.010266472550000615,69.99999999363723
231.756,-0.048,0.002,825,0,-825,-0.03,-0.01,69.96999999313003,-0.010266472550000615,69.99999999363723
231.964,-0.047,-0.002,825,0,-825,-0.03,-0.01,69.96999999313003,-0.010266472550000615,69.99999999363723
232.172,-0.045,-0.004,825,0,-825,-0.03,-0.01,69.96999999313003,-0.010266472550000615,69.99999999363723
232.372,-0.042,-0.005,825,0,-825,-0.03,-0.01,69.96999999313003,-0.010266472550000615,69.99999999363723
232.58,-0.04,-0.006,825,0,-825,-0.03,-0.01,69.96999999313003,-0.010266472550000615,69.99999999363723
232.788,-0.04,-0.007,825,0,-825,-0.03,-0.01,69.96999999313003,-0.010266472550000615,69.99999999363723
232.996,-0.04,-0.009,825,0,-825,-0.03,-0.01,69.96999999313003,-0.010266472550000615,69.99999999363723
233.204,-0.041,-0.009,825,0,-825,-0.03,-0.01,69.96999999313003,-0.010266472550000615,69.99999999363723
233.412,-0.046,-0.009,825,0,-825,-0.03,-0.01,69.96999999313003,-0.010266472550000615,69.99999999363723
233.62,-0.051,-0.008,825,0,-825,-0.03,-0.01,69.96999999313003,-0.010266472550000615,69.99999999363723
233.828,-0.055,-0.008,825,0,-825,-0.03,-0.01,69.96999999313003,-0.010266472550000615,69.99999999363723
234.036,-0.054,-0.009,825,0,-825,-0.03,-0.01,69.96999999313003,-0.010266472550000615,69.99999999363723
234.244,-0.048,-0.01,0,0,0,69.96999999313003,-0.010266472550000615,69.96999999313003,-0.010266472550000615,0.0
234.452,-0.042,-0.006,825,0,-825,-0.03,-0.01,69.96999999313003,-0.010266472550000615,69.99999999363723
234.66,-0.04,0.0,825,0,-825,-0.03,-0.01,69.96999999313003,-0.010266472550000615,69.99999999363723
234.86,-0.042,0.006,825,0,-825,-0.03,-0.01,69.96999999313003,-0.010266472550000615,69.99999999363723
235.068,-0.044,0.008,825,0,-825,-0.03,-0.01,69.96999999313003,-0.010266472550000615,69.99999999363723
235.276,-0.044,0.007,825,0,-825,-0.03,-0.01,69.96999999313003,-0.010266472550000615,69.99999999363723
235.484,-0.04,0.005,825,0,-825,-0.03,-0.01,69.96999999313003,-0.010266472550000615,69.99999999363723
235.692,-0.035,0.002,825,0,-825,-0.03,-0.01,69.96999999313003,-0.010266472550000615,69.99999999363723
235.9,-0.029,-0.001,825,0,-825,-0.03,-0.01,69.97099999419012,-0.010266483489712567,70.00099999469735
236.108,-0.021,-0.002,0,0,0,69.97899999407184,-0.010266571007314111,69.97899999407184,-0.010266571007314111,0.0
236.316,-0.014,-0.004,0,0,0,69.98599999383585,-0.010266647585214013,69.98599999383585,-0.010266647585214013,0.0
236.524,-0.009,-0.007,0,0,0,69.99099999348216,-0.010266702283711918,69.99099999348216,-0.010266702283711918,0.0
236.732,-0.009,-0.008,0,0,0,69.99099999336437,-0.010266702283710629,69.99099999336437,-0.010266702283710629,0.0
236.94,-0.012,-0.009,0,0,0,69.98799999324675,-0.010266669464608278,69.98799999324675,-0.010266669464608278,0.0
237.148,-0.017,-0.01,0,0,0,69.98299999312925,-0.01026661476610522,69.98299999312925,-0.01026661476610522,0.0
237.348,-0.026,-0.011,0,0,0,69.973999993012,-0.010266516308800743,69.973999993012,-0.010266516308800743,0.0
237.556,-0.038,-0.011,825,0,-825,-0.03,-0.01,69.96999999313003,-0.010266472550000615,69.99999999363723
237.764,-0.047,-0.013,825,0,-825,-0.03,-0.01,69.96999999313003,-0.010266472550000615,69.99999999363723
237.972,-0.053,-0.014,0,0,0,69.96999999313003,-0.010266472550000615,69.96999999313003,-0.010266472550000615,0.0
238.18,-0.056,-0.016,825,0,-825,-0.03,-0.01,69.96999999313003,-0.010266472550000615,69.99999999363723
238.388,-0.055,-0.017,825,0,-825,-0.03,-0.01,69.96999999313003,-0.010266472550000615,69.99999999363723
238.596,-0.05,-0.019,825,0,-825,-0.03,-0.01,69.96999999313003,-0.010266472550000615,69.99999999363723
238.804,-0.044,-0.019,825,0,-825,-0.03,-0.01,69.96999999313003,-0.010266472550000615,69.99999999363723
239.012,-0.04,-0.018,825,0,-825,-0.03,-0.01,69.96999999313003,-0.010266472550000615,69.99999999363723
239.22,-0.037,-0.016,825,0,-825,-0.03,-0.01,69.96999999313003,-0.010266472550000615,69.99999999363723
239.428,-0.034,-0.013,825,0,-825,-0.03,-0.01,69.96999999313003,-0.010266472550000615,69.99999999363723
239.636,-0.032,-0.007,825,0,-825,-0.03,-0.01,69.96999999313003,-0.010266472550000615,69.99999999363723
239.836,-0.028,-0.002,825,0,-825,-0.03,-0.01,69.97199999407226,-0.010266494429411632,70.00199999457953
240.044,-0.024,0.001,825,0,-825,-0.03,-0.01,69.97599999442541,-0.010266538188216915,70.00599999493281
240.252,-0.023,0.0,825,0,-825,-0.03,-0.01,69.97699999430756,-0.010266549127915981,70.006999994815
240.46,-0.027,-0.003,825,0,-825,-0.03,-0.01,69.9729999939544,-0.010266505369110699,70.0029999944617
240.668,-0.035,-0.01,0,0,0,69.96999999313003,-0.010266472550000615,69.96999999313003,-0.010266472550000615,0.0
240.876,-0.048,-0.018,825,0,-825,-0.03,-0.01,69.96999999313003,-0.010266472550000615,69.99999999363723
241.084,-0.06,-0.023,825,0,-825,-0.03,-0.01,69.96999999313003,-0.010266472550000615,69.99999999363723
241.292,-0.068,-0.024,825,0,-825,-0.03,-0.01,69.96999999313003,-0.010266472550000615,69.99999999363723
241.5,-0.074,-0.022,825,0,-825,-0.03,-0.01,69.96999999313003,-0.010266472550000615,69.99999999363723
241.708,-0.082,-0.018,0,0,0,69.96999999313003,-0.010266472550000615,69.96999999313003,-0.010266472550000615,0.0
241.916,-0.089,-0.014,0,0,0,69.96999999313003,-0.010266472550000615,69.96999999313003,-0.010266472550000615,0.0
242.116,-0.091,-0.012,0,0,0,69.96999999313003,-0.010266472550000615,69.96999999313003,-0.010266472550000615,0.0
242.324,-0.087,-0.013,0,0,0,69.96999999313003,-0.010266472550000615,69.96999999313003,-0.010266472550000615,0.0
242.532,-0.083,-0.019,0,0,0,69.96999999313003,-0.010266472550000615,69.96999999313003,-0.010266472550000615,0.0
242.74,-0.084,-0.026,825,0,-825,-0.03,-0.01,69.96999999313003,-0.010266472550000615,69.99999999363723
242.948,-0.092,-0.027,0,0,0,69.96999999313003,-0.010266472550000615,69.96999999313003,-0.010266472550000615,0.0
243.156,-0.106,-0.021,825,0,-825,-0.03,-0.01,69.96999999313003,-0.010266472550000615,69.99999999363723
243.364,-0.117,-0.014,825,0,-825,-0.03,-0.01,69.96999999313003,-0.010266472550000615,69.99999999363723
243.572,-0.124,-0.008,825,0,-825,-0.03,-0.01,69.96999999313003,-0.010266472550000615,69.99999999363723
243.78,-0.123,-0.004,825,0,-825,-0.03,-0.01,69.96999999313003,-0.010266472550000615,69.99999999363723
243.988,-0.116,0.0,825,0,-825,-0.03,-0.01,69.96999999313003,-0.010266472550000615,69.99999999363723
244.196,-0.104,0.003,825,0,-825,-0.03,-0.01,69.96999999313003,-0.010266472550000615,69.99999999363723
244.404,-0.087,0.001,825,0,-825,-0.03,-0.01,69.96999999313003,-0.010266472550000615,69.99999999363723
244.604,-0.069,-0.004,825,0,-825,-0.03,-0.01,69.96999999313003,-0.010266472550000615,69.99999999363723
244.812,-0.052,-0.014,0,0,0,69.96999999313003,-0.010266472550000615,69.96999999313003,-0.010266472550000615,0.0
245.02,-0.038,-0.024,825,0,-825,-0.03,-0.01,69.96999999313003,-0.010266472550000615,69.99999999363723
245.228,-0.029,-0.031,0,0,0,69.97099999065631,-0.010266483489673909,69.97099999065631,-0.010266483489673909,0.0
245.436,-0.024,-0.039,0,0,0,69.97599998971366,-0.01026653818816537,69.97599998971366,-0.01026653818816537,0.0
245.644,-0.018,-0.048,0,0,0,69.98199998865316,-0.010266603826355898,69.98199998865316,-0.010266603826355898,0.0
245.852,-0.007,-0.056,0,0,0,69.99299998771014,-0.010266724163049483,69.99299998771014,-0.010266724163049483,0.0
246.06,0.008,-0.066,0,0,0,70.0079999865313,-0.010266888258541908,70.0079999865313,-0.010266888258541908,0.0
246.268,0.022,-0.078,0,0,0,70.02199998511695,-0.010267041414331404,70.02199998511695,-0.010267041414331404,0.0
246.476,0.033,-0.091,0,0,0,70.03299998358497,-0.010267161751018546,70.03299998358497,-0.010267161751018546,0.0
246.684,0.039,-0.103,0,0,0,70.03899998217109,-0.010267227389205208,70.03899998217109,-0.010267227389205208,0.0
246.892,0.041,-0.114,0,0,0,70.04099998087523,-0.010267249268591742,70.04099998087523,-0.010267249268591742,0.0
247.092,0.039,-0.123,0,0,0,70.03899997981522,-0.010267227389179436,70.03899997981522,-0.010267227389179436,0.0
247.3,0.035,-0.132,0,0,0,70.0349999787553,-0.010267183630366421,70.0349999787553,-0.010267183630366421,0.0
247.508,0.028,-0.143,0,0,0,70.02799997746,-0.010267107052449768,70.02799997746,-0.010267107052449768,0.0
247.716,0.023,-0.157,0,0,0,70.02299997581117,-0.010267052353929955,70.02299997581117,-0.010267052353929955,0.0
247.924,0.02,-0.169,0,0,0,70.01999997439783,-0.01026701953481343,70.01999997439783,-0.01026701953481343,0.0
248.132,0.023,-0.179,0,0,0,70.02299997321971,-0.010267052353901606,70.02299997321971,-0.010267052353901606,0.0
248.34,0.03,-0.186,0,0,0,70.02999997239473,-0.010267128931795065,70.02999997239473,-0.010267128931795065,0.0
248.548,0.043,-0.193,0,0,0,70.04299997156942,-0.010267271147890647,70.04299997156942,-0.010267271147890647,0.0
248.756,0.055,-0.201,0,0,0,70.05499997062634,-0.010267402424284588,70.05499997062634,-0.010267402424284588,0.0
248.964,0.066,-0.207,0,0,0,70.06599996991892,-0.010267522760980752,70.06599996991892,-0.010267522760980752,0.0
249.172,0.073,-0.211,0,0,0,70.07299996944732,-0.010267599338878075,70.07299996944732,-0.010267599338878075,0.0
249.372,0.074,-0.214,0,0,0,70.07399996909388,-0.010267610278574564,70.07399996909388,-0.010267610278574564,0.0
249.58,0.073,-0.215,0,0,0,70.07299996897615,-0.010267599338872922,70.07299996897615,-0.010267599338872922,0.0
249.788,0.074,-0.215,0,0,0,70.07399996897608,-0.010267610278573275,70.07399996897608,-0.010267610278573275,0.0
249.996,0.076,-0.214,0,0,0,70.07599996909377,-0.010267632157975272,70.07599996909377,-0.010267632157975272,0.0
250.204,0.081,-0.214,0,0,0,70.08099996909347,-0.010267686856477044,70.08099996909347,-0.010267686856477044,0.0
250.412,0.088,-0.218,0,0,0,70.08799996862187,-0.010267763434374367,70.08799996862187,-0.010267763434374367,0.0
250.62,0.094,-0.226,0,0,0,70.09399996767917,-0.010267829072566183,70.09399996767917,-0.010267829072566183,0.0
250.828,0.101,-0.233,0,0,0,70.10099996685419,-0.010267905650459642,70.10099996685419,-0.010267905650459642,0.0
251.036,0.109,-0.236,0,0,0,70.10899996650033,-0.010267993168058608,70.10899996650033,-0.010267993168058608,0.0
251.244,0.118,-0.238,0,0,0,70.11799996626421,-0.01026809162535922,70.11799996626421,-0.01026809162535922,0.0
251.452,0.126,-0.241,0,0,0,70.12599996591034,-0.010268179142958186,70.12599996591034,-0.010268179142958186,0.0
251.66,0.132,-0.242,0,0,0,70.13199996579219,-0.010268244781159022,70.13199996579219,-0.010268244781159022,0.0
251.86,0.14,-0.241,0,0,0,70.1399999659095,-0.010268332298763144,70.1399999659095,-0.010268332298763144,0.0
252.068,0.149,-0.241,0,0,0,70.14899996590896,-0.010268430756066331,70.14899996590896,-0.010268430756066331,0.0
252.276,0.156,-0.243,0,0,0,70.15599996567296,-0.010268507333966233,70.15599996567296,-0.010268507333966233,0.0
252.484,0.161,-0.25,0,0,0,70.1609999648481,-0.010268562032458982,70.1609999648481,-0.010268562032458982,0.0
252.692,0.163,-0.26,0,0,0,70.16299996367007,-0.010268571780589932,70.16299996367007,-0.010268571780589932,0.0
252.9,0.164,-0.27,0,0,0,70.16399996249211,-0.010268565196375586,70.16399996249211,-0.010268565196375586,0.0
253.108,0.164,-0.276,0,0,0,70.16399996178535,-0.010268565196380239,70.16399996178535,-0.010268565196380239,0.0
253.312,0.161,-0.278,0,0,0,70.16099996154988,-0.010268562032422901,70.16099996154988,-0.010268562032422901,0.0
253.516,0.158,-0.28,0,0,0,70.15799996131446,-0.010268529213319262,70.15799996131446,-0.010268529213319262,0.0
253.716,0.154,-0.282,0,0,0,70.15399996107912,-0.010268485454515268,70.15399996107912,-0.010268485454515268,0.0
253.924,0.148,-0.28,0,0,0,70.14799996131508,-0.01026841981631572,70.14799996131508,-0.01026841981631572,0.0
254.132,0.141,-0.278,0,0,0,70.14099996155107,-0.01026834323841582,70.14099996155107,-0.01026834323841582,0.0
254.34,0.136,-0.277,0,0,0,70.13599996166917,-0.010268288539915337,70.13599996166917,-0.010268288539915337,0.0
254.548,0.133,-0.277,0,0,0,70.13299996166936,-0.010268255720814275,70.13299996166936,-0.010268255720814275,0.0
254.756,0.133,-0.277,0,0,0,70.13299996166936,-0.010268255720814275,70.13299996166936,-0.010268255720814275,0.0
254.964,0.136,-0.277,0,0,0,70.13599996166917,-0.010268288539915337,70.13599996166917,-0.010268288539915337,0.0
255.168,0.142,-0.276,0,0,0,70.14199996178661,-0.01026835417811875,70.14199996178661,-0.01026835417811875,0.0
255.376,0.153,-0.271,0,0,0,70.15299996237492,-0.010268474514829089,70.15299996237492,-0.010268474514829089,0.0
255.584,0.178,-0.262,0,0,0,70.17799996343415,-0.010268473017259968,70.17799996343415,-0.010268473017259968,0.0
255.792,0.238,-0.25,0,0,0,70.23799996484638,-0.010268077963924607,70.23799996484638,-0.010268077963924607,0.0
256.0,0.367,-0.236,0,0,0,70.3669999664927,-0.01026722859926273,70.3669999664927,-0.01026722859926273,0.0
256.208,0.602,-0.219,0,0,0,70.6019999684901,-0.01026568130705583,70.6019999684901,-0.01026568130705583,0.0
256.416,0.992,-0.2,1,1,0,70.99199997151904,-0.010263113460416473,70.99199997151904,-0.010263113460416473,0.0
256.624,1.596,-0.181,1,1,0,71.59599997349362,-0.010249182702390327,71.59599997349362,-0.010249182702390327,0.0
256.832,2.475,-0.163,2,2,0,72.47499997610524,-0.010215264147272245,72.47499997610524,-0.010215264147272245,0.0
257.04,3.698,-0.152,3,3,0,73.69799997616214,-0.010132935076505764,73.69799997616214,-0.010132935076505764,0.0
257.248,5.341,-0.146,5,5,0,75.34099997280745,-0.009961530059022602,75.34099997280745,-0.009961530059022602,0.0
257.456,7.483,-0.141,7,7,0,77.48299996340279,-0.009694583659555436,77.48299996340279,-0.009694583659555436,0.0
257.664,10.224,-0.132,10,10,0,80.22399995272922,-0.009329033394067075,80.22399995272922,-0.009329033394067075,0.0
257.872,13.607,-0.115,14,14,0,83.60699997626465,-0.009180379629783538,83.60699997626465,-0.009180379629783538,0.0
258.08,17.431,-0.07,18,18,0,87.43099984492365,-0.009986285824556941,87.43099984492365,-0.009986285824556941,0.0
258.288,21.44,0.08,22,22,0,91.43999955671694,-0.011514256834225918,91.43999955671694,-0.011514256834225918,0.0
258.496,25.42,0.332,26,26,0,95.41999973753896,-0.012499706312842734,95.41999973753896,-0.012499706312842734,0.0
258.696,29.101,0.58,30,30,0,99.1009996097892,-0.010921771929139316,99.1009996097892,-0.010921771929139316,0.0
258.904,32.756,0.769,34,34,0,102.75599683859753,-0.0072391762370672555,102.75599683859753,-0.0072391762370672555,0.0
259.112,36.278,0.867,37,37,0,106.27799300645746,-0.0035588064753056593,106.27799300645746,-0.0035588064753056593,0.0
259.32,39.702,0.879,41,41,0,109.70199067184922,-0.0038922461426115227,109.70199067184922,-0.0038922461426115227,0.0
259.528,43.05,0.825,44,44,0,113.0499835913048,-0.010969260445206639,113.0499835913048,-0.010969260445206639,0.0
259.736,46.333,0.73,48,48,0,116.33297696216005,-0.01950709716845373,116.33297696216005,-0.01950709716845373,0.0
259.944,49.562,0.62,51,51,0,119.56197288682714,-0.026797073539537457,119.56197288682714,-0.026797073539537457,0.0
260.152,52.751,0.515,54,54,0,122.75096826993025,-0.023384249144973408,122.75096826993025,-0.023384249144973408,0.0
260.36,55.913,0.431,58,58,0,125.91292066406186,-0.008794636747285315,125.91292066406186,-0.008794636747285315,0.0
260.568,59.06,0.382,61,61,0,129.05988174650386,0.005128954813867601,129.05988174650386,0.005128954813867601,0.0
260.776,62.203,0.372,64,64,0,132.20283900168073,0.019139705438280905,132.20283900168073,0.019139705438280905,0.0
260.984,65.351,0.398,67,67,0,135.35081713266294,0.013957230807057866,135.35081713266294,0.013957230807057866,0.0
261.184,68.392,0.451,71,71,0,138.39165893125383,-0.0037019408487298172,138.39165893125383,-0.0037019408487298172,0.0
261.392,71.575,0.524,74,74,0,141.57467211594349,-0.006180641078798923,141.57467211594349,-0.006180641078798923,0.0
261.6,74.783,0.601,77,77,0,144.7826761308228,-0.024007462823086727,144.7826761308228,-0.024007462823086727,0.0
261.808,78.014,0.666,81,81,0,148.01368984568285,-0.027763580765534594,148.01368984568285,-0.027763580765534594,0.0
262.016,81.26,0.709,84,84,0,151.25916510827395,-0.041883652127213136,151.25916510827395,-0.041883652127213136,0.0
262.224,84.514,0.721,87,87,0,154.5127336360374,-0.08384706300255233,154.5127336360374,-0.08384706300255233,0.0
262.432,87.769,0.703,91,91,0,157.76755265674268,-0.07815633131349657,157.76755265674268,-0.07815633131349657,0.0
262.64,91.014,0.66,94,94,0,161.01220348433534,-0.036653035721027,161.01220348433534,-0.036653035721027,0.0
262.848,94.245,0.601,98,98,0,164.242888284187,-0.04198631848311712,164.242888284187,-0.04198631848311712,0.0
263.056,97.454,0.536,101,101,0,167.4519850323696,-0.08012800457803747,167.4519850323696,-0.08012800457803747,0.0
263.264,100.643,0.476,104,104,0,170.64107796541282,-0.0826034525680227,170.64107796541282,-0.0826034525680227,0.0
263.472,103.809,0.424,107,107,0,173.80687669810038,-0.039309276075684206,173.80687669810038,-0.039309276075684206,0.0
263.672,106.834,0.388,111,111,0,176.83017070509678,-0.06923413419241348,176.83017070509678,-0.06923413419241348,0.0
263.88,109.959,0.369,114,114,0,179.95403011689996,-0.12230359956777663,179.95403011689996,-0.12230359956777663,0.0
264.088,113.066,0.37,117,117,0,183.06085686882372,-0.11686650362545897,183.06085686882372,-0.11686650362545897,0.0
264.296,116.161,0.385,120,120,0,186.15460488548382,-0.0537922283758622,186.15460488548382,-0.0537922283758622,0.0
264.504,119.245,0.404,124,124,0,189.23808107859216,-0.05528704042522623,189.23808107859216,-0.05528704042522623,0.0
264.712,122.32,0.422,127,127,0,192.31464831686148,-0.09938928143275205,192.31464831686148,-0.09938928143275205,0.0
264.92,125.39,0.435,130,130,0,195.38373116689738,-0.09782035430792593,195.38373116689738,-0.09782035430792593,0.0
265.128,128.459,0.438,133,133,0,198.45409582787482,-0.05011263956279418,198.45409582787482,-0.05011263956279418,0.0
265.336,131.529,0.43,136,136,0,200.0103835940559,1.5424413088748863,200.0103835940559,1.5424413088748863,0.0
265.544,134.599,0.41,140,140,0,200.0568423515509,4.608135294335113,200.0568423515509,4.608135294335113,0.0
265.744,137.55,0.385,143,143,0,200.05874822050393,7.564196881610803,200.05874822050393,7.564196881610803,0.0
265.952,140.616,0.358,146,146,0,200.01679716409075,10.62600824840835,200.01679716409075,10.62600824840835,0.0
266.16,143.677,0.345,149,149,0,200.01000918302373,13.684840479084594,200.01000918302373,13.684840479084594,0.0
266.368,146.732,0.371,152,152,0,200.07428863372002,16.740929101178455,200.07428863372002,16.740929101178455,0.0
266.576,149.772,0.462,155,155,0,200.0827552106757,19.786856695330076,200.0827552106757,19.786856695330076,0.0
266.784,152.793,0.651,158,158,0,200.0369738630662,22.791505495557743,200.0369738630662,22.791505495557743,0.0
266.992,155.798,0.967,162,162,0,199.99888554864316,25.808502111576637,199.99888554864316,25.808502111576637,0.0
267.2,158.782,1.438,165,165,0,200.07493310567878,29.113589444988037,200.07493310567878,29.113589444988037,0.0
267.408,161.74,2.084,168,168,0,200.07896968477547,33.014386171439334,200.07896968477547,33.014386171439334,0.0
267.616,164.669,2.913,171,171,0,199.9896176668242,36.93253211299302,199.9896176668242,36.93253211299302,0.0
267.824,167.561,3.924,174,174,0,200.06695235535673,41.06806750603674,200.06695235535673,41.06806750603674,0.0
268.032,170.409,5.117,177,177,0,200.08102242194104,45.34761647179557,200.08102242194104,45.34761647179557,0.0
268.232,173.103,6.436,180,180,0,199.97836788628635,49.752633003734275,199.97836788628635,49.752633003734275,0.0
268.44,175.849,7.987,182,182,0,199.98323542358,53.75618375590458,199.98323542358,53.75618375590458,0.0
268.648,178.578,9.764,185,185,0,199.95732447324795,58.55995359297813,199.95732447324795,58.55995359297813,0.0
268.856,181.168,11.711,188,188,0,199.95393200843648,63.409349137216225,199.95393200843648,63.409349137216225,0.0
269.064,183.649,13.865,191,191,0,199.9303833366052,67.20898960180945,199.9303833366052,67.20898960180945,0.0
269.272,186.0,16.232,222,222,0,199.97277660859694,85.9803055159729,199.97277660859694,85.9803055159729,0.0
269.48,188.195,18.816,225,225,0,199.96715190836653,88.80741213115797,199.96715190836653,88.80741213115797,0.0
269.688,190.203,21.609,228,228,0,199.96520628014778,91.77038578971901,199.96520628014778,91.77038578971901,0.0
269.896,191.995,24.596,231,231,0,199.96722956449415,94.86343676580677,199.96722956449415,94.86343676580677,0.0
270.104,193.547,27.754,234,234,0,199.9695612276315,97.59563618068114,199.9695612276315,97.59563618068114,0.0
270.312,194.836,31.048,238,238,0,199.9701225841538,101.04277017979096,199.9701225841538,101.04277017979096,0.0
270.52,195.857,34.43,241,241,0,199.9678326447733,104.49893521664455,199.9678326447733,104.49893521664455,0.0
270.72,196.602,37.712,245,245,0,199.96539248988663,107.58953972280817,199.96539248988663,107.58953972280817,0.0
270.928,197.165,41.107,248,248,0,199.96697898709536,111.05359405006119,199.96697898709536,111.05359405006119,0.0
271.136,197.565,44.441,252,252,0,199.97381867642,114.45366693670601,199.97381867642,114.45366693670601,0.0
271.344,197.857,47.683,255,255,0,199.98272285990896,117.73253588070403,199.98272285990896,117.73253588070403,0.0
271.552,198.092,50.821,258,258,0,199.98649438410092,120.80160988818152,199.98649438410092,120.80160988818152,0.0
271.76,198.304,53.856,262,262,0,199.97779861544785,123.862988944635,199.97779861544785,123.862988944635,0.0
271.968,198.517,56.799,265,265,0,199.9622214054106,126.806920692228,199.9622214054106,126.806920692228,0.0
272.176,198.736,59.668,268,268,0,199.9434573173786,129.66625573110989,199.9434573173786,129.66625573110989,0.0
272.384,198.956,62.483,270,270,0,199.9307872709176,132.4830148350213,199.9307872709176,132.4830148350213,0.0
272.592,199.169,65.267,273,273,0,199.939177008573,135.27243029429277,199.939177008573,135.27243029429277,0.0
272.8,199.36,68.038,276,276,0,199.9645652609175,138.0359831037569,199.9645652609175,138.0359831037569,0.0
273.008,199.52,70.816,279,279,0,199.9557606200924,140.81251784523835,199.9557606200924,140.81251784523835,0.0
273.208,199.639,73.51,282,282,0,199.96852808403867,143.50770041205573,199.96852808403867,143.50770041205573,0.0
273.416,199.717,76.347,285,285,0,199.98350970891676,146.34505593494748,199.98350970891676,146.34505593494748,0.0
273.624,199.742,79.225,288,288,0,199.97762145868188,149.2243353373298,199.97762145868188,149.2243353373298,0.0
273.832,199.721,82.148,291,291,0,200.0376314040978,152.14690117184355,200.0376314040978,152.14690117184355,0.0
274.04,199.659,85.117,294,294,0,200.08482962686188,155.1157094148411,200.08482962686188,155.1157094148411,0.0
274.248,199.572,88.129,297,297,0,200.0777317643018,158.12775297449224,200.0777317643018,158.12775297449224,0.0
274.456,199.476,91.176,300,300,0,200.01433125718026,161.1732312961081,200.01433125718026,161.1732312961081,0.0
274.664,199.385,94.244,304,304,0,200.02694469115323,164.23887112063028,200.02694469115323,164.23887112063028,0.0
274.872,199.306,97.324,307,307,0,200.0830372127621,167.31844180279572,200.0830372127621,167.31844180279572,0.0
275.08,199.248,100.407,310,310,0,200.08041159828178,170.4016998620884,200.08041159828178,170.4016998620884,0.0
275.288,199.213,103.477,313,313,0,200.0202915749721,173.47180855893717,200.0202915749721,173.47180855893717,0.0
275.496,199.196,106.528,316,316,0,200.0194332585573,176.52115058057632,200.0194332585573,176.52115058057632,0.0
275.696,199.196,109.44,319,319,0,200.07630883339607,179.43172629510303,200.07630883339607,179.43172629510303,0.0
275.904,199.21,112.439,322,322,0,200.08218163828062,182.42908006819428,200.08218163828062,182.42908006819428,0.0
276.112,199.234,115.406,326,326,0,200.03498274220743,185.3953571880502,200.03498274220743,185.3953571880502,0.0
276.32,199.26,118.334,329,329,0,199.99284116891795,188.3228462537218,199.99284116891795,188.3228462537218,0.0
276.528,199.284,121.227,332,332,0,200.04798759466885,191.21769496386003,200.04798759466885,191.21769496386003,0.0
276.736,199.306,124.089,335,335,0,200.06348787486942,194.0833965728438,200.06348787486942,194.0833965728438,0.0
276.944,199.325,126.926,338,338,0,200.04013378746114,196.9195058132159,200.04013378746114,196.9195058132159,0.0
277.152,199.34,129.74,340,340,0,199.97717326717853,199.73283142459812,199.97717326717853,199.73283142459812,0.0
277.36,199.349,132.538,343,343,0,197.43260662949098,200.05044357024758,197.43260662949098,200.05044357024758,0.0
277.568,199.351,135.328,346,346,0,194.64865964599468,200.08161516933248,194.64865964599468,200.08161516933248,0.0
277.776,199.347,138.115,349,349,0,191.8508100044701,200.07492178358498,191.8508100044701,200.07492178358498,0.0
277.984,199.334,140.906,352,352,0,189.06769803392075,200.03095718945696,189.06769803392075,200.03095718945696,0.0
278.184,199.304,143.599,355,355,0,186.3786296858915,200.02703257339292,186.3786296858915,200.02703257339292,0.0
278.392,199.241,146.418,358,358,0,183.55780290302644,200.0904030385516,183.55780290302644,200.0904030385516,0.0
278.6,199.121,149.261,361,361,0,180.70464926260541,200.10581823481567,180.70464926260541,200.10581823481567,0.0
278.808,198.924,152.135,364,364,0,177.86443737274917,200.0729413105158,177.86443737274917,200.0729413105158,0.0
279.016,198.63,155.042,367,367,0,174.8497022511993,199.99424540635397,174.8497022511993,199.99424540635397,0.0
279.224,198.219,157.987,370,370,0,171.3829277393557,200.0871387491764,171.3829277393557,200.0871387491764,0.0
279.432,197.681,160.969,373,373,0,167.5353609763966,200.10440957354803,167.5353609763966,200.10440957354803,0.0
279.64,197.003,163.99,376,376,0,163.74208654223122,200.0329537633123,163.74208654223122,200.0329537633123,0.0
279.848,196.171,167.052,379,379,0,159.58653634662602,200.07470788002834,159.58653634662602,200.07470788002834,0.0
280.056,195.16,170.146,383,383,0,155.1884815594079,200.1053746608668,155.1884815594079,200.1053746608668,0.0
280.264,193.943,173.26,386,386,0,150.57886731839514,200.0114641060021,150.57886731839514,200.0114641060021,0.0
280.472,192.487,176.372,389,389,0,146.15886037297102,200.0031336258648,146.15886037297102,200.0031336258648,0.0
280.672,190.826,179.332,392,392,0,141.2428671101152,199.97677976082898,141.2428671101152,199.97677976082898,0.0
280.88,188.796,182.333,395,395,0,135.9175049376684,199.9659608282565,135.9175049376684,199.9659608282565,0.0
281.088,186.43,185.199,398,398,0,131.41780322133283,199.95390428360417,131.41780322133283,199.95390428360417,0.0
281.296,183.718,187.855,428,428,0,113.9379887884016,199.99268083343662,113.9379887884016,199.99268083343662,0.0
281.504,180.667,190.221,432,432,0,110.61870086564558,199.98632533797206,110.61870086564558,199.98632533797206,0.0
281.712,177.312,192.215,435,435,0,107.13999329289057,199.98561864206377,107.13999329289057,199.98561864206377,0.0
281.92,173.725,193.772,439,439,0,103.91493325746703,199.98835167257087,103.91493325746703,199.98835167257087,0.0
282.128,170.01,194.858,443,443,0,100.04604712012386,199.99001144925583,100.04604712012386,199.99001144925583,0.0
282.336,166.29,195.502,447,447,0,96.21435011265504,199.98853010821662,96.21435011265504,199.98853010821662,0.0
282.544,162.671,195.795,450,450,0,92.52699156336179,199.98547741191385,92.52699156336179,199.98547741191385,0.0
282.744,159.354,195.87,454,454,0,89.43049698272591,199.98618893372569,89.43049698272591,199.98618893372569,0.0
282.952,156.097,195.865,457,457,0,86.09915069299493,199.99245867286723,86.09915069299493,199.99245867286723,0.0
283.156,153.146,195.87,460,460,0,83.07380260978928,200.00054551835862,83.07380260978928,200.00054551835862,0.0
283.364,150.234,195.939,463,463,0,80.09177296628162,200.006317912072,80.09177296628162,200.006317912072,0.0
283.564,147.542,196.078,466,466,0,77.54615163207694,200.00393725704114,77.54615163207694,200.00393725704114,0.0
283.772,144.817,196.281,469,469,0,74.79576134679488,199.98939854272794,74.79576134679488,199.98939854272794,0.0
283.98,142.132,196.516,472,472,0,72.11693074710634,199.97576689171518,72.11693074710634,199.97576689171518,0.0
284.188,139.454,196.751,474,474,0,69.45757383544431,199.95842262703422,69.45757383544431,199.95842262703422,0.0
284.396,136.757,196.961,477,477,0,66.70476967813029,199.95047691257489,66.70476967813029,199.95047691257489,0.0
284.604,134.021,197.122,480,480,0,64.0111371223573,199.9660915219598,64.0111371223573,199.9660915219598,0.0
284.812,131.225,197.216,483,483,0,61.23789384512408,199.9790811379334,61.23789384512408,199.9790811379334,0.0
285.02,128.354,197.227,486,486,0,58.37335935264727,199.97807859736506,58.37335935264727,199.97807859736506,0.0
285.22,125.512,197.157,489,489,0,55.52236333204151,199.99432221016738,55.52236333204151,199.99432221016738,0.0
285.428,122.467,197.02,492,492,0,52.47715243691489,200.00488762176664,52.47715243691489,200.00488762176664,0.0
285.636,119.333,196.855,495,495,0,49.33111439196597,200.01252302954302,49.33111439196597,200.01252302954302,0.0
285.844,116.123,196.705,499,499,0,46.11568634584777,200.09176414048963,46.11568634584777,200.09176414048963,0.0
286.052,112.858,196.602,502,502,0,42.85475547220122,200.10635143142085,42.85475547220122,200.10635143142085,0.0
286.26,109.567,196.564,506,506,0,39.56866909115077,200.0562640948371,39.56866909115077,200.0562640948371,0.0
286.468,106.273,196.593,509,509,0,36.280075098383094,200.03055131126868,36.280075098383094,200.03055131126868,0.0
286.676,103.003,196.685,512,512,0,33.01090542857401,200.09879353940477,33.01090542857401,200.09879353940477,0.0
286.884,99.781,196.826,516,516,0,29.786657447525116,200.10300661756253,29.786657447525116,200.10300661756253,0.0
287.092,96.628,197.0,519,519,0,26.63124872774385,200.04449869609687,26.63124872774385,200.04449869609687,0.0
287.3,93.556,197.186,522,522,0,23.561167943691032,200.03593095451274,23.561167943691032,200.03593095451274,0.0
287.508,90.569,197.369,525,525,0,20.57776640721625,200.09575155718645,20.57776640721625,200.09575155718645,0.0
287.708,87.772,197.534,528,528,0,17.785940806405012,200.10367032728746,17.785940806405012,200.10367032728746,0.0
287.916,84.929,197.685,531,531,0,14.943633972626253,200.06374534857167,14.943633972626253,200.06374534857167,0.0
288.124,82.142,197.813,534,534,0,12.156921552856264,199.99859201498077,12.156921552856264,199.99859201498077,0.0
288.332,79.395,197.919,537,537,0,9.404953815603976,200.05931541296772,9.404953815603976,200.05931541296772,0.0
288.54,76.672,198.005,540,540,0,6.672310636621706,200.0831189597181,6.672310636621706,200.0831189597181,0.0
288.748,73.956,198.076,543,543,0,3.9565054655993395,200.07191119754168,3.9565054655993395,200.07191119754168,0.0
288.956,71.233,198.14,545,545,0,1.2313633623067517,200.02401890842717,1.2313633623067517,200.02401890842717,0.0
289.164,68.49,198.204,548,548,0,-0.06869935983435843,198.51397077457304,-0.06869935983435843,198.51397077457304,0.0
289.372,65.715,198.278,551,551,0,-0.11405247921796917,195.75326927177582,-0.11405247921796917,195.75326927177582,0.0
289.58,62.901,198.365,554,554,0,-0.12180558134971244,192.96130759087902,-0.12180558134971244,192.96130759087902,0.0
289.788,60.045,198.464,557,557,0,-0.09060107138307316,190.07572569072673,-0.09060107138307316,190.07572569072673,0.0
289.996,57.148,198.569,560,560,0,-0.04041791826353763,187.1893062017208,-0.04041791826353763,187.1893062017208,0.0
290.196,54.323,198.651,563,563,0,-0.1172703695783223,184.36312437100804,-0.1172703695783223,184.36312437100804,0.0
290.404,51.345,198.688,566,566,0,-0.146083251332574,181.3726481668262,-0.146083251332574,181.3726481668262,0.0
290.612,48.327,198.643,569,569,0,-0.1217485656176155,178.39663967641454,-0.1217485656176155,178.39663967641454,0.0
290.82,45.267,198.487,572,572,0,-0.03289653679106983,175.07428888706536,-0.03289653679106983,175.07428888706536,0.0
291.028,42.168,198.2,576,576,0,-0.12432276535160368,171.56248171365925,-0.12432276535160368,171.56248171365925,0.0
291.236,39.028,197.761,579,579,0,-0.1449843282597685,167.65388531933507,-0.1449843282597685,167.65388531933507,0.0
291.444,35.85,197.16,582,582,0,-0.07452532861195381,163.8157079966073,-0.07452532861195381,163.8157079966073,0.0
291.652,32.639,196.379,585,585,0,-0.11522653080198497,159.57724665584283,-0.11522653080198497,159.57724665584283,0.0
291.86,29.408,195.388,589,589,0,-0.14420693612377,155.0095998997553,-0.14420693612377,155.0095998997553,0.0
292.068,26.174,194.156,592,592,0,-0.03988927117377479,150.27052604375857,-0.03988927117377479,150.27052604375857,0.0
292.276,22.969,192.65,595,595,0,-0.04106367636741845,145.70382669567985,-0.04106367636741845,145.70382669567985,0.0
292.484,19.84,190.831,599,599,0,-0.01487439859709269,140.42092959496853,-0.01487439859709269,140.42092959496853,0.0
292.684,16.958,188.761,602,602,0,0.0017181633738870407,135.16673567684975,0.0017181633738870407,135.16673567684975,0.0
292.892,14.165,186.261,605,605,0,0.002119117667744716,130.56239366695235,0.002119117667744716,130.56239366695235,0.0
293.1,11.659,183.42,635,635,0,-0.032088579755171785,113.56433931893078,-0.032088579755171785,113.56433931893078,0.0
293.308,9.512,180.278,638,638,0,-0.025233179096955584,110.2310201738638,-0.025233179096955584,110.2310201738638,0.0
293.516,7.777,176.906,642,642,0,-0.024034922014511562,106.68839738405114,-0.024034922014511562,106.68839738405114,0.0
293.724,6.477,173.403,645,645,0,-0.026621699384788446,103.60157861272879,-0.026621699384788446,103.60157861272879,0.0
293.932,5.592,169.874,649,649,0,-0.030068626156618133,99.91294192448484,-0.030068626156618133,99.91294192448484,0.0
294.14,5.045,166.416,653,653,0,-0.0320325262114538,96.33001929793302,-0.0320325262114538,96.33001929793302,0.0
294.348,4.731,163.095,656,656,0,-0.03174653911807908,92.93084657567677,-0.03174653911807908,92.93084657567677,0.0
294.556,4.542,159.943,659,659,0,-0.03078668197800756,90.05468527617013,-0.03078668197800756,90.05468527617013,0.0
294.764,4.391,156.959,662,662,0,-0.029855733637718245,86.98781046989343,-0.029855733637718245,86.98781046989343,0.0
294.972,4.222,154.112,665,665,0,-0.029358984844534666,84.06291100255085,-0.029358984844534666,84.06291100255085,0.0
295.172,4.024,151.469,668,668,0,-0.029364316382910805,81.34999030050423,-0.029364316382910805,81.34999030050423,0.0
295.38,3.784,148.78,671,671,0,-0.02959714465139053,78.79962562684034,-0.02959714465139053,78.79962562684034,0.0
295.588,3.523,146.123,674,674,0,-0.029900560307112526,76.10743872977235,-0.029900560307112526,76.10743872977235,0.0
295.796,3.264,143.471,676,676,0,-0.03012388066270091,73.45067588938689,-0.03012388066270091,73.45067588938689,0.0
296.004,3.029,140.8,679,679,0,-0.03021245670028142,70.7936139037486,-0.03021245670028142,70.7936139037486,0.0
296.212,2.837,138.09,682,682,0,-0.030184415217722353,68.11895045462684,-0.030184415217722353,68.11895045462684,0.0
296.42,2.709,135.321,685,685,0,-0.03009094834097095,65.30048763694293,-0.03009094834097095,65.30048763694293,0.0
296.628,2.657,132.479,688,688,0,-0.029999875740922215,62.48550003232665,-0.029999875740922215,62.48550003232665,0.0
296.836,2.684,129.553,691,691,0,-0.029941695093315415,59.57114130598971,-0.029941695093315415,59.57114130598971,0.0
297.044,2.772,126.542,694,694,0,-0.029937144951195253,56.556821066615534,-0.029937144951195253,56.556821066615534,0.0
297.244,2.881,123.575,697,697,0,-0.029962988385735537,53.590266389265196,-0.029962988385735537,53.590266389265196,0.0
297.452,2.985,120.426,700,700,0,-0.029996241734229597,50.42692762313473,-0.029996241734229597,50.42692762313473,0.0
297.66,3.051,117.23,704,704,0,-0.03001709544043097,47.22142470970649,-0.03001709544043097,47.22142470970649,0.0
297.868,3.065,114.014,707,707,0,-0.030018946987415418,44.00633320298287,-0.030018946987415418,44.00633320298287,0.0
298.076,3.025,110.8,710,710,0,-0.03001024989584018,40.79424792635804,-0.03001024989584018,40.79424792635804,0.0
298.284,2.938,107.608,714,714,0,-0.03000031316235646,37.60883980304039,-0.03000031316235646,37.60883980304039,0.0
298.492,2.813,104.459,717,717,0,-0.02999465553717456,34.461835700756566,-0.02999465553717456,34.461835700756566,0.0
298.7,2.665,101.368,720,720,0,-0.02999437008510831,31.37051294471299,-0.02999437008510831,31.37051294471299,0.0
298.908,2.506,98.341,723,723,0,-0.029996834144071994,28.34261689477837,-0.029996834144071994,28.34261689477837,0.0
299.116,2.348,95.382,726,726,0,-0.02999968064012788,25.382115555578594,-0.02999968064012788,25.382115555578594,0.0
299.324,2.197,92.49,729,729,0,-0.030001440871075796,22.48937139232416,-0.030001440871075796,22.48937139232416,0.0
299.532,2.057,89.658,732,732,0,-0.030001816447381147,19.657259551966217,-0.030001816447381147,19.657259551966217,0.0
299.732,1.936,86.982,735,735,0,-0.030001358268006168,16.98143535516826,-0.030001358268006168,16.98143535516826,0.0
299.94,1.827,84.234,738,738,0,-0.030000520121676505,14.233869053376692,-0.030000520121676505,14.233869053376692,0.0
300.148,1.736,81.506,741,741,0,-0.029999816539883206,11.506112919314452,-0.029999816539883206,11.506112919314452,0.0
300.356,1.655,78.786,744,744,0,-0.029999533146393823,8.786195842116367,-0.029999533146393823,8.786195842116367,0.0
300.564,1.581,76.06,746,746,0,-0.02999951256764177,6.0601698504037484,-0.02999951256764177,6.0601698504037484,0.0
300.772,1.511,73.321,749,749,0,-0.029999674726604978,3.3210995782394575,-0.029999674726604978,3.3210995782394575,0.0
300.98,1.437,70.557,752,752,0,-0.029999940468390114,0.5570079589365207,-0.029999940468390114,0.5570079589365207,0.0
301.188,1.355,67.762,755,755,0,-0.03,-0.01,-0.03,-0.01,0.0
301.396,1.261,64.933,758,758,0,-0.03,-0.01,-0.03,-0.01,0.0
301.604,1.152,62.071,761,761,0,-0.03,-0.01,-0.03,-0.01,0.0
301.812,1.029,59.176,764,764,0,-0.03,-0.01,-0.03,-0.01,0.0
302.02,0.896,56.25,767,767,0,-0.03,-0.01,-0.03,-0.01,0.0
302.22,0.759,53.418,770,770,0,-0.03,-0.01,-0.03,-0.01,0.0
302.428,0.612,50.458,773,773,0,-0.03,-0.01,-0.03,-0.01,0.0
302.636,0.467,47.493,776,776,0,-0.03,-0.01,-0.03,-0.01,0.0
302.844,0.329,44.527,779,779,0,-0.03,-0.01,-0.03,-0.01,0.0
303.052,0.201,41.567,782,782,0,-0.03,-0.01,-0.03,-0.01,0.0
303.26,0.086,38.618,785,785,0,-0.03,-0.01,-0.03,-0.01,0.0
303.468,-0.012,35.684,788,788,0,-0.03,-0.01,-0.03,-0.01,0.0
303.676,-0.092,32.768,791,791,0,-0.03,-0.01,-0.03,-0.01,0.0
303.884,-0.154,29.87,794,794,0,-0.03,-0.01,-0.03,-0.01,0.0
304.092,-0.203,26.991,797,797,0,-0.03,-0.01,-0.03,-0.01,0.0
304.3,-0.243,24.127,800,800,0,-0.03,-0.01,-0.03,-0.01,0.0
304.508,-0.279,21.279,803,803,0,-0.03,-0.01,-0.03,-0.01,0.0
304.708,-0.309,18.556,806,806,0,-0.03,-0.01,-0.03,-0.01,0.0
304.916,-0.336,15.738,809,809,0,-0.03,-0.01,-0.03,-0.01,0.0
305.124,-0.359,12.929,812,812,0,-0.03,-0.01,-0.03,-0.01,0.0
305.332,-0.376,10.124,815,815,0,-0.03,-0.01,-0.03,-0.01,0.0
305.54,-0.385,7.316,818,818,0,-0.03,-0.01,-0.03,-0.01,0.0
305.748,-0.385,4.491,821,821,0,-0.03,-0.01,-0.03,-0.01,0.0
305.956,-0.388,1.733,824,824,0,-0.03,-0.01,-0.03,-0.01,0.0
306.164,-0.394,-0.955,0,825,825,69.96999999313003,-0.010266472550000615,-0.03,-0.01,69.99999999363723
306.372,-0.404,-3.584,825,825,0,-0.03,-0.01,-0.03,-0.01,0.0
306.58,-0.422,-6.161,0,825,825,69.96999999313003,-0.010266472550000615,-0.03,-0.01,69.99999999363723
306.788,-0.452,-8.68,0,825,825,69.96999999313003,-0.010266472550000615,-0.03,-0.01,69.99999999363723
306.996,-0.501,-11.133,0,825,825,69.96999999313003,-0.010266472550000615,-0.03,-0.01,69.99999999363723
307.196,-0.57,-13.414,0,825,825,69.96999999313003,-0.010266472550000615,-0.03,-0.01,69.99999999363723
307.404,-0.662,-15.693,0,825,825,69.96999999313003,-0.010266472550000615,-0.03,-0.01,69.99999999363723
307.612,-0.768,-17.874,0,825,825,69.96999999313003,-0.010266472550000615,-0.03,-0.01,69.99999999363723
307.82,-0.882,-19.956,0,825,825,69.96999999313003,-0.010266472550000615,-0.03,-0.01,69.99999999363723
308.028,-1.002,-21.939,0,825,825,69.96999999313003,-0.010266472550000615,-0.03,-0.01,69.99999999363723
308.236,-1.125,-23.819,0,825,825,69.96999999313003,-0.010266472550000615,-0.03,-0.01,69.99999999363723
308.444,-1.247,-25.601,0,825,825,69.96999999313003,-0.010266472550000615,-0.03,-0.01,69.99999999363723
308.652,-1.368,-27.29,0,825,825,69.96999999313003,-0.010266472550000615,-0.03,-0.01,69.99999999363723
308.86,-1.481,-28.894,0,825,825,69.96999999313003,-0.010266472550000615,-0.03,-0.01,69.99999999363723
309.068,-1.585,-30.419,0,825,825,69.96999999313003,-0.010266472550000615,-0.03,-0.01,69.99999999363723
309.276,-1.676,-31.87,0,825,825,69.96999999313003,-0.010266472550000615,-0.03,-0.01,69.99999999363723
309.484,-1.755,-33.252,0,825,825,69.96999999313003,-0.010266472550000615,-0.03,-0.01,69.99999999363723
309.684,-1.819,-34.518,0,825,825,69.96999999313003,-0.010266472550000615,-0.03,-0.01,69.99999999363723
309.892,-1.877,-35.775,0,825,825,69.96999999313003,-0.010266472550000615,-0.03,-0.01,69.99999999363723
310.1,-1.927,-36.978,0,825,825,69.96999999313003,-0.010266472550000615,-0.03,-0.01,69.99999999363723
310.308,-1.945,-38.21,0,825,825,69.96999999313003,-0.010266472550000615,-0.03,-0.01,69.99999999363723
310.516,-1.97,-39.422,0,825,825,69.96999999313003,-0.010266472550000615,-0.03,-0.01,69.99999999363723
310.724,-1.987,-40.46,0,825,825,69.96999999313003,-0.010266472550000615,-0.03,-0.01,69.99999999363723
310.932,-1.985,-41.201,0,825,825,69.96999999313003,-0.010266472550000615,-0.03,-0.01,69.99999999363723
311.14,-1.954,-41.466,0,825,825,69.96999999313003,-0.010266472550000615,-0.03,-0.01,69.99999999363723
311.348,-1.882,-41.246,0,825,825,69.96999999313003,-0.010266472550000615,-0.03,-0.01,69.99999999363723
311.556,-1.764,-40.578,0,825,825,69.96999999313003,-0.010266472550000615,-0.03,-0.01,69.99999999363723
311.764,-1.599,-39.494,0,825,825,69.96999999313003,-0.010266472550000615,-0.03,-0.01,69.99999999363723
311.972,-1.403,-38.076,0,825,825,69.96999999313003,-0.010266472550000615,-0.03,-0.01,69.99999999363723
312.172,-1.23,-36.493,0,825,825,69.96999999313003,-0.010266472550000615,-0.03,-0.01,69.99999999363723
312.38,-1.123,-34.759,0,825,825,69.96999999313003,-0.010266472550000615,-0.03,-0.01,69.99999999363723
312.588,-1.114,-33.145,0,825,825,69.96999999313003,-0.010266472550000615,-0.03,-0.01,69.99999999363723
312.796,-1.187,-31.737,0,825,825,69.96999999313003,-0.010266472550000615,-0.03,-0.01,69.99999999363723
313.004,-1.31,-30.509,0,825,825,69.96999999313003,-0.010266472550000615,-0.03,-0.01,69.99999999363723
313.212,-1.442,-29.406,0,825,825,69.96999999313003,-0.010266472550000615,-0.03,-0.01,69.99999999363723
313.42,-1.539,-28.377,0,825,825,69.96999999313003,-0.010266472550000615,-0.03,-0.01,69.99999999363723
313.628,-1.569,-27.382,0,825,825,69.96999999313003,-0.010266472550000615,-0.03,-0.01,69.99999999363723
313.836,-1.524,-26.404,0,825,825,69.96999999313003,-0.010266472550000615,-0.03,-0.01,69.99999999363723
314.044,-1.417,-25.442,0,825,825,69.96999999313003,-0.010266472550000615,-0.03,-0.01,69.99999999363723
314.244,-1.297,-24.51,0,825,825,69.96999999313003,-0.010266472550000615,-0.03,-0.01,69.99999999363723
314.452,-1.204,-23.489,0,825,825,69.96999999313003,-0.010266472550000615,-0.03,-0.01,69.99999999363723
314.66,-1.173,-22.383,0,825,825,69.96999999313003,-0.010266472550000615,-0.03,-0.01,69.99999999363723
314.868,-1.198,-21.192,0,825,825,69.96999999313003,-0.010266472550000615,-0.03,-0.01,69.99999999363723
315.076,-1.251,-19.949,0,825,825,69.96999999313003,-0.010266472550000615,-0.03,-0.01,69.99999999363723
315.284,-1.296,-18.707,0,825,825,69.96999999313003,-0.010266472550000615,-0.03,-0.01,69.99999999363723
315.492,-1.306,-17.509,0,825,825,69.96999999313003,-0.010266472550000615,-0.03,-0.01,69.99999999363723
315.7,-1.274,-16.368,0,825,825,69.96999999313003,-0.010266472550000615,-0.03,-0.01,69.99999999363723
315.908,-1.212,-15.282,0,825,825,69.96999999313003,-0.010266472550000615,-0.03,-0.01,69.99999999363723
316.116,-1.134,-14.246,0,825,825,69.96999999313003,-0.010266472550000615,-0.03,-0.01,69.99999999363723
316.324,-1.05,-13.254,0,825,825,69.96999999313003,-0.010266472550000615,-0.03,-0.01,69.99999999363723
316.532,-0.968,-12.294,0,825,825,69.96999999313003,-0.010266472550000615,-0.03,-0.01,69.99999999363723
316.732,-0.901,-11.367,0,825,825,69.96999999313003,-0.010266472550000615,-0.03,-0.01,69.99999999363723
316.94,-0.846,-10.357,0,825,825,69.96999999313003,-0.010266472550000615,-0.03,-0.01,69.99999999363723
317.148,-0.8,-9.256,0,825,825,69.96999999313003,-0.010266472550000615,-0.03,-0.01,69.99999999363723
317.356,-0.752,-8.058,0,825,825,69.96999999313003,-0.010266472550000615,-0.03,-0.01,69.99999999363723
317.564,-0.695,-6.81,0,825,825,69.96999999313003,-0.010266472550000615,-0.03,-0.01,69.99999999363723
317.772,-0.627,-5.575,0,825,825,69.96999999313003,-0.010266472550000615,-0.03,-0.01,69.99999999363723
317.98,-0.552,-4.426,0,825,825,69.96999999313003,-0.010266472550000615,-0.03,-0.01,69.99999999363723
318.188,-0.488,-3.432,825,825,0,-0.03,-0.01,-0.03,-0.01,0.0
318.396,-0.453,-2.625,0,825,825,69.96999999313003,-0.010266472550000615,-0.03,-0.01,69.99999999363723
318.604,-0.445,-1.999,0,825,825,69.96999999313003,-0.010266472550000615,-0.03,-0.01,69.99999999363723
318.812,-0.46,-1.534,0,825,825,69.96999999313003,-0.010266472550000615,-0.03,-0.01,69.99999999363723
319.02,-0.488,-1.198,0,825,825,69.96999999313003,-0.010266472550000615,-0.03,-0.01,69.99999999363723
319.22,-0.512,-0.97,0,825,825,69.96999999313003,-0.010266472550000615,-0.03,-0.01,69.99999999363723
319.428,-0.521,-0.806,0,825,825,69.96999999313003,-0.010266472550000615,-0.03,-0.01,69.99999999363723
319.636,-0.505,-0.697,0,825,825,69.96999999313003,-0.010266472550000615,-0.03,-0.01,69.99999999363723
319.844,-0.46,-0.625,0,825,825,69.96999999313003,-0.010266472550000615,-0.03,-0.01,69.99999999363723
320.048,-0.397,-0.581,0,825,825,69.96999999313003,-0.010266472550000615,-0.03,-0.01,69.99999999363723
320.256,-0.316,-0.574,0,825,825,69.96999999313003,-0.010266472550000615,-0.03,-0.01,69.99999999363723
320.456,-0.228,-0.612,0,825,825,69.96999999313003,-0.010266472550000615,-0.03,-0.01,69.99999999363723
320.664,-0.147,-0.658,0,825,825,69.96999999313003,-0.010266472550000615,-0.03,-0.01,69.99999999363723
320.872,-0.086,-0.7,0,825,825,69.96999999313003,-0.010266472550000615,-0.03,-0.01,69.99999999363723
321.08,-0.056,-0.736,0,825,825,69.96999999313003,-0.010266472550000615,-0.03,-0.01,69.99999999363723
321.288,-0.063,-0.769,0,825,825,69.96999999313003,-0.010266472550000615,-0.03,-0.01,69.99999999363723
321.496,-0.104,-0.79,0,825,825,69.96999999313003,-0.010266472550000615,-0.03,-0.01,69.99999999363723
321.696,-0.143,-0.789,0,825,825,69.96999999313003,-0.010266472550000615,-0.03,-0.01,69.99999999363723
321.904,-0.157,-0.761,0,825,825,69.96999999313003,-0.010266472550000615,-0.03,-0.01,69.99999999363723
322.112,-0.142,-0.708,0,825,825,69.96999999313003,-0.010266472550000615,-0.03,-0.01,69.99999999363723
322.32,-0.109,-0.643,0,825,825,69.96999999313003,-0.010266472550000615,-0.03,-0.01,69.99999999363723
322.528,-0.077,-0.581,0,825,825,69.96999999313003,-0.010266472550000615,-0.03,-0.01,69.99999999363723
322.736,-0.06,-0.529,0,825,825,69.96999999313003,-0.010266472550000615,-0.03,-0.01,69.99999999363723
322.944,-0.065,-0.489,0,825,825,69.96999999313003,-0.010266472550000615,-0.03,-0.01,69.99999999363723
323.152,-0.087,-0.462,0,825,825,69.96999999313003,-0.010266472550000615,-0.03,-0.01,69.99999999363723
323.36,-0.114,-0.446,0,825,825,69.96999999313003,-0.010266472550000615,-0.03,-0.01,69.99999999363723
323.568,-0.133,-0.439,0,825,825,69.96999999313003,-0.010266472550000615,-0.03,-0.01,69.99999999363723
323.776,-0.137,-0.44,0,825,825,69.96999999313003,-0.010266472550000615,-0.03,-0.01,69.99999999363723
323.984,-0.125,-0.449,0,825,825,69.96999999313003,-0.010266472550000615,-0.03,-0.01,69.99999999363723
324.184,-0.102,-0.465,0,825,825,69.96999999313003,-0.010266472550000615,-0.03,-0.01,69.99999999363723
324.392,-0.076,-0.488,0,825,825,69.96999999313003,-0.010266472550000615,-0.03,-0.01,69.99999999363723
324.6,-0.052,-0.515,0,825,825,69.96999999313003,-0.010266472550000615,-0.03,-0.01,69.99999999363723
324.808,-0.036,-0.545,0,825,825,69.96999999313003,-0.010266472550000615,-0.03,-0.01,69.99999999363723
325.016,-0.029,-0.581,0,825,825,69.97099992586975,-0.010266483488965163,-0.03,-0.01,70.00099992637698
325.224,-0.031,-0.617,0,825,825,69.96999999313003,-0.010266472550000615,-0.03,-0.01,69.99999999363723
325.432,-0.037,-0.651,0,825,825,69.96999999313003,-0.010266472550000615,-0.03,-0.01,69.99999999363723
325.64,-0.046,-0.68,0,825,825,69.96999999313003,-0.010266472550000615,-0.03,-0.01,69.99999999363723
325.848,-0.055,-0.706,0,825,825,69.96999999313003,-0.010266472550000615,-0.03,-0.01,69.99999999363723
326.056,-0.062,-0.73,0,825,825,69.96999999313003,-0.010266472550000615,-0.03,-0.01,69.99999999363723
326.264,-0.063,-0.749,0,825,825,69.96999999313003,-0.010266472550000615,-0.03,-0.01,69.99999999363723
326.472,-0.06,-0.755,0,825,825,69.96999999313003,-0.010266472550000615,-0.03,-0.01,69.99999999363723
326.672,-0.055,-0.745,0,825,825,69.96999999313003,-0.010266472550000615,-0.03,-0.01,69.99999999363723
326.88,-0.052,-0.721,0,825,825,69.96999999313003,-0.010266472550000615,-0.03,-0.01,69.99999999363723
327.088,-0.051,-0.693,0,825,825,69.96999999313003,-0.010266472550000615,-0.03,-0.01,69.99999999363723
327.296,-0.056,-0.665,0,825,825,69.96999999313003,-0.010266472550000615,-0.03,-0.01,69.99999999363723
327.504,-0.068,-0.64,0,825,825,69.96999999313003,-0.010266472550000615,-0.03,-0.01,69.99999999363723
327.712,-0.082,-0.616,0,825,825,69.96999999313003,-0.010266472550000615,-0.03,-0.01,69.99999999363723
327.92,-0.095,-0.592,0,825,825,69.96999999313003,-0.010266472550000615,-0.03,-0.01,69.99999999363723
328.128,-0.105,-0.573,0,825,825,69.96999999313003,-0.010266472550000615,-0.03,-0.01,69.99999999363723
328.336,-0.112,-0.558,0,825,825,69.96999999313003,-0.010266472550000615,-0.03,-0.01,69.99999999363723
328.544,-0.113,-0.544,0,825,825,69.96999999313003,-0.010266472550000615,-0.03,-0.01,69.99999999363723
328.744,-0.112,-0.533,0,825,825,69.96999999313003,-0.010266472550000615,-0.03,-0.01,69.99999999363723
328.952,-0.11,-0.526,0,825,825,69.96999999313003,-0.010266472550000615,-0.03,-0.01,69.99999999363723
329.16,-0.109,-0.524,0,825,825,69.96999999313003,-0.010266472550000615,-0.03,-0.01,69.99999999363723
329.368,-0.112,-0.529,0,825,825,69.96999999313003,-0.010266472550000615,-0.03,-0.01,69.99999999363723
329.576,-0.114,-0.54,0,825,825,69.96999999313003,-0.010266472550000615,-0.03,-0.01,69.99999999363723
329.784,-0.113,-0.553,0,825,825,69.96999999313003,-0.010266472550000615,-0.03,-0.01,69.99999999363723
329.992,-0.107,-0.569,0,825,825,69.96999999313003,-0.010266472550000615,-0.03,-0.01,69.99999999363723
330.2,-0.099,-0.587,0,825,825,69.96999999313003,-0.010266472550000615,-0.03,-0.01,69.99999999363723
330.408,-0.092,-0.606,0,825,825,69.96999999313003,-0.010266472550000615,-0.03,-0.01,69.99999999363723
330.616,-0.09,-0.626,0,825,825,69.96999999313003,-0.010266472550000615,-0.03,-0.01,69.99999999363723
330.824,-0.094,-0.648,0,825,825,69.96999999313003,-0.010266472550000615,-0.03,-0.01,69.99999999363723
331.032,-0.1,-0.668,0,825,825,69.96999999313003,-0.010266472550000615,-0.03,-0.01,69.99999999363723
331.232,-0.102,-0.684,0,825,825,69.96999999313003,-0.010266472550000615,-0.03,-0.01,69.99999999363723
331.44,-0.101,-0.696,0,825,825,69.96999999313003,-0.010266472550000615,-0.03,-0.01,69.99999999363723
331.648,-0.097,-0.702,0,825,825,69.96999999313003,-0.010266472550000615,-0.03,-0.01,69.99999999363723
331.856,-0.091,-0.704,0,825,825,69.96999999313003,-0.010266472550000615,-0.03,-0.01,69.99999999363723
332.064,-0.086,-0.697,0,825,825,69.96999999313003,-0.010266472550000615,-0.03,-0.01,69.99999999363723
332.272,-0.083,-0.681,0,825,825,69.96999999313003,-0.010266472550000615,-0.03,-0.01,69.99999999363723
332.48,-0.084,-0.659,0,825,825,69.96999999313003,-0.010266472550000615,-0.03,-0.01,69.99999999363723
332.688,-0.087,-0.637,0,825,825,69.96999999313003,-0.010266472550000615,-0.03,-0.01,69.99999999363723
332.896,-0.092,-0.617,0,825,825,69.96999999313003,-0.010266472550000615,-0.03,-0.01,69.99999999363723
333.104,-0.098,-0.597,0,825,825,69.96999999313003,-0.010266472550000615,-0.03,-0.01,69.99999999363723
333.312,-0.099,-0.578,0,825,825,69.96999999313003,-0.010266472550000615,-0.03,-0.01,69.99999999363723
333.52,-0.096,-0.557,0,825,825,69.96999999313003,-0.010266472550000615,-0.03,-0.01,69.99999999363723
333.72,-0.094,-0.54,0,825,825,69.96999999313003,-0.010266472550000615,-0.03,-0.01,69.99999999363723
333.928,-0.094,-0.529,0,825,825,69.96999999313003,-0.010266472550000615,-0.03,-0.01,69.99999999363723
334.136,-0.094,-0.525,0,825,825,69.96999999313003,-0.010266472550000615,-0.03,-0.01,69.99999999363723
334.344,-0.094,-0.527,0,825,825,69.96999999313003,-0.010266472550000615,-0.03,-0.01,69.99999999363723
334.552,-0.092,-0.532,0,825,825,69.96999999313003,-0.010266472550000615,-0.03,-0.01,69.99999999363723
334.756,-0.09,-0.542,0,825,825,69.96999999313003,-0.010266472550000615,-0.03,-0.01,69.99999999363723
334.956,-0.089,-0.554,0,825,825,69.96999999313003,-0.010266472550000615,-0.03,-0.01,69.99999999363723
335.164,-0.088,-0.567,0,825,825,69.96999999313003,-0.010266472550000615,-0.03,-0.01,69.99999999363723
335.372,-0.084,-0.577,0,825,825,69.96999999313003,-0.010266472550000615,-0.03,-0.01,69.99999999363723
335.58,-0.079,-0.586,0,825,825,69.96999999313003,-0.010266472550000615,-0.03,-0.01,69.99999999363723
335.788,-0.075,-0.597,0,825,825,69.96999999313003,-0.010266472550000615,-0.03,-0.01,69.99999999363723
335.996,-0.073,-0.608,0,825,825,69.96999999313003,-0.010266472550000615,-0.03,-0.01,69.99999999363723
336.196,-0.076,-0.617,0,825,825,69.96999999313003,-0.010266472550000615,-0.03,-0.01,69.99999999363723
336.404,-0.08,-0.623,0,825,825,69.96999999313003,-0.010266472550000615,-0.03,-0.01,69.99999999363723
336.612,-0.084,-0.627,0,825,825,69.96999999313003,-0.010266472550000615,-0.03,-0.01,69.99999999363723
336.82,-0.087,-0.63,0,825,825,69.96999999313003,-0.010266472550000615,-0.03,-0.01,69.99999999363723
337.028,-0.089,-0.632,0,825,825,69.96999999313003,-0.010266472550000615,-0.03,-0.01,69.99999999363723
337.236,-0.088,-0.632,0,825,825,69.96999999313003,-0.010266472550000615,-0.03,-0.01,69.99999999363723
337.444,-0.083,-0.631,0,825,825,69.96999999313003,-0.010266472550000615,-0.03,-0.01,69.99999999363723
337.652,-0.078,-0.632,0,825,825,69.96999999313003,-0.010266472550000615,-0.03,-0.01,69.99999999363723
337.86,-0.074,-0.634,0,825,825,69.96999999313003,-0.010266472550000615,-0.03,-0.01,69.99999999363723
338.068,-0.07,-0.635,0,825,825,69.96999999313003,-0.010266472550000615,-0.03,-0.01,69.99999999363723
338.276,-0.069,-0.635,0,825,825,69.96999999313003,-0.010266472550000615,-0.03,-0.01,69.99999999363723
338.484,-0.07,-0.635,0,825,825,69.96999999313003,-0.010266472550000615,-0.03,-0.01,69.99999999363723
338.684,-0.074,-0.635,0,825,825,69.96999999313003,-0.010266472550000615,-0.03,-0.01,69.99999999363723
338.892,-0.078,-0.634,0,825,825,69.96999999313003,-0.010266472550000615,-0.03,-0.01,69.99999999363723
339.1,-0.079,-0.631,0,825,825,69.96999999313003,-0.010266472550000615,-0.03,-0.01,69.99999999363723
339.308,-0.074,-0.625,0,825,825,69.96999999313003,-0.010266472550000615,-0.03,-0.01,69.99999999363723
339.516,-0.069,-0.619,0,825,825,69.96999999313003,-0.010266472550000615,-0.03,-0.01,69.99999999363723
339.724,-0.067,-0.612,0,825,825,69.96999999313003,-0.010266472550000615,-0.03,-0.01,69.99999999363723
339.932,-0.072,-0.607,0,825,825,69.96999999313003,-0.010266472550000615,-0.03,-0.01,69.99999999363723
340.14,-0.08,-0.602,0,825,825,69.96999999313003,-0.010266472550000615,-0.03,-0.01,69.99999999363723
340.348,-0.089,-0.593,0,825,825,69.96999999313003,-0.010266472550000615,-0.03,-0.01,69.99999999363723
340.556,-0.094,-0.581,0,825,825,69.96999999313003,-0.010266472550000615,-0.03,-0.01,69.99999999363723
340.764,-0.095,-0.569,0,825,825,69.96999999313003,-0.010266472550000615,-0.03,-0.01,69.99999999363723
340.972,-0.091,-0.56,0,825,825,69.96999999313003,-0.010266472550000615,-0.03,-0.01,69.99999999363723
341.172,-0.083,-0.555,0,825,825,69.96999999313003,-0.010266472550000615,-0.03,-0.01,69.99999999363723
341.38,-0.077,-0.552,0,825,825,69.96999999313003,-0.010266472550000615,-0.03,-0.01,69.99999999363723
341.588,-0.074,-0.552,0,825,825,69.96999999313003,-0.010266472550000615,-0.03,-0.01,69.99999999363723
341.796,-0.074,-0.555,0,825,825,69.96999999313003,-0.010266472550000615,-0.03,-0.01,69.99999999363723
342.004,-0.076,-0.559,0,825,825,69.96999999313003,-0.010266472550000615,-0.03,-0.01,69.99999999363723
342.212,-0.08,-0.564,0,825,825,69.96999999313003,-0.010266472550000615,-0.03,-0.01,69.99999999363723
342.42,-0.085,-0.57,0,825,825,69.96999999313003,-0.010266472550000615,-0.03,-0.01,69.99999999363723
342.628,-0.088,-0.577,0,825,825,69.96999999313003,-0.010266472550000615,-0.03,-0.01,69.99999999363723
342.836,-0.086,-0.582,0,825,825,69.96999999313003,-0.010266472550000615,-0.03,-0.01,69.99999999363723
343.044,-0.08,-0.585,0,825,825,69.96999999313003,-0.010266472550000615,-0.03,-0.01,69.99999999363723
343.244,-0.07,-0.587,0,825,825,69.96999999313003,-0.010266472550000615,-0.03,-0.01,69.99999999363723
343.452,-0.059,-0.593,0,825,825,69.96999999313003,-0.010266472550000615,-0.03,-0.01,69.99999999363723
343.66,-0.052,-0.601,0,825,825,69.96999999313003,-0.010266472550000615,-0.03,-0.01,69.99999999363723
343.868,-0.05,-0.61,0,825,825,69.96999999313003,-0.010266472550000615,-0.03,-0.01,69.99999999363723
344.076,-0.053,-0.619,0,825,825,69.96999999313003,-0.010266472550000615,-0.03,-0.01,69.99999999363723
344.284,-0.057,-0.628,0,825,825,69.96999999313003,-0.010266472550000615,-0.03,-0.01,69.99999999363723
344.492,-0.059,-0.634,0,825,825,69.96999999313003,-0.010266472550000615,-0.03,-0.01,69.99999999363723
344.7,-0.055,-0.637,0,825,825,69.96999999313003,-0.010266472550000615,-0.03,-0.01,69.99999999363723
344.908,-0.048,-0.637,0,825,825,69.96999999313003,-0.010266472550000615,-0.03,-0.01,69.99999999363723
345.116,-0.043,-0.636,0,825,825,69.96999999313003,-0.010266472550000615,-0.03,-0.01,69.99999999363723
345.324,-0.042,-0.635,0,825,825,69.96999999313003,-0.010266472550000615,-0.03,-0.01,69.99999999363723
345.532,-0.049,-0.631,0,825,825,69.96999999313003,-0.010266472550000615,-0.03,-0.01,69.99999999363723
345.732,-0.061,-0.625,0,825,825,69.96999999313003,-0.010266472550000615,-0.03,-0.01,69.99999999363723
345.94,-0.077,-0.617,0,825,825,69.96999999313003,-0.010266472550000615,-0.03,-0.01,69.99999999363723
346.148,-0.091,-0.607,0,825,825,69.96999999313003,-0.010266472550000615,-0.03,-0.01,69.99999999363723
346.356,-0.1,-0.599,0,825,825,69.96999999313003,-0.010266472550000615,-0.03,-0.01,69.99999999363723
346.564,-0.102,-0.59,0,825,825,69.96999999313003,-0.010266472550000615,-0.03,-0.01,69.99999999363723
346.772,-0.094,-0.582,0,825,825,69.96999999313003,-0.010266472550000615,-0.03,-0.01,69.99999999363723
346.98,-0.085,-0.574,0,825,825,69.96999999313003,-0.010266472550000615,-0.03,-0.01,69.99999999363723
347.188,-0.079,-0.565,0,825,825,69.96999999313003,-0.010266472550000615,-0.03,-0.01,69.99999999363723
347.396,-0.079,-0.559,0,825,825,69.96999999313003,-0.010266472550000615,-0.03,-0.01,69.99999999363723
347.604,-0.082,-0.557,0,825,825,69.96999999313003,-0.010266472550000615,-0.03,-0.01,69.99999999363723
347.812,-0.086,-0.556,0,825,825,69.96999999313003,-0.010266472550000615,-0.03,-0.01,69.99999999363723
348.02,-0.087,-0.555,0,825,825,69.96999999313003,-0.010266472550000615,-0.03,-0.01,69.99999999363723
348.22,-0.087,-0.558,0,825,825,69.96999999313003,-0.010266472550000615,-0.03,-0.01,69.99999999363723
348.428,-0.085,-0.561,0,825,825,69.96999999313003,-0.010266472550000615,-0.03,-0.01,69.99999999363723
348.636,-0.081,-0.565,0,825,825,69.96999999313003,-0.010266472550000615,-0.03,-0.01,69.99999999363723
348.844,-0.077,-0.57,0,825,825,69.96999999313003,-0.010266472550000615,-0.03,-0.01,69.99999999363723
349.052,-0.074,-0.578,0,825,825,69.96999999313003,-0.010266472550000615,-0.03,-0.01,69.99999999363723
349.26,-0.073,-0.588,0,825,825,69.96999999313003,-0.010266472550000615,-0.03,-0.01,69.99999999363723
349.468,-0.073,-0.596,0,825,825,69.96999999313003,-0.010266472550000615,-0.03,-0.01,69.99999999363723
349.676,-0.072,-0.602,0,825,825,69.96999999313003,-0.010266472550000615,-0.03,-0.01,69.99999999363723
349.884,-0.071,-0.609,0,825,825,69.96999999313003,-0.010266472550000615,-0.03,-0.01,69.99999999363723
350.092,-0.066,-0.614,0,825,825,69.96999999313003,-0.010266472550000615,-0.03,-0.01,69.99999999363723
350.3,-0.058,-0.618,0,825,825,69.96999999313003,-0.010266472550000615,-0.03,-0.01,69.99999999363723
350.508,-0.052,-0.622,0,825,825,69.96999999313003,-0.010266472550000615,-0.03,-0.01,69.99999999363723
350.708,-0.049,-0.628,0,825,825,69.96999999313003,-0.010266472550000615,-0.03,-0.01,69.99999999363723
350.916,-0.05,-0.635,0,825,825,69.96999999313003,-0.010266472550000615,-0.03,-0.01,69.99999999363723
351.124,-0.056,-0.643,0,825,825,69.96999999313003,-0.010266472550000615,-0.03,-0.01,69.99999999363723
351.332,-0.065,-0.648,0,825,825,69.96999999313003,-0.010266472550000615,-0.03,-0.01,69.99999999363723
351.54,-0.07,-0.646,0,825,825,69.96999999313003,-0.010266472550000615,-0.03,-0.01,69.99999999363723
351.748,-0.071,-0.64,0,825,825,69.96999999313003,-0.010266472550000615,-0.03,-0.01,69.99999999363723
351.956,-0.074,-0.633,0,825,825,69.96999999313003,-0.010266472550000615,-0.03,-0.01,69.99999999363723
352.164,-0.076,-0.624,0,825,825,69.96999999313003,-0.010266472550000615,-0.03,-0.01,69.99999999363723
352.372,-0.077,-0.614,0,825,825,69.96999999313003,-0.010266472550000615,-0.03,-0.01,69.99999999363723
352.58,-0.077,-0.605,0,825,825,69.96999999313003,-0.010266472550000615,-0.03,-0.01,69.99999999363723
352.788,-0.081,-0.599,0,825,825,69.96999999313003,-0.010266472550000615,-0.03,-0.01,69.99999999363723
352.996,-0.087,-0.594,0,825,825,69.96999999313003,-0.010266472550000615,-0.03,-0.01,69.99999999363723
353.196,-0.092,-0.59,0,825,825,69.96999999313003,-0.010266472550000615,-0.03,-0.01,69.99999999363723
353.404,-0.096,-0.584,0,825,825,69.96999999313003,-0.010266472550000615,-0.03,-0.01,69.99999999363723
353.612,-0.098,-0.576,0,825,825,69.96999999313003,-0.010266472550000615,-0.03,-0.01,69.99999999363723
353.82,-0.098,-0.568,0,825,825,69.96999999313003,-0.010266472550000615,-0.03,-0.01,69.99999999363723
354.028,-0.095,-0.561,0,825,825,69.96999999313003,-0.010266472550000615,-0.03,-0.01,69.99999999363723
354.236,-0.092,-0.556,0,825,825,69.96999999313003,-0.010266472550000615,-0.03,-0.01,69.99999999363723
354.444,-0.093,-0.554,0,825,825,69.96999999313003,-0.010266472550000615,-0.03,-0.01,69.99999999363723
354.652,-0.098,-0.556,0,825,825,69.96999999313003,-0.010266472550000615,-0.03,-0.01,69.99999999363723
354.86,-0.105,-0.562,0,825,825,69.96999999313003,-0.010266472550000615,-0.03,-0.01,69.99999999363723
355.068,-0.106,-0.57,0,825,825,69.96999999313003,-0.010266472550000615,-0.03,-0.01,69.99999999363723
355.276,-0.101,-0.581,0,825,825,69.96999999313003,-0.010266472550000615,-0.03,-0.01,69.99999999363723
355.484,-0.092,-0.594,0,825,825,69.96999999313003,-0.010266472550000615,-0.03,-0.01,69.99999999363723
355.684,-0.082,-0.608,0,825,825,69.96999999313003,-0.010266472550000615,-0.03,-0.01,69.99999999363723
355.892,-0.071,-0.627,0,825,825,69.96999999313003,-0.010266472550000615,-0.03,-0.01,69.99999999363723
356.1,-0.065,-0.643,0,825,825,69.96999999313003,-0.010266472550000615,-0.03,-0.01,69.99999999363723
356.308,-0.064,-0.656,0,825,825,69.96999999313003,-0.010266472550000615,-0.03,-0.01,69.99999999363723
356.516,-0.067,-0.666,0,825,825,69.96999999313003,-0.010266472550000615,-0.03,-0.01,69.99999999363723
356.724,-0.071,-0.675,0,825,825,69.96999999313003,-0.010266472550000615,-0.03,-0.01,69.99999999363723
356.932,-0.074,-0.682,0,825,825,69.96999999313003,-0.010266472550000615,-0.03,-0.01,69.99999999363723
357.14,-0.079,-0.686,0,825,825,69.96999999313003,-0.010266472550000615,-0.03,-0.01,69.99999999363723
357.348,-0.082,-0.686,0,825,825,69.96999999313003,-0.010266472550000615,-0.03,-0.01,69.99999999363723
357.556,-0.081,-0.683,0,825,825,69.96999999313003,-0.010266472550000615,-0.03,-0.01,69.99999999363723
357.764,-0.078,-0.674,0,825,825,69.96999999313003,-0.010266472550000615,-0.03,-0.01,69.99999999363723
357.972,-0.075,-0.661,0,825,825,69.96999999313003,-0.010266472550000615,-0.03,-0.01,69.99999999363723
358.172,-0.071,-0.647,0,825,825,69.96999999313003,-0.010266472550000615,-0.03,-0.01,69.99999999363723
358.38,-0.067,-0.632,0,825,825,69.96999999313003,-0.010266472550000615,-0.03,-0.01,69.99999999363723
358.588,-0.066,-0.615,0,825,825,69.96999999313003,-0.010266472550000615,-0.03,-0.01,69.99999999363723
358.796,-0.071,-0.595,0,825,825,69.96999999313003,-0.010266472550000615,-0.03,-0.01,69.99999999363723
359.004,-0.078,-0.574,0,825,825,69.96999999313003,-0.010266472550000615,-0.03,-0.01,69.99999999363723
359.212,-0.084,-0.559,0,825,825,69.96999999313003,-0.010266472550000615,-0.03,-0.01,69.99999999363723
359.42,-0.082,-0.566,0,825,825,69.96999999313003,-0.010266472550000615,-0.03,-0.01,69.99999999363723
359.628,-0.079,-0.574,0,825,825,69.96999999313003,-0.010266472550000615,-0.03,-0.01,69.99999999363723
359.836,-0.076,-0.581,0,825,825,69.96999999313003,-0.010266472550000615,-0.03,-0.01,69.99999999363723
360.044,-0.074,-0.587,0,825,825,69.96999999313003,-0.010266472550000615,-0.03,-0.01,69.99999999363723
360.244,-0.072,-0.592,0,825,825,69.96999999313003,-0.010266472550000615,-0.03,-0.01,69.99999999363723
360.452,-0.067,-0.598,0,825,825,69.96999999313003,-0.010266472550000615,-0.03,-0.01,69.99999999363723
360.66,-0.062,-0.6,0,825,825,69.96999999313003,-0.010266472550000615,-0.03,-0.01,69.99999999363723
360.868,-0.058,-0.598,0,825,825,69.96999999313003,-0.010266472550000615,-0.03,-0.01,69.99999999363723
361.076,-0.059,-0.596,0,825,825,69.96999999313003,-0.010266472550000615,-0.03,-0.01,69.99999999363723
361.284,-0.062,-0.593,0,825,825,69.96999999313003,-0.010266472550000615,-0.03,-0.01,69.99999999363723
361.492,-0.065,-0.592,0,825,825,69.96999999313003,-0.010266472550000615,-0.03,-0.01,69.99999999363723
361.7,-0.067,-0.591,0,825,825,69.96999999313003,-0.010266472550000615,-0.03,-0.01,69.99999999363723
361.908,-0.068,-0.591,0,825,825,69.96999999313003,-0.010266472550000615,-0.03,-0.01,69.99999999363723
362.116,-0.066,-0.591,0,825,825,69.96999999313003,-0.010266472550000615,-0.03,-0.01,69.99999999363723
362.324,-0.063,-0.59,0,825,825,69.96999999313003,-0.010266472550000615,-0.03,-0.01,69.99999999363723
362.532,-0.056,-0.588,0,825,825,69.96999999313003,-0.010266472550000615,-0.03,-0.01,69.99999999363723
362.732,-0.051,-0.586,0,825,825,69.96999999313003,-0.010266472550000615,-0.03,-0.01,69.99999999363723
362.94,-0.049,-0.584,0,825,825,69.96999999313003,-0.010266472550000615,-0.03,-0.01,69.99999999363723
363.148,-0.048,-0.58,0,825,825,69.96999999313003,-0.010266472550000615,-0.03,-0.01,69.99999999363723
