t,n,e,seg_old,seg_new,seg_diff,tgt_old_n,tgt_old_e,tgt_new_n,tgt_new_e,tgt_dist_m
8.644,-0.0,0.002,0,0,0,69.99999999364238,0.019743634040351506,69.99999999364238,0.019743634040351506,0.0
8.848,0.002,0.001,0,0,0,70.001999991496,0.019743613000192523,70.001999991496,0.019743613000192523,0.0
9.052,0.007,0.001,0,0,0,70.00699999149572,0.01974356039973862,70.00699999149572,0.01974356039973862,0.0
9.252,0.008,0.004,0,0,0,70.00799999183455,0.019743549879644277,70.00799999183455,0.019743549879644277,0.0
9.46,0.008,0.011,0,0,0,70.00799999262529,0.019743549879635957,70.00799999262529,0.019743549879635957,0.0
9.668,0.009,0.013,0,0,0,70.00899999285114,0.0197435393595428,70.00899999285114,0.0197435393595428,0.0
9.868,0.012,0.016,0,0,0,70.01199999318987,0.019743507799266896,70.01199999318987,0.019743507799266896,0.0
10.076,0.014,0.019,0,0,0,70.01399999352864,0.019743486759081767,70.01399999352864,0.019743486759081767,0.0
10.28,0.011,0.019,0,0,0,70.0109999935288,0.01974351831935411,70.0109999935288,0.01974351831935411,0.0
10.484,0.004,0.017,0,0,0,70.00399999330328,0.01974359195999195,70.00399999330328,0.01974359195999195,0.0
10.696,-0.002,0.014,0,0,0,69.99999999364238,0.019743634040351506,69.99999999364238,0.019743634040351506,0.0
10.9,-0.005,0.011,0,0,0,69.99999999364238,0.019743634040351506,69.99999999364238,0.019743634040351506,0.0
11.108,-0.007,0.006,0,0,0,69.99999999364238,0.019743634040351506,69.99999999364238,0.019743634040351506,0.0
11.32,-0.007,-0.001,0,0,0,69.99999999364238,0.019743634040351506,69.99999999364238,0.019743634040351506,0.0
11.532,-0.008,-0.006,0,0,0,69.99999999364238,0.019743634040351506,69.99999999364238,0.019743634040351506,0.0
11.736,-0.011,-0.01,0,0,0,69.99999999364238,0.019743634040351506,69.99999999364238,0.019743634040351506,0.0
11.944,-0.013,-0.013,0,0,0,69.99999999364238,0.019743634040351506,69.99999999364238,0.019743634040351506,0.0
12.152,-0.014,-0.013,0,0,0,69.99999999364238,0.019743634040351506,69.99999999364238,0.019743634040351506,0.0
12.352,-0.016,-0.012,0,0,0,69.99999999364238,0.019743634040351506,69.99999999364238,0.019743634040351506,0.0
12.56,-0.018,-0.01,0,0,0,69.99999999364238,0.019743634040351506,69.99999999364238,0.019743634040351506,0.0
12.768,-0.021,-0.012,0,0,0,69.99999999364238,0.019743634040351506,69.99999999364238,0.019743634040351506,0.0
12.976,-0.025,-0.015,0,0,0,69.99999999364238,0.019743634040351506,69.99999999364238,0.019743634040351506,0.0
13.184,-0.027,-0.019,0,0,0,69.99999999364238,0.019743634040351506,69.99999999364238,0.019743634040351506,0.0
13.384,-0.025,-0.023,0,0,0,69.99999999364238,0.019743634040351506,69.99999999364238,0.019743634040351506,0.0
13.592,-0.021,-0.027,0,0,0,69.99999999364238,0.019743634040351506,69.99999999364238,0.019743634040351506,0.0
13.8,-0.018,-0.032,0,0,0,69.99999999364238,0.019743634040351506,69.99999999364238,0.019743634040351506,0.0
14.004,-0.017,-0.036,0,0,0,69.99999999364238,0.019743634040351506,69.99999999364238,0.019743634040351506,0.0
14.204,-0.018,-0.037,0,0,0,69.99999999364238,0.019743634040351506,69.99999999364238,0.019743634040351506,0.0
14.412,-0.021,-0.038,0,0,0,69.99999999364238,0.019743634040351506,69.99999999364238,0.019743634040351506,0.0
14.62,-0.025,-0.037,0,0,0,69.99999999364238,0.019743634040351506,69.99999999364238,0.019743634040351506,0.0
14.82,-0.027,-0.032,0,0,0,69.99999999364238,0.019743634040351506,69.99999999364238,0.019743634040351506,0.0
15.028,-0.03,-0.027,0,0,0,69.99999999364238,0.019743634040351506,69.99999999364238,0.019743634040351506,0.0
15.236,-0.029,-0.024,0,0,0,69.99999999364238,0.019743634040351506,69.99999999364238,0.019743634040351506,0.0
15.44,-0.025,-0.025,0,0,0,69.99999999364238,0.019743634040351506,69.99999999364238,0.019743634040351506,0.0
15.644,-0.023,-0.029,0,0,0,69.99999999364238,0.019743634040351506,69.99999999364238,0.019743634040351506,0.0
15.852,-0.022,-0.03,0,0,0,69.99999999364238,0.019743634040351506,69.99999999364238,0.019743634040351506,0.0
16.06,-0.024,-0.028,0,0,0,69.99999999364238,0.019743634040351506,69.99999999364238,0.019743634040351506,0.0
16.268,-0.026,-0.027,0,0,0,69.99999999364238,0.019743634040351506,69.99999999364238,0.019743634040351506,0.0
16.476,-0.029,-0.023,0,0,0,69.99999999364238,0.019743634040351506,69.99999999364238,0.019743634040351506,0.0
16.68,-0.032,-0.02,0,0,0,69.99999999364238,0.019743634040351506,69.99999999364238,0.019743634040351506,0.0
16.884,-0.038,-0.017,0,0,0,69.99999999364238,0.019743634040351506,69.99999999364238,0.019743634040351506,0.0
17.088,-0.044,-0.016,0,0,0,69.99999999364238,0.019743634040351506,69.99999999364238,0.019743634040351506,0.0
17.296,-0.049,-0.013,0,0,0,69.99999999364238,0.019743634040351506,69.99999999364238,0.019743634040351506,0.0
17.504,-0.053,-0.012,0,0,0,69.99999999364238,0.019743634040351506,69.99999999364238,0.019743634040351506,0.0
17.712,-0.055,-0.013,0,0,0,69.99999999364238,0.019743634040351506,69.99999999364238,0.019743634040351506,0.0
17.92,-0.056,-0.016,0,0,0,69.99999999364238,0.019743634040351506,69.99999999364238,0.019743634040351506,0.0
18.128,-0.054,-0.018,0,0,0,69.99999999364238,0.019743634040351506,69.99999999364238,0.019743634040351506,0.0
18.336,-0.052,-0.017,0,0,0,69.99999999364238,0.019743634040351506,69.99999999364238,0.019743634040351506,0.0
18.536,-0.048,-0.016,0,0,0,69.99999999364238,0.019743634040351506,69.99999999364238,0.019743634040351506,0.0
18.744,-0.043,-0.015,0,0,0,69.99999999364238,0.019743634040351506,69.99999999364238,0.019743634040351506,0.0
18.952,-0.039,-0.013,0,0,0,69.99999999364238,0.019743634040351506,69.99999999364238,0.019743634040351506,0.0
19.16,-0.036,-0.012,0,0,0,69.99999999364238,0.019743634040351506,69.99999999364238,0.019743634040351506,0.0
19.368,-0.036,-0.009,0,0,0,69.99999999364238,0.019743634040351506,69.99999999364238,0.019743634040351506,0.0
19.572,-0.034,-0.008,0,0,0,69.99999999364238,0.019743634040351506,69.99999999364238,0.019743634040351506,0.0
19.78,-0.03,-0.009,0,0,0,69.99999999364238,0.019743634040351506,69.99999999364238,0.019743634040351506,0.0
19.984,-0.026,-0.01,0,0,0,69.99999999364238,0.019743634040351506,69.99999999364238,0.019743634040351506,0.0
20.192,-0.019,-0.011,0,0,0,69.99999999364238,0.019743634040351506,69.99999999364238,0.019743634040351506,0.0
20.4,-0.015,-0.011,0,0,0,69.99999999364238,0.019743634040351506,69.99999999364238,0.019743634040351506,0.0
20.604,-0.011,-0.008,0,0,0,69.99999999364238,0.019743634040351506,69.99999999364238,0.019743634040351506,0.0
20.812,-0.01,-0.005,0,0,0,69.99999999364238,0.019743634040351506,69.99999999364238,0.019743634040351506,0.0
21.016,-0.011,-0.001,0,0,0,69.99999999364238,0.019743634040351506,69.99999999364238,0.019743634040351506,0.0
21.216,-0.01,0.003,0,0,0,69.99999999364238,0.019743634040351506,69.99999999364238,0.019743634040351506,0.0
21.42,-0.008,0.008,0,0,0,69.99999999364238,0.019743634040351506,69.99999999364238,0.019743634040351506,0.0
21.628,-0.006,0.01,0,0,0,69.99999999364238,0.019743634040351506,69.99999999364238,0.019743634040351506,0.0
21.836,-0.001,0.009,0,0,0,69.99999999364238,0.019743634040351506,69.99999999364238,0.019743634040351506,0.0
22.036,0.005,0.006,0,0,0,70.00499999206065,0.01974358143991424,70.00499999206065,0.01974358143991424,0.0
22.244,0.011,0.004,0,0,0,70.01099999183438,0.019743518319371937,70.01099999183438,0.019743518319371937,0.0
22.452,0.016,0.004,0,0,0,70.01599999183411,0.019743465718918034,70.01599999183411,0.019743465718918034,0.0
22.66,0.018,0.007,0,0,0,70.01799999217288,0.01974344467873291,70.01799999217288,0.01974344467873291,0.0
22.864,0.018,0.008,0,0,0,70.01799999228584,0.01974344467873172,70.01799999228584,0.01974344467873172,0.0
23.068,0.017,0.007,0,0,0,70.01699999217294,0.019743455198823687,70.01699999217294,0.019743455198823687,0.0
23.284,0.015,0.006,0,0,0,70.01499999206008,0.019743476239006436,70.01499999206008,0.019743476239006436,0.0
23.484,0.016,0.008,0,0,0,70.01599999228596,0.01974346571891328,70.01599999228596,0.01974346571891328,0.0
23.692,0.019,0.013,0,0,0,70.0189999928506,0.019743434158634998,70.0189999928506,0.019743434158634998,0.0
23.9,0.023,0.017,0,0,0,70.02299999330222,0.01974339207826712,70.02299999330222,0.01974339207826712,0.0
24.1,0.023,0.022,0,0,0,70.02299999386703,0.01974339207826118,70.02299999386703,0.01974339207826118,0.0
24.304,0.02,0.028,0,0,0,70.01999999454496,0.01974342363852639,70.01999999454496,0.01974342363852639,0.0
24.508,0.016,0.034,0,0,0,70.01599999522297,0.019743465718882382,70.01599999522297,0.019743465718882382,0.0
24.716,0.015,0.036,0,0,0,70.01499999544895,0.019743476238970787,70.01499999544895,0.019743476238970787,0.0
24.924,0.016,0.035,0,0,0,70.01599999533593,0.019743465718881192,70.01599999533593,0.019743465718881192,0.0
25.132,0.02,0.032,0,0,0,70.01999999499681,0.019743423638521638,70.01999999499681,0.019743423638521638,0.0
25.34,0.022,0.027,0,0,0,70.02199999443191,0.01974340259834602,70.02199999443191,0.01974340259834602,0.0
25.548,0.023,0.022,0,0,0,70.02299999386703,0.01974339207826118,70.02299999386703,0.01974339207826118,0.0
25.748,0.023,0.021,0,0,0,70.02299999375407,0.019743392078262367,70.02299999375407,0.019743392078262367,0.0
25.956,0.022,0.021,0,0,0,70.02199999375414,0.01974340259835315,70.02199999375414,0.01974340259835315,0.0
26.164,0.02,0.024,0,0,0,70.01999999409311,0.019743423638531144,70.01999999409311,0.019743423638531144,0.0
26.368,0.017,0.026,0,0,0,70.0169999943192,0.019743455198801108,70.0169999943192,0.019743455198801108,0.0
26.572,0.011,0.027,0,0,0,70.0109999944325,0.019743518319344604,70.0109999944325,0.019743518319344604,0.0
26.776,0.006,0.029,0,0,0,70.00599999465871,0.019743570919796127,70.00599999465871,0.019743570919796127,0.0
26.984,0.004,0.03,0,0,0,70.00399999477179,0.0197435919599765,70.00399999477179,0.0197435919599765,0.0
27.188,0.004,0.029,0,0,0,70.00399999465883,0.01974359195997769,70.00399999465883,0.01974359195997769,0.0
27.392,0.005,0.027,0,0,0,70.00499999443284,0.019743581439889284,70.00499999443284,0.019743581439889284,0.0
27.6,0.006,0.023,0,0,0,70.00599999398094,0.01974357091980326,70.00599999398094,0.01974357091980326,0.0
27.808,0.011,0.017,0,0,0,70.01099999330289,0.019743518319356487,70.01099999330289,0.019743518319356487,0.0
28.016,0.018,0.009,0,0,0,70.0179999923988,0.019743444678730532,70.0179999923988,0.019743444678730532,0.0
28.224,0.022,0.003,0,0,0,70.02199999172082,0.01974340259837454,70.02199999172082,0.01974340259837454,0.0
28.428,0.023,-0.001,0,0,0,70.02299999126892,0.019743392078288513,70.02299999126892,0.019743392078288513,0.0
28.636,0.023,-0.002,0,0,0,70.02299999115596,0.0197433920782897,70.02299999115596,0.0197433920782897,0.0
28.84,0.019,-0.001,0,0,0,70.01899999126913,0.019743434158651634,70.01899999126913,0.019743434158651634,0.0
29.048,0.014,0.0,0,0,0,70.01399999138238,0.019743486759104346,70.01399999138238,0.019743486759104346,0.0
29.248,0.01,0.001,0,0,0,70.00999999149555,0.01974352883946628,70.00999999149555,0.01974352883946628,0.0
29.456,0.008,0.003,0,0,0,70.00799999172159,0.019743549879645463,70.00799999172159,0.019743549879645463,0.0
29.664,0.007,0.003,0,0,0,70.00699999172164,0.019743560399736244,70.00699999172164,0.019743560399736244,0.0
29.872,0.007,0.002,0,0,0,70.00699999160868,0.019743560399737434,70.00699999160868,0.019743560399737434,0.0
30.084,0.009,0.002,0,0,0,70.00899999160856,0.019743539359555872,70.00899999160856,0.019743539359555872,0.0
30.292,0.01,0.003,0,0,0,70.00999999172147,0.019743528839463904,70.00999999172147,0.019743528839463904,0.0
30.496,0.009,0.001,0,0,0,70.0089999914956,0.019743539359557062,70.0089999914956,0.019743539359557062,0.0
30.696,0.008,-0.002,0,0,0,70.00799999115678,0.019743549879651406,70.00799999115678,0.019743549879651406,0.0
30.904,0.008,-0.006,0,0,0,70.00799999070493,0.01974354987965616,70.00799999070493,0.01974354987965616,0.0
31.112,0.008,-0.009,0,0,0,70.00799999036605,0.019743549879659726,70.00799999036605,0.019743549879659726,0.0
31.312,0.003,-0.011,0,0,0,70.00299999014041,0.019743602480116005,70.00299999014041,0.019743602480116005,0.0
31.52,-0.002,-0.011,0,0,0,69.99999999364238,0.019743634040351506,69.99999999364238,0.019743634040351506,0.0
31.728,-0.005,-0.008,0,0,0,69.99999999364238,0.019743634040351506,69.99999999364238,0.019743634040351506,0.0
31.936,-0.008,-0.006,0,0,0,69.99999999364238,0.019743634040351506,69.99999999364238,0.019743634040351506,0.0
32.136,-0.01,-0.007,0,0,0,69.99999999364238,0.019743634040351506,69.99999999364238,0.019743634040351506,0.0
32.344,-0.01,-0.009,0,0,0,69.99999999364238,0.019743634040351506,69.99999999364238,0.019743634040351506,0.0
32.552,-0.007,-0.012,0,0,0,69.99999999364238,0.019743634040351506,69.99999999364238,0.019743634040351506,0.0
32.756,-0.002,-0.014,0,0,0,69.99999999364238,0.019743634040351506,69.99999999364238,0.019743634040351506,0.0
32.96,0.002,-0.016,0,0,0,70.00199998957565,0.019743613000212726,70.00199998957565,0.019743613000212726,0.0
33.164,0.004,-0.017,0,0,0,70.00399998946257,0.019743591960032354,70.00399998946257,0.019743591960032354,0.0
33.372,0.005,-0.015,0,0,0,70.00499998968844,0.019743581439939196,70.00499998968844,0.019743581439939196,0.0
33.572,0.004,-0.008,0,0,0,70.00399999047923,0.019743591960021657,70.00399999047923,0.019743591960021657,0.0
33.78,0.002,0.0,0,0,0,70.00199999138304,0.019743613000193713,70.00199999138304,0.019743613000193713,0.0
33.988,0.001,0.008,0,0,0,70.00099999228678,0.019743623520274985,70.00099999228678,0.019743623520274985,0.0
34.188,0.0,0.014,0,0,0,69.99999999364238,0.019743634040351506,69.99999999364238,0.019743634040351506,0.0
34.4,-0.0,0.014,0,0,0,69.99999999364238,0.019743634040351506,69.99999999364238,0.019743634040351506,0.0
34.604,0.0,0.012,0,0,0,69.99999999364238,0.019743634040351506,69.99999999364238,0.019743634040351506,0.0
34.804,0.0,0.009,0,0,0,69.99999999364238,0.019743634040351506,69.99999999364238,0.019743634040351506,0.0
35.012,-0.001,0.007,0,0,0,69.99999999364238,0.019743634040351506,69.99999999364238,0.019743634040351506,0.0
35.212,-0.004,0.007,0,0,0,69.99999999364238,0.019743634040351506,69.99999999364238,0.019743634040351506,0.0
35.424,-0.007,0.005,0,0,0,69.99999999364238,0.019743634040351506,69.99999999364238,0.019743634040351506,0.0
35.628,-0.01,0.004,0,0,0,69.99999999364238,0.019743634040351506,69.99999999364238,0.019743634040351506,0.0
35.828,-0.011,0.004,0,0,0,69.99999999364238,0.019743634040351506,69.99999999364238,0.019743634040351506,0.0
36.032,-0.012,0.005,0,0,0,69.99999999364238,0.019743634040351506,69.99999999364238,0.019743634040351506,0.0
36.236,-0.014,0.01,0,0,0,69.99999999364238,0.019743634040351506,69.99999999364238,0.019743634040351506,0.0
36.44,-0.016,0.015,0,0,0,69.99999999364238,0.019743634040351506,69.99999999364238,0.019743634040351506,0.0
36.64,-0.017,0.017,0,0,0,69.99999999364238,0.019743634040351506,69.99999999364238,0.019743634040351506,0.0
36.84,-0.019,0.014,0,0,0,69.99999999364238,0.019743634040351506,69.99999999364238,0.019743634040351506,0.0
37.048,-0.022,0.008,0,0,0,69.99999999364238,0.019743634040351506,69.99999999364238,0.019743634040351506,0.0
37.256,-0.022,0.001,0,0,0,69.99999999364238,0.019743634040351506,69.99999999364238,0.019743634040351506,0.0
37.456,-0.022,-0.005,0,0,0,69.99999999364238,0.019743634040351506,69.99999999364238,0.019743634040351506,0.0
37.664,-0.021,-0.006,0,0,0,69.99999999364238,0.019743634040351506,69.99999999364238,0.019743634040351506,0.0
37.872,-0.02,-0.002,0,0,0,69.99999999364238,0.019743634040351506,69.99999999364238,0.019743634040351506,0.0
38.072,-0.016,0.003,0,0,0,69.99999999364238,0.019743634040351506,69.99999999364238,0.019743634040351506,0.0
38.28,-0.012,0.009,0,0,0,69.99999999364238,0.019743634040351506,69.99999999364238,0.019743634040351506,0.0
38.488,-0.008,0.016,0,0,0,69.99999999364238,0.019743634040351506,69.99999999364238,0.019743634040351506,0.0
38.688,-0.004,0.022,0,0,0,69.99999999364238,0.019743634040351506,69.99999999364238,0.019743634040351506,0.0
38.896,-0.0,0.025,0,0,0,69.99999999420719,0.019743634040345563,69.99999999420719,0.019743634040345563,0.0
39.1,0.004,0.025,0,0,0,70.00399999420698,0.019743591959982442,70.00399999420698,0.019743591959982442,0.0
39.308,0.011,0.022,0,0,0,70.01099999386769,0.019743518319350544,70.01099999386769,0.019743518319350544,0.0
39.508,0.015,0.019,0,0,0,70.01499999352859,0.01974347623899099,70.01499999352859,0.01974347623899099,0.0
39.716,0.018,0.017,0,0,0,70.0179999933025,0.019743444678721023,70.0179999933025,0.019743444678721023,0.0
39.924,0.021,0.017,0,0,0,70.02099999330234,0.019743413118448683,70.02099999330234,0.019743413118448683,0.0
40.124,0.022,0.016,0,0,0,70.02199999318933,0.01974340259835909,70.02199999318933,0.01974340259835909,0.0
40.332,0.022,0.015,0,0,0,70.02199999307636,0.019743402598360278,70.02199999307636,0.019743402598360278,0.0
40.54,0.02,0.011,0,0,0,70.01999999262462,0.019743423638546594,70.01999999262462,0.019743423638546594,0.0
40.74,0.016,0.007,0,0,0,70.015999992173,0.019743465718914468,70.015999992173,0.019743465718914468,0.0
40.948,0.011,0.003,0,0,0,70.01099999172142,0.019743518319373123,70.01099999172142,0.019743518319373123,0.0
41.148,0.005,-0.0,0,0,0,70.00499999138287,0.01974358143992137,70.00499999138287,0.01974358143992137,0.0
41.36,0.004,-0.004,0,0,0,70.00399999093108,0.019743591960016904,70.00399999093108,0.019743591960016904,0.0
41.564,0.004,-0.007,0,0,0,70.00399999059219,0.01974359196002047,70.00399999059219,0.01974359196002047,0.0
41.768,0.003,-0.009,0,0,0,70.00299999036633,0.01974360248011363,70.00299999036633,0.01974360248011363,0.0
41.972,-0.001,-0.007,0,0,0,69.99999999364238,0.019743634040351506,69.99999999364238,0.019743634040351506,0.0
42.176,-0.001,-0.006,0,0,0,69.99999999364238,0.019743634040351506,69.99999999364238,0.019743634040351506,0.0
42.384,-0.001,-0.004,0,0,0,69.99999999364238,0.019743634040351506,69.99999999364238,0.019743634040351506,0.0
42.584,0.001,-0.002,0,0,0,70.00099999115716,0.01974362352028687,70.00099999115716,0.01974362352028687,0.0
42.792,-0.001,-0.003,0,0,0,69.99999999364238,0.019743634040351506,69.99999999364238,0.019743634040351506,0.0
43.0,-0.004,-0.004,0,0,0,69.99999999364238,0.019743634040351506,69.99999999364238,0.019743634040351506,0.0
43.2,-0.007,-0.005,0,0,0,69.99999999364238,0.019743634040351506,69.99999999364238,0.019743634040351506,0.0
43.408,-0.01,-0.006,0,0,0,69.99999999364238,0.019743634040351506,69.99999999364238,0.019743634040351506,0.0
43.616,-0.012,-0.006,0,0,0,69.99999999364238,0.019743634040351506,69.99999999364238,0.019743634040351506,0.0
43.816,-0.013,-0.005,0,0,0,69.99999999364238,0.019743634040351506,69.99999999364238,0.019743634040351506,0.0
44.024,-0.011,-0.004,0,0,0,69.99999999364238,0.019743634040351506,69.99999999364238,0.019743634040351506,0.0
44.232,-0.009,-0.001,0,0,0,69.99999999364238,0.019743634040351506,69.99999999364238,0.019743634040351506,0.0
44.432,-0.009,0.001,0,0,0,69.99999999364238,0.019743634040351506,69.99999999364238,0.019743634040351506,0.0
44.64,-0.011,0.003,0,0,0,69.99999999364238,0.019743634040351506,69.99999999364238,0.019743634040351506,0.0
44.84,-0.012,0.005,0,0,0,69.99999999364238,0.019743634040351506,69.99999999364238,0.019743634040351506,0.0
45.048,-0.011,0.006,0,0,0,69.99999999364238,0.019743634040351506,69.99999999364238,0.019743634040351506,0.0
45.256,-0.01,0.005,0,0,0,69.99999999364238,0.019743634040351506,69.99999999364238,0.019743634040351506,0.0
45.456,-0.008,0.003,0,0,0,69.99999999364238,0.019743634040351506,69.99999999364238,0.019743634040351506,0.0
45.664,-0.007,-0.001,0,0,0,69.99999999364238,0.019743634040351506,69.99999999364238,0.019743634040351506,0.0
45.872,-0.009,-0.004,0,0,0,69.99999999364238,0.019743634040351506,69.99999999364238,0.019743634040351506,0.0
46.076,-0.01,-0.009,0,0,0,69.99999999364238,0.019743634040351506,69.99999999364238,0.019743634040351506,0.0
46.276,-0.011,-0.016,0,0,0,69.99999999364238,0.019743634040351506,69.99999999364238,0.019743634040351506,0.0
46.484,-0.01,-0.021,0,0,0,69.99999999364238,0.019743634040351506,69.99999999364238,0.019743634040351506,0.0
46.692,-0.01,-0.025,0,0,0,69.99999999364238,0.019743634040351506,69.99999999364238,0.019743634040351506,0.0
46.892,-0.009,-0.026,0,0,0,69.99999999364238,0.019743634040351506,69.99999999364238,0.019743634040351506,0.0
47.1,-0.006,-0.025,0,0,0,69.99999999364238,0.019743634040351506,69.99999999364238,0.019743634040351506,0.0
47.308,-0.003,-0.023,0,0,0,69.99999999364238,0.019743634040351506,69.99999999364238,0.019743634040351506,0.0
47.508,0.001,-0.022,0,0,0,70.00099998889793,0.019743623520310637,70.00099998889793,0.019743623520310637,0.0
47.716,0.003,-0.018,0,0,0,70.00299998934968,0.01974360248012432,70.00299998934968,0.01974360248012432,0.0
47.924,0.006,-0.014,0,0,0,70.00599998980135,0.019743570919847228,70.00599998980135,0.019743570919847228,0.0
48.124,0.01,-0.009,0,0,0,70.00999999036593,0.019743528839478164,70.00999999036593,0.019743528839478164,0.0
48.332,0.013,-0.002,0,0,0,70.0129999911565,0.019743497279197504,70.0129999911565,0.019743497279197504,0.0
48.54,0.016,0.001,0,0,0,70.01599999149522,0.019743465718921598,70.01599999149522,0.019743465718921598,0.0
48.744,0.019,0.002,0,0,0,70.01899999160801,0.019743434158648068,70.01899999160801,0.019743434158648068,0.0
48.948,0.021,0.003,0,0,0,70.02099999172087,0.01974341311846532,70.02099999172087,0.01974341311846532,0.0
49.148,0.023,0.003,0,0,0,70.02299999172077,0.01974339207828376,70.02299999172077,0.01974339207828376,0.0
49.356,0.026,0.003,0,0,0,70.0259999917206,0.019743360518011416,70.0259999917206,0.019743360518011416,0.0
49.564,0.03,0.002,0,0,0,70.0299999916074,0.019743318437649485,70.0299999916074,0.019743318437649485,0.0
49.764,0.031,-0.0,0,0,0,70.03099999138144,0.01974330791756108,70.03099999138144,0.01974330791756108,0.0
49.972,0.03,-0.004,0,0,0,70.02999999092962,0.019743318437656615,70.02999999092962,0.019743318437656615,0.0
50.184,0.029,-0.008,0,0,0,70.02899999047784,0.01974332895775215,70.02899999047784,0.01974332895775215,0.0
50.388,0.029,-0.011,0,0,0,70.02899999013896,0.019743328957755713,70.02899999013896,0.019743328957755713,0.0
50.588,0.031,-0.012,0,0,0,70.03099999002589,0.01974330791757534,70.03099999002589,0.01974330791757534,0.0
50.796,0.033,-0.011,0,0,0,70.03299999013875,0.01974328687739259,70.03299999013875,0.01974328687739259,0.0
50.996,0.036,-0.01,0,0,0,70.03599999025154,0.01974325531711906,70.03599999025154,0.01974325531711906,0.0
51.204,0.039,-0.009,0,0,0,70.03899999036433,0.019743223756845535,70.03899999036433,0.019743223756845535,0.0
51.404,0.039,-0.008,0,0,0,70.0389999904773,0.019743223756844345,70.0389999904773,0.019743223756844345,0.0
51.612,0.037,-0.006,0,0,0,70.03699999070332,0.01974324479702353,70.03699999070332,0.01974324479702353,0.0
51.82,0.033,-0.001,0,0,0,70.03299999126835,0.01974328687738071,70.03299999126835,0.01974328687738071,0.0
52.02,0.029,0.005,0,0,0,70.02899999194635,0.0197433289577367,70.02899999194635,0.0197433289577367,0.0
52.228,0.024,0.009,0,0,0,70.02399999239847,0.01974338155818585,70.02399999239847,0.01974338155818585,0.0
52.436,0.02,0.011,0,0,0,70.01999999262462,0.019743423638546594,70.01999999262462,0.019743423638546594,0.0
52.636,0.016,0.01,0,0,0,70.01599999251188,0.019743465718910905,70.01599999251188,0.019743465718910905,0.0
52.844,0.013,0.008,0,0,0,70.01299999228613,0.01974349727918562,70.01299999228613,0.01974349727918562,0.0
53.052,0.013,0.006,0,0,0,70.0129999920602,0.019743497279187998,70.0129999920602,0.019743497279187998,0.0
53.256,0.014,0.006,0,0,0,70.01399999206015,0.019743486759097217,70.01399999206015,0.019743486759097217,0.0
53.456,0.014,0.006,0,0,0,70.01399999206015,0.019743486759097217,70.01399999206015,0.019743486759097217,0.0
53.66,0.013,0.007,0,0,0,70.01299999217316,0.01974349727918681,70.01299999217316,0.01974349727918681,0.0
53.86,0.013,0.007,0,0,0,70.01299999217316,0.01974349727918681,70.01299999217316,0.01974349727918681,0.0
54.06,0.015,0.006,0,0,0,70.01499999206008,0.019743476239006436,70.01499999206008,0.019743476239006436,0.0
54.268,0.018,0.003,0,0,0,70.01799999172103,0.019743444678737662,70.01799999172103,0.019743444678737662,0.0
54.472,0.022,0.003,0,0,0,70.02199999172082,0.01974340259837454,70.02199999172082,0.01974340259837454,0.0
54.68,0.026,0.003,0,0,0,70.0259999917206,0.019743360518011416,70.0259999917206,0.019743360518011416,0.0
54.88,0.029,0.004,0,0,0,70.02899999183339,0.01974332895773789,70.02899999183339,0.01974332895773789,0.0
55.088,0.03,0.006,0,0,0,70.02999999205925,0.019743318437644732,70.02999999205925,0.019743318437644732,0.0
55.296,0.03,0.007,0,0,0,70.02999999217221,0.019743318437643542,70.02999999217221,0.019743318437643542,0.0
55.496,0.03,0.008,0,0,0,70.02999999228517,0.019743318437642356,70.02999999228517,0.019743318437642356,0.0
55.704,0.03,0.01,0,0,0,70.0299999925111,0.01974331843763998,70.0299999925111,0.01974331843763998,0.0
55.904,0.028,0.009,0,0,0,70.02799999239825,0.019743339477822728,70.02799999239825,0.019743339477822728,0.0
56.112,0.029,0.009,0,0,0,70.0289999923982,0.019743328957731947,70.0289999923982,0.019743328957731947,0.0
56.32,0.029,0.009,0,0,0,70.0289999923982,0.019743328957731947,70.0289999923982,0.019743328957731947,0.0
56.52,0.028,0.008,0,0,0,70.02799999228529,0.019743339477823914,70.02799999228529,0.019743339477823914,0.0
56.728,0.028,0.008,0,0,0,70.02799999228529,0.019743339477823914,70.02799999228529,0.019743339477823914,0.0
56.936,0.026,0.007,0,0,0,70.02599999217244,0.019743360518006663,70.02599999217244,0.019743360518006663,0.0
57.136,0.024,0.005,0,0,0,70.02399999194662,0.019743381558190602,70.02399999194662,0.019743381558190602,0.0
57.344,0.022,0.001,0,0,0,70.0219999914949,0.019743402598376918,70.0219999914949,0.019743402598376918,0.0
57.552,0.019,-0.003,0,0,0,70.0189999910432,0.01974343415865401,70.0189999910432,0.01974343415865401,0.0
57.752,0.015,-0.006,0,0,0,70.01499999070455,0.0197434762390207,70.01499999070455,0.0197434762390207,0.0
57.96,0.011,-0.008,0,0,0,70.01099999047884,0.019743518319386196,70.01099999047884,0.019743518319386196,0.0
58.168,0.009,-0.012,0,0,0,70.0089999900271,0.01974353935957251,70.0089999900271,0.01974353935957251,0.0
58.368,0.008,-0.016,0,0,0,70.00799998957531,0.019743549879668042,70.00799998957531,0.019743549879668042,0.0
58.576,0.007,-0.02,0,0,0,70.00699998912351,0.019743560399763577,70.00699998912351,0.019743560399763577,0.0
58.776,0.008,-0.021,0,0,0,70.0079999890105,0.019743549879673986,70.0079999890105,0.019743549879673986,0.0
58.984,0.006,-0.019,0,0,0,70.00599998923654,0.01974357091985317,70.00599998923654,0.01974357091985317,0.0
59.192,0.004,-0.015,0,0,0,70.0039999896885,0.019743591960029977,70.0039999896885,0.019743591960029977,0.0
59.392,0.004,-0.009,0,0,0,70.00399999036627,0.019743591960022847,70.00399999036627,0.019743591960022847,0.0
59.6,0.005,-0.005,0,0,0,70.00499999081806,0.019743581439927313,70.00499999081806,0.019743581439927313,0.0
59.808,0.006,-0.0,0,0,0,70.00599999138281,0.019743570919830592,70.00599999138281,0.019743570919830592,0.0
60.008,0.008,0.003,0,0,0,70.00799999172159,0.019743549879645463,70.00799999172159,0.019743549879645463,0.0
60.216,0.01,0.008,0,0,0,70.00999999228628,0.01974352883945796,70.00999999228628,0.01974352883945796,0.0
60.424,0.011,0.015,0,0,0,70.01099999307696,0.019743518319358864,70.01099999307696,0.019743518319358864,0.0
60.624,0.007,0.021,0,0,0,70.00699999375496,0.019743560399714855,70.00699999375496,0.019743560399714855,0.0
60.832,-0.0,0.025,0,0,0,69.99999999420719,0.019743634040345563,69.99999999420719,0.019743634040345563,0.0
61.04,-0.009,0.027,0,0,0,69.99999999364238,0.019743634040351506,69.99999999364238,0.019743634040351506,0.0
61.24,-0.014,0.027,0,0,0,69.99999999364238,0.019743634040351506,69.99999999364238,0.019743634040351506,0.0
61.448,-0.017,0.026,0,0,0,69.99999999364238,0.019743634040351506,69.99999999364238,0.019743634040351506,0.0
61.648,-0.017,0.024,0,0,0,69.99999999364238,0.019743634040351506,69.99999999364238,0.019743634040351506,0.0
61.856,-0.015,0.019,0,0,0,69.99999999364238,0.019743634040351506,69.99999999364238,0.019743634040351506,0.0
62.064,-0.014,0.012,0,0,0,69.99999999364238,0.019743634040351506,69.99999999364238,0.019743634040351506,0.0
62.264,-0.016,0.007,0,0,0,69.99999999364238,0.019743634040351506,69.99999999364238,0.019743634040351506,0.0
62.472,-0.018,0.006,0,0,0,69.99999999364238,0.019743634040351506,69.99999999364238,0.019743634040351506,0.0
62.68,-0.019,0.007,0,0,0,69.99999999364238,0.019743634040351506,69.99999999364238,0.019743634040351506,0.0
62.88,-0.019,0.008,0,0,0,69.99999999364238,0.019743634040351506,69.99999999364238,0.019743634040351506,0.0
63.088,-0.015,0.01,0,0,0,69.99999999364238,0.019743634040351506,69.99999999364238,0.019743634040351506,0.0
63.296,-0.012,0.013,0,0,0,69.99999999364238,0.019743634040351506,69.99999999364238,0.019743634040351506,0.0
63.496,-0.011,0.013,0,0,0,69.99999999364238,0.019743634040351506,69.99999999364238,0.019743634040351506,0.0
63.704,-0.01,0.013,0,0,0,69.99999999364238,0.019743634040351506,69.99999999364238,0.019743634040351506,0.0
63.904,-0.009,0.013,0,0,0,69.99999999364238,0.019743634040351506,69.99999999364238,0.019743634040351506,0.0
64.112,-0.011,0.012,0,0,0,69.99999999364238,0.019743634040351506,69.99999999364238,0.019743634040351506,0.0
64.312,-0.013,0.01,0,0,0,69.99999999364238,0.019743634040351506,69.99999999364238,0.019743634040351506,0.0
64.512,-0.016,0.011,0,0,0,69.99999999364238,0.019743634040351506,69.99999999364238,0.019743634040351506,0.0
64.712,-0.015,0.013,0,0,0,69.99999999364238,0.019743634040351506,69.99999999364238,0.019743634040351506,0.0
64.912,-0.012,0.015,0,0,0,69.99999999364238,0.019743634040351506,69.99999999364238,0.019743634040351506,0.0
65.12,-0.01,0.016,0,0,0,69.99999999364238,0.019743634040351506,69.99999999364238,0.019743634040351506,0.0
65.328,-0.009,0.015,0,0,0,69.99999999364238,0.019743634040351506,69.99999999364238,0.019743634040351506,0.0
65.528,-0.009,0.012,0,0,0,69.99999999364238,0.019743634040351506,69.99999999364238,0.019743634040351506,0.0
65.736,-0.011,0.009,0,0,0,69.99999999364238,0.019743634040351506,69.99999999364238,0.019743634040351506,0.0
65.936,-0.011,0.006,0,0,0,69.99999999364238,0.019743634040351506,69.99999999364238,0.019743634040351506,0.0
66.144,-0.01,0.003,0,0,0,69.99999999364238,0.019743634040351506,69.99999999364238,0.019743634040351506,0.0
66.348,-0.009,0.003,0,0,0,69.99999999364238,0.019743634040351506,69.99999999364238,0.019743634040351506,0.0
66.552,-0.005,0.004,0,0,0,69.99999999364238,0.019743634040351506,69.99999999364238,0.019743634040351506,0.0
66.76,0.0,0.004,0,0,0,69.99999999364238,0.019743634040351506,69.99999999364238,0.019743634040351506,0.0
66.964,0.003,0.003,0,0,0,70.00299999172186,0.019743602480099365,70.00299999172186,0.019743602480099365,0.0
67.168,0.004,0.002,0,0,0,70.00399999160885,0.019743591960009774,70.00399999160885,0.019743591960009774,0.0
67.376,0.003,0.004,0,0,0,70.00299999183483,0.01974360248009818,70.00299999183483,0.01974360248009818,0.0
67.584,-0.001,0.007,0,0,0,69.99999999364238,0.019743634040351506,69.99999999364238,0.019743634040351506,0.0
67.784,-0.007,0.01,0,0,0,69.99999999364238,0.019743634040351506,69.99999999364238,0.019743634040351506,0.0
67.992,-0.01,0.013,0,0,0,69.99999999364238,0.019743634040351506,69.99999999364238,0.019743634040351506,0.0
68.2,-0.012,0.014,0,0,0,69.99999999364238,0.019743634040351506,69.99999999364238,0.019743634040351506,0.0
68.4,-0.013,0.015,0,0,0,69.99999999364238,0.019743634040351506,69.99999999364238,0.019743634040351506,0.0
68.608,-0.014,0.017,0,0,0,69.99999999364238,0.019743634040351506,69.99999999364238,0.019743634040351506,0.0
68.808,-0.014,0.019,0,0,0,69.99999999364238,0.019743634040351506,69.99999999364238,0.019743634040351506,0.0
69.016,-0.013,0.021,0,0,0,69.99999999364238,0.019743634040351506,69.99999999364238,0.019743634040351506,0.0
69.224,-0.011,0.022,0,0,0,69.99999999364238,0.019743634040351506,69.99999999364238,0.019743634040351506,0.0
69.424,-0.007,0.024,0,0,0,69.99999999364238,0.019743634040351506,69.99999999364238,0.019743634040351506,0.0
69.632,-0.0,0.025,0,0,0,69.99999999420719,0.019743634040345563,69.99999999420719,0.019743634040345563,0.0
69.84,0.007,0.025,0,0,0,70.00699999420681,0.019743560399710102,70.00699999420681,0.019743560399710102,0.0
70.04,0.013,0.025,0,0,0,70.01299999420648,0.01974349727916542,70.01299999420648,0.01974349727916542,0.0
70.248,0.017,0.026,0,0,0,70.0169999943192,0.019743455198801108,70.0169999943192,0.019743455198801108,0.0
70.456,0.019,0.026,0,0,0,70.0189999943191,0.01974343415861955,70.0189999943191,0.01974343415861955,0.0
70.656,0.023,0.024,0,0,0,70.02299999409296,0.019743392078258804,70.02299999409296,0.019743392078258804,0.0
70.864,0.025,0.018,0,0,0,70.02499999341508,0.01974337103808437,70.02499999341508,0.01974337103808437,0.0
71.072,0.026,0.011,0,0,0,70.02599999262429,0.01974336051800191,70.02599999262429,0.01974336051800191,0.0
71.272,0.025,0.007,0,0,0,70.0249999921725,0.019743371038097444,70.0249999921725,0.019743371038097444,0.0
71.48,0.023,0.006,0,0,0,70.02299999205965,0.019743392078280193,70.02299999205965,0.019743392078280193,0.0
71.68,0.021,0.01,0,0,0,70.0209999925116,0.019743413118457002,70.0209999925116,0.019743413118457002,0.0
71.888,0.022,0.016,0,0,0,70.02199999318933,0.01974340259835909,70.02199999318933,0.01974340259835909,0.0
72.096,0.021,0.021,0,0,0,70.02099999375419,0.01974341311844393,70.02099999375419,0.01974341311844393,0.0
72.296,0.02,0.025,0,0,0,70.01999999420607,0.019743423638529958,70.01999999420607,0.019743423638529958,0.0
72.504,0.021,0.027,0,0,0,70.02099999443196,0.0197434131184368,70.02099999443196,0.0197434131184368,0.0
72.712,0.02,0.026,0,0,0,70.01999999431904,0.019743423638528768,70.01999999431904,0.019743423638528768,0.0
72.912,0.019,0.023,0,0,0,70.01899999398022,0.019743434158623112,70.01899999398022,0.019743434158623112,0.0
73.12,0.019,0.018,0,0,0,70.0189999934154,0.019743434158629055,70.0189999934154,0.019743434158629055,0.0
73.328,0.02,0.014,0,0,0,70.0199999929635,0.019743423638543027,70.0199999929635,0.019743423638543027,0.0
73.528,0.021,0.011,0,0,0,70.02099999262457,0.019743413118455812,70.02099999262457,0.019743413118455812,0.0
73.736,0.02,0.01,0,0,0,70.01999999251166,0.01974342363854778,70.01999999251166,0.01974342363854778,0.0
73.936,0.019,0.009,0,0,0,70.01899999239875,0.01974343415863975,70.01899999239875,0.01974343415863975,0.0
74.144,0.02,0.006,0,0,0,70.01999999205981,0.019743423638552537,70.01999999205981,0.019743423638552537,0.0
74.352,0.022,0.001,0,0,0,70.0219999914949,0.019743402598376918,70.0219999914949,0.019743402598376918,0.0
74.552,0.026,-0.002,0,0,0,70.02599999115579,0.01974336051801736,70.02599999115579,0.01974336051801736,0.0
74.756,0.029,-0.004,0,0,0,70.02899999092969,0.019743328957747396,70.02899999092969,0.019743328957747396,0.0
74.956,0.03,-0.004,0,0,0,70.02999999092962,0.019743318437656615,70.02999999092962,0.019743318437656615,0.0
75.156,0.032,-0.002,0,0,0,70.03199999115546,0.019743297397472676,70.03199999115546,0.019743297397472676,0.0
75.364,0.033,0.002,0,0,0,70.03299999160724,0.019743286877377142,70.03299999160724,0.019743286877377142,0.0
75.572,0.031,0.007,0,0,0,70.03099999217217,0.01974330791755276,70.03099999217217,0.01974330791755276,0.0
75.772,0.028,0.015,0,0,0,70.02799999307602,0.019743339477815598,70.02799999307602,0.019743339477815598,0.0
75.98,0.023,0.022,0,0,0,70.02299999386703,0.01974339207826118,70.02299999386703,0.01974339207826118,0.0
76.18,0.017,0.027,0,0,0,70.01699999443217,0.01974345519879992,70.01699999443217,0.01974345519879992,0.0
76.388,0.013,0.03,0,0,0,70.01299999477129,0.019743497279159476,70.01299999477129,0.019743497279159476,0.0
76.596,0.011,0.031,0,0,0,70.01099999488434,0.01974351831933985,70.01099999488434,0.01974351831933985,0.0
76.796,0.009,0.032,0,0,0,70.00899999499742,0.019743539359520224,70.00899999499742,0.019743539359520224,0.0
77.004,0.006,0.033,0,0,0,70.00599999511056,0.019743570919791373,70.00599999511056,0.019743570919791373,0.0
77.212,0.005,0.034,0,0,0,70.00499999522357,0.019743581439880968,70.00499999522357,0.019743581439880968,0.0
77.412,0.004,0.032,0,0,0,70.00399999499771,0.019743591959974122,70.00399999499771,0.019743591959974122,0.0
77.62,0.002,0.03,0,0,0,70.0019999947719,0.01974361300015806,70.0019999947719,0.01974361300015806,0.0
77.832,0.0,0.027,0,0,0,69.99999999443311,0.019743634040343187,69.99999999443311,0.019743634040343187,0.0
78.036,0.0,0.026,0,0,0,69.99999999432015,0.019743634040344377,69.99999999432015,0.019743634040344377,0.0
78.24,0.001,0.024,0,0,0,70.00099999409417,0.019743623520255972,70.00099999409417,0.019743623520255972,0.0
78.44,-0.001,0.018,0,0,0,69.99999999364238,0.019743634040351506,69.99999999364238,0.019743634040351506,0.0
78.64,-0.003,0.012,0,0,0,69.99999999364238,0.019743634040351506,69.99999999364238,0.019743634040351506,0.0
78.84,-0.004,0.007,0,0,0,69.99999999364238,0.019743634040351506,69.99999999364238,0.019743634040351506,0.0
79.044,-0.003,0.003,0,0,0,69.99999999364238,0.019743634040351506,69.99999999364238,0.019743634040351506,0.0
79.248,-0.004,0.003,0,0,0,69.99999999364238,0.019743634040351506,69.99999999364238,0.019743634040351506,0.0
79.456,-0.007,0.002,0,0,0,69.99999999364238,0.019743634040351506,69.99999999364238,0.019743634040351506,0.0
79.656,-0.01,-0.0,0,0,0,69.99999999364238,0.019743634040351506,69.99999999364238,0.019743634040351506,0.0
79.864,-0.012,-0.004,0,0,0,69.99999999364238,0.019743634040351506,69.99999999364238,0.019743634040351506,0.0
80.072,-0.013,-0.008,0,0,0,69.99999999364238,0.019743634040351506,69.99999999364238,0.019743634040351506,0.0
80.272,-0.015,-0.012,0,0,0,69.99999999364238,0.019743634040351506,69.99999999364238,0.019743634040351506,0.0
80.48,-0.018,-0.018,0,0,0,69.99999999364238,0.019743634040351506,69.99999999364238,0.019743634040351506,0.0
80.68,-0.023,-0.024,0,0,0,69.99999999364238,0.019743634040351506,69.99999999364238,0.019743634040351506,0.0
80.888,-0.025,-0.028,0,0,0,69.99999999364238,0.019743634040351506,69.99999999364238,0.019743634040351506,0.0
81.096,-0.024,-0.03,0,0,0,69.99999999364238,0.019743634040351506,69.99999999364238,0.019743634040351506,0.0
81.296,-0.024,-0.03,0,0,0,69.99999999364238,0.019743634040351506,69.99999999364238,0.019743634040351506,0.0
81.504,-0.026,-0.028,0,0,0,69.99999999364238,0.019743634040351506,69.99999999364238,0.019743634040351506,0.0
81.712,-0.028,-0.028,0,0,0,69.99999999364238,0.019743634040351506,69.99999999364238,0.019743634040351506,0.0
81.912,-0.028,-0.027,0,0,0,69.99999999364238,0.019743634040351506,69.99999999364238,0.019743634040351506,0.0
82.12,-0.027,-0.026,0,0,0,69.99999999364238,0.019743634040351506,69.99999999364238,0.019743634040351506,0.0
82.328,-0.026,-0.024,0,0,0,69.99999999364238,0.019743634040351506,69.99999999364238,0.019743634040351506,0.0
82.528,-0.024,-0.019,0,0,0,69.99999999364238,0.019743634040351506,69.99999999364238,0.019743634040351506,0.0
82.736,-0.02,-0.013,0,0,0,69.99999999364238,0.019743634040351506,69.99999999364238,0.019743634040351506,0.0
82.936,-0.016,-0.007,0,0,0,69.99999999364238,0.019743634040351506,69.99999999364238,0.019743634040351506,0.0
83.144,-0.014,-0.003,0,0,0,69.99999999364238,0.019743634040351506,69.99999999364238,0.019743634040351506,0.0
83.352,-0.013,0.0,0,0,0,69.99999999364238,0.019743634040351506,69.99999999364238,0.019743634040351506,0.0
83.552,-0.014,0.002,0,0,0,69.99999999364238,0.019743634040351506,69.99999999364238,0.019743634040351506,0.0
83.76,-0.015,0.001,0,0,0,69.99999999364238,0.019743634040351506,69.99999999364238,0.019743634040351506,0.0
83.968,-0.015,-0.001,0,0,0,69.99999999364238,0.019743634040351506,69.99999999364238,0.019743634040351506,0.0
84.168,-0.013,-0.0,0,0,0,69.99999999364238,0.019743634040351506,69.99999999364238,0.019743634040351506,0.0
84.376,-0.01,0.003,0,0,0,69.99999999364238,0.019743634040351506,69.99999999364238,0.019743634040351506,0.0
84.584,-0.008,0.009,0,0,0,69.99999999364238,0.019743634040351506,69.99999999364238,0.019743634040351506,0.0
84.788,-0.009,0.014,0,0,0,69.99999999364238,0.019743634040351506,69.99999999364238,0.019743634040351506,0.0
84.992,-0.009,0.016,0,0,0,69.99999999364238,0.019743634040351506,69.99999999364238,0.019743634040351506,0.0
85.2,-0.006,0.017,0,0,0,69.99999999364238,0.019743634040351506,69.99999999364238,0.019743634040351506,0.0
85.4,-0.003,0.015,0,0,0,69.99999999364238,0.019743634040351506,69.99999999364238,0.019743634040351506,0.0
85.608,-0.001,0.012,0,0,0,69.99999999364238,0.019743634040351506,69.99999999364238,0.019743634040351506,0.0
85.808,-0.002,0.013,0,0,0,69.99999999364238,0.019743634040351506,69.99999999364238,0.019743634040351506,0.0
86.016,-0.002,0.015,0,0,0,69.99999999364238,0.019743634040351506,69.99999999364238,0.019743634040351506,0.0
86.224,-0.003,0.018,0,0,0,69.99999999364238,0.019743634040351506,69.99999999364238,0.019743634040351506,0.0
86.424,-0.007,0.023,0,0,0,69.99999999364238,0.019743634040351506,69.99999999364238,0.019743634040351506,0.0
86.632,-0.011,0.028,0,0,0,69.99999999364238,0.019743634040351506,69.99999999364238,0.019743634040351506,0.0
86.84,-0.013,0.03,0,0,0,69.99999999364238,0.019743634040351506,69.99999999364238,0.019743634040351506,0.0
87.04,-0.013,0.031,0,0,0,69.99999999364238,0.019743634040351506,69.99999999364238,0.019743634040351506,0.0
87.248,-0.007,0.032,0,0,0,69.99999999364238,0.019743634040351506,69.99999999364238,0.019743634040351506,0.0
87.456,-0.001,0.031,0,0,0,69.99999999364238,0.019743634040351506,69.99999999364238,0.019743634040351506,0.0
87.656,0.002,0.031,0,0,0,70.00199999488486,0.019743613000156875,70.00199999488486,0.019743613000156875,0.0
87.864,0.007,0.031,0,0,0,70.00699999488458,0.019743560399702972,70.00699999488458,0.019743560399702972,0.0
88.072,0.013,0.03,0,0,0,70.01299999477129,0.019743497279159476,70.01299999477129,0.019743497279159476,0.0
88.272,0.018,0.027,0,0,0,70.01799999443212,0.01974344467870914,70.01799999443212,0.01974344467870914,0.0
88.48,0.022,0.024,0,0,0,70.02199999409302,0.019743402598349585,70.02199999409302,0.019743402598349585,0.0
88.68,0.024,0.024,0,0,0,70.0239999940929,0.019743381558168023,70.0239999940929,0.019743381558168023,0.0
88.888,0.025,0.026,0,0,0,70.02499999431878,0.019743371038074865,70.02499999431878,0.019743371038074865,0.0
89.096,0.028,0.03,0,0,0,70.02799999477045,0.019743339477797772,70.02799999477045,0.019743339477797772,0.0
89.296,0.029,0.035,0,0,0,70.0289999953352,0.019743328957701048,70.0289999953352,0.019743328957701048,0.0
89.504,0.029,0.035,0,0,0,70.0289999953352,0.019743328957701048,70.0289999953352,0.019743328957701048,0.0
89.712,0.028,0.034,0,0,0,70.02799999522229,0.01974333947779302,70.02799999522229,0.01974333947779302,0.0
89.912,0.028,0.032,0,0,0,70.02799999499638,0.019743339477795396,70.02799999499638,0.019743339477795396,0.0
90.12,0.027,0.03,0,0,0,70.0269999947705,0.01974334999788855,70.0269999947705,0.01974334999788855,0.0
90.324,0.027,0.027,0,0,0,70.02699999443162,0.019743349997892116,70.02699999443162,0.019743349997892116,0.0
90.524,0.024,0.022,0,0,0,70.02399999386698,0.0197433815581704,70.02399999386698,0.0197433815581704,0.0
90.724,0.021,0.02,0,0,0,70.02099999364123,0.019743413118445116,70.02099999364123,0.019743413118445116,0.0
90.924,0.017,0.019,0,0,0,70.01699999352847,0.019743455198809427,70.01699999352847,0.019743455198809427,0.0
91.132,0.01,0.017,0,0,0,70.00999999330294,0.01974352883944727,70.00999999330294,0.01974352883944727,0.0
91.34,-0.0,0.012,0,0,0,69.99999999364238,0.019743634040351506,69.99999999364238,0.019743634040351506,0.0
91.54,-0.011,0.006,0,0,0,69.99999999364238,0.019743634040351506,69.99999999364238,0.019743634040351506,0.0
91.748,-0.019,0.001,0,0,0,69.99999999364238,0.019743634040351506,69.99999999364238,0.019743634040351506,0.0
91.956,-0.025,-0.001,0,0,0,69.99999999364238,0.019743634040351506,69.99999999364238,0.019743634040351506,0.0
92.156,-0.03,-0.003,0,0,0,69.99999999364238,0.019743634040351506,69.99999999364238,0.019743634040351506,0.0
92.364,-0.034,-0.001,0,0,0,69.99999999364238,0.019743634040351506,69.99999999364238,0.019743634040351506,0.0
92.572,-0.036,0.003,0,0,0,69.99999999364238,0.019743634040351506,69.99999999364238,0.019743634040351506,0.0
92.772,-0.035,0.006,0,0,0,69.99999999364238,0.019743634040351506,69.99999999364238,0.019743634040351506,0.0
92.98,-0.031,0.008,0,0,0,69.99999999364238,0.019743634040351506,69.99999999364238,0.019743634040351506,0.0
93.18,-0.027,0.009,0,0,0,69.99999999364238,0.019743634040351506,69.99999999364238,0.019743634040351506,0.0
93.388,-0.024,0.006,0,0,0,69.99999999364238,0.019743634040351506,69.99999999364238,0.019743634040351506,0.0
93.596,-0.02,0.002,0,0,0,69.99999999364238,0.019743634040351506,69.99999999364238,0.019743634040351506,0.0
93.8,-0.018,0.0,0,0,0,69.99999999364238,0.019743634040351506,69.99999999364238,0.019743634040351506,0.0
94.0,-0.016,0.0,0,0,0,69.99999999364238,0.019743634040351506,69.99999999364238,0.019743634040351506,0.0
94.2,-0.014,0.003,0,0,0,69.99999999364238,0.019743634040351506,69.99999999364238,0.019743634040351506,0.0
94.4,-0.013,0.004,0,0,0,69.99999999364238,0.019743634040351506,69.99999999364238,0.019743634040351506,0.0
94.608,-0.012,0.005,0,0,0,69.99999999364238,0.019743634040351506,69.99999999364238,0.019743634040351506,0.0
94.808,-0.01,0.01,0,0,0,69.99999999364238,0.019743634040351506,69.99999999364238,0.019743634040351506,0.0
95.016,-0.009,0.017,0,0,0,69.99999999364238,0.019743634040351506,69.99999999364238,0.019743634040351506,0.0
95.224,-0.008,0.024,0,0,0,69.99999999364238,0.019743634040351506,69.99999999364238,0.019743634040351506,0.0
95.424,-0.008,0.03,0,0,0,69.99999999364238,0.019743634040351506,69.99999999364238,0.019743634040351506,0.0
95.632,-0.006,0.032,0,0,0,69.99999999364238,0.019743634040351506,69.99999999364238,0.019743634040351506,0.0
95.84,-0.001,0.032,0,0,0,69.99999999364238,0.019743634040351506,69.99999999364238,0.019743634040351506,0.0
96.04,0.004,0.033,0,0,0,70.00399999511068,0.019743591959972936,70.00399999511068,0.019743591959972936,0.0
96.252,0.007,0.03,0,0,0,70.00699999477162,0.01974356039970416,70.00699999477162,0.01974356039970416,0.0
96.456,0.006,0.026,0,0,0,70.00599999431982,0.019743570919799693,70.00599999431982,0.019743570919799693,0.0
96.656,0.002,0.023,0,0,0,70.00199999398116,0.01974361300016638,70.00199999398116,0.01974361300016638,0.0
96.864,-0.002,0.021,0,0,0,69.99999999364238,0.019743634040351506,69.99999999364238,0.019743634040351506,0.0
97.072,-0.006,0.016,0,0,0,69.99999999364238,0.019743634040351506,69.99999999364238,0.019743634040351506,0.0
97.272,-0.008,0.01,0,0,0,69.99999999364238,0.019743634040351506,69.99999999364238,0.019743634040351506,0.0
97.476,-0.01,0.006,0,0,0,69.99999999364238,0.019743634040351506,69.99999999364238,0.019743634040351506,0.0
97.68,-0.012,0.003,0,0,0,69.99999999364238,0.019743634040351506,69.99999999364238,0.019743634040351506,0.0
97.888,-0.014,0.001,0,0,0,69.99999999364238,0.019743634040351506,69.99999999364238,0.019743634040351506,0.0
98.096,-0.016,0.001,0,0,0,69.99999999364238,0.019743634040351506,69.99999999364238,0.019743634040351506,0.0
98.296,-0.018,0.003,0,0,0,69.99999999364238,0.019743634040351506,69.99999999364238,0.019743634040351506,0.0
98.5,-0.018,0.005,0,0,0,69.99999999364238,0.019743634040351506,69.99999999364238,0.019743634040351506,0.0
98.704,-0.018,0.006,0,0,0,69.99999999364238,0.019743634040351506,69.99999999364238,0.019743634040351506,0.0
98.904,-0.016,0.009,0,0,0,69.99999999364238,0.019743634040351506,69.99999999364238,0.019743634040351506,0.0
99.104,-0.014,0.011,0,0,0,69.99999999364238,0.019743634040351506,69.99999999364238,0.019743634040351506,0.0
99.304,-0.012,0.012,0,0,0,69.99999999364238,0.019743634040351506,69.99999999364238,0.019743634040351506,0.0
99.504,-0.011,0.01,0,0,0,69.99999999364238,0.019743634040351506,69.99999999364238,0.019743634040351506,0.0
99.708,-0.011,0.006,0,0,0,69.99999999364238,0.019743634040351506,69.99999999364238,0.019743634040351506,0.0
99.908,-0.011,0.001,0,0,0,69.99999999364238,0.019743634040351506,69.99999999364238,0.019743634040351506,0.0
100.108,-0.011,-0.004,0,0,0,69.99999999364238,0.019743634040351506,69.99999999364238,0.019743634040351506,0.0
100.308,-0.012,-0.008,0,0,0,69.99999999364238,0.019743634040351506,69.99999999364238,0.019743634040351506,0.0
100.516,-0.014,-0.01,0,0,0,69.99999999364238,0.019743634040351506,69.99999999364238,0.019743634040351506,0.0
100.724,-0.018,-0.012,0,0,0,69.99999999364238,0.019743634040351506,69.99999999364238,0.019743634040351506,0.0
100.924,-0.021,-0.014,0,0,0,69.99999999364238,0.019743634040351506,69.99999999364238,0.019743634040351506,0.0
101.132,-0.022,-0.014,0,0,0,69.99999999364238,0.019743634040351506,69.99999999364238,0.019743634040351506,0.0
101.34,-0.02,-0.013,0,0,0,69.99999999364238,0.019743634040351506,69.99999999364238,0.019743634040351506,0.0
101.54,-0.019,-0.012,0,0,0,69.99999999364238,0.019743634040351506,69.99999999364238,0.019743634040351506,0.0
101.748,-0.018,-0.012,0,0,0,69.99999999364238,0.019743634040351506,69.99999999364238,0.019743634040351506,0.0
101.956,-0.015,-0.011,0,0,0,69.99999999364238,0.019743634040351506,69.99999999364238,0.019743634040351506,0.0
102.156,-0.01,-0.012,0,0,0,69.99999999364238,0.019743634040351506,69.99999999364238,0.019743634040351506,0.0
102.364,-0.006,-0.013,0,0,0,69.99999999364238,0.019743634040351506,69.99999999364238,0.019743634040351506,0.0
102.568,-0.004,-0.013,0,0,0,69.99999999364238,0.019743634040351506,69.99999999364238,0.019743634040351506,0.0
102.772,-0.003,-0.011,0,0,0,69.99999999364238,0.019743634040351506,69.99999999364238,0.019743634040351506,0.0
102.98,-0.003,-0.009,0,0,0,69.99999999364238,0.019743634040351506,69.99999999364238,0.019743634040351506,0.0
103.18,-0.003,-0.006,0,0,0,69.99999999364238,0.019743634040351506,69.99999999364238,0.019743634040351506,0.0
103.388,-0.004,-0.004,0,0,0,69.99999999364238,0.019743634040351506,69.99999999364238,0.019743634040351506,0.0
103.596,-0.004,-0.005,0,0,0,69.99999999364238,0.019743634040351506,69.99999999364238,0.019743634040351506,0.0
103.796,-0.003,-0.006,0,0,0,69.99999999364238,0.019743634040351506,69.99999999364238,0.019743634040351506,0.0
104.004,-0.0,-0.008,0,0,0,69.99999999364238,0.019743634040351506,69.99999999364238,0.019743634040351506,0.0
104.212,0.005,-0.008,0,0,0,70.00499999047918,0.01974358143993088,70.00499999047918,0.01974358143993088,0.0
104.412,0.011,-0.008,0,0,0,70.01099999047884,0.019743518319386196,70.01099999047884,0.019743518319386196,0.0
104.62,0.014,-0.011,0,0,0,70.0139999901398,0.01974348675911742,70.0139999901398,0.01974348675911742,0.0
104.828,0.014,-0.012,0,0,0,70.01399999002683,0.01974348675911861,70.01399999002683,0.01974348675911861,0.0
105.028,0.012,-0.012,0,0,0,70.01199999002695,0.019743507799300168,70.01199999002695,0.019743507799300168,0.0
105.236,0.012,-0.009,0,0,0,70.01199999036584,0.019743507799296605,70.01199999036584,0.019743507799296605,0.0
105.436,0.009,-0.005,0,0,0,70.00899999081784,0.019743539359564192,70.00899999081784,0.019743539359564192,0.0
105.64,0.006,0.001,0,0,0,70.00599999149577,0.019743570919829402,70.00599999149577,0.019743570919829402,0.0
105.84,0.004,0.009,0,0,0,70.00399999239959,0.019743591960001455,70.00399999239959,0.019743591960001455,0.0
106.04,0.001,0.018,0,0,0,70.0009999934164,0.019743623520263102,70.0009999934164,0.019743623520263102,0.0
106.248,-0.0,0.025,0,0,0,69.99999999420719,0.019743634040345563,69.99999999420719,0.019743634040345563,0.0
106.456,0.001,0.029,0,0,0,70.00099999465898,0.01974362352025003,70.00099999465898,0.01974362352025003,0.0
106.656,0.002,0.03,0,0,0,70.0019999947719,0.01974361300015806,70.0019999947719,0.01974361300015806,0.0
106.864,0.0,0.029,0,0,0,69.99999999465903,0.01974363404034081,69.99999999465903,0.01974363404034081,0.0
107.072,-0.003,0.026,0,0,0,69.99999999364238,0.019743634040351506,69.99999999364238,0.019743634040351506,0.0
107.272,-0.006,0.022,0,0,0,69.99999999364238,0.019743634040351506,69.99999999364238,0.019743634040351506,0.0
107.48,-0.009,0.019,0,0,0,69.99999999364238,0.019743634040351506,69.99999999364238,0.019743634040351506,0.0
107.684,-0.014,0.019,0,0,0,69.99999999364238,0.019743634040351506,69.99999999364238,0.019743634040351506,0.0
107.884,-0.018,0.019,0,0,0,69.99999999364238,0.019743634040351506,69.99999999364238,0.019743634040351506,0.0
108.084,-0.02,0.02,0,0,0,69.99999999364238,0.019743634040351506,69.99999999364238,0.019743634040351506,0.0
108.284,-0.02,0.021,0,0,0,69.99999999364238,0.019743634040351506,69.99999999364238,0.019743634040351506,0.0
108.492,-0.017,0.022,0,0,0,69.99999999364238,0.019743634040351506,69.99999999364238,0.019743634040351506,0.0
108.7,-0.014,0.023,0,0,0,69.99999999364238,0.019743634040351506,69.99999999364238,0.019743634040351506,0.0
108.9,-0.012,0.021,0,0,0,69.99999999364238,0.019743634040351506,69.99999999364238,0.019743634040351506,0.0
109.108,-0.011,0.019,0,0,0,69.99999999364238,0.019743634040351506,69.99999999364238,0.019743634040351506,0.0
109.308,-0.009,0.019,0,0,0,69.99999999364238,0.019743634040351506,69.99999999364238,0.019743634040351506,0.0
109.516,-0.007,0.019,0,0,0,69.99999999364238,0.019743634040351506,69.99999999364238,0.019743634040351506,0.0
109.724,-0.005,0.017,0,0,0,69.99999999364238,0.019743634040351506,69.99999999364238,0.019743634040351506,0.0
109.924,-0.005,0.015,0,0,0,69.99999999364238,0.019743634040351506,69.99999999364238,0.019743634040351506,0.0
110.132,-0.006,0.013,0,0,0,69.99999999364238,0.019743634040351506,69.99999999364238,0.019743634040351506,0.0
110.34,-0.007,0.009,0,0,0,69.99999999364238,0.019743634040351506,69.99999999364238,0.019743634040351506,0.0
110.54,-0.008,0.007,0,0,0,69.99999999364238,0.019743634040351506,69.99999999364238,0.019743634040351506,0.0
110.744,-0.009,0.006,0,0,0,69.99999999364238,0.019743634040351506,69.99999999364238,0.019743634040351506,0.0
110.944,-0.007,0.005,0,0,0,69.99999999364238,0.019743634040351506,69.99999999364238,0.019743634040351506,0.0
111.144,-0.005,0.002,0,0,0,69.99999999364238,0.019743634040351506,69.99999999364238,0.019743634040351506,0.0
111.352,-0.003,0.001,0,0,0,69.99999999364238,0.019743634040351506,69.99999999364238,0.019743634040351506,0.0
111.552,0.0,0.001,0,0,0,69.99999999364238,0.019743634040351506,69.99999999364238,0.019743634040351506,0.0
111.76,0.004,0.003,0,0,0,70.00399999172181,0.019743591960008588,70.00399999172181,0.019743591960008588,0.0
111.968,0.008,0.003,0,0,0,70.00799999172159,0.019743549879645463,70.00799999172159,0.019743549879645463,0.0
112.168,0.011,0.001,0,0,0,70.0109999914955,0.0197435183193755,70.0109999914955,0.0197435183193755,0.0
112.376,0.012,-0.0,0,0,0,70.01199999138248,0.01974350779928591,70.01199999138248,0.01974350779928591,0.0
112.58,0.012,-0.002,0,0,0,70.01199999115656,0.019743507799288285,70.01199999115656,0.019743507799288285,0.0
112.784,0.011,-0.003,0,0,0,70.01099999104365,0.019743518319380253,70.01099999104365,0.019743518319380253,0.0
112.992,0.012,-0.004,0,0,0,70.01199999093065,0.019743507799290662,70.01199999093065,0.019743507799290662,0.0
113.2,0.015,-0.001,0,0,0,70.01499999126935,0.019743476239014755,70.01499999126935,0.019743476239014755,0.0
113.4,0.019,0.0,0,0,0,70.01899999138209,0.019743434158650444,70.01899999138209,0.019743434158650444,0.0
113.608,0.025,0.001,0,0,0,70.02499999149472,0.019743371038104574,70.02499999149472,0.019743371038104574,0.0
113.808,0.029,0.0,0,0,0,70.02899999138154,0.019743328957742643,70.02899999138154,0.019743328957742643,0.0
114.016,0.033,-0.002,0,0,0,70.03299999115539,0.0197432868773819,70.03299999115539,0.0197432868773819,0.0
114.224,0.033,-0.005,0,0,0,70.0329999908165,0.01974328687738546,70.0329999908165,0.01974328687738546,0.0
114.424,0.03,-0.007,0,0,0,70.02999999059075,0.01974331843766018,70.02999999059075,0.01974331843766018,0.0
114.632,0.024,-0.01,0,0,0,70.02399999025221,0.019743381558208428,70.02399999025221,0.019743381558208428,0.0
114.84,0.017,-0.012,0,0,0,70.01699999002666,0.019743455198846266,70.01699999002666,0.019743455198846266,0.0
115.04,0.011,-0.015,0,0,0,70.0109999896881,0.019743518319394516,70.0109999896881,0.019743518319394516,0.0
115.244,0.005,-0.018,0,0,0,70.00499998934956,0.019743581439942762,70.00499998934956,0.019743581439942762,0.0
115.444,-0.001,-0.021,0,0,0,69.99999999364238,0.019743634040351506,69.99999999364238,0.019743634040351506,0.0
115.644,-0.006,-0.022,0,0,0,69.99999999364238,0.019743634040351506,69.99999999364238,0.019743634040351506,0.0
115.852,-0.005,-0.021,0,0,0,69.99999999364238,0.019743634040351506,69.99999999364238,0.019743634040351506,0.0
116.056,-0.0,-0.019,0,0,0,69.99999999364238,0.019743634040351506,69.99999999364238,0.019743634040351506,0.0
116.256,0.006,-0.018,0,0,0,70.0059999893495,0.01974357091985198,70.0059999893495,0.01974357091985198,0.0
116.456,0.013,-0.019,0,0,0,70.01299998923615,0.019743497279217707,70.01299998923615,0.019743497279217707,0.0
116.656,0.018,-0.019,0,0,0,70.01799998923588,0.019743444678763804,70.01799998923588,0.019743444678763804,0.0
116.864,0.019,-0.017,0,0,0,70.01899998946173,0.019743434158670647,70.01899998946173,0.019743434158670647,0.0
117.072,0.018,-0.014,0,0,0,70.01799998980069,0.019743444678757865,70.01799998980069,0.019743444678757865,0.0
117.272,0.019,-0.011,0,0,0,70.0189999901395,0.019743434158663517,70.0189999901395,0.019743434158663517,0.0
117.48,0.02,-0.007,0,0,0,70.0199999905913,0.019743423638567983,70.0199999905913,0.019743423638567983,0.0
117.68,0.022,-0.003,0,0,0,70.02199999104305,0.01974340259838167,70.02199999104305,0.01974340259838167,0.0
117.888,0.025,0.0,0,0,0,70.02499999138176,0.019743371038105764,70.02499999138176,0.019743371038105764,0.0
118.096,0.026,0.003,0,0,0,70.0259999917206,0.019743360518011416,70.0259999917206,0.019743360518011416,0.0
118.296,0.025,0.005,0,0,0,70.02499999194657,0.01974337103809982,70.02499999194657,0.01974337103809982,0.0
118.504,0.023,0.006,0,0,0,70.02299999205965,0.019743392078280193,70.02299999205965,0.019743392078280193,0.0
118.712,0.025,0.005,0,0,0,70.02499999194657,0.01974337103809982,70.02499999194657,0.01974337103809982,0.0
118.912,0.027,0.003,0,0,0,70.02699999172053,0.01974334999792064,70.02699999172053,0.01974334999792064,0.0
119.12,0.028,0.0,0,0,0,70.02799999138159,0.01974333947783342,70.02799999138159,0.01974333947783342,0.0
119.328,0.029,0.0,0,0,0,70.02899999138154,0.019743328957742643,70.02899999138154,0.019743328957742643,0.0
119.528,0.03,0.002,0,0,0,70.0299999916074,0.019743318437649485,70.0299999916074,0.019743318437649485,0.0
119.736,0.033,0.008,0,0,0,70.03299999228501,0.019743286877370012,70.03299999228501,0.019743286877370012,0.0
119.936,0.037,0.013,0,0,0,70.0369999928496,0.01974324479700095,70.0369999928496,0.01974324479700095,0.0
120.144,0.037,0.018,0,0,0,70.03699999341441,0.019743244796995008,70.03699999341441,0.019743244796995008,0.0
120.352,0.035,0.021,0,0,0,70.0349999937534,0.019743265837173004,70.0349999937534,0.019743265837173004,0.0
120.552,0.032,0.023,0,0,0,70.0319999939795,0.019743297397442967,70.0319999939795,0.019743297397442967,0.0
120.76,0.03,0.024,0,0,0,70.02999999409256,0.01974331843762334,70.02999999409256,0.01974331843762334,0.0
120.968,0.033,0.025,0,0,0,70.03299999420537,0.01974328687734981,70.03299999420537,0.01974328687734981,0.0
121.168,0.038,0.026,0,0,0,70.03799999431804,0.01974323427689472,70.03799999431804,0.01974323427689472,0.0
121.372,0.042,0.025,0,0,0,70.04199999420487,0.019743192196532786,70.04199999420487,0.019743192196532786,0.0
121.572,0.043,0.025,0,0,0,70.04299999420482,0.01974318167644201,70.04299999420482,0.01974318167644201,0.0
121.776,0.04,0.026,0,0,0,70.03999999431795,0.01974321323671316,70.03999999431795,0.01974321323671316,0.0
121.976,0.038,0.03,0,0,0,70.03799999476989,0.019743234276889968,70.03799999476989,0.019743234276889968,0.0
122.176,0.035,0.035,0,0,0,70.03499999533487,0.019743265837156368,70.03499999533487,0.019743265837156368,0.0
122.376,0.032,0.039,0,0,0,70.03199999578689,0.019743297397423955,70.03199999578689,0.019743297397423955,0.0
122.584,0.028,0.042,0,0,0,70.02799999612598,0.01974333947778351,70.02799999612598,0.01974333947778351,0.0
122.784,0.025,0.044,0,0,0,70.02499999635208,0.019743371038053476,70.02499999635208,0.019743371038053476,0.0
122.992,0.022,0.042,0,0,0,70.02199999612633,0.019743402598328193,70.02199999612633,0.019743402598328193,0.0
123.2,0.02,0.038,0,0,0,70.01999999567458,0.019743423638514508,70.01999999567458,0.019743423638514508,0.0
123.4,0.02,0.037,0,0,0,70.01999999556162,0.019743423638515695,70.01999999556162,0.019743423638515695,0.0
123.608,0.021,0.037,0,0,0,70.02099999556158,0.019743413118424917,70.02099999556158,0.019743413118424917,0.0
123.808,0.021,0.037,0,0,0,70.02099999556158,0.019743413118424917,70.02099999556158,0.019743413118424917,0.0
124.016,0.022,0.037,0,0,0,70.02199999556152,0.019743402598334136,70.02199999556152,0.019743402598334136,0.0
124.224,0.022,0.036,0,0,0,70.02199999544855,0.019743402598335322,70.02199999544855,0.019743402598335322,0.0
124.424,0.02,0.036,0,0,0,70.01999999544866,0.019743423638516885,70.01999999544866,0.019743423638516885,0.0
124.632,0.016,0.034,0,0,0,70.01599999522297,0.019743465718882382,70.01599999522297,0.019743465718882382,0.0
124.84,0.012,0.03,0,0,0,70.01199999477134,0.019743507799250257,70.01199999477134,0.019743507799250257,0.0
125.04,0.009,0.026,0,0,0,70.00899999431965,0.019743539359527353,70.00899999431965,0.019743539359527353,0.0
125.248,0.009,0.022,0,0,0,70.0089999938678,0.019743539359532106,70.0089999938678,0.019743539359532106,0.0
125.456,0.013,0.016,0,0,0,70.01299999318982,0.019743497279176115,70.01299999318982,0.019743497279176115,0.0
125.656,0.019,0.01,0,0,0,70.01899999251171,0.01974343415863856,70.01899999251171,0.01974343415863856,0.0
125.864,0.023,0.005,0,0,0,70.02299999194669,0.019743392078281383,70.02299999194669,0.019743392078281383,0.0
126.072,0.023,0.001,0,0,0,70.02299999149484,0.019743392078286136,70.02299999149484,0.019743392078286136,0.0
126.272,0.022,-0.0,0,0,0,70.02199999138193,0.019743402598378104,70.02199999138193,0.019743402598378104,0.0
126.48,0.02,-0.001,0,0,0,70.01999999126907,0.019743423638560853,70.01999999126907,0.019743423638560853,0.0
126.68,0.015,-0.004,0,0,0,70.01499999093048,0.019743476239018322,70.01499999093048,0.019743476239018322,0.0
126.888,0.009,-0.006,0,0,0,70.00899999070488,0.01974353935956538,70.00899999070488,0.01974353935956538,0.0
127.096,0.005,-0.005,0,0,0,70.00499999081806,0.019743581439927313,70.00499999081806,0.019743581439927313,0.0
127.296,0.002,-0.001,0,0,0,70.00199999127008,0.0197436130001949,70.00199999127008,0.0197436130001949,0.0
127.504,-0.001,0.003,0,0,0,69.99999999364238,0.019743634040351506,69.99999999364238,0.019743634040351506,0.0
127.712,-0.002,0.006,0,0,0,69.99999999364238,0.019743634040351506,69.99999999364238,0.019743634040351506,0.0
127.912,-0.002,0.007,0,0,0,69.99999999364238,0.019743634040351506,69.99999999364238,0.019743634040351506,0.0
128.12,-0.002,0.009,0,0,0,69.99999999364238,0.019743634040351506,69.99999999364238,0.019743634040351506,0.0
128.328,-0.004,0.01,0,0,0,69.99999999364238,0.019743634040351506,69.99999999364238,0.019743634040351506,0.0
128.536,-0.008,0.012,0,0,0,69.99999999364238,0.019743634040351506,69.99999999364238,0.019743634040351506,0.0
128.744,-0.012,0.015,0,0,0,69.99999999364238,0.019743634040351506,69.99999999364238,0.019743634040351506,0.0
128.952,-0.016,0.017,0,0,0,69.99999999364238,0.019743634040351506,69.99999999364238,0.019743634040351506,0.0
129.16,-0.023,0.018,0,0,0,69.99999999364238,0.019743634040351506,69.99999999364238,0.019743634040351506,0.0
129.36,-0.029,0.017,0,0,0,69.99999999364238,0.019743634040351506,69.99999999364238,0.019743634040351506,0.0
129.564,-0.036,0.016,0,0,0,69.99999999364238,0.019743634040351506,69.99999999364238,0.019743634040351506,0.0
129.764,-0.04,0.015,0,0,0,69.99999999364238,0.019743634040351506,69.99999999364238,0.019743634040351506,0.0
129.972,-0.043,0.014,0,0,0,69.99999999364238,0.019743634040351506,69.99999999364238,0.019743634040351506,0.0
130.18,-0.043,0.009,0,0,0,69.99999999364238,0.019743634040351506,69.99999999364238,0.019743634040351506,0.0
130.392,-0.043,0.005,0,0,0,69.99999999364238,0.019743634040351506,69.99999999364238,0.019743634040351506,0.0
130.596,-0.044,0.003,0,0,0,69.99999999364238,0.019743634040351506,69.99999999364238,0.019743634040351506,0.0
130.804,-0.046,0.003,0,0,0,69.99999999364238,0.019743634040351506,69.99999999364238,0.019743634040351506,0.0
131.012,-0.045,0.007,0,0,0,69.99999999364238,0.019743634040351506,69.99999999364238,0.019743634040351506,0.0
131.22,-0.042,0.009,0,0,0,69.99999999364238,0.019743634040351506,69.99999999364238,0.019743634040351506,0.0
131.424,-0.038,0.008,0,0,0,69.99999999364238,0.019743634040351506,69.99999999364238,0.019743634040351506,0.0
131.632,-0.034,0.007,0,0,0,69.99999999364238,0.019743634040351506,69.99999999364238,0.019743634040351506,0.0
131.84,-0.031,0.006,0,0,0,69.99999999364238,0.019743634040351506,69.99999999364238,0.019743634040351506,0.0
132.048,-0.026,0.005,0,0,0,69.99999999364238,0.019743634040351506,69.99999999364238,0.019743634040351506,0.0
132.252,-0.02,0.004,0,0,0,69.99999999364238,0.019743634040351506,69.99999999364238,0.019743634040351506,0.0
132.456,-0.012,0.004,0,0,0,69.99999999364238,0.019743634040351506,69.99999999364238,0.019743634040351506,0.0
132.656,-0.005,0.005,0,0,0,69.99999999364238,0.019743634040351506,69.99999999364238,0.019743634040351506,0.0
132.864,-0.0,0.007,0,0,0,69.99999999364238,0.019743634040351506,69.99999999364238,0.019743634040351506,0.0
133.076,0.001,0.008,0,0,0,70.00099999228678,0.019743623520274985,70.00099999228678,0.019743623520274985,0.0
133.28,-0.001,0.008,0,0,0,69.99999999364238,0.019743634040351506,69.99999999364238,0.019743634040351506,0.0
133.488,-0.005,0.009,0,0,0,69.99999999364238,0.019743634040351506,69.99999999364238,0.019743634040351506,0.0
133.696,-0.011,0.013,0,0,0,69.99999999364238,0.019743634040351506,69.99999999364238,0.019743634040351506,0.0
133.904,-0.017,0.015,0,0,0,69.99999999364238,0.019743634040351506,69.99999999364238,0.019743634040351506,0.0
134.104,-0.018,0.015,0,0,0,69.99999999364238,0.019743634040351506,69.99999999364238,0.019743634040351506,0.0
134.312,-0.02,0.014,0,0,0,69.99999999364238,0.019743634040351506,69.99999999364238,0.019743634040351506,0.0
134.52,-0.025,0.011,0,0,0,69.99999999364238,0.019743634040351506,69.99999999364238,0.019743634040351506,0.0
134.728,-0.028,0.006,0,0,0,69.99999999364238,0.019743634040351506,69.99999999364238,0.019743634040351506,0.0
134.936,-0.029,0.003,0,0,0,69.99999999364238,0.019743634040351506,69.99999999364238,0.019743634040351506,0.0
135.144,-0.026,0.001,0,0,0,69.99999999364238,0.019743634040351506,69.99999999364238,0.019743634040351506,0.0
135.352,-0.022,-0.001,0,0,0,69.99999999364238,0.019743634040351506,69.99999999364238,0.019743634040351506,0.0
135.56,-0.015,0.001,0,0,0,69.99999999364238,0.019743634040351506,69.99999999364238,0.019743634040351506,0.0
135.768,-0.007,0.004,0,0,0,69.99999999364238,0.019743634040351506,69.99999999364238,0.019743634040351506,0.0
135.976,-0.002,0.007,0,0,0,69.99999999364238,0.019743634040351506,69.99999999364238,0.019743634040351506,0.0
136.184,0.004,0.006,0,0,0,70.0039999920607,0.01974359196000502,70.0039999920607,0.01974359196000502,0.0
136.392,0.008,0.004,0,0,0,70.00799999183455,0.019743549879644277,70.00799999183455,0.019743549879644277,0.0
136.592,0.01,0.005,0,0,0,70.0099999919474,0.019743528839461528,70.0099999919474,0.019743528839461528,0.0
136.8,0.01,0.007,0,0,0,70.00999999217332,0.01974352883945915,70.00999999217332,0.01974352883945915,0.0
137.008,0.007,0.008,0,0,0,70.00699999228645,0.019743560399730305,70.00699999228645,0.019743560399730305,0.0
137.216,0.003,0.006,0,0,0,70.00299999206075,0.019743602480095802,70.00299999206075,0.019743602480095802,0.0
137.424,0.001,0.004,0,0,0,70.00099999183493,0.019743623520279738,70.00099999183493,0.019743623520279738,0.0
137.632,0.003,0.002,0,0,0,70.0029999916089,0.019743602480100556,70.0029999916089,0.019743602480100556,0.0
137.84,0.005,0.003,0,0,0,70.00499999172176,0.019743581439917807,70.00499999172176,0.019743581439917807,0.0
138.048,0.008,0.005,0,0,0,70.00799999194751,0.019743549879643087,70.00799999194751,0.019743549879643087,0.0
138.256,0.011,0.006,0,0,0,70.0109999920603,0.01974351831936956,70.0109999920603,0.01974351831936956,0.0
138.464,0.011,0.007,0,0,0,70.01099999217327,0.01974351831936837,70.01099999217327,0.01974351831936837,0.0
138.672,0.009,0.006,0,0,0,70.00899999206041,0.01974353935955112,70.00899999206041,0.01974353935955112,0.0
138.872,0.006,0.006,0,0,0,70.00599999206058,0.019743570919823462,70.00599999206058,0.019743570919823462,0.0
139.08,0.004,0.006,0,0,0,70.0039999920607,0.01974359196000502,70.0039999920607,0.01974359196000502,0.0
139.288,0.003,0.006,0,0,0,70.00299999206075,0.019743602480095802,70.00299999206075,0.019743602480095802,0.0
139.496,0.004,0.006,0,0,0,70.0039999920607,0.01974359196000502,70.0039999920607,0.01974359196000502,0.0
139.704,0.007,0.007,0,0,0,70.00699999217349,0.01974356039973149,70.00699999217349,0.01974356039973149,0.0
139.912,0.011,0.007,0,0,0,70.01099999217327,0.01974351831936837,70.01099999217327,0.01974351831936837,0.0
140.12,0.014,0.007,0,0,0,70.01399999217311,0.01974348675909603,70.01399999217311,0.01974348675909603,0.0
140.328,0.016,0.007,0,0,0,70.015999992173,0.019743465718914468,70.015999992173,0.019743465718914468,0.0
140.536,0.014,0.007,0,0,0,70.01399999217311,0.01974348675909603,70.01399999217311,0.01974348675909603,0.0
140.744,0.008,0.005,0,0,0,70.00799999194751,0.019743549879643087,70.00799999194751,0.019743549879643087,0.0
140.956,0.005,0.003,0,0,0,70.00499999172176,0.019743581439917807,70.00499999172176,0.019743581439917807,0.0
141.156,0.004,0.0,0,0,0,70.00399999138293,0.01974359196001215,70.00399999138293,0.01974359196001215,0.0
141.36,0.005,-0.001,0,0,0,70.00499999126991,0.01974358143992256,70.00499999126991,0.01974358143992256,0.0
141.568,0.004,-0.002,0,0,0,70.003999991157,0.019743591960014528,70.003999991157,0.019743591960014528,0.0
141.776,0.003,-0.002,0,0,0,70.00299999115707,0.01974360248010531,70.00299999115707,0.01974360248010531,0.0
141.984,0.002,-0.002,0,0,0,70.00199999115712,0.01974361300019609,70.00199999115712,0.01974361300019609,0.0
142.192,0.002,-0.002,0,0,0,70.00199999115712,0.01974361300019609,70.00199999115712,0.01974361300019609,0.0
142.4,0.002,0.0,0,0,0,70.00199999138304,0.019743613000193713,70.00199999138304,0.019743613000193713,0.0
142.608,0.003,0.002,0,0,0,70.0029999916089,0.019743602480100556,70.0029999916089,0.019743602480100556,0.0
142.816,0.004,0.004,0,0,0,70.00399999183477,0.019743591960007398,70.00399999183477,0.019743591960007398,0.0
143.024,0.004,0.007,0,0,0,70.00399999217366,0.019743591960003835,70.00399999217366,0.019743591960003835,0.0
143.232,0.003,0.009,0,0,0,70.00299999239964,0.019743602480092236,70.00299999239964,0.019743602480092236,0.0
143.44,0.004,0.008,0,0,0,70.00399999228662,0.019743591960002645,70.00399999228662,0.019743591960002645,0.0
143.648,0.006,0.006,0,0,0,70.00599999206058,0.019743570919823462,70.00599999206058,0.019743570919823462,0.0
143.848,0.007,0.003,0,0,0,70.00699999172164,0.019743560399736244,70.00699999172164,0.019743560399736244,0.0
144.056,0.007,0.001,0,0,0,70.00699999149572,0.01974356039973862,70.00699999149572,0.01974356039973862,0.0
144.264,0.005,0.0,0,0,0,70.00499999138287,0.01974358143992137,70.00499999138287,0.01974358143992137,0.0
144.468,0.008,0.0,0,0,0,70.0079999913827,0.01974354987964903,70.0079999913827,0.01974354987964903,0.0
144.668,0.014,0.002,0,0,0,70.0139999916083,0.01974348675910197,70.0139999916083,0.01974348675910197,0.0
144.876,0.019,0.002,0,0,0,70.01899999160801,0.019743434158648068,70.01899999160801,0.019743434158648068,0.0
145.084,0.024,0.0,0,0,0,70.02399999138181,0.019743381558196545,70.02399999138181,0.019743381558196545,0.0
145.292,0.027,-0.002,0,0,0,70.02699999115572,0.01974334999792658,70.02699999115572,0.01974334999792658,0.0
145.5,0.028,-0.003,0,0,0,70.0279999910427,0.019743339477836987,70.0279999910427,0.019743339477836987,0.0
145.708,0.026,-0.004,0,0,0,70.02599999092986,0.019743360518019736,70.02599999092986,0.019743360518019736,0.0
145.916,0.021,-0.004,0,0,0,70.02099999093014,0.01974341311847364,70.02099999093014,0.01974341311847364,0.0
146.116,0.015,-0.004,0,0,0,70.01499999093048,0.019743476239018322,70.01499999093048,0.019743476239018322,0.0
146.324,0.007,-0.004,0,0,0,70.00699999093091,0.019743560399744564,70.00699999093091,0.019743560399744564,0.0
146.532,-0.002,-0.003,0,0,0,69.99999999364238,0.019743634040351506,69.99999999364238,0.019743634040351506,0.0
146.74,-0.008,-0.001,0,0,0,69.99999999364238,0.019743634040351506,69.99999999364238,0.019743634040351506,0.0
146.948,-0.011,0.003,0,0,0,69.99999999364238,0.019743634040351506,69.99999999364238,0.019743634040351506,0.0
147.156,-0.013,0.006,0,0,0,69.99999999364238,0.019743634040351506,69.99999999364238,0.019743634040351506,0.0
147.364,-0.015,0.005,0,0,0,69.99999999364238,0.019743634040351506,69.99999999364238,0.019743634040351506,0.0
147.572,-0.016,0.0,0,0,0,69.99999999364238,0.019743634040351506,69.99999999364238,0.019743634040351506,0.0
147.78,-0.016,-0.004,0,0,0,69.99999999364238,0.019743634040351506,69.99999999364238,0.019743634040351506,0.0
147.988,-0.014,-0.007,0,0,0,69.99999999364238,0.019743634040351506,69.99999999364238,0.019743634040351506,0.0
148.196,-0.013,-0.008,0,0,0,69.99999999364238,0.019743634040351506,69.99999999364238,0.019743634040351506,0.0
148.404,-0.015,-0.007,0,0,0,69.99999999364238,0.019743634040351506,69.99999999364238,0.019743634040351506,0.0
148.604,-0.017,-0.004,0,0,0,69.99999999364238,0.019743634040351506,69.99999999364238,0.019743634040351506,0.0
148.812,-0.018,-0.003,0,0,0,69.99999999364238,0.019743634040351506,69.99999999364238,0.019743634040351506,0.0
149.02,-0.021,-0.003,0,0,0,69.99999999364238,0.019743634040351506,69.99999999364238,0.019743634040351506,0.0
149.228,-0.023,-0.005,0,0,0,69.99999999364238,0.019743634040351506,69.99999999364238,0.019743634040351506,0.0
149.436,-0.021,-0.006,0,0,0,69.99999999364238,0.019743634040351506,69.99999999364238,0.019743634040351506,0.0
149.64,-0.017,-0.009,0,0,0,69.99999999364238,0.019743634040351506,69.99999999364238,0.019743634040351506,0.0
149.844,-0.014,-0.012,0,0,0,69.99999999364238,0.019743634040351506,69.99999999364238,0.019743634040351506,0.0
150.052,-0.01,-0.012,0,0,0,69.99999999364238,0.019743634040351506,69.99999999364238,0.019743634040351506,0.0
150.256,-0.005,-0.009,0,0,0,69.99999999364238,0.019743634040351506,69.99999999364238,0.019743634040351506,0.0
150.464,-0.001,-0.008,0,0,0,69.99999999364238,0.019743634040351506,69.99999999364238,0.019743634040351506,0.0
150.672,-0.001,-0.01,0,0,0,69.99999999364238,0.019743634040351506,69.99999999364238,0.019743634040351506,0.0
150.872,0.001,-0.012,0,0,0,70.00099999002754,0.019743623520298754,70.00099999002754,0.019743623520298754,0.0
151.08,0.005,-0.013,0,0,0,70.00499998991437,0.01974358143993682,70.00499998991437,0.01974358143993682,0.0
151.288,0.01,-0.011,0,0,0,70.00999999014,0.01974352883948054,70.00999999014,0.01974352883948054,0.0
151.496,0.018,-0.005,0,0,0,70.01799999081734,0.01974344467874717,70.01799999081734,0.01974344467874717,0.0
151.704,0.025,0.002,0,0,0,70.02499999160769,0.019743371038103388,70.02499999160769,0.019743371038103388,0.0
151.912,0.028,0.007,0,0,0,70.02799999217233,0.019743339477825105,70.02799999217233,0.019743339477825105,0.0
152.12,0.025,0.013,0,0,0,70.02499999285027,0.019743371038090315,70.02499999285027,0.019743371038090315,0.0
152.328,0.02,0.017,0,0,0,70.01999999330238,0.019743423638539464,70.01999999330238,0.019743423638539464,0.0
152.536,0.018,0.02,0,0,0,70.01799999364138,0.01974344467871746,70.01799999364138,0.01974344467871746,0.0
152.744,0.017,0.023,0,0,0,70.01699999398032,0.019743455198804674,70.01699999398032,0.019743455198804674,0.0
152.952,0.015,0.023,0,0,0,70.01499999398044,0.019743476238986236,70.01499999398044,0.019743476238986236,0.0
153.16,0.014,0.022,0,0,0,70.01399999386753,0.019743486759078204,70.01399999386753,0.019743486759078204,0.0
153.36,0.015,0.02,0,0,0,70.01499999364155,0.0197434762389898,70.01499999364155,0.0197434762389898,0.0
153.568,0.015,0.017,0,0,0,70.01499999330267,0.019743476238993366,70.01499999330267,0.019743476238993366,0.0
153.776,0.015,0.012,0,0,0,70.01499999273786,0.019743476238999306,70.01499999273786,0.019743476238999306,0.0
153.984,0.013,0.008,0,0,0,70.01299999228613,0.01974349727918562,70.01299999228613,0.01974349727918562,0.0
154.192,0.009,0.007,0,0,0,70.00899999217337,0.019743539359549932,70.00899999217337,0.019743539359549932,0.0
154.4,0.004,0.009,0,0,0,70.00399999239959,0.019743591960001455,70.00399999239959,0.019743591960001455,0.0
154.608,0.002,0.014,0,0,0,70.00199999296451,0.019743613000177074,70.00199999296451,0.019743613000177074,0.0
154.812,0.001,0.021,0,0,0,70.00099999375529,0.01974362352025954,70.00099999375529,0.01974362352025954,0.0
155.016,-0.002,0.027,0,0,0,69.99999999364238,0.019743634040351506,69.99999999364238,0.019743634040351506,0.0
155.216,-0.003,0.031,0,0,0,69.99999999364238,0.019743634040351506,69.99999999364238,0.019743634040351506,0.0
155.424,-0.004,0.035,0,0,0,69.99999999364238,0.019743634040351506,69.99999999364238,0.019743634040351506,0.0
155.632,-0.005,0.041,0,0,0,69.99999999364238,0.019743634040351506,69.99999999364238,0.019743634040351506,0.0
155.84,-0.006,0.045,0,0,0,69.99999999364238,0.019743634040351506,69.99999999364238,0.019743634040351506,0.0
156.048,-0.003,0.047,0,0,0,69.99999999364238,0.019743634040351506,69.99999999364238,0.019743634040351506,0.0
156.256,0.003,0.045,0,0,0,70.00299999646627,0.019743602480049454,70.00299999646627,0.019743602480049454,0.0
156.464,0.007,0.041,0,0,0,70.00699999601419,0.019743560399691086,70.00699999601419,0.019743560399691086,0.0
156.672,0.008,0.036,0,0,0,70.00799999544932,0.019743549879606248,70.00799999544932,0.019743549879606248,0.0
156.872,0.006,0.03,0,0,0,70.00599999477167,0.01974357091979494,70.00599999477167,0.01974357091979494,0.0
157.08,0.002,0.023,0,0,0,70.00199999398116,0.01974361300016638,70.00199999398116,0.01974361300016638,0.0
157.292,-0.003,0.018,0,0,0,69.99999999364238,0.019743634040351506,69.99999999364238,0.019743634040351506,0.0
157.496,-0.006,0.015,0,0,0,69.99999999364238,0.019743634040351506,69.99999999364238,0.019743634040351506,0.0
157.704,-0.006,0.012,0,0,0,69.99999999364238,0.019743634040351506,69.99999999364238,0.019743634040351506,0.0
157.912,-0.003,0.01,0,0,0,69.99999999364238,0.019743634040351506,69.99999999364238,0.019743634040351506,0.0
158.12,-0.0,0.013,0,0,0,69.99999999364238,0.019743634040351506,69.99999999364238,0.019743634040351506,0.0
158.328,0.001,0.016,0,0,0,70.00099999319048,0.01974362352026548,70.00099999319048,0.01974362352026548,0.0
158.536,-0.002,0.019,0,0,0,69.99999999364238,0.019743634040351506,69.99999999364238,0.019743634040351506,0.0
158.744,-0.007,0.02,0,0,0,69.99999999364238,0.019743634040351506,69.99999999364238,0.019743634040351506,0.0
158.952,-0.011,0.021,0,0,0,69.99999999364238,0.019743634040351506,69.99999999364238,0.019743634040351506,0.0
159.16,-0.016,0.022,0,0,0,69.99999999364238,0.019743634040351506,69.99999999364238,0.019743634040351506,0.0
159.36,-0.02,0.023,0,0,0,69.99999999364238,0.019743634040351506,69.99999999364238,0.019743634040351506,0.0
159.568,-0.02,0.024,0,0,0,69.99999999364238,0.019743634040351506,69.99999999364238,0.019743634040351506,0.0
159.776,-0.018,0.024,0,0,0,69.99999999364238,0.019743634040351506,69.99999999364238,0.019743634040351506,0.0
159.984,-0.015,0.023,0,0,0,69.99999999364238,0.019743634040351506,69.99999999364238,0.019743634040351506,0.0
160.192,-0.012,0.024,0,0,0,69.99999999364238,0.019743634040351506,69.99999999364238,0.019743634040351506,0.0
160.4,-0.008,0.025,0,0,0,69.99999999364238,0.019743634040351506,69.99999999364238,0.019743634040351506,0.0
160.608,-0.003,0.029,0,0,0,69.99999999364238,0.019743634040351506,69.99999999364238,0.019743634040351506,0.0
160.816,0.002,0.036,0,0,0,70.00199999544967,0.01974361300015093,70.00199999544967,0.01974361300015093,0.0
161.024,0.006,0.043,0,0,0,70.00599999624018,0.01974357091977949,70.00599999624018,0.01974357091977949,0.0
161.232,0.008,0.048,0,0,0,70.00799999680487,0.01974354987959199,70.00799999680487,0.01974354987959199,0.0
161.44,0.009,0.05,0,0,0,70.00899999703074,0.01974353935949883,70.00899999703074,0.01974353935949883,0.0
161.648,0.01,0.05,0,0,0,70.00999999703068,0.01974352883940805,70.00999999703068,0.01974352883940805,0.0
161.848,0.01,0.051,0,0,0,70.00999999714364,0.019743528839406863,70.00999999714364,0.019743528839406863,0.0
162.056,0.009,0.054,0,0,0,70.00899999748259,0.019743539359494078,70.00899999748259,0.019743539359494078,0.0
162.264,0.008,0.054,0,0,0,70.00799999748264,0.01974354987958486,70.00799999748264,0.01974354987958486,0.0
162.472,0.007,0.054,0,0,0,70.0069999974827,0.01974356039967564,70.0069999974827,0.01974356039967564,0.0
162.68,0.006,0.054,0,0,0,70.00599999748276,0.019743570919766418,70.00599999748276,0.019743570919766418,0.0
162.888,0.005,0.054,0,0,0,70.00499999748281,0.0197435814398572,70.00499999748281,0.0197435814398572,0.0
163.096,0.002,0.054,0,0,0,70.00199999748298,0.01974361300012954,70.00199999748298,0.01974361300012954,0.0
163.304,0.0,0.05,0,0,0,69.99999999703124,0.019743634040315854,69.99999999703124,0.019743634040315854,0.0
163.512,-0.002,0.047,0,0,0,69.99999999364238,0.019743634040351506,69.99999999364238,0.019743634040351506,0.0
163.72,-0.002,0.044,0,0,0,69.99999999364238,0.019743634040351506,69.99999999364238,0.019743634040351506,0.0
163.932,0.0,0.042,0,0,0,69.99999999612754,0.01974363404032536,69.99999999612754,0.01974363404032536,0.0
164.132,0.002,0.041,0,0,0,70.00199999601448,0.01974361300014499,70.00199999601448,0.01974361300014499,0.0
164.34,0.002,0.04,0,0,0,70.00199999590151,0.01974361300014618,70.00199999590151,0.01974361300014618,0.0
164.548,-0.001,0.04,0,0,0,69.99999999364238,0.019743634040351506,69.99999999364238,0.019743634040351506,0.0
164.756,-0.004,0.039,0,0,0,69.99999999364238,0.019743634040351506,69.99999999364238,0.019743634040351506,0.0
164.96,-0.005,0.035,0,0,0,69.99999999364238,0.019743634040351506,69.99999999364238,0.019743634040351506,0.0
165.164,-0.008,0.033,0,0,0,69.99999999364238,0.019743634040351506,69.99999999364238,0.019743634040351506,0.0
165.364,-0.012,0.031,0,0,0,69.99999999364238,0.019743634040351506,69.99999999364238,0.019743634040351506,0.0
165.572,-0.016,0.03,0,0,0,69.99999999364238,0.019743634040351506,69.99999999364238,0.019743634040351506,0.0
165.78,-0.019,0.029,0,0,0,69.99999999364238,0.019743634040351506,69.99999999364238,0.019743634040351506,0.0
165.988,-0.021,0.029,0,0,0,69.99999999364238,0.019743634040351506,69.99999999364238,0.019743634040351506,0.0
166.196,-0.022,0.027,0,0,0,69.99999999364238,0.019743634040351506,69.99999999364238,0.019743634040351506,0.0
166.404,-0.024,0.023,0,0,0,69.99999999364238,0.019743634040351506,69.99999999364238,0.019743634040351506,0.0
166.604,-0.026,0.022,0,0,0,69.99999999364238,0.019743634040351506,69.99999999364238,0.019743634040351506,0.0
166.812,-0.028,0.023,0,0,0,69.99999999364238,0.019743634040351506,69.99999999364238,0.019743634040351506,0.0
167.02,-0.029,0.023,0,0,0,69.99999999364238,0.019743634040351506,69.99999999364238,0.019743634040351506,0.0
167.228,-0.027,0.025,0,0,0,69.99999999364238,0.019743634040351506,69.99999999364238,0.019743634040351506,0.0
167.436,-0.024,0.029,0,0,0,69.99999999364238,0.019743634040351506,69.99999999364238,0.019743634040351506,0.0
167.644,-0.019,0.034,0,0,0,69.99999999364238,0.019743634040351506,69.99999999364238,0.019743634040351506,0.0
167.848,-0.013,0.037,0,0,0,69.99999999364238,0.019743634040351506,69.99999999364238,0.019743634040351506,0.0
168.052,-0.009,0.038,0,0,0,69.99999999364238,0.019743634040351506,69.99999999364238,0.019743634040351506,0.0
168.252,-0.006,0.035,0,0,0,69.99999999364238,0.019743634040351506,69.99999999364238,0.019743634040351506,0.0
168.46,-0.003,0.033,0,0,0,69.99999999364238,0.019743634040351506,69.99999999364238,0.019743634040351506,0.0
168.668,-0.0,0.034,0,0,0,69.99999999522385,0.01974363404033487,69.99999999522385,0.01974363404033487,0.0
168.872,0.003,0.036,0,0,0,70.00299999544961,0.01974360248006015,70.00299999544961,0.01974360248006015,0.0
169.08,0.008,0.037,0,0,0,70.00799999556229,0.01974354987960506,70.00799999556229,0.01974354987960506,0.0
169.288,0.012,0.036,0,0,0,70.01199999544912,0.019743507799243127,70.01199999544912,0.019743507799243127,0.0
169.496,0.017,0.037,0,0,0,70.01699999556179,0.019743455198788038,70.01699999556179,0.019743455198788038,0.0
169.704,0.022,0.04,0,0,0,70.0219999959004,0.01974340259833057,70.0219999959004,0.01974340259833057,0.0
169.924,0.025,0.044,0,0,0,70.02499999635208,0.019743371038053476,70.02499999635208,0.019743371038053476,0.0
170.132,0.027,0.048,0,0,0,70.02699999680382,0.01974334999786716,70.02699999680382,0.01974334999786716,0.0
170.336,0.028,0.051,0,0,0,70.02799999714264,0.019743339477772816,70.02799999714264,0.019743339477772816,0.0
170.544,0.029,0.053,0,0,0,70.02899999736852,0.01974332895767966,70.02899999736852,0.01974332895767966,0.0
170.752,0.028,0.053,0,0,0,70.02799999736857,0.01974333947777044,70.02799999736857,0.01974333947777044,0.0
170.96,0.026,0.051,0,0,0,70.02599999714276,0.019743360517954375,70.02599999714276,0.019743360517954375,0.0
171.168,0.025,0.048,0,0,0,70.02499999680393,0.019743371038048723,70.02499999680393,0.019743371038048723,0.0
171.376,0.024,0.045,0,0,0,70.02399999646511,0.019743381558143067,70.02399999646511,0.019743381558143067,0.0
171.584,0.024,0.043,0,0,0,70.02399999623918,0.019743381558145444,70.02399999623918,0.019743381558145444,0.0
171.792,0.022,0.042,0,0,0,70.02199999612633,0.019743402598328193,70.02199999612633,0.019743402598328193,0.0
172.0,0.018,0.042,0,0,0,70.01799999612655,0.019743444678691314,70.01799999612655,0.019743444678691314,0.0
172.208,0.013,0.044,0,0,0,70.01299999635275,0.01974349727914284,70.01299999635275,0.01974349727914284,0.0
172.416,0.008,0.048,0,0,0,70.00799999680487,0.01974354987959199,70.00799999680487,0.01974354987959199,0.0
172.616,0.004,0.05,0,0,0,70.00399999703102,0.019743591959952733,70.00399999703102,0.019743591959952733,0.0
172.824,0.002,0.051,0,0,0,70.0019999971441,0.019743613000133105,70.0019999971441,0.019743613000133105,0.0
173.032,-0.0,0.049,0,0,0,69.99999999691828,0.019743634040317044,69.99999999691828,0.019743634040317044,0.0
173.236,-0.005,0.045,0,0,0,69.99999999364238,0.019743634040351506,69.99999999364238,0.019743634040351506,0.0
173.436,-0.011,0.04,0,0,0,69.99999999364238,0.019743634040351506,69.99999999364238,0.019743634040351506,0.0
173.644,-0.015,0.035,0,0,0,69.99999999364238,0.019743634040351506,69.99999999364238,0.019743634040351506,0.0
173.848,-0.017,0.03,0,0,0,69.99999999364238,0.019743634040351506,69.99999999364238,0.019743634040351506,0.0
174.056,-0.018,0.026,0,0,0,69.99999999364238,0.019743634040351506,69.99999999364238,0.019743634040351506,0.0
174.264,-0.017,0.023,0,0,0,69.99999999364238,0.019743634040351506,69.99999999364238,0.019743634040351506,0.0
174.472,-0.014,0.022,0,0,0,69.99999999364238,0.019743634040351506,69.99999999364238,0.019743634040351506,0.0
174.68,-0.012,0.021,0,0,0,69.99999999364238,0.019743634040351506,69.99999999364238,0.019743634040351506,0.0
174.888,-0.009,0.021,0,0,0,69.99999999364238,0.019743634040351506,69.99999999364238,0.019743634040351506,0.0
175.096,-0.004,0.022,0,0,0,69.99999999364238,0.019743634040351506,69.99999999364238,0.019743634040351506,0.0
175.3,0.002,0.023,0,0,0,70.00199999398116,0.01974361300016638,70.00199999398116,0.01974361300016638,0.0
175.508,0.008,0.023,0,0,0,70.00799999398082,0.019743549879621698,70.00799999398082,0.019743549879621698,0.0
175.712,0.013,0.022,0,0,0,70.0129999938676,0.019743497279168985,70.0129999938676,0.019743497279168985,0.0
175.912,0.016,0.021,0,0,0,70.01599999375446,0.019743465718897832,70.01599999375446,0.019743465718897832,0.0
176.12,0.017,0.018,0,0,0,70.01699999341551,0.019743455198810617,70.01699999341551,0.019743455198810617,0.0
176.328,0.016,0.016,0,0,0,70.01599999318965,0.01974346571890377,70.01599999318965,0.01974346571890377,0.0
176.536,0.015,0.016,0,0,0,70.0149999931897,0.019743476238994553,70.0149999931897,0.019743476238994553,0.0
176.744,0.015,0.017,0,0,0,70.01499999330267,0.019743476238993366,70.01499999330267,0.019743476238993366,0.0
176.952,0.012,0.018,0,0,0,70.0119999934158,0.01974350779926452,70.0119999934158,0.01974350779926452,0.0
177.16,0.009,0.019,0,0,0,70.00899999352892,0.01974353935953567,70.00899999352892,0.01974353935953567,0.0
177.36,0.009,0.02,0,0,0,70.00899999364188,0.019743539359534483,70.00899999364188,0.019743539359534483,0.0
177.568,0.008,0.02,0,0,0,70.00799999364193,0.019743549879625264,70.00799999364193,0.019743549879625264,0.0
177.776,0.005,0.019,0,0,0,70.00499999352914,0.01974358143989879,70.00499999352914,0.01974358143989879,0.0
177.984,-0.0,0.015,0,0,0,69.99999999364238,0.019743634040351506,69.99999999364238,0.019743634040351506,0.0
178.192,-0.006,0.01,0,0,0,69.99999999364238,0.019743634040351506,69.99999999364238,0.019743634040351506,0.0
178.4,-0.009,0.006,0,0,0,69.99999999364238,0.019743634040351506,69.99999999364238,0.019743634040351506,0.0
178.608,-0.011,0.005,0,0,0,69.99999999364238,0.019743634040351506,69.99999999364238,0.019743634040351506,0.0
178.816,-0.013,0.006,0,0,0,69.99999999364238,0.019743634040351506,69.99999999364238,0.019743634040351506,0.0
179.024,-0.017,0.009,0,0,0,69.99999999364238,0.019743634040351506,69.99999999364238,0.019743634040351506,0.0
179.232,-0.021,0.013,0,0,0,69.99999999364238,0.019743634040351506,69.99999999364238,0.019743634040351506,0.0
179.44,-0.022,0.017,0,0,0,69.99999999364238,0.019743634040351506,69.99999999364238,0.019743634040351506,0.0
179.648,-0.023,0.023,0,0,0,69.99999999364238,0.019743634040351506,69.99999999364238,0.019743634040351506,0.0
179.848,-0.022,0.027,0,0,0,69.99999999364238,0.019743634040351506,69.99999999364238,0.019743634040351506,0.0
180.056,-0.023,0.032,0,0,0,69.99999999364238,0.019743634040351506,69.99999999364238,0.019743634040351506,0.0
180.264,-0.025,0.034,0,0,0,69.99999999364238,0.019743634040351506,69.99999999364238,0.019743634040351506,0.0
180.472,-0.027,0.032,0,0,0,69.99999999364238,0.019743634040351506,69.99999999364238,0.019743634040351506,0.0
180.684,-0.029,0.028,0,0,0,69.99999999364238,0.019743634040351506,69.99999999364238,0.019743634040351506,0.0
180.888,-0.033,0.024,0,0,0,69.99999999364238,0.019743634040351506,69.99999999364238,0.019743634040351506,0.0
181.096,-0.036,0.018,0,0,0,69.99999999364238,0.019743634040351506,69.99999999364238,0.019743634040351506,0.0
181.304,-0.037,0.014,0,0,0,69.99999999364238,0.019743634040351506,69.99999999364238,0.019743634040351506,0.0
181.512,-0.038,0.012,0,0,0,69.99999999364238,0.019743634040351506,69.99999999364238,0.019743634040351506,0.0
181.72,-0.038,0.011,0,0,0,69.99999999364238,0.019743634040351506,69.99999999364238,0.019743634040351506,0.0
181.928,-0.037,0.012,0,0,0,69.99999999364238,0.019743634040351506,69.99999999364238,0.019743634040351506,0.0
182.136,-0.034,0.015,0,0,0,69.99999999364238,0.019743634040351506,69.99999999364238,0.019743634040351506,0.0
182.336,-0.03,0.016,0,0,0,69.99999999364238,0.019743634040351506,69.99999999364238,0.019743634040351506,0.0
182.544,-0.027,0.017,0,0,0,69.99999999364238,0.019743634040351506,69.99999999364238,0.019743634040351506,0.0
182.748,-0.026,0.017,0,0,0,69.99999999364238,0.019743634040351506,69.99999999364238,0.019743634040351506,0.0
182.948,-0.021,0.017,0,0,0,69.99999999364238,0.019743634040351506,69.99999999364238,0.019743634040351506,0.0
183.156,-0.015,0.018,0,0,0,69.99999999364238,0.019743634040351506,69.99999999364238,0.019743634040351506,0.0
183.364,-0.009,0.019,0,0,0,69.99999999364238,0.019743634040351506,69.99999999364238,0.019743634040351506,0.0
183.568,-0.003,0.022,0,0,0,69.99999999364238,0.019743634040351506,69.99999999364238,0.019743634040351506,0.0
183.776,0.0,0.026,0,0,0,69.99999999432015,0.019743634040344377,69.99999999432015,0.019743634040344377,0.0
183.98,0.0,0.03,0,0,0,69.999999994772,0.019743634040339623,69.999999994772,0.019743634040339623,0.0
184.18,0.001,0.035,0,0,0,70.00099999533676,0.0197436235202429,70.00099999533676,0.0197436235202429,0.0
184.388,0.001,0.04,0,0,0,70.00099999590155,0.01974362352023696,70.00099999590155,0.01974362352023696,0.0
184.596,0.0,0.041,0,0,0,69.99999999601458,0.01974363404032655,69.99999999601458,0.01974363404032655,0.0
184.804,-0.001,0.04,0,0,0,69.99999999364238,0.019743634040351506,69.99999999364238,0.019743634040351506,0.0
185.012,-0.001,0.039,0,0,0,69.99999999364238,0.019743634040351506,69.99999999364238,0.019743634040351506,0.0
185.22,-0.002,0.037,0,0,0,69.99999999364238,0.019743634040351506,69.99999999364238,0.019743634040351506,0.0
185.428,-0.003,0.034,0,0,0,69.99999999364238,0.019743634040351506,69.99999999364238,0.019743634040351506,0.0
185.636,-0.005,0.031,0,0,0,69.99999999364238,0.019743634040351506,69.99999999364238,0.019743634040351506,0.0
185.836,-0.005,0.028,0,0,0,69.99999999364238,0.019743634040351506,69.99999999364238,0.019743634040351506,0.0
186.044,-0.006,0.029,0,0,0,69.99999999364238,0.019743634040351506,69.99999999364238,0.019743634040351506,0.0
186.252,-0.009,0.033,0,0,0,69.99999999364238,0.019743634040351506,69.99999999364238,0.019743634040351506,0.0
186.46,-0.012,0.039,0,0,0,69.99999999364238,0.019743634040351506,69.99999999364238,0.019743634040351506,0.0
186.668,-0.013,0.046,0,0,0,69.99999999364238,0.019743634040351506,69.99999999364238,0.019743634040351506,0.0
186.876,-0.012,0.053,0,0,0,69.99999999364238,0.019743634040351506,69.99999999364238,0.019743634040351506,0.0
187.084,-0.011,0.058,0,0,0,69.99999999364238,0.019743634040351506,69.99999999364238,0.019743634040351506,0.0
187.292,-0.012,0.06,0,0,0,69.99999999364238,0.019743634040351506,69.99999999364238,0.019743634040351506,0.0
187.5,-0.014,0.06,0,0,0,69.99999999364238,0.019743634040351506,69.99999999364238,0.019743634040351506,0.0
187.708,-0.017,0.059,0,0,0,69.99999999364238,0.019743634040351506,69.99999999364238,0.019743634040351506,0.0
187.916,-0.016,0.057,0,0,0,69.99999999364238,0.019743634040351506,69.99999999364238,0.019743634040351506,0.0
188.116,-0.013,0.056,0,0,0,69.99999999364238,0.019743634040351506,69.99999999364238,0.019743634040351506,0.0
188.324,-0.011,0.054,0,0,0,69.99999999364238,0.019743634040351506,69.99999999364238,0.019743634040351506,0.0
188.532,-0.011,0.051,0,0,0,69.99999999364238,0.019743634040351506,69.99999999364238,0.019743634040351506,0.0
188.74,-0.012,0.048,0,0,0,69.99999999364238,0.019743634040351506,69.99999999364238,0.019743634040351506,0.0
188.948,-0.013,0.046,0,0,0,69.99999999364238,0.019743634040351506,69.99999999364238,0.019743634040351506,0.0
189.156,-0.014,0.044,0,0,0,69.99999999364238,0.019743634040351506,69.99999999364238,0.019743634040351506,0.0
189.364,-0.015,0.041,0,0,0,69.99999999364238,0.019743634040351506,69.99999999364238,0.019743634040351506,0.0
189.572,-0.018,0.036,0,0,0,69.99999999364238,0.019743634040351506,69.99999999364238,0.019743634040351506,0.0
189.78,-0.022,0.031,0,0,0,69.99999999364238,0.019743634040351506,69.99999999364238,0.019743634040351506,0.0
189.988,-0.025,0.028,0,0,0,69.99999999364238,0.019743634040351506,69.99999999364238,0.019743634040351506,0.0
190.196,-0.027,0.027,0,0,0,69.99999999364238,0.019743634040351506,69.99999999364238,0.019743634040351506,0.0
190.4,-0.028,0.028,0,0,0,69.99999999364238,0.019743634040351506,69.99999999364238,0.019743634040351506,0.0
190.608,-0.029,0.031,0,0,0,69.99999999364238,0.019743634040351506,69.99999999364238,0.019743634040351506,0.0
190.816,-0.031,0.033,0,0,0,69.99999999364238,0.019743634040351506,69.99999999364238,0.019743634040351506,0.0
191.024,-0.033,0.034,0,0,0,69.99999999364238,0.019743634040351506,69.99999999364238,0.019743634040351506,0.0
191.232,-0.036,0.032,0,0,0,69.99999999364238,0.019743634040351506,69.99999999364238,0.019743634040351506,0.0
191.44,-0.036,0.03,0,0,0,69.99999999364238,0.019743634040351506,69.99999999364238,0.019743634040351506,0.0
191.648,-0.036,0.026,0,0,0,69.99999999364238,0.019743634040351506,69.99999999364238,0.019743634040351506,0.0
191.848,-0.035,0.023,0,0,0,69.99999999364238,0.019743634040351506,69.99999999364238,0.019743634040351506,0.0
192.056,-0.032,0.023,0,0,0,69.99999999364238,0.019743634040351506,69.99999999364238,0.019743634040351506,0.0
192.264,-0.032,0.023,0,0,0,69.99999999364238,0.019743634040351506,69.99999999364238,0.019743634040351506,0.0
192.472,-0.033,0.023,0,0,0,69.99999999364238,0.019743634040351506,69.99999999364238,0.019743634040351506,0.0
192.68,-0.034,0.021,0,0,0,69.99999999364238,0.019743634040351506,69.99999999364238,0.019743634040351506,0.0
192.888,-0.035,0.02,0,0,0,69.99999999364238,0.019743634040351506,69.99999999364238,0.019743634040351506,0.0
193.096,-0.033,0.021,0,0,0,69.99999999364238,0.019743634040351506,69.99999999364238,0.019743634040351506,0.0
193.304,-0.03,0.022,0,0,0,69.99999999364238,0.019743634040351506,69.99999999364238,0.019743634040351506,0.0
193.512,-0.03,0.021,0,0,0,69.99999999364238,0.019743634040351506,69.99999999364238,0.019743634040351506,0.0
193.72,-0.03,0.019,0,0,0,69.99999999364238,0.019743634040351506,69.99999999364238,0.019743634040351506,0.0
193.928,-0.032,0.014,0,0,0,69.99999999364238,0.019743634040351506,69.99999999364238,0.019743634040351506,0.0
194.136,-0.035,0.008,0,0,0,69.99999999364238,0.019743634040351506,69.99999999364238,0.019743634040351506,0.0
194.336,-0.037,0.004,0,0,0,69.99999999364238,0.019743634040351506,69.99999999364238,0.019743634040351506,0.0
194.544,-0.039,0.002,0,0,0,69.99999999364238,0.019743634040351506,69.99999999364238,0.019743634040351506,0.0
194.752,-0.041,0.002,0,0,0,69.99999999364238,0.019743634040351506,69.99999999364238,0.019743634040351506,0.0
194.96,-0.043,0.003,0,0,0,69.99999999364238,0.019743634040351506,69.99999999364238,0.019743634040351506,0.0
195.168,-0.043,0.001,0,0,0,69.99999999364238,0.019743634040351506,69.99999999364238,0.019743634040351506,0.0
195.376,-0.042,0.0,0,0,0,69.99999999364238,0.019743634040351506,69.99999999364238,0.019743634040351506,0.0
195.584,-0.037,0.001,0,0,0,69.99999999364238,0.019743634040351506,69.99999999364238,0.019743634040351506,0.0
195.792,-0.03,0.004,0,0,0,69.99999999364238,0.019743634040351506,69.99999999364238,0.019743634040351506,0.0
196.0,-0.022,0.008,0,0,0,69.99999999364238,0.019743634040351506,69.99999999364238,0.019743634040351506,0.0
196.208,-0.016,0.01,0,0,0,69.99999999364238,0.019743634040351506,69.99999999364238,0.019743634040351506,0.0
196.416,-0.011,0.012,0,0,0,69.99999999364238,0.019743634040351506,69.99999999364238,0.019743634040351506,0.0
196.616,-0.009,0.013,0,0,0,69.99999999364238,0.019743634040351506,69.99999999364238,0.019743634040351506,0.0
196.824,-0.009,0.012,0,0,0,69.99999999364238,0.019743634040351506,69.99999999364238,0.019743634040351506,0.0
197.032,-0.009,0.013,0,0,0,69.99999999364238,0.019743634040351506,69.99999999364238,0.019743634040351506,0.0
197.24,-0.011,0.013,0,0,0,69.99999999364238,0.019743634040351506,69.99999999364238,0.019743634040351506,0.0
197.448,-0.013,0.012,0,0,0,69.99999999364238,0.019743634040351506,69.99999999364238,0.019743634040351506,0.0
197.656,-0.015,0.01,0,0,0,69.99999999364238,0.019743634040351506,69.99999999364238,0.019743634040351506,0.0
197.864,-0.016,0.008,0,0,0,69.99999999364238,0.019743634040351506,69.99999999364238,0.019743634040351506,0.0
198.072,-0.02,0.003,0,0,0,69.99999999364238,0.019743634040351506,69.99999999364238,0.019743634040351506,0.0
198.28,-0.025,-0.002,0,0,0,69.99999999364238,0.019743634040351506,69.99999999364238,0.019743634040351506,0.0
198.488,-0.029,-0.008,0,0,0,69.99999999364238,0.019743634040351506,69.99999999364238,0.019743634040351506,0.0
198.696,-0.034,-0.011,0,0,0,69.99999999364238,0.019743634040351506,69.99999999364238,0.019743634040351506,0.0
198.904,-0.039,-0.01,0,0,0,69.99999999364238,0.019743634040351506,69.99999999364238,0.019743634040351506,0.0
199.104,-0.041,-0.008,0,0,0,69.99999999364238,0.019743634040351506,69.99999999364238,0.019743634040351506,0.0
199.312,-0.039,-0.005,0,0,0,69.99999999364238,0.019743634040351506,69.99999999364238,0.019743634040351506,0.0
199.516,-0.035,-0.003,0,0,0,69.99999999364238,0.019743634040351506,69.99999999364238,0.019743634040351506,0.0
199.716,-0.03,-0.0,0,0,0,69.99999999364238,0.019743634040351506,69.99999999364238,0.019743634040351506,0.0
199.924,-0.026,0.002,0,0,0,69.99999999364238,0.019743634040351506,69.99999999364238,0.019743634040351506,0.0
200.132,-0.025,0.003,0,0,0,69.99999999364238,0.019743634040351506,69.99999999364238,0.019743634040351506,0.0
200.34,-0.024,0.002,0,0,0,69.99999999364238,0.019743634040351506,69.99999999364238,0.019743634040351506,0.0
200.548,-0.021,-0.001,0,0,0,69.99999999364238,0.019743634040351506,69.99999999364238,0.019743634040351506,0.0
200.756,-0.018,-0.001,0,0,0,69.99999999364238,0.019743634040351506,69.99999999364238,0.019743634040351506,0.0
200.964,-0.016,0.002,0,0,0,69.99999999364238,0.019743634040351506,69.99999999364238,0.019743634040351506,0.0
201.168,-0.014,0.006,0,0,0,69.99999999364238,0.019743634040351506,69.99999999364238,0.019743634040351506,0.0
201.372,-0.011,0.009,0,0,0,69.99999999364238,0.019743634040351506,69.99999999364238,0.019743634040351506,0.0
201.58,-0.006,0.013,0,0,0,69.99999999364238,0.019743634040351506,69.99999999364238,0.019743634040351506,0.0
201.788,-0.003,0.02,0,0,0,69.99999999364238,0.019743634040351506,69.99999999364238,0.019743634040351506,0.0
201.996,-0.0,0.026,0,0,0,69.99999999432015,0.019743634040344377,69.99999999432015,0.019743634040344377,0.0
202.204,0.001,0.029,0,0,0,70.00099999465898,0.01974362352025003,70.00099999465898,0.01974362352025003,0.0
202.412,0.003,0.033,0,0,0,70.00299999511073,0.019743602480063717,70.00299999511073,0.019743602480063717,0.0
202.62,0.006,0.039,0,0,0,70.00599999578833,0.019743570919784244,70.00599999578833,0.019743570919784244,0.0
202.828,0.006,0.043,0,0,0,70.00599999624018,0.01974357091977949,70.00599999624018,0.01974357091977949,0.0
203.036,0.004,0.043,0,0,0,70.00399999624028,0.019743591959961053,70.00399999624028,0.019743591959961053,0.0
203.244,0.003,0.04,0,0,0,70.00299999590146,0.019743602480055397,70.00299999590146,0.019743602480055397,0.0
203.452,0.007,0.037,0,0,0,70.00699999556235,0.01974356039969584,70.00699999556235,0.01974356039969584,0.0
203.66,0.01,0.032,0,0,0,70.00999999499737,0.019743528839429442,70.00999999499737,0.019743528839429442,0.0
203.86,0.012,0.026,0,0,0,70.0119999943195,0.01974350779925501,70.0119999943195,0.01974350779925501,0.0
204.068,0.011,0.02,0,0,0,70.01099999364176,0.01974351831935292,70.01099999364176,0.01974351831935292,0.0
204.276,0.008,0.018,0,0,0,70.00799999341602,0.01974354987962764,70.00799999341602,0.01974354987962764,0.0
204.484,0.004,0.019,0,0,0,70.0039999935292,0.019743591959989572,70.0039999935292,0.019743591959989572,0.0
204.692,-0.0,0.02,0,0,0,69.99999999364238,0.019743634040351506,69.99999999364238,0.019743634040351506,0.0
204.904,-0.003,0.021,0,0,0,69.99999999364238,0.019743634040351506,69.99999999364238,0.019743634040351506,0.0
205.108,-0.006,0.019,0,0,0,69.99999999364238,0.019743634040351506,69.99999999364238,0.019743634040351506,0.0
205.316,-0.005,0.015,0,0,0,69.99999999364238,0.019743634040351506,69.99999999364238,0.019743634040351506,0.0
205.524,-0.003,0.009,0,0,0,69.99999999364238,0.019743634040351506,69.99999999364238,0.019743634040351506,0.0
205.732,-0.002,0.001,0,0,0,69.99999999364238,0.019743634040351506,69.99999999364238,0.019743634040351506,0.0
205.94,-0.002,-0.006,0,0,0,69.99999999364238,0.019743634040351506,69.99999999364238,0.019743634040351506,0.0
206.148,-0.001,-0.01,0,0,0,69.99999999364238,0.019743634040351506,69.99999999364238,0.019743634040351506,0.0
206.348,0.003,-0.009,0,0,0,70.00299999036633,0.01974360248011363,70.00299999036633,0.01974360248011363,0.0
206.556,0.008,-0.006,0,0,0,70.00799999070493,0.01974354987965616,70.00799999070493,0.01974354987965616,0.0
206.764,0.013,-0.004,0,0,0,70.01299999093058,0.01974349727919988,70.01299999093058,0.01974349727919988,0.0
206.972,0.017,-0.003,0,0,0,70.01699999104332,0.019743455198835573,70.01699999104332,0.019743455198835573,0.0
207.18,0.021,0.001,0,0,0,70.02099999149495,0.019743413118467695,70.02099999149495,0.019743413118467695,0.0
207.388,0.024,0.006,0,0,0,70.02399999205959,0.019743381558189412,70.02399999205959,0.019743381558189412,0.0
207.596,0.026,0.01,0,0,0,70.02599999251133,0.0197433605180031,70.02599999251133,0.0197433605180031,0.0
207.804,0.026,0.012,0,0,0,70.02599999273725,0.019743360518000724,70.02599999273725,0.019743360518000724,0.0
208.012,0.026,0.014,0,0,0,70.02599999296318,0.019743360517998347,70.02599999296318,0.019743360517998347,0.0
208.22,0.027,0.016,0,0,0,70.02699999318904,0.01974334999790519,70.02699999318904,0.01974334999790519,0.0
208.428,0.027,0.018,0,0,0,70.02699999341496,0.019743349997902813,70.02699999341496,0.019743349997902813,0.0
208.636,0.029,0.018,0,0,0,70.02899999341484,0.01974332895772125,70.02899999341484,0.01974332895772125,0.0
208.836,0.029,0.015,0,0,0,70.02899999307596,0.019743328957724817,70.02899999307596,0.019743328957724817,0.0
209.044,0.028,0.011,0,0,0,70.02799999262417,0.01974333947782035,70.02799999262417,0.01974333947782035,0.0
209.252,0.026,0.009,0,0,0,70.02599999239837,0.019743360518004287,70.02599999239837,0.019743360518004287,0.0
209.46,0.025,0.009,0,0,0,70.02499999239842,0.019743371038095068,70.02499999239842,0.019743371038095068,0.0
209.668,0.021,0.011,0,0,0,70.02099999262457,0.019743413118455812,70.02099999262457,0.019743413118455812,0.0
209.876,0.017,0.012,0,0,0,70.01699999273775,0.019743455198817747,70.01699999273775,0.019743455198817747,0.0
210.084,0.013,0.012,0,0,0,70.01299999273797,0.019743497279180868,70.01299999273797,0.019743497279180868,0.0
210.292,0.01,0.012,0,0,0,70.00999999273813,0.019743528839453208,70.00999999273813,0.019743528839453208,0.0
210.496,0.006,0.012,0,0,0,70.00599999273835,0.01974357091981633,70.00599999273835,0.01974357091981633,0.0
210.704,0.004,0.01,0,0,0,70.00399999251255,0.019743591960000268,70.00399999251255,0.019743591960000268,0.0
210.912,0.004,0.01,0,0,0,70.00399999251255,0.019743591960000268,70.00399999251255,0.019743591960000268,0.0
211.12,0.004,0.016,0,0,0,70.00399999319032,0.01974359195999314,70.00399999319032,0.01974359195999314,0.0
211.328,0.003,0.024,0,0,0,70.00299999409407,0.01974360248007441,70.00299999409407,0.01974360248007441,0.0
211.536,0.003,0.032,0,0,0,70.00299999499777,0.019743602480064903,70.00299999499777,0.019743602480064903,0.0
211.744,0.006,0.036,0,0,0,70.00599999544944,0.01974357091978781,70.00599999544944,0.01974357091978781,0.0
211.952,0.009,0.035,0,0,0,70.00899999533631,0.019743539359516657,70.00899999533631,0.019743539359516657,0.0
212.16,0.011,0.032,0,0,0,70.0109999949973,0.01974351831933866,70.0109999949973,0.01974351831933866,0.0
212.36,0.012,0.03,0,0,0,70.01199999477134,0.019743507799250257,70.01199999477134,0.019743507799250257,0.0
212.568,0.012,0.027,0,0,0,70.01199999443246,0.019743507799253823,70.01199999443246,0.019743507799253823,0.0
212.776,0.015,0.023,0,0,0,70.01499999398044,0.019743476238986236,70.01499999398044,0.019743476238986236,0.0
212.984,0.019,0.02,0,0,0,70.01899999364133,0.01974343415862668,70.01899999364133,0.01974343415862668,0.0
213.192,0.022,0.017,0,0,0,70.02199999330229,0.0197434025983579,70.02199999330229,0.0197434025983579,0.0
213.4,0.022,0.013,0,0,0,70.02199999285044,0.019743402598362655,70.02199999285044,0.019743402598362655,0.0
213.608,0.019,0.008,0,0,0,70.01899999228579,0.019743434158640938,70.01899999228579,0.019743434158640938,0.0
213.816,0.013,0.002,0,0,0,70.01299999160835,0.01974349727919275,70.01299999160835,0.01974349727919275,0.0
214.024,0.005,-0.003,0,0,0,70.00499999104399,0.019743581439924936,70.00499999104399,0.019743581439924936,0.0
214.232,-0.002,-0.005,0,0,0,69.99999999364238,0.019743634040351506,69.99999999364238,0.019743634040351506,0.0
214.44,-0.006,-0.005,0,0,0,69.99999999364238,0.019743634040351506,69.99999999364238,0.019743634040351506,0.0
214.648,-0.007,-0.002,0,0,0,69.99999999364238,0.019743634040351506,69.99999999364238,0.019743634040351506,0.0
214.852,-0.006,0.002,0,0,0,69.99999999364238,0.019743634040351506,69.99999999364238,0.019743634040351506,0.0
215.056,-0.003,0.008,0,0,0,69.99999999364238,0.019743634040351506,69.99999999364238,0.019743634040351506,0.0
215.264,-0.001,0.017,0,0,0,69.99999999364238,0.019743634040351506,69.99999999364238,0.019743634040351506,0.0
215.472,-0.003,0.024,0,0,0,69.99999999364238,0.019743634040351506,69.99999999364238,0.019743634040351506,0.0
215.68,-0.005,0.031,0,0,0,69.99999999364238,0.019743634040351506,69.99999999364238,0.019743634040351506,0.0
215.888,-0.009,0.038,0,0,0,69.99999999364238,0.019743634040351506,69.99999999364238,0.019743634040351506,0.0
216.096,-0.014,0.042,0,0,0,69.99999999364238,0.019743634040351506,69.99999999364238,0.019743634040351506,0.0
216.304,-0.019,0.043,0,0,0,69.99999999364238,0.019743634040351506,69.99999999364238,0.019743634040351506,0.0
216.512,-0.023,0.043,0,0,0,69.99999999364238,0.019743634040351506,69.99999999364238,0.019743634040351506,0.0
216.72,-0.024,0.041,0,0,0,69.99999999364238,0.019743634040351506,69.99999999364238,0.019743634040351506,0.0
216.924,-0.024,0.035,0,0,0,69.99999999364238,0.019743634040351506,69.99999999364238,0.019743634040351506,0.0
217.132,-0.024,0.031,0,0,0,69.99999999364238,0.019743634040351506,69.99999999364238,0.019743634040351506,0.0
217.34,-0.021,0.031,0,0,0,69.99999999364238,0.019743634040351506,69.99999999364238,0.019743634040351506,0.0
217.548,-0.019,0.033,0,0,0,69.99999999364238,0.019743634040351506,69.99999999364238,0.019743634040351506,0.0
217.756,-0.017,0.035,0,0,0,69.99999999364238,0.019743634040351506,69.99999999364238,0.019743634040351506,0.0
217.964,-0.016,0.037,0,0,0,69.99999999364238,0.019743634040351506,69.99999999364238,0.019743634040351506,0.0
218.168,-0.015,0.039,0,0,0,69.99999999364238,0.019743634040351506,69.99999999364238,0.019743634040351506,0.0
218.376,-0.015,0.04,0,0,0,69.99999999364238,0.019743634040351506,69.99999999364238,0.019743634040351506,0.0
218.58,-0.016,0.038,0,0,0,69.99999999364238,0.019743634040351506,69.99999999364238,0.019743634040351506,0.0
218.788,-0.017,0.035,0,0,0,69.99999999364238,0.019743634040351506,69.99999999364238,0.019743634040351506,0.0
218.996,-0.017,0.033,0,0,0,69.99999999364238,0.019743634040351506,69.99999999364238,0.019743634040351506,0.0
219.208,-0.018,0.033,0,0,0,69.99999999364238,0.019743634040351506,69.99999999364238,0.019743634040351506,0.0
219.412,-0.017,0.035,0,0,0,69.99999999364238,0.019743634040351506,69.99999999364238,0.019743634040351506,0.0
219.62,-0.016,0.034,0,0,0,69.99999999364238,0.019743634040351506,69.99999999364238,0.019743634040351506,0.0
219.828,-0.016,0.031,0,0,0,69.99999999364238,0.019743634040351506,69.99999999364238,0.019743634040351506,0.0
220.036,-0.018,0.028,0,0,0,69.99999999364238,0.019743634040351506,69.99999999364238,0.019743634040351506,0.0
220.244,-0.021,0.025,0,0,0,69.99999999364238,0.019743634040351506,69.99999999364238,0.019743634040351506,0.0
220.452,-0.022,0.02,0,0,0,69.99999999364238,0.019743634040351506,69.99999999364238,0.019743634040351506,0.0
220.66,-0.024,0.013,0,0,0,69.99999999364238,0.019743634040351506,69.99999999364238,0.019743634040351506,0.0
220.86,-0.025,0.005,0,0,0,69.99999999364238,0.019743634040351506,69.99999999364238,0.019743634040351506,0.0
221.068,-0.027,-0.0,0,0,0,69.99999999364238,0.019743634040351506,69.99999999364238,0.019743634040351506,0.0
221.276,-0.029,-0.001,0,0,0,69.99999999364238,0.019743634040351506,69.99999999364238,0.019743634040351506,0.0
221.484,-0.031,-0.002,0,0,0,69.99999999364238,0.019743634040351506,69.99999999364238,0.019743634040351506,0.0
221.692,-0.031,-0.001,0,0,0,69.99999999364238,0.019743634040351506,69.99999999364238,0.019743634040351506,0.0
221.9,-0.033,-0.001,0,0,0,69.99999999364238,0.019743634040351506,69.99999999364238,0.019743634040351506,0.0
222.108,-0.034,-0.003,0,0,0,69.99999999364238,0.019743634040351506,69.99999999364238,0.019743634040351506,0.0
222.316,-0.033,-0.003,0,0,0,69.99999999364238,0.019743634040351506,69.99999999364238,0.019743634040351506,0.0
222.524,-0.027,-0.0,0,0,0,69.99999999364238,0.019743634040351506,69.99999999364238,0.019743634040351506,0.0
222.732,-0.021,0.003,0,0,0,69.99999999364238,0.019743634040351506,69.99999999364238,0.019743634040351506,0.0
222.94,-0.013,0.006,0,0,0,69.99999999364238,0.019743634040351506,69.99999999364238,0.019743634040351506,0.0
223.148,-0.005,0.011,0,0,0,69.99999999364238,0.019743634040351506,69.99999999364238,0.019743634040351506,0.0
223.348,0.001,0.015,0,0,0,70.00099999307751,0.01974362352026667,70.00099999307751,0.01974362352026667,0.0
223.56,0.002,0.022,0,0,0,70.0019999938682,0.019743613000167567,70.0019999938682,0.019743613000167567,0.0
223.764,0.002,0.029,0,0,0,70.00199999465893,0.01974361300015925,70.00199999465893,0.01974361300015925,0.0
223.972,0.002,0.033,0,0,0,70.00199999511078,0.019743613000154495,70.00199999511078,0.019743613000154495,0.0
224.18,0.001,0.035,0,0,0,70.00099999533676,0.0197436235202429,70.00099999533676,0.0197436235202429,0.0
224.388,-0.002,0.036,0,0,0,69.99999999364238,0.019743634040351506,69.99999999364238,0.019743634040351506,0.0
224.596,-0.008,0.036,0,0,0,69.99999999364238,0.019743634040351506,69.99999999364238,0.019743634040351506,0.0
224.804,-0.014,0.033,0,0,0,69.99999999364238,0.019743634040351506,69.99999999364238,0.019743634040351506,0.0
225.012,-0.02,0.03,0,0,0,69.99999999364238,0.019743634040351506,69.99999999364238,0.019743634040351506,0.0
225.22,-0.024,0.027,0,0,0,69.99999999364238,0.019743634040351506,69.99999999364238,0.019743634040351506,0.0
225.424,-0.025,0.025,0,0,0,69.99999999364238,0.019743634040351506,69.99999999364238,0.019743634040351506,0.0
225.632,-0.023,0.025,0,0,0,69.99999999364238,0.019743634040351506,69.99999999364238,0.019743634040351506,0.0
225.84,-0.017,0.024,0,0,0,69.99999999364238,0.019743634040351506,69.99999999364238,0.019743634040351506,0.0
226.048,-0.013,0.024,0,0,0,69.99999999364238,0.019743634040351506,69.99999999364238,0.019743634040351506,0.0
226.256,-0.011,0.024,0,0,0,69.99999999364238,0.019743634040351506,69.99999999364238,0.019743634040351506,0.0
226.464,-0.009,0.022,0,0,0,69.99999999364238,0.019743634040351506,69.99999999364238,0.019743634040351506,0.0
226.672,-0.007,0.022,0,0,0,69.99999999364238,0.019743634040351506,69.99999999364238,0.019743634040351506,0.0
226.872,-0.005,0.021,0,0,0,69.99999999364238,0.019743634040351506,69.99999999364238,0.019743634040351506,0.0
227.08,-0.004,0.018,0,0,0,69.99999999364238,0.019743634040351506,69.99999999364238,0.019743634040351506,0.0
227.288,-0.004,0.014,0,0,0,69.99999999364238,0.019743634040351506,69.99999999364238,0.019743634040351506,0.0
227.5,-0.004,0.01,0,0,0,69.99999999364238,0.019743634040351506,69.99999999364238,0.019743634040351506,0.0
227.704,-0.002,0.004,0,0,0,69.99999999364238,0.019743634040351506,69.99999999364238,0.019743634040351506,0.0
227.912,0.001,-0.001,0,0,0,70.00099999127012,0.01974362352028568,70.00099999127012,0.01974362352028568,0.0
228.12,0.001,-0.006,0,0,0,70.00099999070531,0.019743623520291624,70.00099999070531,0.019743623520291624,0.0
228.328,0.0,-0.007,0,0,0,69.99999999364238,0.019743634040351506,69.99999999364238,0.019743634040351506,0.0
228.536,0.001,-0.005,0,0,0,70.00099999081827,0.019743623520290434,70.00099999081827,0.019743623520290434,0.0
228.744,0.003,-0.002,0,0,0,70.00299999115707,0.01974360248010531,70.00299999115707,0.01974360248010531,0.0
228.952,0.006,0.001,0,0,0,70.00599999149577,0.019743570919829402,70.00599999149577,0.019743570919829402,0.0
229.156,0.007,0.003,0,0,0,70.00699999172164,0.019743560399736244,70.00699999172164,0.019743560399736244,0.0
229.364,0.008,0.005,0,0,0,70.00799999194751,0.019743549879643087,70.00799999194751,0.019743549879643087,0.0
229.568,0.009,0.009,0,0,0,70.0089999923993,0.019743539359547556,70.0089999923993,0.019743539359547556,0.0
229.772,0.007,0.012,0,0,0,70.0069999927383,0.01974356039972555,70.0069999927383,0.01974356039972555,0.0
229.972,0.003,0.014,0,0,0,70.00299999296445,0.019743602480086296,70.00299999296445,0.019743602480086296,0.0
230.18,-0.001,0.016,0,0,0,69.99999999364238,0.019743634040351506,69.99999999364238,0.019743634040351506,0.0
230.388,-0.0,0.017,0,0,0,69.99999999364238,0.019743634040351506,69.99999999364238,0.019743634040351506,0.0
230.596,0.001,0.017,0,0,0,70.00099999330344,0.019743623520264292,70.00099999330344,0.019743623520264292,0.0
230.804,0.001,0.015,0,0,0,70.00099999307751,0.01974362352026667,70.00099999307751,0.01974362352026667,0.0
231.012,0.001,0.014,0,0,0,70.00099999296455,0.019743623520267855,70.00099999296455,0.019743623520267855,0.0
231.22,-0.0,0.015,0,0,0,69.99999999364238,0.019743634040351506,69.99999999364238,0.019743634040351506,0.0
231.428,-0.001,0.018,0,0,0,69.99999999364238,0.019743634040351506,69.99999999364238,0.019743634040351506,0.0
231.636,-0.001,0.022,0,0,0,69.99999999364238,0.019743634040351506,69.99999999364238,0.019743634040351506,0.0
231.836,-0.001,0.023,0,0,0,69.99999999364238,0.019743634040351506,69.99999999364238,0.019743634040351506,0.0
232.044,-0.003,0.023,0,0,0,69.99999999364238,0.019743634040351506,69.99999999364238,0.019743634040351506,0.0
232.252,-0.003,0.021,0,0,0,69.99999999364238,0.019743634040351506,69.99999999364238,0.019743634040351506,0.0
232.46,-0.0,0.02,0,0,0,69.99999999364238,0.019743634040351506,69.99999999364238,0.019743634040351506,0.0
232.668,0.002,0.02,0,0,0,70.00199999364227,0.019743613000169944,70.00199999364227,0.019743613000169944,0.0
232.876,0.005,0.018,0,0,0,70.00499999341619,0.01974358143989998,70.00499999341619,0.01974358143989998,0.0
233.084,0.01,0.015,0,0,0,70.00999999307702,0.019743528839449645,70.00999999307702,0.019743528839449645,0.0
233.292,0.014,0.013,0,0,0,70.01399999285088,0.0197434867590889,70.01399999285088,0.0197434867590889,0.0
233.5,0.015,0.014,0,0,0,70.01499999296378,0.01974347623899693,70.01499999296378,0.01974347623899693,0.0
233.708,0.017,0.015,0,0,0,70.01699999307664,0.01974345519881418,70.01699999307664,0.01974345519881418,0.0
233.916,0.02,0.019,0,0,0,70.0199999935283,0.019743423638537087,70.0199999935283,0.019743423638537087,0.0
234.116,0.029,0.028,0,0,0,70.02899999454446,0.019743328957709368,70.02899999454446,0.019743328957709368,0.0
234.324,0.045,0.043,0,0,0,70.04499999623802,0.019743160636239057,70.04499999623802,0.019743160636239057,0.0
234.532,0.064,0.061,0,0,0,70.06399999827028,0.019742960754492837,70.06399999827028,0.019742960754492837,0.0
234.74,0.085,0.077,0,0,0,70.0850000000765,0.019742739832567434,70.0850000000765,0.019742739832567434,0.0
234.948,0.102,0.087,0,0,0,70.10200000120518,0.019742560991012285,70.10200000120518,0.019742560991012285,0.0
235.156,0.108,0.084,0,0,0,70.10800000086597,0.01974249787047117,70.10800000086597,0.01974249787047117,0.0
235.364,0.091,0.066,0,0,0,70.0909999988336,0.019742676712035827,70.0909999988336,0.019742676712035827,0.0
235.572,0.058,0.037,0,0,0,70.05799999555951,0.019743023875066042,70.05799999555951,0.019743023875066042,0.0
235.78,0.035,0.019,0,0,0,70.03499999352748,0.01974326583717538,70.03499999352748,0.01974326583717538,0.0
235.988,0.03,0.021,0,0,0,70.02999999375368,0.019743318437626906,70.02999999375368,0.019743318437626906,0.0
236.196,0.039,0.038,0,0,0,70.03899999567354,0.01974322375678968,70.03899999567354,0.01974322375678968,0.0
236.404,0.052,0.057,0,0,0,70.0519999978191,0.019743086995586957,70.0519999978191,0.019743086995586957,0.0
236.604,0.061,0.066,0,0,0,70.06099999883526,0.019742992314759237,70.06099999883526,0.019742992314759237,0.0
236.812,0.062,0.062,0,0,0,70.06199999838336,0.01974298179467321,70.06199999838336,0.01974298179467321,0.0
237.02,0.052,0.041,0,0,0,70.0519999960117,0.01974308699560597,70.0519999960117,0.01974308699560597,0.0
237.228,0.036,0.016,0,0,0,70.03599999318854,0.019743255317088166,70.03599999318854,0.019743255317088166,0.0
237.436,0.022,-0.005,0,0,0,70.02199999081712,0.019743402598384047,70.02199999081712,0.019743402598384047,0.0
237.644,0.017,-0.017,0,0,0,70.01699998946185,0.01974345519885221,70.01699998946185,0.01974345519885221,0.0
237.852,0.022,-0.018,0,0,0,70.02199998934861,0.019743402598399497,70.02199998934861,0.019743402598399497,0.0
238.06,0.033,-0.012,0,0,0,70.03299999002579,0.01974328687739378,70.03299999002579,0.01974328687739378,0.0
238.268,0.043,-0.003,0,0,0,70.04299999104188,0.01974318167647528,70.04299999104188,0.01974318167647528,0.0
238.476,0.047,0.002,0,0,0,70.04699999160647,0.01974313959610622,70.04699999160647,0.01974313959610622,0.0
238.684,0.043,-0.002,0,0,0,70.04299999115484,0.019743181676474094,70.04299999115484,0.019743181676474094,0.0
238.892,0.035,-0.011,0,0,0,70.03499999013863,0.019743265837211033,70.03499999013863,0.019743265837211033,0.0
239.092,0.027,-0.023,0,0,0,70.02699998878353,0.019743349997951534,70.02699998878353,0.019743349997951534,0.0
239.3,0.023,-0.035,0,0,0,70.02299998742821,0.019743392078328918,70.02299998742821,0.019743392078328918,0.0
239.508,0.022,-0.04,0,0,0,70.02199998686346,0.01974340259842564,70.02199998686346,0.01974340259842564,0.0
239.716,0.022,-0.035,0,0,0,70.02199998742827,0.019743402598419696,70.02199998742827,0.019743402598419696,0.0
239.924,0.023,-0.022,0,0,0,70.02299998889671,0.01974339207831347,70.02299998889671,0.01974339207831347,0.0
240.132,0.025,-0.007,0,0,0,70.02499999059103,0.01974337103811408,70.02499999059103,0.01974337103811408,0.0
240.34,0.027,0.003,0,0,0,70.02699999172053,0.01974334999792064,70.02699999172053,0.01974334999792064,0.0
240.548,0.028,0.006,0,0,0,70.02799999205936,0.01974333947782629,70.02799999205936,0.01974333947782629,0.0
240.756,0.028,0.002,0,0,0,70.02799999160752,0.019743339477831044,70.02799999160752,0.019743339477831044,0.0
240.964,0.028,-0.005,0,0,0,70.02799999081678,0.019743339477839364,70.02799999081678,0.019743339477839364,0.0
241.172,0.027,-0.01,0,0,0,70.02699999025204,0.019743349997936085,70.02699999025204,0.019743349997936085,0.0
241.372,0.025,-0.009,0,0,0,70.0249999903651,0.01974337103811646,70.0249999903651,0.01974337103811646,0.0
241.58,0.023,-0.001,0,0,0,70.02299999126892,0.019743392078288513,70.02299999126892,0.019743392078288513,0.0
241.788,0.024,0.011,0,0,0,70.0239999926244,0.019743381558183472,70.0239999926244,0.019743381558183472,0.0
241.996,0.027,0.025,0,0,0,70.0269999942057,0.019743349997894493,70.0269999942057,0.019743349997894493,0.0
242.204,0.031,0.031,0,0,0,70.03099999488326,0.019743307917524242,70.03099999488326,0.019743307917524242,0.0
242.412,0.036,0.029,0,0,0,70.03599999465705,0.019743255317072717,70.03599999465705,0.019743255317072717,0.0
242.62,0.04,0.019,0,0,0,70.03999999352722,0.01974321323672148,70.03999999352722,0.01974321323672148,0.0
242.828,0.043,0.009,0,0,0,70.04299999239743,0.01974318167646102,70.04299999239743,0.01974318167646102,0.0
243.036,0.043,0.006,0,0,0,70.04299999205854,0.019743181676464588,70.04299999205854,0.019743181676464588,0.0
243.244,0.04,0.014,0,0,0,70.03999999296241,0.01974321323672742,70.03999999296241,0.01974321323672742,0.0
243.452,0.035,0.029,0,0,0,70.0349999946571,0.019743265837163498,70.0349999946571,0.019743265837163498,0.0
243.66,0.032,0.04,0,0,0,70.03199999589985,0.019743297397422765,70.03199999589985,0.019743297397422765,0.0
243.86,0.033,0.04,0,0,0,70.0329999958998,0.019743286877331987,70.0329999958998,0.019743286877331987,0.0
244.068,0.036,0.029,0,0,0,70.03599999465705,0.019743255317072717,70.03599999465705,0.019743255317072717,0.0
244.276,0.042,0.016,0,0,0,70.04199999318821,0.019743192196543483,70.04199999318821,0.019743192196543483,0.0
244.484,0.048,0.005,0,0,0,70.04799999194529,0.019743129076011872,70.04799999194529,0.019743129076011872,0.0
244.692,0.054,-0.002,0,0,0,70.05399999115423,0.01974306595547551,70.05399999115423,0.01974306595547551,0.0
244.9,0.056,-0.003,0,0,0,70.05599999104116,0.019743044915295136,70.05599999104116,0.019743044915295136,0.0
245.108,0.055,0.0,0,0,0,70.0549999913801,0.01974305543538235,70.0549999913801,0.01974305543538235,0.0
245.316,0.053,0.005,0,0,0,70.05299999194503,0.01974307647555797,70.05299999194503,0.01974307647555797,0.0
245.524,0.051,0.005,0,0,0,70.05099999194513,0.019743097515739532,70.05099999194513,0.019743097515739532,0.0
245.732,0.05,-0.001,0,0,0,70.04999999126743,0.019743108035837443,70.04999999126743,0.019743108035837443,0.0
245.94,0.049,-0.01,0,0,0,70.0489999902508,0.019743118555938917,70.0489999902508,0.019743118555938917,0.0
246.148,0.047,-0.017,0,0,0,70.04699998946019,0.019743139596128795,70.04699998946019,0.019743139596128795,0.0
246.348,0.042,-0.017,0,0,0,70.04199998946048,0.019743192196582698,70.04199998946048,0.019743192196582698,0.0
246.556,0.037,-0.012,0,0,0,70.03699999002555,0.01974324479703066,70.03699999002555,0.01974324479703066,0.0
246.764,0.033,-0.009,0,0,0,70.03299999036467,0.019743286877390215,70.03299999036467,0.019743286877390215,0.0
246.972,0.028,-0.011,0,0,0,70.02799999013901,0.019743339477846494,70.02799999013901,0.019743339477846494,0.0
247.18,0.025,-0.02,0,0,0,70.02499998912252,0.01974337103812953,70.02499998912252,0.01974337103812953,0.0
247.388,0.023,-0.028,0,0,0,70.02299998821894,0.0197433920783206,70.02299998821894,0.0197433920783206,0.0
247.596,0.024,-0.028,0,0,0,70.02399998821889,0.019743381558229817,70.02399998821889,0.019743381558229817,0.0
247.804,0.024,-0.019,0,0,0,70.02399998923555,0.019743381558219125,70.02399998923555,0.019743381558219125,0.0
248.012,0.023,-0.006,0,0,0,70.02299999070411,0.019743392078294453,70.02299999070411,0.019743392078294453,0.0
248.22,0.022,0.006,0,0,0,70.0219999920597,0.019743402598370974,70.0219999920597,0.019743402598370974,0.0
248.428,0.022,0.011,0,0,0,70.02199999262452,0.01974340259836503,70.02199999262452,0.01974340259836503,0.0
248.636,0.023,0.009,0,0,0,70.02299999239854,0.01974339207827663,70.02299999239854,0.01974339207827663,0.0
248.836,0.026,0.003,0,0,0,70.0259999917206,0.019743360518011416,70.0259999917206,0.019743360518011416,0.0
249.044,0.029,-0.001,0,0,0,70.02899999126858,0.01974332895774383,70.02899999126858,0.01974332895774383,0.0
249.252,0.031,0.006,0,0,0,70.03099999205921,0.01974330791755395,70.03099999205921,0.01974330791755395,0.0
249.46,0.03,0.021,0,0,0,70.02999999375368,0.019743318437626906,70.02999999375368,0.019743318437626906,0.0
249.668,0.026,0.037,0,0,0,70.02599999556129,0.019743360517971015,70.02599999556129,0.019743360517971015,0.0
249.876,0.02,0.048,0,0,0,70.0199999968042,0.019743423638502625,70.0199999968042,0.019743423638502625,0.0
250.084,0.013,0.049,0,0,0,70.01299999691756,0.0197434972791369,70.01299999691756,0.0197434972791369,0.0
250.292,0.009,0.041,0,0,0,70.00899999601408,0.019743539359509527,70.00899999601408,0.019743539359509527,0.0
250.5,0.01,0.029,0,0,0,70.00999999465849,0.019743528839433006,70.00999999465849,0.019743528839433006,0.0
250.708,0.013,0.018,0,0,0,70.01299999341575,0.01974349727917374,70.01299999341575,0.01974349727917374,0.0
250.916,0.013,0.013,0,0,0,70.01299999285094,0.019743497279179678,70.01299999285094,0.019743497279179678,0.0
251.116,0.011,0.012,0,0,0,70.01099999273808,0.019743518319362427,70.01099999273808,0.019743518319362427,0.0
251.324,0.008,0.017,0,0,0,70.00799999330306,0.019743549879628827,70.00799999330306,0.019743549879628827,0.0
251.532,0.005,0.021,0,0,0,70.00499999375506,0.019743581439896414,70.00499999375506,0.019743581439896414,0.0
251.74,0.005,0.02,0,0,0,70.0049999936421,0.019743581439897604,70.0049999936421,0.019743581439897604,0.0
251.948,0.008,0.013,0,0,0,70.00799999285121,0.01974354987963358,70.00799999285121,0.01974354987963358,0.0
252.156,0.014,0.007,0,0,0,70.01399999217311,0.01974348675909603,70.01399999217311,0.01974348675909603,0.0
252.364,0.021,0.006,0,0,0,70.02099999205976,0.019743413118461756,70.02099999205976,0.019743413118461756,0.0
252.572,0.027,0.013,0,0,0,70.02699999285015,0.019743349997908752,70.02699999285015,0.019743349997908752,0.0
252.78,0.032,0.022,0,0,0,70.03199999386653,0.019743297397444157,70.03199999386653,0.019743297397444157,0.0
252.988,0.031,0.026,0,0,0,70.03099999431845,0.019743307917530182,70.03099999431845,0.019743307917530182,0.0
253.196,0.027,0.025,0,0,0,70.0269999942057,0.019743349997894493,70.0269999942057,0.019743349997894493,0.0
253.404,0.022,0.019,0,0,0,70.02199999352821,0.019743402598355525,70.02199999352821,0.019743402598355525,0.0
253.604,0.017,0.012,0,0,0,70.01699999273775,0.019743455198817747,70.01699999273775,0.019743455198817747,0.0
253.812,0.012,0.009,0,0,0,70.01199999239914,0.019743507799275212,70.01199999239914,0.019743507799275212,0.0
254.02,0.009,0.013,0,0,0,70.00899999285114,0.0197435393595428,70.00899999285114,0.0197435393595428,0.0
254.228,0.009,0.019,0,0,0,70.00899999352892,0.01974353935953567,70.00899999352892,0.01974353935953567,0.0
254.436,0.01,0.025,0,0,0,70.00999999420664,0.01974352883943776,70.00999999420664,0.01974352883943776,0.0
254.644,0.011,0.028,0,0,0,70.01099999454546,0.019743518319343414,70.01099999454546,0.019743518319343414,0.0
254.852,0.01,0.025,0,0,0,70.00999999420664,0.01974352883943776,70.00999999420664,0.01974352883943776,0.0
255.06,0.01,0.017,0,0,0,70.00999999330294,0.01974352883944727,70.00999999330294,0.01974352883944727,0.0
255.268,0.012,0.009,0,0,0,70.01199999239914,0.019743507799275212,70.01199999239914,0.019743507799275212,0.0
255.476,0.014,0.008,0,0,0,70.01399999228607,0.01974348675909484,70.01399999228607,0.01974348675909484,0.0
255.684,0.015,0.012,0,0,0,70.01499999273786,0.019743476238999306,70.01499999273786,0.019743476238999306,0.0
255.892,0.017,0.02,0,0,0,70.01699999364143,0.01974345519880824,70.01699999364143,0.01974345519880824,0.0
256.1,0.018,0.026,0,0,0,70.01799999431915,0.01974344467871033,70.01799999431915,0.01974344467871033,0.0
256.308,0.014,0.027,0,0,0,70.01399999443234,0.01974348675907226,70.01399999443234,0.01974348675907226,0.0
256.516,0.009,0.023,0,0,0,70.00899999398077,0.019743539359530916,70.00899999398077,0.019743539359530916,0.0
256.724,0.002,0.015,0,0,0,70.00199999307748,0.019743613000175887,70.00199999307748,0.019743613000175887,0.0
256.932,-0.005,0.004,0,0,0,69.99999999364238,0.019743634040351506,69.99999999364238,0.019743634040351506,0.0
257.14,-0.011,-0.006,0,0,0,69.99999999364238,0.019743634040351506,69.99999999364238,0.019743634040351506,0.0
257.348,-0.019,-0.013,0,0,0,69.99999999364238,0.019743634040351506,69.99999999364238,0.019743634040351506,0.0
257.556,-0.027,-0.014,0,0,0,69.99999999364238,0.019743634040351506,69.99999999364238,0.019743634040351506,0.0
257.764,-0.031,-0.01,0,0,0,69.99999999364238,0.019743634040351506,69.99999999364238,0.019743634040351506,0.0
257.972,-0.031,-0.003,0,0,0,69.99999999364238,0.019743634040351506,69.99999999364238,0.019743634040351506,0.0
258.172,-0.023,0.003,0,0,0,69.99999999364238,0.019743634040351506,69.99999999364238,0.019743634040351506,0.0
258.38,-0.012,0.007,0,0,0,69.99999999364238,0.019743634040351506,69.99999999364238,0.019743634040351506,0.0
258.588,-0.001,0.005,0,0,0,69.99999999364238,0.019743634040351506,69.99999999364238,0.019743634040351506,0.0
258.796,0.008,-0.0,0,0,0,70.0079999913827,0.01974354987964903,70.0079999913827,0.01974354987964903,0.0
259.004,0.01,-0.006,0,0,0,70.00999999070481,0.0197435288394746,70.00999999070481,0.0197435288394746,0.0
259.212,0.008,-0.007,0,0,0,70.00799999059197,0.01974354987965735,70.00799999059197,0.01974354987965735,0.0
259.42,0.002,-0.002,0,0,0,70.00199999115712,0.01974361300019609,70.00199999115712,0.01974361300019609,0.0
259.628,-0.004,0.009,0,0,0,69.99999999364238,0.019743634040351506,69.99999999364238,0.019743634040351506,0.0
259.836,-0.009,0.024,0,0,0,69.99999999364238,0.019743634040351506,69.99999999364238,0.019743634040351506,0.0
260.044,-0.011,0.033,0,0,0,69.99999999364238,0.019743634040351506,69.99999999364238,0.019743634040351506,0.0
260.244,-0.007,0.033,0,0,0,69.99999999364238,0.019743634040351506,69.99999999364238,0.019743634040351506,0.0
260.452,0.0,0.026,0,0,0,69.99999999432015,0.019743634040344377,69.99999999432015,0.019743634040344377,0.0
260.66,0.011,0.016,0,0,0,70.01099999318993,0.019743518319357674,70.01099999318993,0.019743518319357674,0.0
260.868,0.022,0.006,0,0,0,70.0219999920597,0.019743402598370974,70.0219999920597,0.019743402598370974,0.0
261.076,0.03,-0.001,0,0,0,70.02999999126851,0.01974331843765305,70.02999999126851,0.01974331843765305,0.0
261.284,0.035,-0.004,0,0,0,70.03499999092936,0.019743265837202713,70.03499999092936,0.019743265837202713,0.0
261.492,0.035,0.0,0,0,0,70.03499999138121,0.01974326583719796,70.03499999138121,0.01974326583719796,0.0
261.7,0.031,0.01,0,0,0,70.03099999251106,0.019743307917549198,70.03099999251106,0.019743307917549198,0.0
261.908,0.023,0.02,0,0,0,70.02299999364111,0.019743392078263557,70.02299999364111,0.019743392078263557,0.0
262.116,0.016,0.028,0,0,0,70.0159999945452,0.019743465718889512,70.0159999945452,0.019743465718889512,0.0
262.324,0.009,0.035,0,0,0,70.00899999533631,0.019743539359516657,70.00899999533631,0.019743539359516657,0.0
262.532,0.003,0.042,0,0,0,70.00299999612739,0.01974360248005302,70.00299999612739,0.01974360248005302,0.0
262.732,-0.001,0.048,0,0,0,69.99999999364238,0.019743634040351506,69.99999999364238,0.019743634040351506,0.0
262.94,-0.003,0.057,0,0,0,69.99999999364238,0.019743634040351506,69.99999999364238,0.019743634040351506,0.0
263.148,-0.007,0.068,0,0,0,69.99999999364238,0.019743634040351506,69.99999999364238,0.019743634040351506,0.0
263.356,-0.015,0.082,0,0,0,69.99999999364238,0.019743634040351506,69.99999999364238,0.019743634040351506,0.0
263.564,-0.025,0.099,0,0,0,69.99999999364238,0.019743634040351506,69.99999999364238,0.019743634040351506,0.0
263.772,-0.038,0.113,0,0,0,69.99999999364238,0.019743634040351506,69.99999999364238,0.019743634040351506,0.0
263.98,-0.051,0.126,0,0,0,69.99999999364238,0.019743634040351506,69.99999999364238,0.019743634040351506,0.0
264.188,-0.062,0.14,0,0,0,69.99999999364238,0.019743634040351506,69.99999999364238,0.019743634040351506,0.0
264.396,-0.071,0.156,0,0,0,69.99999999364238,0.019743634040351506,69.99999999364238,0.019743634040351506,0.0
264.6,-0.078,0.174,0,0,0,69.99999999364238,0.019743634040351506,69.99999999364238,0.019743634040351506,0.0
264.804,-0.087,0.195,0,0,0,69.99999999364238,0.019743634040351506,69.99999999364238,0.019743634040351506,0.0
265.004,-0.095,0.219,0,0,0,69.99999999364238,0.019743634040351506,69.99999999364238,0.019743634040351506,0.0
265.208,-0.103,0.242,0,0,0,69.99999999364238,0.019743634040351506,69.99999999364238,0.019743634040351506,0.0
265.412,-0.112,0.265,0,0,0,69.99999999364238,0.019743634040351506,69.99999999364238,0.019743634040351506,0.0
265.612,-0.122,0.286,0,0,0,69.99999999364238,0.019743634040351506,69.99999999364238,0.019743634040351506,0.0
265.82,-0.135,0.304,0,0,0,69.99999999364238,0.019743634040351506,69.99999999364238,0.019743634040351506,0.0
266.028,-0.149,0.32,0,0,0,69.99999999364238,0.019743634040351506,69.99999999364238,0.019743634040351506,0.0
266.236,-0.162,0.336,0,0,0,69.99999999364238,0.019743634040351506,69.99999999364238,0.019743634040351506,0.0
266.444,-0.168,0.351,0,0,0,69.99999999364238,0.019743634040351506,69.99999999364238,0.019743634040351506,0.0
266.652,-0.17,0.366,0,0,0,69.99999999364238,0.019743634040351506,69.99999999364238,0.019743634040351506,0.0
266.86,-0.171,0.38,0,0,0,69.99999999364238,0.019743634040351506,69.99999999364238,0.019743634040351506,0.0
267.068,-0.175,0.391,0,0,0,69.99999999364238,0.019743634040351506,69.99999999364238,0.019743634040351506,0.0
267.276,-0.183,0.4,0,0,0,69.99999999364238,0.019743634040351506,69.99999999364238,0.019743634040351506,0.0
267.48,-0.193,0.411,0,0,0,69.99999999364238,0.019743634040351506,69.99999999364238,0.019743634040351506,0.0
267.688,-0.205,0.425,0,0,0,69.99999999364238,0.019743634040351506,69.99999999364238,0.019743634040351506,0.0
267.896,-0.216,0.439,0,0,0,69.99999999364238,0.019743634040351506,69.99999999364238,0.019743634040351506,0.0
268.104,-0.224,0.452,0,0,0,69.99999999364238,0.019743634040351506,69.99999999364238,0.019743634040351506,0.0
268.312,-0.228,0.463,0,0,0,69.99999999364238,0.019743634040351506,69.99999999364238,0.019743634040351506,0.0
268.516,-0.226,0.471,0,0,0,69.99999999364238,0.019743634040351506,69.99999999364238,0.019743634040351506,0.0
268.724,-0.222,0.476,0,0,0,69.99999999364238,0.019743634040351506,69.99999999364238,0.019743634040351506,0.0
268.932,-0.218,0.482,0,0,0,69.99999999364238,0.019743634040351506,69.99999999364238,0.019743634040351506,0.0
269.14,-0.215,0.489,0,0,0,69.99999999364238,0.019743634040351506,69.99999999364238,0.019743634040351506,0.0
269.348,-0.211,0.495,0,0,0,69.99999999364238,0.019743634040351506,69.99999999364238,0.019743634040351506,0.0
269.556,-0.21,0.501,0,0,0,69.99999999364238,0.019743634040351506,69.99999999364238,0.019743634040351506,0.0
269.764,-0.21,0.505,0,0,0,69.99999999364238,0.019743634040351506,69.99999999364238,0.019743634040351506,0.0
269.972,-0.208,0.508,0,0,0,69.99999999364238,0.019743634040351506,69.99999999364238,0.019743634040351506,0.0
270.176,-0.205,0.509,0,0,0,69.99999999364238,0.019743634040351506,69.99999999364238,0.019743634040351506,0.0
270.384,-0.201,0.511,0,0,0,69.99999999364238,0.019743634040351506,69.99999999364238,0.019743634040351506,0.0
270.592,-0.198,0.511,0,0,0,69.99999999364238,0.019743634040351506,69.99999999364238,0.019743634040351506,0.0
270.8,-0.197,0.513,0,0,0,69.99999999364238,0.019743634040351506,69.99999999364238,0.019743634040351506,0.0
271.008,-0.197,0.515,0,0,0,69.99999999364238,0.019743634040351506,69.99999999364238,0.019743634040351506,0.0
271.208,-0.197,0.517,0,0,0,69.99999999364238,0.019743634040351506,69.99999999364238,0.019743634040351506,0.0
271.416,-0.197,0.519,0,0,0,69.99999999364238,0.019743634040351506,69.99999999364238,0.019743634040351506,0.0
271.624,-0.2,0.52,0,0,0,69.99999999364238,0.019743634040351506,69.99999999364238,0.019743634040351506,0.0
271.832,-0.201,0.52,0,0,0,69.99999999364238,0.019743634040351506,69.99999999364238,0.019743634040351506,0.0
272.04,-0.199,0.519,0,0,0,69.99999999364238,0.019743634040351506,69.99999999364238,0.019743634040351506,0.0
272.248,-0.193,0.518,0,0,0,69.99999999364238,0.019743634040351506,69.99999999364238,0.019743634040351506,0.0
272.456,-0.184,0.518,0,0,0,69.99999999364238,0.019743634040351506,69.99999999364238,0.019743634040351506,0.0
272.664,-0.174,0.521,0,0,0,69.99999999364238,0.019743634040351506,69.99999999364238,0.019743634040351506,0.0
272.868,-0.17,0.523,0,0,0,69.99999999364238,0.019743634040351506,69.99999999364238,0.019743634040351506,0.0
273.076,-0.17,0.523,0,0,0,69.99999999364238,0.019743634040351506,69.99999999364238,0.019743634040351506,0.0
273.284,-0.171,0.525,0,0,0,69.99999999364238,0.019743634040351506,69.99999999364238,0.019743634040351506,0.0
273.492,-0.172,0.528,0,0,0,69.99999999364238,0.019743634040351506,69.99999999364238,0.019743634040351506,0.0
273.7,-0.173,0.534,0,0,0,69.99999999364238,0.019743634040351506,69.99999999364238,0.019743634040351506,0.0
273.908,-0.172,0.538,0,0,0,69.99999999364238,0.019743634040351506,69.99999999364238,0.019743634040351506,0.0
274.116,-0.157,0.536,0,0,0,69.99999999364238,0.019743634040351506,69.99999999364238,0.019743634040351506,0.0
274.324,-0.108,0.528,0,0,0,69.99999999364238,0.019743634040351506,69.99999999364238,0.019743634040351506,0.0
274.532,0.012,0.515,0,0,0,70.01200004955784,0.0197435077986739,70.01200004955784,0.0197435077986739,0.0
274.732,0.228,0.497,0,0,0,70.22800004751382,0.019741837180839206,70.22800004751382,0.019741837180839206,0.0
274.94,0.605,0.466,0,0,0,70.60500004400444,0.01974422678464233,70.60500004400444,0.01974422678464233,0.0
275.148,1.19,0.415,1,1,0,71.19000003662597,0.019748668023519978,71.19000003662597,0.019748668023519978,0.0
275.356,2.044,0.335,2,2,0,72.04400002506758,0.01977140096161589,72.04400002506758,0.01977140096161589,0.0
275.564,3.232,0.23,3,3,0,73.23200001022788,0.01983369870267405,73.23200001022788,0.01983369870267405,0.0
275.772,4.827,0.106,5,5,0,74.82699998908252,0.019981316684160283,74.82699998908252,0.019981316684160283,0.0
275.98,6.912,-0.032,7,7,0,76.91199997158009,0.020212920119715427,76.91199997158009,0.020212920119715427,0.0
276.188,9.579,-0.182,9,9,0,79.57899996163277,0.02056907066491886,79.57899996163277,0.02056907066491886,0.0
276.396,12.786,-0.334,13,13,0,82.78600007107258,0.020804991715409837,82.78600007107258,0.020804991715409837,0.0
276.604,16.326,-0.449,16,16,0,86.32600008147203,0.020376935134367766,86.32600008147203,0.020376935134367766,0.0
276.812,20.01,-0.422,20,20,0,90.00999970977142,0.019134376632323494,90.00999970977142,0.019134376632323494,0.0
277.02,23.673,-0.243,24,24,0,93.67299926294409,0.01780992642984641,93.67299926294409,0.01780992642984641,0.0
277.22,27.083,-0.029,28,28,0,97.08299932917095,0.01785477100479802,97.08299932917095,0.01785477100479802,0.0
277.428,30.504,0.142,31,31,0,100.50399849127669,0.020389654207490875,100.50399849127669,0.020389654207490875,0.0
277.636,33.822,0.218,35,35,0,103.82199634602851,0.023887948282734224,103.82199634602851,0.023887948282734224,0.0
277.844,37.051,0.197,38,38,0,107.05099469024597,0.026640034181595964,107.05099469024597,0.026640034181595964,0.0
278.052,40.2,0.101,41,41,0,110.19999412063069,0.025297457121309142,110.19999412063069,0.025297457121309142,0.0
278.26,43.279,-0.038,45,45,0,113.27898693210511,0.018650161901866694,113.27898693210511,0.018650161901866694,0.0
278.468,46.305,-0.19,48,48,0,116.30497529384229,0.010564384028334251,116.30497529384229,0.010564384028334251,0.0
278.676,49.296,-0.329,51,51,0,119.29596351086184,0.0034680963790020176,119.29596351086184,0.0034680963790020176,0.0
278.884,52.268,-0.437,54,54,0,122.2679582775144,0.004946835855888944,122.2679582775144,0.004946835855888944,0.0
279.092,55.236,-0.5,57,57,0,125.23591313341004,0.020509301496637013,125.23591313341004,0.020509301496637013,0.0
279.3,58.213,-0.514,60,60,0,128.21289086961923,0.03300338557846064,128.21289086961923,0.03300338557846064,0.0
279.508,61.21,-0.482,63,63,0,131.20985511995286,0.04965196436051552,131.20985511995286,0.04965196436051552,0.0
279.708,64.116,-0.419,66,66,0,134.1158508268937,0.053007829213686956,134.1158508268937,0.053007829213686956,0.0
279.916,67.17,-0.331,69,69,0,137.1696931895554,0.02514115921385797,137.1696931895554,0.02514115921385797,0.0
280.124,70.14,-0.243,72,72,0,140.13960284853178,0.031386432053146514,140.13960284853178,0.031386432053146514,0.0
280.332,73.259,-0.155,76,76,0,143.2585550252852,0.018408189787511645,143.2585550252852,0.018408189787511645,0.0
280.54,76.402,-0.087,79,79,0,146.40151557483614,0.0031400910407357353,146.40151557483614,0.0031400910407357353,0.0
280.748,79.561,-0.045,82,82,0,149.5604699992801,0.015191772398181612,149.5604699992801,0.015191772398181612,0.0
280.956,82.728,-0.033,86,86,0,152.7267915194484,-0.03888025910670493,152.7267915194484,-0.03888025910670493,0.0
281.164,85.894,-0.046,89,89,0,155.89270823055023,-0.05951401762088699,155.89270823055023,-0.05951401762088699,0.0
281.372,89.053,-0.074,92,92,0,159.05163500736435,-0.03813817158328311,159.05163500736435,-0.03813817158328311,0.0
281.58,92.197,-0.105,95,95,0,162.1952079385349,0.0138915276875819,162.1952079385349,0.0138915276875819,0.0
281.788,95.322,-0.133,99,99,0,165.31964117216182,-0.030102143589769238,165.31964117216182,-0.030102143589769238,0.0
281.996,98.426,-0.15,102,102,0,168.4233849246357,-0.05806493964836093,168.4233849246357,-0.05806493964836093,0.0
282.196,101.392,-0.15,105,105,0,171.38930123533672,-0.04937624219987185,171.38930123533672,-0.04937624219987185,0.0
282.404,104.46,-0.136,108,108,0,174.45676656712968,0.005443293426149423,174.45676656712968,0.005443293426149423,0.0
282.612,107.517,-0.108,111,111,0,177.5125701810483,-0.054714870270452055,177.5125701810483,-0.054714870270452055,0.0
282.82,110.565,-0.074,114,114,0,180.56042325757156,-0.09561850875317726,180.56042325757156,-0.09561850875317726,0.0
283.028,113.604,-0.038,118,118,0,183.5993548990653,-0.08094785482759767,183.5993548990653,-0.08094785482759767,0.0
283.236,116.638,-0.005,121,121,0,186.63240673558295,-0.010260605552197617,186.63240673558295,-0.010260605552197617,0.0
283.444,119.67,0.02,124,124,0,189.66314309271894,-0.0341517844557332,189.66314309271894,-0.0341517844557332,0.0
283.652,122.703,0.034,127,127,0,192.6959899956808,-0.07237753312829039,192.6959899956808,-0.07237753312829039,0.0
283.86,125.737,0.035,130,130,0,195.7299360859923,-0.06570930061231695,195.7299360859923,-0.06570930061231695,0.0
284.068,128.77,0.027,133,133,0,198.76241486521943,-0.013839766709243032,198.76241486521943,-0.013839766709243032,0.0
284.276,131.802,0.015,137,137,0,200.04633422966708,1.8133511496851036,200.04633422966708,1.8133511496851036,0.0
284.484,134.832,0.004,140,140,0,200.08934556520438,4.843417281487086,200.08934556520438,4.843417281487086,0.0
284.684,137.741,-0.003,143,143,0,200.08851894181004,7.752076981761248,200.08851894181004,7.752076981761248,0.0
284.892,140.76,-0.003,146,146,0,200.0447065225699,10.771059414516074,200.0447065225699,10.771059414516074,0.0
285.1,143.771,0.017,149,149,0,200.04200667616206,13.780713217363079,200.04200667616206,13.780713217363079,0.0
285.308,146.771,0.074,152,152,0,200.10464072469864,16.77994551607268,200.10464072469864,16.77994551607268,0.0
285.516,149.76,0.196,155,155,0,200.11329343152715,19.77100781542842,200.11329343152715,19.77100781542842,0.0
285.724,152.74,0.409,158,158,0,200.0689636264772,22.742229069222947,200.0689636264772,22.742229069222947,0.0
285.932,155.709,0.742,161,161,0,200.02454392972888,25.71542217773603,200.02454392972888,25.71542217773603,0.0
286.14,158.664,1.216,165,165,0,200.09922484212316,28.724679399091897,200.09922484212316,28.724679399091897,0.0
286.348,161.601,1.846,168,168,0,200.11477762270474,32.3951746642547,200.11477762270474,32.3951746642547,0.0
286.556,164.517,2.646,171,171,0,200.04155742692515,36.29584976243298,200.04155742692515,36.29584976243298,0.0
286.764,167.403,3.623,174,174,0,200.08647558314777,40.50407159594155,200.08647558314777,40.50407159594155,0.0
286.972,170.251,4.781,177,177,0,200.11526082725032,44.819508813489165,200.11526082725032,44.819508813489165,0.0
287.172,172.949,6.064,179,179,0,200.03489335098854,49.02440628106928,200.03489335098854,49.02440628106928,0.0
287.38,175.705,7.579,182,182,0,200.01458552171025,53.18961960041869,200.01458552171025,53.18961960041869,0.0
287.588,178.393,9.288,185,185,0,199.99051252340738,57.88555155292789,199.99051252340738,57.88555155292789,0.0
287.796,180.996,11.2,188,188,0,199.99671760222662,62.70767374149209,199.99671760222662,62.70767374149209,0.0
288.004,183.491,13.323,191,191,0,199.96056626345631,66.46151747661858,199.96056626345631,66.46151747661858,0.0
288.212,185.857,15.66,221,221,0,200.00438863982006,85.34544109858395,200.00438863982006,85.34544109858395,0.0
288.42,188.063,18.21,224,224,0,199.99854686918533,88.13193540366731,199.99854686918533,88.13193540366731,0.0
288.628,190.08,20.968,227,227,0,199.9952144478544,91.07494326576669,199.9952144478544,91.07494326576669,0.0
288.836,191.881,23.917,231,231,0,199.99659387274335,94.19052086442419,199.99659387274335,94.19052086442419,0.0
289.044,193.435,27.029,233,233,0,199.9989978519491,96.82852126123582,199.9989978519491,96.82852126123582,0.0
289.244,194.679,30.141,237,237,0,200.00001276984946,100.10383684897772,200.00001276984946,100.10383684897772,0.0
289.452,195.715,33.458,240,240,0,199.9987593214337,103.50438178999538,199.9987593214337,103.50438178999538,0.0
289.66,196.504,36.807,244,244,0,199.99578388822752,106.92677221024219,199.99578388822752,106.92677221024219,0.0
289.868,197.081,40.137,247,247,0,199.9957714457685,110.06414275749792,199.9957714457685,110.06414275749792,0.0
290.076,197.498,43.406,251,251,0,200.0014075367937,113.40385201704254,200.0014075367937,113.40385201704254,0.0
290.284,197.807,46.584,254,254,0,200.0097320075834,116.62228661641885,200.0097320075834,116.62228661641885,0.0
290.492,198.06,49.657,257,257,0,200.0161455064886,119.72491324453043,200.0161455064886,119.72491324453043,0.0
290.7,198.293,52.628,260,260,0,200.01334457503606,122.62584192545084,200.01334457503606,122.62584192545084,0.0
290.908,198.526,55.512,263,263,0,199.99826916329272,125.5200809916383,199.99826916329272,125.5200809916383,0.0
291.116,198.767,58.331,266,266,0,199.98259911731876,128.335911122489,199.98259911731876,128.335911122489,0.0
291.324,199.01,61.102,269,269,0,199.96551279740868,131.09647349972616,199.96551279740868,131.09647349972616,0.0
291.532,199.245,63.846,272,272,0,199.96123385298398,133.85453506245628,199.96123385298398,133.85453506245628,0.0
291.736,199.463,66.636,275,275,0,199.98452838679077,136.63566995565986,199.98452838679077,136.63566995565986,0.0
291.944,199.644,69.379,278,278,0,199.9859737105183,139.3764342656276,199.9859737105183,139.3764342656276,0.0
292.152,199.781,72.149,281,281,0,199.99047925332263,142.14709050696894,199.99047925332263,142.14709050696894,0.0
292.36,199.864,74.954,283,283,0,200.0071774396253,144.95290736195568,200.0071774396253,144.95290736195568,0.0
292.568,199.892,77.805,286,286,0,200.01462437301015,147.80400901799698,200.01462437301015,147.80400901799698,0.0
292.776,199.871,80.704,289,289,0,200.0240789071974,150.70305425932887,200.0240789071974,150.70305425932887,0.0
292.984,199.813,83.647,292,292,0,200.09777638411393,153.64549954177403,200.09777638411393,153.64549954177403,0.0
293.184,199.732,86.517,295,295,0,200.11859941578115,156.51546380707316,200.11859941578115,156.51546380707316,0.0
293.392,199.637,89.535,299,299,0,200.08652552677174,159.5329488478694,200.08652552677174,159.5329488478694,0.0
293.6,199.548,92.578,302,302,0,200.0019032966268,162.57406448123936,200.0019032966268,162.57406448123936,0.0
293.812,199.478,95.631,305,305,0,200.08855707776496,165.62554928266476,200.08855707776496,165.62554928266476,0.0
294.016,199.433,98.685,308,308,0,200.11859465758064,168.67967522225297,200.11859465758064,168.67967522225297,0.0
294.224,199.411,101.733,311,311,0,200.0919540500162,171.7278475258493,200.0919540500162,171.7278475258493,0.0
294.432,199.408,104.764,314,314,0,200.0092454507426,174.7580525464738,200.0092454507426,174.7580525464738,0.0
294.64,199.418,107.769,318,318,0,200.07964808845549,177.76126605189052,200.07964808845549,177.76126605189052,0.0
294.848,199.437,110.745,321,321,0,200.11601772707414,180.73601680049921,200.11601772707414,180.73601680049921,0.0
295.056,199.463,113.688,324,324,0,200.0998396310615,183.67858948509755,200.0998396310615,183.67858948509755,0.0
295.264,199.492,116.598,327,327,0,200.03238886286164,186.58758083171378,200.03238886286164,186.58758083171378,0.0
295.472,199.52,119.477,330,330,0,200.04928062734302,189.46635863719865,200.04928062734302,189.46635863719865,0.0
295.672,199.546,122.218,333,333,0,200.08814852926358,192.2090204004905,200.08814852926358,192.2090204004905,0.0
295.88,199.571,125.045,336,336,0,200.09080182381336,195.03602128786133,200.09080182381336,195.03602128786133,0.0
296.088,199.597,127.85,338,338,0,200.05467560514055,197.84178672496694,200.05467560514055,197.84178672496694,0.0
296.296,199.618,130.641,341,341,0,199.38849846185045,200.03715932669067,199.38849846185045,200.03715932669067,0.0
296.504,199.637,133.423,344,344,0,196.6092666043169,200.0947478595089,196.6092666043169,200.0947478595089,0.0
296.712,199.655,136.204,347,347,0,193.8321461685106,200.11473689562297,193.8321461685106,200.11473689562297,0.0
296.92,199.671,138.993,350,350,0,191.0374629664848,200.0960782152697,191.0374629664848,200.0960782152697,0.0
297.132,199.677,141.797,353,353,0,188.23701989833444,200.04033655812339,188.23701989833444,200.04033655812339,0.0
297.336,199.661,144.619,356,356,0,185.41688836989093,200.0848167926292,185.41688836989093,200.0848167926292,0.0
297.544,199.603,147.461,359,359,0,182.5728895139005,200.1315847560419,182.5728895139005,200.1315847560419,0.0
297.744,199.488,150.219,362,362,0,179.83339310157723,200.13093511765615,179.83339310157723,200.13093511765615,0.0
297.952,199.282,153.119,365,365,0,176.92859310743862,200.08093084594492,176.92859310743862,200.08093084594492,0.0
298.16,198.97,156.056,368,368,0,173.97878005211018,200.05567795093995,173.97878005211018,200.05567795093995,0.0
298.368,198.537,159.035,371,371,0,170.66022780204565,200.12749050817808,170.66022780204565,200.12749050817808,0.0
298.576,197.97,162.057,374,374,0,166.81073390740266,200.1270578367391,166.81073390740266,200.1270578367391,0.0
298.784,197.254,165.119,377,377,0,162.9729184534909,200.03664667305313,162.9729184534909,200.03664667305313,0.0
298.992,196.373,168.219,380,380,0,158.650398173334,200.12170200490243,158.650398173334,200.12170200490243,0.0
299.2,195.305,171.351,384,384,0,154.12505575621475,200.12493609272522,154.12505575621475,200.12493609272522,0.0
299.408,194.019,174.496,387,387,0,149.41342768611838,200.02583879309768,149.41342768611838,200.02583879309768,0.0
299.616,192.479,177.624,390,390,0,144.89473699574677,200.02695284931488,144.89473699574677,200.02695284931488,0.0
299.824,190.646,180.698,393,393,0,139.69499952420847,200.00539463262595,139.69499952420847,200.00539463262595,0.0
300.032,188.49,183.665,397,397,0,134.2046947229357,199.98241295863414,134.2046947229357,199.98241295863414,0.0
300.232,186.094,186.358,426,426,0,116.4992012657214,200.03029333800325,116.4992012657214,200.03029333800325,0.0
300.44,183.261,188.917,429,429,0,113.39889912388827,200.0217479655799,113.39889912388827,200.0217479655799,0.0
300.648,180.1,191.153,432,432,0,110.05673852731844,200.01485219938033,110.05673852731844,200.01485219938033,0.0
300.856,176.668,192.993,436,436,0,106.47229431348742,200.0137592106716,106.47229431348742,200.0137592106716,0.0
301.064,173.048,194.383,439,439,0,103.22118695225146,200.01660745111786,103.22118695225146,200.01660745111786,0.0
301.272,169.352,195.315,443,443,0,99.3855575619552,200.02065410317684,99.3855575619552,200.02065410317684,0.0
301.48,165.695,195.845,447,447,0,95.62494572488902,200.02306655123493,95.62494572488902,200.02306655123493,0.0
301.688,162.17,196.081,451,451,0,92.31263853092673,200.02301966809372,92.31263853092673,200.02301966809372,0.0
301.896,158.828,196.155,454,454,0,88.90009275043253,200.0211707892723,88.90009275043253,200.0211707892723,0.0
302.104,155.678,196.185,458,458,0,85.65693795267623,200.01852915093886,85.65693795267623,200.01852915093886,0.0
302.312,152.7,196.248,461,461,0,82.61138502372222,200.01620112459295,82.61138502372222,200.01620112459295,0.0
302.52,149.856,196.38,464,464,0,79.89288408539286,200.01529381508237,79.89288408539286,200.01529381508237,0.0
302.72,147.21,196.568,466,466,0,77.21372290521937,200.01660801647822,77.21372290521937,200.01660801647822,0.0
302.928,144.51,196.805,469,469,0,74.49162225853064,200.0208080705848,74.49162225853064,200.0208080705848,0.0
303.136,141.833,197.059,472,472,0,71.82017336587924,200.02613353678197,71.82017336587924,200.02613353678197,0.0
303.344,139.152,197.305,475,475,0,69.16596694494828,200.03126683783722,69.16596694494828,200.03126683783722,0.0
303.552,136.447,197.513,478,478,0,66.416713083656,200.03261372235005,66.416713083656,200.03261372235005,0.0
303.76,133.696,197.662,480,480,0,63.68766819693429,200.02607346609656,63.68766819693429,200.02607346609656,0.0
303.968,130.877,197.733,483,483,0,60.88725532710252,200.01663981803068,60.88725532710252,200.01663981803068,0.0
304.176,127.982,197.718,486,486,0,57.9978908848483,200.00543665712163,57.9978908848483,200.00543665712163,0.0
304.384,125.001,197.627,489,489,0,55.00968007663761,199.9963815518303,55.00968007663761,199.9963815518303,0.0
304.592,121.934,197.487,493,493,0,51.93848802459511,200.0022819961936,51.93848802459511,200.0022819961936,0.0
304.8,118.794,197.335,496,496,0,48.78956089132518,200.01848448666567,48.78956089132518,200.01848448666567,0.0
305.008,115.596,197.206,499,499,0,45.5879322833542,200.03073459199405,45.5879322833542,200.03073459199405,0.0
305.208,112.487,197.127,503,503,0,42.47945263775548,200.04667164546566,42.47945263775548,200.04667164546566,0.0
305.416,109.241,197.102,506,506,0,39.239216480544364,200.0411667901637,39.239216480544364,200.0411667901637,0.0
305.624,106.004,197.135,509,509,0,36.00685768872052,200.0695765974648,36.00685768872052,200.0695765974648,0.0
305.832,102.798,197.218,513,513,0,32.80306855809255,200.13187674165385,32.80306855809255,200.13187674165385,0.0
306.04,99.643,197.335,516,516,0,29.647810808288472,200.13139060506978,29.647810808288472,200.13139060506978,0.0
306.248,96.552,197.472,519,519,0,26.555761065046084,200.07152335288112,26.555761065046084,200.07152335288112,0.0
306.456,93.531,197.615,522,522,0,23.535080996201508,200.06786582889956,23.535080996201508,200.06786582889956,0.0
306.664,90.58,197.755,525,525,0,20.58371479883445,200.12673509992507,20.58371479883445,200.12673509992507,0.0
306.872,87.692,197.882,528,528,0,17.695049976919034,200.13370157257341,17.695049976919034,200.13370157257341,0.0
307.08,84.86,197.991,531,531,0,14.863583384699432,200.0916498043171,14.863583384699432,200.0916498043171,0.0
307.288,82.075,198.083,534,534,0,12.080489831032024,200.03188325691482,12.080489831032024,200.03188325691482,0.0
307.496,79.32,198.16,537,537,0,9.327605978902476,200.09339381152196,9.327605978902476,200.09339381152196,0.0
307.696,76.682,198.223,540,540,0,6.691837704618373,200.11611742441397,6.691837704618373,200.11611742441397,0.0
307.904,73.94,198.278,543,543,0,3.9508372721933824,200.10404597914078,3.9508372721933824,200.10404597914078,0.0
308.112,71.188,198.33,545,545,0,1.1996024973464623,200.05364335863902,1.1996024973464623,200.05364335863902,0.0
308.32,68.416,198.383,548,548,0,-0.03484457576815243,198.4092251240557,-0.03484457576815243,198.4092251240557,0.0
308.528,65.621,198.445,551,551,0,-0.06799683648882847,195.6070128838251,-0.06799683648882847,195.6070128838251,0.0
308.736,62.795,198.519,554,554,0,-0.06547236042457207,192.78290890262483,-0.06547236042457207,192.78290890262483,0.0
308.944,59.938,198.607,557,557,0,-0.026497879362780336,189.9502798162354,-0.026497879362780336,189.9502798162354,0.0
309.152,57.046,198.701,560,560,0,-0.0477358752516269,187.07127852623188,-0.0477358752516269,187.07127852623188,0.0
309.36,54.118,198.781,563,563,0,-0.09049694951055894,184.14848721626728,-0.09049694951055894,184.14848721626728,0.0
309.568,51.156,198.812,566,566,0,-0.0817751876686727,181.1834776587216,-0.0817751876686727,181.1834776587216,0.0
309.776,48.157,198.754,569,569,0,-0.01607797398243537,178.04957283719023,-0.01607797398243537,178.04957283719023,0.0
309.984,45.121,198.579,573,573,0,-0.07119896844640554,174.77590633813762,-0.07119896844640554,174.77590633813762,0.0
310.184,42.167,198.281,576,576,0,-0.0953633824630472,171.4493660371812,-0.0953633824630472,171.4493660371812,0.0
310.392,39.058,197.824,579,579,0,-0.03973046080061604,167.60484565570923,-0.03973046080061604,167.60484565570923,0.0
310.6,35.91,197.207,582,582,0,-0.06742070169656075,163.71861393123876,-0.06742070169656075,163.71861393123876,0.0
310.808,32.729,196.413,585,585,0,-0.09243799002312718,159.50535908978438,-0.09243799002312718,159.50535908978438,0.0
311.016,29.527,195.421,589,589,0,-0.0008060482305864598,155.04552749746836,-0.0008060482305864598,155.04552749746836,0.0
311.224,26.321,194.195,592,592,0,-0.0053432822341067535,150.35778290650236,-0.0053432822341067535,150.35778290650236,0.0
311.432,23.142,192.697,595,595,0,0.011977841431318347,145.8499530464163,0.011977841431318347,145.8499530464163,0.0
311.64,20.042,190.891,599,599,0,0.07726265198015665,140.62792086702888,0.07726265198015665,140.62792086702888,0.0
311.848,17.077,188.751,602,602,0,0.07817509489910018,135.7259351028841,0.07817509489910018,135.7259351028841,0.0
312.056,14.315,186.268,605,605,0,0.011976831287094192,130.47268711213698,0.011976831287094192,130.47268711213698,0.0
312.264,11.825,183.454,635,635,0,-0.00953148776144274,113.49557959383182,-0.00953148776144274,113.49557959383182,0.0
312.472,9.674,180.351,639,639,0,1.7690342719022068e-05,110.1707262758424,1.7690342719022068e-05,110.1707262758424,0.0
312.672,7.974,177.156,642,642,0,0.01683800218201828,107.41485892262256,0.01683800218201828,107.41485892262256,0.0
312.88,6.615,173.7,645,645,0,0.01540339872981312,103.78325194120572,0.01540339872981312,103.78325194120572,0.0
313.088,5.659,170.206,649,649,0,0.0033164236448604435,100.1627726045611,0.0033164236448604435,100.1627726045611,0.0
313.296,5.044,166.764,653,653,0,-0.006026284225364335,96.61014296265041,-0.006026284225364335,96.61014296265041,0.0
313.504,4.673,163.437,656,656,0,-0.007159252167573879,93.53636911525827,-0.007159252167573879,93.53636911525827,0.0
313.712,4.441,160.266,660,660,0,-0.0032900901605354207,90.25686935053305,-0.0032900901605354207,90.25686935053305,0.0
313.92,4.258,157.255,663,663,0,0.00043682087704512607,87.17188375979428,0.00043682087704512607,87.17188375979428,0.0
314.128,4.067,154.382,666,666,0,0.0025429254541759045,84.42042643933576,0.0025429254541759045,84.42042643933576,0.0
314.336,3.843,151.61,669,669,0,0.002376953303968966,81.60230359280038,0.002376953303968966,81.60230359280038,0.0
314.544,3.585,148.904,672,672,0,0.00114619041242247,78.88673429641965,0.00114619041242247,78.88673429641965,0.0
314.744,3.322,146.336,675,675,0,2.510911251885935e-05,76.33921121218349,2.510911251885935e-05,76.33921121218349,0.0
314.952,3.049,143.673,678,678,0,-0.0008050564647141963,73.57960304284923,-0.0008050564647141963,73.57960304284923,0.0
315.16,2.795,140.994,681,681,0,-0.0008546473067475276,70.95666869260154,-0.0008546473067475276,70.95666869260154,0.0
315.368,2.58,138.281,683,683,0,-0.0004982857923656286,68.27542447015564,-0.0004982857923656286,68.27542447015564,0.0
315.576,2.423,135.517,686,686,0,-6.689971274226153e-05,65.5520592877408,-6.689971274226153e-05,65.5520592877408,0.0
315.784,2.337,132.689,689,689,0,0.00023379386027434418,62.76300012569875,0.00023379386027434418,62.76300012569875,0.0
315.992,2.324,129.788,692,692,0,0.0002771531694998301,59.78802952568127,0.0002771531694998301,59.78802952568127,0.0
316.2,2.374,126.81,696,696,0,0.0001509385242156838,56.82360991173435,0.0001509385242156838,56.82360991173435,0.0
316.408,2.461,123.758,699,699,0,-5.032886234379238e-07,53.75794786177962,-5.032886234379238e-07,53.75794786177962,0.0
316.616,2.558,120.644,702,702,0,-8.541046679623068e-05,50.679326141781665,-8.541046679623068e-05,50.679326141781665,0.0
316.824,2.637,117.485,706,706,0,-7.725995113642991e-05,47.48040647193821,-7.725995113642991e-05,47.48040647193821,0.0
317.032,2.678,114.3,709,709,0,-2.616712597269942e-05,44.2853781431154,-2.616712597269942e-05,44.2853781431154,0.0
317.232,2.676,111.233,712,712,0,1.5292934512307827e-05,41.2266549149524,1.5292934512307827e-05,41.2266549149524,0.0
317.44,2.635,108.061,716,716,0,2.8918838948306957e-05,38.05161218026094,2.8918838948306957e-05,38.05161218026094,0.0
317.648,2.559,104.923,719,719,0,1.960604257001032e-05,34.927366647799154,1.960604257001032e-05,34.927366647799154,0.0
317.856,2.455,101.832,722,722,0,2.8623353892372176e-06,31.840834978415078,2.8623353892372176e-06,31.840834978415078,0.0
318.064,2.335,98.798,725,725,0,-6.385981323588486e-06,28.802904410446473,-6.385981323588486e-06,28.802904410446473,0.0
318.272,2.211,95.819,729,729,0,-7.993756789501217e-06,25.820390385750397,-7.993756789501217e-06,25.820390385750397,0.0
318.48,2.088,92.897,732,732,0,-5.0590515107748785e-06,22.894848323308295,-5.0590515107748785e-06,22.894848323308295,0.0
318.688,1.973,90.027,735,735,0,-7.894063662560733e-09,20.0242158607832,-7.894063662560733e-09,20.0242158607832,0.0
318.896,1.875,87.205,738,738,0,0.0,20.02,0.0,20.02,0.0
319.104,1.795,84.419,741,741,0,0.0,20.02,0.0,20.02,0.0
319.312,1.726,81.658,744,744,0,0.0,20.02,0.0,20.02,0.0
319.52,1.67,78.912,747,747,0,0.0,20.02,0.0,20.02,0.0
319.72,1.624,76.275,749,749,0,0.0,20.02,0.0,20.02,0.0
319.928,1.578,73.523,752,752,0,0.0,20.02,0.0,20.02,0.0
320.136,1.529,70.753,755,755,0,0.0,20.02,0.0,20.02,0.0
320.344,1.473,67.96,758,758,0,0.0,20.02,0.0,20.02,0.0
320.552,1.403,65.138,761,761,0,0.0,20.02,0.0,20.02,0.0
320.76,1.317,62.287,764,764,0,0.0,20.02,0.0,20.02,0.0
320.968,1.21,59.407,767,767,0,0.0,20.02,0.0,20.02,0.0
321.176,1.084,56.503,771,771,0,0.0,20.02,0.0,20.02,0.0
321.384,0.943,53.579,774,774,0,0.0,20.02,0.0,20.02,0.0
321.592,0.792,50.643,777,777,0,0.0,20.02,0.0,20.02,0.0
321.8,0.635,47.702,780,780,0,0.0,20.02,0.0,20.02,0.0
322.008,0.48,44.761,783,783,0,0.0,20.02,0.0,20.02,0.0
322.208,0.338,41.935,786,786,0,0.0,20.02,0.0,20.02,0.0
322.416,0.201,39.004,789,789,0,0.0,20.02,0.0,20.02,0.0
322.624,0.08,36.082,792,792,0,0.0,20.02,0.0,20.02,0.0
322.832,-0.025,33.173,795,795,0,0.0,20.02,0.0,20.02,0.0
323.04,-0.112,30.276,799,799,0,0.0,20.02,0.0,20.02,0.0
323.248,-0.185,27.39,802,802,0,0.0,20.02,0.0,20.02,0.0
323.456,-0.242,24.526,805,805,0,0.0,20.02,0.0,20.02,0.0
323.664,-0.273,21.743,808,808,0,0.0,20.02,0.0,20.02,0.0
323.872,-0.282,19.037,809,809,0,0.0,20.02,0.0,20.02,0.0
324.08,-0.276,16.395,809,809,0,0.0,20.02,0.0,20.02,0.0
324.288,-0.264,13.806,809,809,0,0.0,20.02,0.0,20.02,0.0
324.496,-0.254,11.269,809,809,0,0.0,20.02,0.0,20.02,0.0
324.696,-0.253,8.888,0,809,809,69.99999999364238,0.019743634040351506,0.0,20.02,72.8011693162551
324.904,-0.266,6.491,0,809,809,69.99999999364238,0.019743634040351506,0.0,20.02,72.8011693162551
325.112,-0.286,4.19,0,809,809,69.99999999364238,0.019743634040351506,0.0,20.02,72.8011693162551
325.32,-0.308,1.988,0,809,809,69.99999999364238,0.019743634040351506,0.0,20.02,72.8011693162551
325.528,-0.331,-0.114,0,809,809,69.99999999364238,0.019743634040351506,0.0,20.02,72.8011693162551
325.736,-0.355,-2.121,0,809,809,69.99999999364238,0.019743634040351506,0.0,20.02,72.8011693162551
325.944,-0.381,-4.033,0,809,809,69.99999999364238,0.019743634040351506,0.0,20.02,72.8011693162551
326.152,-0.402,-5.853,0,809,809,69.99999999364238,0.019743634040351506,0.0,20.02,72.8011693162551
326.36,-0.418,-7.585,0,809,809,69.99999999364238,0.019743634040351506,0.0,20.02,72.8011693162551
326.568,-0.428,-9.232,0,809,809,69.99999999364238,0.019743634040351506,0.0,20.02,72.8011693162551
326.776,-0.432,-10.805,0,809,809,69.99999999364238,0.019743634040351506,0.0,20.02,72.8011693162551
326.984,-0.432,-12.308,0,809,809,69.99999999364238,0.019743634040351506,0.0,20.02,72.8011693162551
327.184,-0.429,-13.695,0,809,809,69.99999999364238,0.019743634040351506,0.0,20.02,72.8011693162551
327.392,-0.424,-15.077,0,809,809,69.99999999364238,0.019743634040351506,0.0,20.02,72.8011693162551
327.6,-0.42,-16.398,0,809,809,69.99999999364238,0.019743634040351506,0.0,20.02,72.8011693162551
327.808,-0.417,-17.66,0,809,809,69.99999999364238,0.019743634040351506,0.0,20.02,72.8011693162551
328.016,-0.417,-18.86,0,809,809,69.99999999364238,0.019743634040351506,0.0,20.02,72.8011693162551
328.224,-0.42,-19.998,0,809,809,69.99999999364238,0.019743634040351506,0.0,20.02,72.8011693162551
328.432,-0.426,-21.074,0,809,809,69.99999999364238,0.019743634040351506,0.0,20.02,72.8011693162551
328.64,-0.436,-22.17,0,809,809,69.99999999364238,0.019743634040351506,0.0,20.02,72.8011693162551
328.848,-0.454,-23.386,0,809,809,69.99999999364238,0.019743634040351506,0.0,20.02,72.8011693162551
329.056,-0.478,-24.599,0,809,809,69.99999999364238,0.019743634040351506,0.0,20.02,72.8011693162551
329.26,-0.506,-25.576,0,809,809,69.99999999364238,0.019743634040351506,0.0,20.02,72.8011693162551
329.464,-0.525,-26.135,0,809,809,69.99999999364238,0.019743634040351506,0.0,20.02,72.8011693162551
329.672,-0.514,-26.192,0,809,809,69.99999999364238,0.019743634040351506,0.0,20.02,72.8011693162551
329.88,-0.46,-25.696,0,809,809,69.99999999364238,0.019743634040351506,0.0,20.02,72.8011693162551
330.088,-0.349,-24.689,0,809,809,69.99999999364238,0.019743634040351506,0.0,20.02,72.8011693162551
330.296,-0.186,-23.283,0,809,809,69.99999999364238,0.019743634040351506,0.0,20.02,72.8011693162551
330.504,0.003,-21.596,0,809,809,70.00299755185898,0.019743602505766945,0.0,20.02,72.80405155079684
330.712,0.163,-19.773,0,809,809,70.16299775777956,0.019741919289075687,0.0,20.02,72.95790963050698
330.92,0.262,-17.98,0,809,809,70.26199796031713,0.019742052675646868,0.0,20.02,73.05312228327493
331.128,0.296,-16.297,0,809,809,70.29599815043123,0.019742268184889205,0.0,20.02,73.08582396952545
331.336,0.28,-14.721,0,809,809,70.27999832845941,0.019742166770470665,0.0,20.02,73.07043505032604
331.544,0.232,-13.23,0,809,809,70.23199849688649,0.01974186252489734,0.0,20.02,73.024269516595
331.744,0.173,-11.843,0,809,809,70.17299865356645,0.01974181407874412,0.0,20.02,72.96752748680024
331.952,0.111,-10.395,0,809,809,70.11099881713862,0.019742466322651746,0.0,20.02,72.90790393743487
332.16,0.051,-8.895,0,809,809,70.05099898658472,0.019743097526316013,0.0,20.02,72.85020751640616
332.368,-0.001,-7.328,0,809,809,69.99999999364238,0.019743634040351506,0.0,20.02,72.8011693162551
332.576,-0.044,-5.698,0,809,809,69.99999999364238,0.019743634040351506,0.0,20.02,72.8011693162551
332.784,-0.084,-4.029,0,809,809,69.99999999364238,0.019743634040351506,0.0,20.02,72.8011693162551
332.992,-0.125,-2.349,0,809,809,69.99999999364238,0.019743634040351506,0.0,20.02,72.8011693162551
333.2,-0.172,-0.675,0,809,809,69.99999999364238,0.019743634040351506,0.0,20.02,72.8011693162551
333.408,-0.228,0.987,0,809,809,69.99999999364238,0.019743634040351506,0.0,20.02,72.8011693162551
333.616,-0.287,2.636,0,809,809,69.99999999364238,0.019743634040351506,0.0,20.02,72.8011693162551
333.824,-0.345,4.279,0,809,809,69.99999999364238,0.019743634040351506,0.0,20.02,72.8011693162551
334.032,-0.392,5.926,0,809,809,69.99999999364238,0.019743634040351506,0.0,20.02,72.8011693162551
334.232,-0.422,7.52,0,809,809,69.99999999364238,0.019743634040351506,0.0,20.02,72.8011693162551
334.44,-0.434,9.188,0,809,809,69.99999999364238,0.019743634040351506,0.0,20.02,72.8011693162551
334.648,-0.424,10.795,809,809,0,0.0,20.02,0.0,20.02,0.0
334.856,-0.397,12.458,809,809,0,0.0,20.02,0.0,20.02,0.0
335.064,-0.359,14.013,809,809,0,0.0,20.02,0.0,20.02,0.0
335.272,-0.326,15.355,809,809,0,0.0,20.02,0.0,20.02,0.0
335.48,-0.312,16.457,809,809,0,0.0,20.02,0.0,20.02,0.0
335.688,-0.322,17.332,809,809,0,0.0,20.02,0.0,20.02,0.0
335.896,-0.349,18.008,809,809,0,0.0,20.02,0.0,20.02,0.0
336.104,-0.382,18.517,809,809,0,0.0,20.02,0.0,20.02,0.0
336.312,-0.409,18.888,809,809,0,0.0,20.02,0.0,20.02,0.0
336.52,-0.423,19.151,809,809,0,0.0,20.02,0.0,20.02,0.0
336.72,-0.417,19.324,809,809,0,0.0,20.02,0.0,20.02,0.0
336.928,-0.394,19.442,809,809,0,0.0,20.02,0.0,20.02,0.0
337.136,-0.359,19.513,809,809,0,0.0,20.02,0.0,20.02,0.0
337.344,-0.322,19.55,809,809,0,0.0,20.02,0.0,20.02,0.0
337.552,-0.29,19.552,809,809,0,0.0,20.02,0.0,20.02,0.0
337.76,-0.268,19.498,809,809,0,0.0,20.02,0.0,20.02,0.0
337.968,-0.249,19.431,809,809,0,0.0,20.02,0.0,20.02,0.0
338.176,-0.224,19.375,809,809,0,0.0,20.02,0.0,20.02,0.0
338.384,-0.197,19.331,809,809,0,0.0,20.02,0.0,20.02,0.0
338.592,-0.179,19.297,809,809,0,0.0,20.02,0.0,20.02,0.0
338.8,-0.18,19.278,809,809,0,0.0,20.02,0.0,20.02,0.0
339.008,-0.189,19.279,809,809,0,0.0,20.02,0.0,20.02,0.0
339.208,-0.189,19.298,809,809,0,0.0,20.02,0.0,20.02,0.0
339.416,-0.174,19.337,809,809,0,0.0,20.02,0.0,20.02,0.0
339.624,-0.146,19.385,809,809,0,0.0,20.02,0.0,20.02,0.0
339.832,-0.112,19.434,809,809,0,0.0,20.02,0.0,20.02,0.0
340.04,-0.081,19.478,809,809,0,0.0,20.02,0.0,20.02,0.0
340.248,-0.063,19.516,809,809,0,0.0,20.02,0.0,20.02,0.0
340.456,-0.058,19.547,809,809,0,0.0,20.02,0.0,20.02,0.0
340.664,-0.063,19.567,809,809,0,0.0,20.02,0.0,20.02,0.0
340.872,-0.068,19.575,809,809,0,0.0,20.02,0.0,20.02,0.0
341.08,-0.069,19.571,809,809,0,0.0,20.02,0.0,20.02,0.0
341.288,-0.066,19.557,809,809,0,0.0,20.02,0.0,20.02,0.0
341.496,-0.058,19.534,809,809,0,0.0,20.02,0.0,20.02,0.0
341.696,-0.052,19.505,809,809,0,0.0,20.02,0.0,20.02,0.0
341.904,-0.051,19.473,809,809,0,0.0,20.02,0.0,20.02,0.0
342.112,-0.057,19.44,809,809,0,0.0,20.02,0.0,20.02,0.0
342.32,-0.069,19.407,809,809,0,0.0,20.02,0.0,20.02,0.0
342.528,-0.081,19.375,809,809,0,0.0,20.02,0.0,20.02,0.0
342.736,-0.091,19.345,809,809,0,0.0,20.02,0.0,20.02,0.0
342.944,-0.097,19.317,809,809,0,0.0,20.02,0.0,20.02,0.0
343.152,-0.097,19.29,809,809,0,0.0,20.02,0.0,20.02,0.0
343.36,-0.094,19.27,809,809,0,0.0,20.02,0.0,20.02,0.0
343.568,-0.094,19.265,809,809,0,0.0,20.02,0.0,20.02,0.0
343.776,-0.095,19.277,809,809,0,0.0,20.02,0.0,20.02,0.0
343.984,-0.098,19.303,809,809,0,0.0,20.02,0.0,20.02,0.0
344.184,-0.099,19.33,809,809,0,0.0,20.02,0.0,20.02,0.0
344.392,-0.097,19.357,809,809,0,0.0,20.02,0.0,20.02,0.0
344.6,-0.093,19.381,809,809,0,0.0,20.02,0.0,20.02,0.0
344.808,-0.088,19.403,809,809,0,0.0,20.02,0.0,20.02,0.0
345.016,-0.084,19.421,809,809,0,0.0,20.02,0.0,20.02,0.0
345.224,-0.081,19.433,809,809,0,0.0,20.02,0.0,20.02,0.0
345.432,-0.08,19.44,809,809,0,0.0,20.02,0.0,20.02,0.0
345.644,-0.083,19.443,809,809,0,0.0,20.02,0.0,20.02,0.0
345.852,-0.09,19.443,809,809,0,0.0,20.02,0.0,20.02,0.0
346.056,-0.098,19.44,809,809,0,0.0,20.02,0.0,20.02,0.0
346.264,-0.106,19.431,809,809,0,0.0,20.02,0.0,20.02,0.0
346.472,-0.109,19.418,809,809,0,0.0,20.02,0.0,20.02,0.0
346.672,-0.112,19.401,809,809,0,0.0,20.02,0.0,20.02,0.0
346.88,-0.114,19.382,809,809,0,0.0,20.02,0.0,20.02,0.0
347.084,-0.115,19.364,809,809,0,0.0,20.02,0.0,20.02,0.0
347.292,-0.115,19.347,809,809,0,0.0,20.02,0.0,20.02,0.0
347.492,-0.113,19.332,809,809,0,0.0,20.02,0.0,20.02,0.0
347.7,-0.111,19.318,809,809,0,0.0,20.02,0.0,20.02,0.0
347.908,-0.112,19.309,809,809,0,0.0,20.02,0.0,20.02,0.0
348.116,-0.114,19.31,809,809,0,0.0,20.02,0.0,20.02,0.0
348.324,-0.118,19.324,809,809,0,0.0,20.02,0.0,20.02,0.0
348.532,-0.121,19.349,809,809,0,0.0,20.02,0.0,20.02,0.0
348.732,-0.121,19.377,809,809,0,0.0,20.02,0.0,20.02,0.0
348.94,-0.117,19.403,809,809,0,0.0,20.02,0.0,20.02,0.0
349.148,-0.111,19.427,809,809,0,0.0,20.02,0.0,20.02,0.0
349.356,-0.104,19.444,809,809,0,0.0,20.02,0.0,20.02,0.0
349.564,-0.098,19.458,809,809,0,0.0,20.02,0.0,20.02,0.0
349.772,-0.094,19.47,809,809,0,0.0,20.02,0.0,20.02,0.0
349.98,-0.093,19.48,809,809,0,0.0,20.02,0.0,20.02,0.0
350.188,-0.095,19.49,809,809,0,0.0,20.02,0.0,20.02,0.0
350.396,-0.099,19.496,809,809,0,0.0,20.02,0.0,20.02,0.0
350.604,-0.104,19.498,809,809,0,0.0,20.02,0.0,20.02,0.0
350.812,-0.108,19.495,809,809,0,0.0,20.02,0.0,20.02,0.0
351.02,-0.11,19.486,809,809,0,0.0,20.02,0.0,20.02,0.0
351.22,-0.109,19.472,809,809,0,0.0,20.02,0.0,20.02,0.0
351.428,-0.105,19.454,809,809,0,0.0,20.02,0.0,20.02,0.0
351.636,-0.104,19.432,809,809,0,0.0,20.02,0.0,20.02,0.0
351.848,-0.107,19.406,809,809,0,0.0,20.02,0.0,20.02,0.0
352.052,-0.112,19.38,809,809,0,0.0,20.02,0.0,20.02,0.0
352.26,-0.118,19.357,809,809,0,0.0,20.02,0.0,20.02,0.0
352.468,-0.126,19.338,809,809,0,0.0,20.02,0.0,20.02,0.0
352.676,-0.132,19.32,809,809,0,0.0,20.02,0.0,20.02,0.0
352.884,-0.134,19.308,809,809,0,0.0,20.02,0.0,20.02,0.0
353.092,-0.131,19.307,809,809,0,0.0,20.02,0.0,20.02,0.0
353.3,-0.121,19.321,809,809,0,0.0,20.02,0.0,20.02,0.0
353.508,-0.11,19.351,809,809,0,0.0,20.02,0.0,20.02,0.0
353.708,-0.099,19.384,809,809,0,0.0,20.02,0.0,20.02,0.0
353.916,-0.093,19.419,809,809,0,0.0,20.02,0.0,20.02,0.0
354.124,-0.087,19.453,809,809,0,0.0,20.02,0.0,20.02,0.0
354.332,-0.082,19.481,809,809,0,0.0,20.02,0.0,20.02,0.0
354.54,-0.073,19.501,809,809,0,0.0,20.02,0.0,20.02,0.0
354.748,-0.065,19.514,809,809,0,0.0,20.02,0.0,20.02,0.0
354.956,-0.062,19.519,809,809,0,0.0,20.02,0.0,20.02,0.0
355.164,-0.065,19.518,809,809,0,0.0,20.02,0.0,20.02,0.0
355.372,-0.075,19.514,809,809,0,0.0,20.02,0.0,20.02,0.0
355.58,-0.087,19.506,809,809,0,0.0,20.02,0.0,20.02,0.0
355.788,-0.1,19.494,809,809,0,0.0,20.02,0.0,20.02,0.0
355.996,-0.107,19.475,809,809,0,0.0,20.02,0.0,20.02,0.0
356.196,-0.107,19.45,809,809,0,0.0,20.02,0.0,20.02,0.0
356.404,-0.104,19.424,809,809,0,0.0,20.02,0.0,20.02,0.0
356.612,-0.102,19.397,809,809,0,0.0,20.02,0.0,20.02,0.0
356.82,-0.104,19.37,809,809,0,0.0,20.02,0.0,20.02,0.0
357.028,-0.11,19.346,809,809,0,0.0,20.02,0.0,20.02,0.0
357.236,-0.118,19.326,809,809,0,0.0,20.02,0.0,20.02,0.0
357.444,-0.125,19.312,809,809,0,0.0,20.02,0.0,20.02,0.0
357.652,-0.13,19.305,809,809,0,0.0,20.02,0.0,20.02,0.0
357.86,-0.136,19.306,809,809,0,0.0,20.02,0.0,20.02,0.0
358.068,-0.139,19.315,809,809,0,0.0,20.02,0.0,20.02,0.0
358.276,-0.139,19.333,809,809,0,0.0,20.02,0.0,20.02,0.0
358.484,-0.136,19.355,809,809,0,0.0,20.02,0.0,20.02,0.0
358.684,-0.132,19.376,809,809,0,0.0,20.02,0.0,20.02,0.0
358.892,-0.124,19.395,809,809,0,0.0,20.02,0.0,20.02,0.0
359.1,-0.113,19.41,809,809,0,0.0,20.02,0.0,20.02,0.0
359.308,-0.1,19.422,809,809,0,0.0,20.02,0.0,20.02,0.0
359.516,-0.091,19.433,809,809,0,0.0,20.02,0.0,20.02,0.0
359.724,-0.085,19.442,809,809,0,0.0,20.02,0.0,20.02,0.0
359.932,-0.084,19.448,809,809,0,0.0,20.02,0.0,20.02,0.0
360.14,-0.084,19.452,809,809,0,0.0,20.02,0.0,20.02,0.0
360.348,-0.085,19.453,809,809,0,0.0,20.02,0.0,20.02,0.0
360.556,-0.088,19.45,809,809,0,0.0,20.02,0.0,20.02,0.0
360.764,-0.088,19.444,809,809,0,0.0,20.02,0.0,20.02,0.0
360.972,-0.084,19.435,809,809,0,0.0,20.02,0.0,20.02,0.0
361.172,-0.079,19.425,809,809,0,0.0,20.02,0.0,20.02,0.0
361.38,-0.078,19.414,809,809,0,0.0,20.02,0.0,20.02,0.0
361.588,-0.079,19.402,809,809,0,0.0,20.02,0.0,20.02,0.0
361.796,-0.082,19.391,809,809,0,0.0,20.02,0.0,20.02,0.0
362.004,-0.083,19.38,809,809,0,0.0,20.02,0.0,20.02,0.0
362.212,-0.083,19.368,809,809,0,0.0,20.02,0.0,20.02,0.0
362.42,-0.085,19.356,809,809,0,0.0,20.02,0.0,20.02,0.0
362.628,-0.087,19.348,809,809,0,0.0,20.02,0.0,20.02,0.0
362.836,-0.086,19.345,809,809,0,0.0,20.02,0.0,20.02,0.0
363.044,-0.086,19.347,809,809,0,0.0,20.02,0.0,20.02,0.0
363.244,-0.086,19.357,809,809,0,0.0,20.02,0.0,20.02,0.0
363.452,-0.085,19.375,809,809,0,0.0,20.02,0.0,20.02,0.0
363.66,-0.086,19.397,809,809,0,0.0,20.02,0.0,20.02,0.0
363.868,-0.087,19.421,809,809,0,0.0,20.02,0.0,20.02,0.0
364.076,-0.086,19.446,809,809,0,0.0,20.02,0.0,20.02,0.0
364.284,-0.087,19.469,809,809,0,0.0,20.02,0.0,20.02,0.0
364.492,-0.09,19.486,809,809,0,0.0,20.02,0.0,20.02,0.0
364.7,-0.094,19.499,809,809,0,0.0,20.02,0.0,20.02,0.0
364.908,-0.098,19.507,809,809,0,0.0,20.02,0.0,20.02,0.0
365.116,-0.102,19.507,809,809,0,0.0,20.02,0.0,20.02,0.0
365.324,-0.105,19.501,809,809,0,0.0,20.02,0.0,20.02,0.0
365.532,-0.109,19.493,809,809,0,0.0,20.02,0.0,20.02,0.0
365.732,-0.114,19.485,809,809,0,0.0,20.02,0.0,20.02,0.0
365.94,-0.117,19.475,809,809,0,0.0,20.02,0.0,20.02,0.0
366.148,-0.117,19.461,809,809,0,0.0,20.02,0.0,20.02,0.0
366.356,-0.113,19.445,809,809,0,0.0,20.02,0.0,20.02,0.0
366.564,-0.107,19.428,809,809,0,0.0,20.02,0.0,20.02,0.0
366.772,-0.102,19.409,809,809,0,0.0,20.02,0.0,20.02,0.0
366.98,-0.101,19.391,809,809,0,0.0,20.02,0.0,20.02,0.0
367.188,-0.104,19.374,809,809,0,0.0,20.02,0.0,20.02,0.0
367.396,-0.107,19.361,809,809,0,0.0,20.02,0.0,20.02,0.0
367.604,-0.111,19.351,809,809,0,0.0,20.02,0.0,20.02,0.0
367.812,-0.116,19.345,809,809,0,0.0,20.02,0.0,20.02,0.0
368.02,-0.12,19.346,809,809,0,0.0,20.02,0.0,20.02,0.0
368.22,-0.118,19.355,809,809,0,0.0,20.02,0.0,20.02,0.0
368.428,-0.112,19.368,809,809,0,0.0,20.02,0.0,20.02,0.0
368.636,-0.104,19.384,809,809,0,0.0,20.02,0.0,20.02,0.0
368.844,-0.101,19.399,809,809,0,0.0,20.02,0.0,20.02,0.0
369.052,-0.101,19.414,809,809,0,0.0,20.02,0.0,20.02,0.0
369.26,-0.104,19.427,809,809,0,0.0,20.02,0.0,20.02,0.0
369.468,-0.108,19.44,809,809,0,0.0,20.02,0.0,20.02,0.0
369.676,-0.108,19.454,809,809,0,0.0,20.02,0.0,20.02,0.0
369.884,-0.106,19.467,809,809,0,0.0,20.02,0.0,20.02,0.0
370.092,-0.102,19.476,809,809,0,0.0,20.02,0.0,20.02,0.0
370.3,-0.096,19.482,809,809,0,0.0,20.02,0.0,20.02,0.0
370.508,-0.087,19.48,809,809,0,0.0,20.02,0.0,20.02,0.0
370.708,-0.079,19.474,809,809,0,0.0,20.02,0.0,20.02,0.0
370.916,-0.073,19.462,809,809,0,0.0,20.02,0.0,20.02,0.0
371.124,-0.071,19.447,809,809,0,0.0,20.02,0.0,20.02,0.0
371.332,-0.077,19.432,809,809,0,0.0,20.02,0.0,20.02,0.0
371.54,-0.088,19.417,809,809,0,0.0,20.02,0.0,20.02,0.0
371.748,-0.102,19.401,809,809,0,0.0,20.02,0.0,20.02,0.0
371.956,-0.112,19.388,809,809,0,0.0,20.02,0.0,20.02,0.0
372.164,-0.111,19.378,809,809,0,0.0,20.02,0.0,20.02,0.0
372.372,-0.102,19.37,809,809,0,0.0,20.02,0.0,20.02,0.0
372.58,-0.09,19.359,809,809,0,0.0,20.02,0.0,20.02,0.0
372.788,-0.081,19.347,809,809,0,0.0,20.02,0.0,20.02,0.0
372.996,-0.075,19.34,809,809,0,0.0,20.02,0.0,20.02,0.0
373.196,-0.07,19.339,809,809,0,0.0,20.02,0.0,20.02,0.0
373.404,-0.07,19.346,809,809,0,0.0,20.02,0.0,20.02,0.0
373.612,-0.073,19.363,809,809,0,0.0,20.02,0.0,20.02,0.0
373.82,-0.077,19.387,809,809,0,0.0,20.02,0.0,20.02,0.0
374.028,-0.078,19.412,809,809,0,0.0,20.02,0.0,20.02,0.0
374.236,-0.074,19.433,809,809,0,0.0,20.02,0.0,20.02,0.0
374.444,-0.065,19.451,809,809,0,0.0,20.02,0.0,20.02,0.0
374.652,-0.057,19.462,809,809,0,0.0,20.02,0.0,20.02,0.0
374.86,-0.052,19.469,809,809,0,0.0,20.02,0.0,20.02,0.0
375.068,-0.051,19.471,809,809,0,0.0,20.02,0.0,20.02,0.0
375.276,-0.052,19.471,809,809,0,0.0,20.02,0.0,20.02,0.0
375.484,-0.057,19.47,809,809,0,0.0,20.02,0.0,20.02,0.0
375.684,-0.061,19.469,809,809,0,0.0,20.02,0.0,20.02,0.0
375.892,-0.062,19.462,809,809,0,0.0,20.02,0.0,20.02,0.0
376.1,-0.062,19.451,809,809,0,0.0,20.02,0.0,20.02,0.0
376.308,-0.061,19.44,809,809,0,0.0,20.02,0.0,20.02,0.0
376.516,-0.062,19.436,809,809,0,0.0,20.02,0.0,20.02,0.0
376.724,-0.063,19.438,809,809,0,0.0,20.02,0.0,20.02,0.0
376.932,-0.062,19.439,809,809,0,0.0,20.02,0.0,20.02,0.0
377.14,-0.061,19.44,809,809,0,0.0,20.02,0.0,20.02,0.0
377.348,-0.058,19.437,809,809,0,0.0,20.02,0.0,20.02,0.0
377.556,-0.055,19.432,809,809,0,0.0,20.02,0.0,20.02,0.0
377.764,-0.051,19.425,809,809,0,0.0,20.02,0.0,20.02,0.0
377.972,-0.045,19.417,809,809,0,0.0,20.02,0.0,20.02,0.0
378.172,-0.038,19.412,809,809,0,0.0,20.02,0.0,20.02,0.0
378.38,-0.031,19.41,809,809,0,0.0,20.02,0.0,20.02,0.0
378.588,-0.025,19.406,809,809,0,0.0,20.02,0.0,20.02,0.0
378.796,-0.024,19.404,809,809,0,0.0,20.02,0.0,20.02,0.0
379.004,-0.023,19.405,809,809,0,0.0,20.02,0.0,20.02,0.0
379.212,-0.025,19.406,809,809,0,0.0,20.02,0.0,20.02,0.0
379.42,-0.026,19.404,809,809,0,0.0,20.02,0.0,20.02,0.0
379.628,-0.026,19.399,809,809,0,0.0,20.02,0.0,20.02,0.0
379.836,-0.026,19.392,809,809,0,0.0,20.02,0.0,20.02,0.0
380.044,-0.023,19.385,809,809,0,0.0,20.02,0.0,20.02,0.0
380.244,-0.015,19.38,809,809,0,0.0,20.02,0.0,20.02,0.0
380.452,-0.006,19.378,809,809,0,0.0,20.02,0.0,20.02,0.0
