{
  "dubins+nlgl": {
    "n_wps_mean": 6.0,
    "n_wps_std": 0.0,
    "n_wps_arrived_mean": 6.0,
    "n_wps_arrived_std": 0.0,
    "max_cpa_mean": 276.37264117719485,
    "max_cpa_std": 0.0,
    "mean_cpa_mean": 106.8478811120418,
    "mean_cpa_std": 0.0,
    "rms_crosstrack_mean": 64.93028190407662,
    "rms_crosstrack_std": 0.0,
    "max_crosstrack_mean": 178.99525705352582,
    "max_crosstrack_std": 0.0,
    "rms_altitude_err_mean": 13.614392696638578,
    "rms_altitude_err_std": 0.0,
    "max_altitude_err_mean": 33.96825159843468,
    "max_altitude_err_std": 0.0,
    "rms_crosstrack_straight_mean": 72.14715046608147,
    "rms_crosstrack_straight_std": 0.0,
    "rms_crosstrack_curved_mean": 37.143870961203476,
    "rms_crosstrack_curved_std": 0.0,
    "frac_time_curved_mean": 0.2585958410541487,
    "frac_time_curved_std": 0.0,
    "max_a_actual_g_mean": 0.4359301467730709,
    "max_a_actual_g_std": 0.0,
    "max_a_cmd_g_mean": 0.4359301467730709,
    "max_a_cmd_g_std": 0.0,
    "n_violations_mean": 3005.0,
    "n_violations_std": 0.0,
    "violation_time_ratio_mean": 0.20623155583007344,
    "violation_time_ratio_std": 0.0,
    "max_violation_g_mean": 0.1359301467730709,
    "max_violation_g_std": 0.0,
    "mean_violation_mean": 0.386487207542634,
    "mean_violation_std": 0.0,
    "path_max_a_required_g_mean": 1.9656089705505477,
    "path_max_a_required_g_std": 0.0,
    "path_rms_a_required_g_mean": 0.3136190032722794,
    "path_rms_a_required_g_std": 0.0,
    "path_max_phi_required_deg_mean": 63.035366221190245,
    "path_max_phi_required_deg_std": 0.0,
    "path_rms_phi_required_deg_mean": 12.078088838269409,
    "path_rms_phi_required_deg_std": 0.0,
    "path_feasibility_ratio_mean": 0.9800918836140888,
    "path_feasibility_ratio_std": 0.0,
    "path_max_excess_g_mean": 1.6656089705505477,
    "path_max_excess_g_std": 0.0,
    "excess_a_rms_g_mean": 0.2040892816247213,
    "excess_a_rms_g_std": 0.0,
    "excess_a_max_g_mean": 0.4359301467730709,
    "excess_a_max_g_std": 0.0,
    "excess_a_mean_g_mean": 0.14536069780752273,
    "excess_a_mean_g_std": 0.0,
    "bank_rate_rms_mean": 0.6238971828765089,
    "bank_rate_rms_std": 0.0,
    "thrust_rate_rms_mean": 0.3507529386752519,
    "thrust_rate_rms_std": 0.0,
    "phi_cmd_rms_excess_deg_mean": 7.868930404262809,
    "phi_cmd_rms_excess_deg_std": 0.0,
    "actual_path_length_mean": 2728.936451196892,
    "actual_path_length_std": 0.0,
    "planned_path_length_mean": 2601.59591493207,
    "planned_path_length_std": 0.0,
    "straight_line_length_mean": 3525.1697176210123,
    "straight_line_length_std": 0.0,
    "efficiency_vs_planned_mean": 0.9533369360034122,
    "efficiency_vs_planned_std": 0.0,
    "efficiency_vs_straight_mean": 1.2917742060555855,
    "efficiency_vs_straight_std": 0.0,
    "total_time_mean": 145.70000000001247,
    "total_time_std": 0.0,
    "planning_time_ms_mean": 16.069800010882318,
    "planning_time_ms_std": 0.0,
    "mean_compute_time_ms_mean": 0.8221597213804746,
    "mean_compute_time_ms_std": 0.0,
    "max_compute_time_ms_mean": 1.5947999781928957,
    "max_compute_time_ms_std": 0.0,
    "composite_score_mean": 255.11428125488302,
    "composite_score_std": 0.0,
    "success_mean": 1.0,
    "success_std": 0.0,
    "n_runs": 1,
    "success_rate": 1.0
  },
  "dubins+mpc": {
    "n_wps_mean": 6.0,
    "n_wps_std": 0.0,
    "n_wps_arrived_mean": 6.0,
    "n_wps_arrived_std": 0.0,
    "max_cpa_mean": 221.4491704366725,
    "max_cpa_std": 0.0,
    "mean_cpa_mean": 90.27917352294547,
    "mean_cpa_std": 0.0,
    "rms_crosstrack_mean": 9.130398248478159,
    "rms_crosstrack_std": 0.0,
    "max_crosstrack_mean": 50.353187317146464,
    "max_crosstrack_std": 0.0,
    "rms_altitude_err_mean": 14.876926151102682,
    "rms_altitude_err_std": 0.0,
    "max_altitude_err_mean": 36.79040595299949,
    "max_altitude_err_std": 0.0,
    "rms_crosstrack_straight_mean": 2.865142624124226,
    "rms_crosstrack_straight_std": 0.0,
    "rms_crosstrack_curved_mean": 15.198066852027178,
    "rms_crosstrack_curved_std": 0.0,
    "frac_time_curved_mean": 0.3373631540063134,
    "frac_time_curved_std": 0.0,
    "max_a_actual_g_mean": 1.0384013953514923,
    "max_a_actual_g_std": 0.0,
    "max_a_cmd_g_mean": 1.0384013953514923,
    "max_a_cmd_g_std": 0.0,
    "n_violations_mean": 5526.0,
    "n_violations_std": 0.0,
    "violation_time_ratio_mean": 0.3711464839814628,
    "violation_time_ratio_std": 0.0,
    "max_violation_g_mean": 0.7384013953514924,
    "max_violation_g_std": 0.0,
    "mean_violation_mean": 2.1667356772275634,
    "mean_violation_std": 0.0,
    "path_max_a_required_g_mean": 1.9656089705505477,
    "path_max_a_required_g_std": 0.0,
    "path_rms_a_required_g_mean": 0.3136190032722794,
    "path_rms_a_required_g_std": 0.0,
    "path_max_phi_required_deg_mean": 63.035366221190245,
    "path_max_phi_required_deg_std": 0.0,
    "path_rms_phi_required_deg_mean": 12.078088838269409,
    "path_rms_phi_required_deg_std": 0.0,
    "path_feasibility_ratio_mean": 0.9800918836140888,
    "path_feasibility_ratio_std": 0.0,
    "path_max_excess_g_mean": 1.6656089705505477,
    "path_max_excess_g_std": 0.0,
    "excess_a_rms_g_mean": 0.35747363525933223,
    "excess_a_rms_g_std": 0.0,
    "excess_a_max_g_mean": 1.8329364444388438,
    "excess_a_max_g_std": 0.0,
    "excess_a_mean_g_mean": 0.12280009947349475,
    "excess_a_mean_g_std": 0.0,
    "bank_rate_rms_mean": 6.064407201321349,
    "bank_rate_rms_std": 0.0,
    "thrust_rate_rms_mean": 0.3271168978461758,
    "thrust_rate_rms_std": 0.0,
    "phi_cmd_rms_excess_deg_mean": 12.875949403089379,
    "phi_cmd_rms_excess_deg_std": 0.0,
    "actual_path_length_mean": 2740.750638091922,
    "actual_path_length_std": 0.0,
    "planned_path_length_mean": 2601.59591493207,
    "planned_path_length_std": 0.0,
    "straight_line_length_mean": 3525.1697176210123,
    "straight_line_length_std": 0.0,
    "efficiency_vs_planned_mean": 0.9492275140883558,
    "efficiency_vs_planned_std": 0.0,
    "efficiency_vs_straight_mean": 1.2862059279041866,
    "efficiency_vs_straight_std": 0.0,
    "total_time_mean": 148.88000000000957,
    "total_time_std": 0.0,
    "planning_time_ms_mean": 19.37349996296689,
    "planning_time_ms_std": 0.0,
    "mean_compute_time_ms_mean": 6.065704809064285,
    "mean_compute_time_ms_std": 0.0,
    "max_compute_time_ms_mean": 159.3284000409767,
    "max_compute_time_ms_std": 0.0,
    "composite_score_mean": 323.87537577238953,
    "composite_score_std": 0.0,
    "success_mean": 1.0,
    "success_std": 0.0,
    "n_runs": 1,
    "success_rate": 1.0
  },
  "spline+nlgl": {
    "n_wps_mean": 6.0,
    "n_wps_std": 0.0,
    "n_wps_arrived_mean": 6.0,
    "n_wps_arrived_std": 0.0,
    "max_cpa_mean": 257.3984736684711,
    "max_cpa_std": 0.0,
    "mean_cpa_mean": 112.64468376020902,
    "mean_cpa_std": 0.0,
    "rms_crosstrack_mean": 49.137333882116565,
    "rms_crosstrack_std": 0.0,
    "max_crosstrack_mean": 120.79879313850654,
    "max_crosstrack_std": 0.0,
    "rms_altitude_err_mean": 14.02999432173231,
    "rms_altitude_err_std": 0.0,
    "max_altitude_err_mean": 40.53571324617144,
    "max_altitude_err_std": 0.0,
    "rms_crosstrack_straight_mean": 56.52715061572642,
    "rms_crosstrack_straight_std": 0.0,
    "rms_crosstrack_curved_mean": 47.22727625478031,
    "rms_crosstrack_curved_std": 0.0,
    "frac_time_curved_mean": 0.8092430710849089,
    "frac_time_curved_std": 0.0,
    "max_a_actual_g_mean": 0.3744948178276732,
    "max_a_actual_g_std": 0.0,
    "max_a_cmd_g_mean": 0.3744948178276732,
    "max_a_cmd_g_std": 0.0,
    "n_violations_mean": 3439.0,
    "n_violations_std": 0.0,
    "violation_time_ratio_mean": 0.23304194619502608,
    "violation_time_ratio_std": 0.0,
    "max_violation_g_mean": 0.07449481782767317,
    "max_violation_g_std": 0.0,
    "mean_violation_mean": 0.21980830478248883,
    "mean_violation_std": 0.0,
    "path_max_a_required_g_mean": 0.9052385283495352,
    "path_max_a_required_g_std": 0.0,