{
  "dubins+nlgl": {
    "n_wps_mean": 6.0,
    "n_wps_std": 0.0,
    "n_wps_arrived_mean": 6.0,
    "n_wps_arrived_std": 0.0,
    "max_cpa_mean": 283.22076939116624,
    "max_cpa_std": 0.0,
    "mean_cpa_mean": 106.1150385202984,
    "mean_cpa_std": 0.0,
    "rms_crosstrack_mean": 66.99022052854096,
    "rms_crosstrack_std": 0.0,
    "max_crosstrack_mean": 143.93670114300306,
    "max_crosstrack_std": 0.0,
    "rms_altitude_err_mean": 30.3108746265078,
    "rms_altitude_err_std": 0.0,
    "max_altitude_err_mean": 89.36739557172837,
    "max_altitude_err_std": 0.0,
    "rms_crosstrack_straight_mean": 69.42112999859732,
    "rms_crosstrack_straight_std": 0.0,
    "rms_crosstrack_curved_mean": 60.10750000365278,
    "rms_crosstrack_curved_std": 0.0,
    "frac_time_curved_mean": 0.27487455635785096,
    "frac_time_curved_std": 0.0,
    "max_a_actual_g_mean": 0.37589474195824474,
    "max_a_actual_g_std": 0.0,
    "max_a_cmd_g_mean": 0.37589474195824474,
    "max_a_cmd_g_std": 0.0,
    "n_violations_mean": 3417.0,
    "n_violations_std": 0.0,
    "violation_time_ratio_mean": 0.2090931342552931,
    "violation_time_ratio_std": 0.0,
    "max_violation_g_mean": 0.07589474195824476,
    "max_violation_g_std": 0.0,
    "mean_violation_mean": 0.2118398017057861,
    "mean_violation_std": 0.0,
    "path_max_a_required_g_mean": 1.9656089705505477,
    "path_max_a_required_g_std": 0.0,
    "path_rms_a_required_g_mean": 0.3136190032722794,
    "path_rms_a_required_g_std": 0.0,
    "path_max_phi_required_deg_mean": 63.035366221190245,
    "path_max_phi_required_deg_std": 0.0,
    "path_rms_phi_required_deg_mean": 12.078088838269409,
    "path_rms_phi_required_deg_std": 0.0,
    "path_feasibility_ratio_mean": 0.9800918836140888,
    "path_feasibility_ratio_std": 0.0,
    "path_max_excess_g_mean": 1.6656089705505477,
    "path_max_excess_g_std": 0.0,
    "excess_a_rms_g_mean": 0.20427660917661805,
    "excess_a_rms_g_std": 0.0,
    "excess_a_max_g_mean": 0.37589474195824474,
    "excess_a_max_g_std": 0.0,
    "excess_a_mean_g_mean": 0.15585736532048747,
    "excess_a_mean_g_std": 0.0,
    "bank_rate_rms_mean": 0.6538242023661146,
    "bank_rate_rms_std": 0.0,
    "thrust_rate_rms_mean": 0.41200894761405754,
    "thrust_rate_rms_std": 0.0,
    "phi_cmd_rms_excess_deg_mean": 7.70558341243156,
    "phi_cmd_rms_excess_deg_std": 0.0,
    "actual_path_length_mean": 3027.956613481885,
    "actual_path_length_std": 0.0,
    "planned_path_length_mean": 2601.59591493207,
    "planned_path_length_std": 0.0,
    "straight_line_length_mean": 3525.1697176210123,
    "straight_line_length_std": 0.0,
    "efficiency_vs_planned_mean": 0.8591919393258619,
    "efficiency_vs_planned_std": 0.0,
    "efficiency_vs_straight_mean": 1.1642074730943306,
    "efficiency_vs_straight_std": 0.0,
    "total_time_mean": 163.40999999999636,
    "total_time_std": 0.0,
    "planning_time_ms_mean": 16.170699964277446,
    "planning_time_ms_std": 0.0,
    "mean_compute_time_ms_mean": 0.8030253764259999,
    "mean_compute_time_ms_std": 0.0,
    "max_compute_time_ms_mean": 1.590200001373887,
    "max_compute_time_ms_std": 0.0,
    "composite_score_mean": 264.8288733157549,
    "composite_score_std": 0.0,
    "success_mean": 1.0,
    "success_std": 0.0,
    "n_runs": 1,
    "success_rate": 1.0
  },
  "dubins+mpc": {
    "n_wps_mean": 6.0,
    "n_wps_std": 0.0,
    "n_wps_arrived_mean": 6.0,
    "n_wps_arrived_std": 0.0,
    "max_cpa_mean": 246.18607408597444,
    "max_cpa_std": 0.0,
    "mean_cpa_mean": 94.36479698472868,
    "mean_cpa_std": 0.0,
    "rms_crosstrack_mean": 8.104365686760609,
    "rms_crosstrack_std": 0.0,
    "max_crosstrack_mean": 44.909604939506956,
    "max_crosstrack_std": 0.0,
    "rms_altitude_err_mean": 30.56720867626231,
    "rms_altitude_err_std": 0.0,
    "max_altitude_err_mean": 90.4424647039427,
    "max_altitude_err_std": 0.0,
    "rms_crosstrack_straight_mean": 8.396772558699073,
    "rms_crosstrack_straight_std": 0.0,
    "rms_crosstrack_curved_mean": 7.285698600900032,
    "rms_crosstrack_curved_std": 0.0,
    "frac_time_curved_mean": 0.27691342534504393,
    "frac_time_curved_std": 0.0,
    "max_a_actual_g_mean": 1.038719920155527,
    "max_a_actual_g_std": 0.0,
    "max_a_cmd_g_mean": 1.038719920155527,
    "max_a_cmd_g_std": 0.0,
    "n_violations_mean": 7890.0,
    "n_violations_std": 0.0,
    "violation_time_ratio_mean": 0.49498117942283565,
    "violation_time_ratio_std": 0.0,
    "max_violation_g_mean": 0.7387199201555271,
    "max_violation_g_std": 0.0,
    "mean_violation_mean": 2.1942983923673895,
    "mean_violation_std": 0.0,
    "path_max_a_required_g_mean": 1.9656089705505477,
    "path_max_a_required_g_std": 0.0,
    "path_rms_a_required_g_mean": 0.3136190032722794,
    "path_rms_a_required_g_std": 0.0,
    "path_max_phi_required_deg_mean": 63.035366221190245,
    "path_max_phi_required_deg_std": 0.0,
    "path_rms_phi_required_deg_mean": 12.078088838269409,
    "path_rms_phi_required_deg_std": 0.0,
    "path_feasibility_ratio_mean": 0.9800918836140888,
    "path_feasibility_ratio_std": 0.0,
    "path_max_excess_g_mean": 1.6656089705505477,
    "path_max_excess_g_std": 0.0,
    "excess_a_rms_g_mean": 0.3949669103406558,
    "excess_a_rms_g_std": 0.0,
    "excess_a_max_g_mean": 1.6899457187775002,
    "excess_a_max_g_std": 0.0,
    "excess_a_mean_g_mean": 0.24445369750227486,
    "excess_a_mean_g_std": 0.0,
    "bank_rate_rms_mean": 5.987530444511839,
    "bank_rate_rms_std": 0.0,
    "thrust_rate_rms_mean": 0.42247221298367355,
    "thrust_rate_rms_std": 0.0,
    "phi_cmd_rms_excess_deg_mean": 16.29273595550798,
    "phi_cmd_rms_excess_deg_std": 0.0,
    "actual_path_length_mean": 2776.2434088061136,
    "actual_path_length_std": 0.0,
    "planned_path_length_mean": 2601.59591493207,
    "planned_path_length_std": 0.0,
    "straight_line_length_mean": 3525.1697176210123,
    "straight_line_length_std": 0.0,
    "efficiency_vs_planned_mean": 0.937092153620223,
    "efficiency_vs_planned_std": 0.0,
    "efficiency_vs_straight_mean": 1.2697624806381673,
    "efficiency_vs_straight_std": 0.0,
    "total_time_mean": 159.39000000000001,
    "total_time_std": 0.0,
    "planning_time_ms_mean": 19.01940000243485,
    "planning_time_ms_std": 0.0,
    "mean_compute_time_ms_mean": 6.453684724577693,
    "mean_compute_time_ms_std": 0.0,
    "max_compute_time_ms_mean": 155.914600007236,
    "max_compute_time_ms_std": 0.0,
    "composite_score_mean": 394.8019579631711,
    "composite_score_std": 0.0,
    "success_mean": 1.0,
    "success_std": 0.0,
    "n_runs": 1,
    "success_rate": 1.0
  },
  "spline+nlgl": {
    "n_wps_mean": 6.0,
    "n_wps_std": 0.0,
    "n_wps_arrived_mean": 6.0,
    "n_wps_arrived_std": 0.0,
    "max_cpa_mean": 276.11432188730686,
    "max_cpa_std": 0.0,
    "mean_cpa_mean": 108.63645032152793,
    "mean_cpa_std": 0.0,
    "rms_crosstrack_mean": 55.032367538363744,
    "rms_crosstrack_std": 0.0,
    "max_crosstrack_mean": 127.42371044589694,
    "max_crosstrack_std": 0.0,
    "rms_altitude_err_mean": 32.07911744119332,
    "rms_altitude_err_std": 0.0,
    "max_altitude_err_mean": 88.33543515040213,
    "max_altitude_err_std": 0.0,
    "rms_crosstrack_straight_mean": 49.81705837427118,
    "rms_crosstrack_straight_std": 0.0,
    "rms_crosstrack_curved_mean": 56.10463234127625,
    "rms_crosstrack_curved_std": 0.0,
    "frac_time_curved_mean": 0.8210660669786665,
    "frac_time_curved_std": 0.0,
    "max_a_actual_g_mean": 0.3797626870039023,
    "max_a_actual_g_std": 0.0,
    "max_a_cmd_g_mean": 0.3797626870039023,
    "max_a_cmd_g_std": 0.0,
    "n_violations_mean": 2196.0,
    "n_violations_std": 0.0,
    "violation_time_ratio_mean": 0.13347109949553274,
    "violation_time_ratio_std": 0.0,
    "max_violation_g_mean": 0.07976268700390232,
    "max_violation_g_std": 0.0,
    "mean_violation_mean": 0.21482718792893904,
    "mean_violation_std": 0.0,
    "path_max_a_required_g_mean": 0.9052385283495352,
    "path_max_a_required_g_std": 0.0,